lap,time_s,voltage_V,current_A,speed_kmh,distance_m
1,0.008,79.994,0.0,0.0,0.0
1,0.208,79.987,0.4242,0.285,0.008
1,0.4,79.984,0.5483,0.567,0.03
1,0.6,79.982,0.715,0.86,0.07
1,0.808,79.979,0.8395,1.165,0.129
1,1.008,79.977,1.0053,1.458,0.201
1,1.208,79.975,1.0964,1.75,0.29
1,1.408,79.972,1.308,2.042,0.396
1,1.608,79.969,1.4657,2.334,0.517
1,1.808,79.966,1.5653,2.626,0.655
1,2.008,79.964,1.7539,2.917,0.809
1,2.208,79.962,1.8911,3.209,0.979
1,2.408,79.959,2.0045,3.501,1.166
1,2.608,79.957,2.1494,3.793,1.368
1,2.808,79.955,2.272,4.085,1.587
1,3.008,79.952,2.4367,4.377,1.822
1,3.208,79.949,2.5384,4.669,2.073
1,3.408,79.947,2.7145,4.962,2.341
1,3.608,79.945,2.8252,5.255,2.625
1,3.808,79.942,3.0295,5.549,2.925
1,4.008,79.939,3.1275,5.843,3.241
1,4.208,79.937,3.2551,6.137,3.574
1,4.4,79.935,3.388,6.42,3.908
1,4.6,79.932,3.5227,6.716,4.273
1,4.8,79.93,3.6308,7.013,4.655
1,5.0,79.928,3.822,7.31,5.052
1,5.2,79.924,3.9587,7.608,5.467
1,5.4,79.922,4.0974,7.907,5.898
1,5.6,79.92,4.176,8.207,6.345
1,5.8,79.917,4.3559,8.508,6.81
1,6.0,79.915,4.483,8.81,7.291
1,6.2,79.913,4.6677,9.114,7.789
1,6.4,79.909,4.8002,9.418,8.303
1,6.6,79.907,4.9301,9.725,8.835
1,6.8,79.904,5.1092,10.032,9.384
1,7.0,79.902,5.2591,10.341,9.95
1,7.2,79.899,5.3776,10.652,10.533
1,7.4,79.896,5.5211,10.965,11.134
1,7.6,79.893,5.7092,11.28,11.751
1,7.8,79.891,5.8541,11.596,12.387
1,8.0,79.888,6.0428,11.915,13.04
1,8.2,79.886,6.1656,12.236,13.711
1,8.4,79.882,6.3201,12.56,14.4
1,8.6,79.88,6.4539,12.886,15.106
1,8.8,79.877,6.6258,13.215,15.831
1,9.0,79.874,6.7554,13.546,16.575
1,9.2,79.872,6.8931,13.881,17.337
1,9.4,79.868,7.0856,14.22,18.117
1,9.6,79.865,7.2674,14.561,18.917
1,9.8,79.863,7.4024,14.906,19.735
1,10.0,79.86,7.5893,15.255,20.573
1,10.2,79.857,7.7471,15.608,21.43
1,10.4,79.853,7.8998,15.964,22.307
1,10.6,79.85,8.1007,16.325,23.204
1,10.8,79.847,8.2741,16.691,24.121
1,11.0,79.844,8.4467,17.061,25.059
1,11.2,79.841,8.6073,17.435,26.017
1,11.4,79.837,8.803,17.815,26.996
1,11.608,79.834,8.9922,18.216,28.039
1,11.808,79.831,9.1507,18.606,29.061
1,12.008,79.828,9.2964,19.001,30.106
1,12.208,79.824,9.5339,19.402,31.173
1,12.408,79.821,9.7724,19.808,32.262
1,12.608,79.817,9.9314,20.22,33.374
1,12.808,79.814,10.1322,20.637,34.509
1,13.008,79.81,10.3088,21.061,35.667
1,13.208,79.806,10.5048,21.49,36.849
1,13.408,79.803,10.7108,21.925,38.055
1,13.608,79.799,10.9083,22.367,39.285
1,13.808,79.795,11.1566,22.814,40.54
1,14.008,79.791,11.3472,23.268,41.82
1,14.208,79.787,11.5931,23.728,43.125
1,14.408,79.783,11.833,24.194,44.457
1,14.608,79.78,12.0,24.665,45.814
1,14.808,79.796,11.0709,25.107,47.197
1,15.008,79.855,7.5875,25.362,48.6
1,15.208,79.895,5.3271,25.499,50.013
1,15.408,79.916,4.0358,25.574,51.432
1,15.608,79.929,3.3018,25.618,52.854
1,15.808,79.936,2.9058,25.645,54.278
1,16.008,79.941,2.6813,25.662,55.703
1,16.208,79.944,2.4388,25.675,57.129
1,16.408,79.946,2.2971,25.686,58.556
1,16.608,79.948,2.2018,25.694,59.983
1,16.808,79.95,2.1135,25.701,61.411
1,17.008,79.951,2.0455,25.707,62.839
1,17.208,79.953,1.9465,25.712,64.267
1,17.408,79.954,1.9206,25.719,65.696
1,17.608,79.956,1.7929,25.727,67.125
1,17.808,79.958,1.6536,25.738,68.554
1,18.008,79.96,1.5166,25.749,69.984
1,18.208,79.963,1.3782,25.762,71.415
1,18.408,79.965,1.2121,25.775,72.847
1,18.608,79.968,1.0997,25.789,74.279
1,18.808,79.987,0.0,25.802,75.712
1,19.008,79.986,0.0,25.816,77.146
1,19.208,79.987,0.0,25.829,78.581
1,19.408,79.986,0.0,25.841,80.016
1,19.608,79.987,0.0,25.853,81.452
1,19.808,79.986,0.0,25.863,82.888
1,20.008,79.986,0.0,25.871,84.326
1,20.208,79.986,0.0,25.878,85.763
1,20.408,79.986,0.0,25.882,87.201
1,20.608,79.987,0.0,25.884,88.639
1,20.808,79.987,0.0,25.884,90.077
1,21.008,79.987,0.0,25.88,91.515
1,21.208,79.986,0.0,25.872,92.952
1,21.408,79.986,0.0,25.861,94.389
1,21.608,79.986,0.0,25.845,95.826
1,21.808,79.986,0.0,25.825,97.261
1,22.008,79.986,0.0,25.8,98.695
1,22.208,79.986,0.0,25.77,100.128
1,22.408,79.961,1.3997,25.735,101.558
1,22.608,79.953,1.8997,25.696,102.987
1,22.808,79.946,2.3018,25.668,104.414
1,23.008,79.941,2.5711,25.65,105.839
1,23.208,79.937,2.782,25.635,107.264
1,23.408,79.935,2.9425,25.623,108.688
1,23.608,79.932,3.098,25.612,110.111
1,23.808,79.929,3.2464,25.601,111.533
1,24.008,79.927,3.3836,25.59,112.955
1,24.208,79.925,3.5436,25.58,114.377
1,24.408,79.922,3.6319,25.569,115.797
1,24.608,79.92,3.7553,25.558,117.218
1,24.808,79.918,3.9497,25.548,118.637
1,25.008,79.915,4.0195,25.537,120.056
1,25.208,79.913,4.1599,25.527,121.475
1,25.408,79.911,4.3282,25.516,122.893
1,25.608,79.908,4.4296,25.506,124.31
1,25.808,79.906,4.5621,25.496,125.727
1,26.008,79.904,4.7089,25.486,127.143
1,26.208,79.902,4.7828,25.476,128.558
1,26.408,79.899,4.9089,25.467,129.973
1,26.608,79.897,5.0167,25.458,131.388
1,26.808,79.895,5.1236,25.449,132.802
1,27.008,79.893,5.2506,25.441,134.216
1,27.208,79.892,5.3951,25.433,135.629
1,27.408,79.89,5.4335,25.426,137.042
1,27.608,79.888,5.5506,25.419,138.454
1,27.808,79.887,5.6398,25.413,139.866
1,28.008,79.886,5.7044,25.407,141.278
1,28.208,79.884,5.7539,25.403,142.689
1,28.408,79.883,5.8077,25.399,144.1
1,28.608,79.882,5.833,25.395,145.511
1,28.808,79.882,5.9257,25.393,146.922
1,29.008,79.881,5.9272,25.391,148.333
1,29.208,79.881,5.9128,25.39,149.743
1,29.408,79.881,5.9717,25.39,151.154
1,29.608,79.88,5.9483,25.39,152.564
1,29.808,79.881,5.9325,25.392,153.975
1,30.008,79.881,5.8827,25.394,155.386
1,30.208,79.881,5.8888,25.397,156.796
1,30.408,79.882,5.8479,25.4,158.207
1,30.608,79.883,5.8032,25.405,159.619
1,30.808,79.884,5.7323,25.41,161.03
1,31.008,79.885,5.6334,25.415,162.442
1,31.208,79.886,5.5651,25.422,163.854
1,31.408,79.887,5.4683,25.428,165.267
1,31.608,79.889,5.4199,25.436,166.679
1,31.808,79.89,5.3101,25.444,168.093
1,32.008,79.892,5.2792,25.452,169.507
1,32.208,79.894,5.1091,25.461,170.921
1,32.408,79.896,4.976,25.47,172.336
1,32.608,79.898,4.8441,25.479,173.751
1,32.808,79.9,4.7418,25.489,175.167
1,33.008,79.902,4.6295,25.499,176.583
1,33.208,79.904,4.4954,25.509,178.0
1,33.408,79.906,4.362,25.52,179.417
1,33.608,79.908,4.2002,25.53,180.835
1,33.808,79.91,4.119,25.541,182.254
1,34.008,79.913,3.9749,25.551,183.673
1,34.208,79.915,3.8442,25.562,185.093
1,34.408,79.917,3.731,25.573,186.513
1,34.608,79.919,3.5808,25.583,187.934
1,34.808,79.922,3.4256,25.594,189.356
1,35.008,79.924,3.2983,25.604,190.778
1,35.208,79.926,3.1847,25.615,192.201
1,35.408,79.928,3.0177,25.625,193.624
1,35.608,79.931,2.8802,25.635,195.048
1,35.808,79.933,2.8032,25.645,196.473
1,36.008,79.935,2.6887,25.655,197.898
1,36.208,79.937,2.5522,25.665,199.323
1,36.408,79.939,2.4516,25.675,200.749
1,36.608,79.941,2.2812,25.685,202.176
1,36.808,79.943,2.1555,25.694,203.603
1,37.008,79.944,2.0408,25.704,205.031
1,37.208,79.946,1.9174,25.713,206.459
1,37.408,79.948,1.831,25.725,207.888
1,37.608,79.952,1.6026,25.742,209.318
1,37.808,79.956,1.3746,25.765,210.748
1,38.008,79.962,1.0251,25.794,212.181
1,38.208,79.981,0.0,25.829,213.614
1,38.408,79.981,0.0,25.869,215.051
1,38.608,79.98,0.0,25.915,216.489
1,38.808,79.98,0.0,25.966,217.93
1,39.008,79.98,0.0,26.021,219.374
1,39.208,79.98,0.0,26.081,220.821
1,39.408,79.98,0.0,26.146,222.272
1,39.608,79.98,0.0,26.214,223.727
1,39.808,79.98,0.0,26.285,225.185
1,40.008,79.981,0.0,26.359,226.647
1,40.208,79.98,0.0,26.435,228.114
1,40.408,79.981,0.0,26.512,229.584
1,40.608,79.98,0.0,26.589,231.059
1,40.808,79.98,0.0,26.666,232.539
1,41.008,79.981,0.0,26.742,234.022
1,41.208,79.98,0.0,26.816,235.51
1,41.408,79.98,0.0,26.887,237.002
1,41.608,79.981,0.0,26.955,238.497
1,41.808,79.98,0.0,27.018,239.997
1,42.008,79.981,0.0,27.076,241.499
1,42.208,79.98,0.0,27.128,243.005
1,42.408,79.98,0.0,27.174,244.514
1,42.608,79.98,0.0,27.214,246.024
1,42.808,79.98,0.0,27.247,247.537
1,43.008,79.981,0.0,27.272,249.052
1,43.208,79.981,0.0,27.29,250.567
1,43.408,79.98,0.0,27.3,252.084
1,43.608,79.98,0.0,27.302,253.6
1,43.808,79.98,0.0,27.296,255.117
1,44.008,79.981,0.0,27.282,256.633
1,44.208,79.98,0.0,27.259,258.148
1,44.408,79.98,0.0,27.227,259.662
1,44.608,79.98,0.0,27.187,261.173
1,44.808,79.98,0.0,27.137,262.682
1,45.008,79.98,0.0,27.077,264.188
1,45.208,79.98,0.0,27.007,265.691
1,45.408,79.98,0.0,26.927,267.189
1,45.608,79.98,0.0,26.837,268.682
1,45.808,79.98,0.0,26.735,270.171
1,46.008,79.98,0.0,26.622,271.653
1,46.208,79.98,0.0,26.497,273.128
1,46.408,79.98,0.0,26.36,274.597
1,46.608,79.98,0.0,26.212,276.057
1,46.808,79.981,0.0,26.051,277.509
1,47.008,79.98,0.0,25.877,278.951
1,47.208,79.957,1.3217,25.692,280.384
1,47.408,79.925,3.1639,25.555,281.807
1,47.608,79.903,4.4371,25.474,283.224
1,47.808,79.89,5.229,25.423,284.638
1,48.008,79.88,5.7263,25.388,286.049
1,48.208,79.873,6.1172,25.36,287.459
1,48.408,79.868,6.407,25.336,288.867
1,48.608,79.863,6.7736,25.315,290.274
1,48.808,79.858,7.0364,25.294,291.68
1,49.008,79.854,7.2327,25.275,293.085
1,49.208,79.849,7.4555,25.255,294.488
1,49.408,79.845,7.6673,25.237,295.891
1,49.608,79.841,7.9117,25.218,297.292
1,49.808,79.837,8.1417,25.201,298.693
1,50.008,79.833,8.3784,25.183,300.093
1,50.208,79.829,8.6003,25.166,301.491
1,50.408,79.825,8.8052,25.15,302.889
1,50.608,79.822,9.0041,25.134,304.286
1,50.808,79.818,9.1899,25.119,305.681
1,51.008,79.815,9.3884,25.104,307.077
1,51.208,79.812,9.5726,25.091,308.471
1,51.408,79.809,9.703,25.078,309.864
1,51.608,79.806,9.8957,25.066,311.257
1,51.808,79.803,10.0364,25.055,312.65
1,52.008,79.801,10.1842,25.045,314.041
1,52.208,79.798,10.3181,25.036,315.432
1,52.408,79.796,10.3484,25.028,316.823
1,52.608,79.795,10.4852,25.021,318.213
1,52.808,79.793,10.5544,25.015,319.603
1,53.008,79.792,10.6423,25.01,320.993
1,53.208,79.79,10.6768,25.006,322.382
1,53.408,79.789,10.6929,25.002,323.771
1,53.608,79.789,10.7848,24.999,325.16
1,53.808,79.788,10.8305,24.996,326.549
1,54.008,79.787,10.8763,24.995,327.937
1,54.208,79.787,10.9022,24.993,329.326
1,54.408,79.786,10.8758,24.992,330.715
1,54.608,79.786,10.9192,24.992,332.103
1,54.808,79.786,10.8461,24.992,333.491
1,55.008,79.786,10.8702,24.992,334.88
1,55.208,79.785,10.8945,24.993,336.268
1,55.408,79.786,10.8501,24.994,337.657
1,55.608,79.786,10.7797,24.996,339.046
1,55.808,79.786,10.8533,24.998,340.434
1,56.008,79.786,10.7852,25.001,341.823
1,56.208,79.787,10.7848,25.004,343.212
1,56.408,79.787,10.7262,25.008,344.601
1,56.608,79.788,10.6582,25.012,345.991
1,56.808,79.789,10.6048,25.017,347.381
1,57.008,79.79,10.5245,25.023,348.771
1,57.208,79.791,10.416,25.029,350.161
1,57.408,79.792,10.3258,25.036,351.552
1,57.608,79.794,10.2911,25.043,352.943
1,57.808,79.795,10.1967,25.051,354.334
1,58.008,79.797,10.1041,25.06,355.726
1,58.208,79.799,9.9713,25.069,357.119
1,58.408,79.8,9.8692,25.078,358.512
1,58.608,79.802,9.7137,25.088,359.905
1,58.808,79.804,9.5917,25.099,361.299
1,59.008,79.807,9.4987,25.109,362.694
1,59.208,79.809,9.3621,25.12,364.089
1,59.408,79.811,9.2319,25.131,365.485
1,59.608,79.813,9.0293,25.143,366.881
1,59.808,79.816,8.9051,25.155,368.279
1,60.008,79.818,8.7962,25.167,369.676
1,60.208,79.821,8.6512,25.179,371.075
1,60.408,79.823,8.4507,25.192,372.474
1,60.608,79.826,8.3013,25.206,373.874
1,60.808,79.829,8.1628,25.219,375.275
1,61.008,79.832,7.9403,25.233,376.676
1,61.208,79.835,7.7826,25.248,378.079
1,61.408,79.838,7.5682,25.262,379.482
1,61.608,79.841,7.3891,25.277,380.885
1,61.808,79.844,7.2297,25.292,382.29
1,62.008,79.847,7.0325,25.308,383.696
1,62.208,79.85,6.7987,25.323,385.102
1,62.408,79.854,6.6528,25.339,386.509
1,62.608,79.857,6.4173,25.354,387.918
1,62.808,79.86,6.2411,25.369,389.327
1,63.008,79.863,6.0501,25.384,390.736
1,63.208,79.866,5.8814,25.398,392.147
1,63.408,79.869,5.7183,25.412,393.558
1,63.608,79.872,5.5011,25.426,394.971
1,63.808,79.875,5.3155,25.438,396.383
1,64.008,79.878,5.2043,25.45,397.797
1,64.208,79.88,5.0457,25.461,399.211
1,64.408,79.882,4.9568,25.472,400.626
1,64.608,79.884,4.8122,25.481,402.041
1,64.808,79.886,4.688,25.49,403.457
1,65.008,79.888,4.6011,25.498,404.874
1,65.208,79.889,4.4797,25.505,406.29
1,65.408,79.891,4.4156,25.511,407.707
1,65.608,79.892,4.3652,25.517,409.125
1,65.808,79.893,4.2909,25.522,410.543
1,66.008,79.894,4.2054,25.527,411.961
1,66.208,79.895,4.117,25.531,413.379
1,66.408,79.896,4.1292,25.535,414.798
1,66.608,79.897,4.0786,25.538,416.216
1,66.808,79.897,4.0196,25.542,417.635
1,67.008,79.898,3.9765,25.545,419.054
1,67.208,79.899,3.976,25.548,420.473
1,67.408,79.899,3.9178,25.551,421.893
1,67.608,79.9,3.8813,25.554,423.312
1,67.808,79.9,3.8032,25.558,424.732
1,68.008,79.901,3.7577,25.561,426.152
1,68.208,79.902,3.7098,25.565,427.572
1,68.4,79.903,3.6548,25.568,428.934
1,68.6,79.903,3.6393,25.572,430.354
1,68.8,79.904,3.5849,25.576,431.775
1,69.0,79.905,3.528,25.58,433.196
1,69.2,79.906,3.4605,25.584,434.617
1,69.4,79.907,3.431,25.588,436.039
1,69.6,79.907,3.4252,25.592,437.46
1,69.8,79.908,3.3719,25.595,438.882
1,70.0,79.909,3.3081,25.598,440.304
1,70.2,79.908,3.2469,25.601,441.727
1,70.4,79.909,3.2532,25.603,443.149
1,70.6,79.909,3.2171,25.603,444.571
1,70.8,79.909,3.1951,25.603,445.994
1,71.0,79.909,3.2551,25.603,447.416
1,71.2,79.908,3.1894,25.601,448.838
1,71.4,79.908,3.2867,25.597,450.261
1,71.6,79.907,3.3456,25.593,451.682
1,71.8,79.906,3.3772,25.588,453.104
1,72.0,79.904,3.4609,25.581,454.526
1,72.2,79.903,3.5993,25.573,455.946
1,72.4,79.901,3.7176,25.564,457.367
1,72.6,79.899,3.7959,25.554,458.787
1,72.8,79.896,3.9129,25.543,460.206
1,73.0,79.894,4.0748,25.532,461.625
1,73.2,79.891,4.2226,25.52,463.043
1,73.4,79.888,4.384,25.507,464.46
1,73.6,79.886,4.512,25.495,465.877
1,73.8,79.883,4.6765,25.482,467.293
1,74.0,79.88,4.7653,25.47,468.709
1,74.2,79.877,5.0007,25.457,470.123
1,74.4,79.875,5.0964,25.446,471.537
1,74.6,79.872,5.2653,25.435,472.951
1,74.8,79.87,5.4327,25.425,474.363
1,75.0,79.868,5.5458,25.416,475.776
1,75.2,79.866,5.6293,25.408,477.187
1,75.4,79.864,5.7116,25.401,478.599
1,75.6,79.862,5.7855,25.395,480.01
1,75.8,79.861,5.8582,25.39,481.42
1,76.0,79.86,5.9023,25.386,482.831
1,76.2,79.859,5.9601,25.384,484.241
1,76.4,79.859,5.9823,25.382,485.651
1,76.6,79.859,5.9657,25.382,487.061
1,76.8,79.859,6.0087,25.382,488.471
1,77.0,79.859,5.9869,25.384,489.882
1,77.2,79.859,5.9706,25.386,491.292
1,77.4,79.859,5.9815,25.389,492.702
1,77.6,79.86,5.9371,25.392,494.113
1,77.8,79.861,5.8428,25.396,495.524
1,78.0,79.862,5.8031,25.4,496.935
1,78.2,79.862,5.7584,25.404,498.346
1,78.4,79.863,5.6949,25.409,499.757
1,78.6,79.864,5.6222,25.414,501.169
1,78.8,79.865,5.5783,25.418,502.581
1,79.0,79.866,5.5188,25.423,503.993
1,79.2,79.867,5.4362,25.427,505.406
1,79.4,79.868,5.3836,25.431,506.818
1,79.6,79.869,5.3469,25.436,508.231
1,79.8,79.869,5.2849,25.44,509.645
1,80.0,79.87,5.2047,25.443,511.058
1,80.2,79.871,5.1854,25.447,512.472
1,80.4,79.872,5.1674,25.451,513.886
1,80.6,79.872,5.0999,25.455,515.3
1,80.8,79.873,5.0372,25.458,516.714
1,81.0,79.874,4.9646,25.462,518.128
1,81.2,79.875,4.994,25.466,519.543
1,81.4,79.875,4.9192,25.471,520.958
1,81.6,79.876,4.8561,25.475,522.373
1,81.8,79.877,4.788,25.48,523.788
1,82.0,79.878,4.7206,25.486,525.204
1,82.2,79.879,4.6196,25.491,526.62
1,82.4,79.881,4.5821,25.497,528.037
1,82.6,79.882,4.5398,25.503,529.453
1,82.8,79.883,4.3921,25.509,530.87
1,83.0,79.884,4.3939,25.515,532.288
1,83.2,79.885,4.2939,25.521,533.705
1,83.4,79.887,4.2115,25.527,535.123
1,83.6,79.888,4.1527,25.532,536.541
1,83.8,79.889,4.0482,25.537,537.96
1,84.0,79.89,4.0296,25.541,539.379
1,84.2,79.891,3.9768,25.545,540.798
1,84.4,79.891,3.9063,25.547,542.217
1,84.6,79.891,3.8729,25.549,543.636
1,84.8,79.892,3.8855,25.549,545.056
1,85.0,79.891,3.9192,25.547,546.475
1,85.2,79.891,3.9232,25.545,547.894
1,85.4,79.89,3.9671,25.541,549.313
1,85.6,79.889,4.0292,25.535,550.732
1,85.8,79.888,4.1108,25.528,552.151
1,86.0,79.886,4.2059,25.52,553.569
1,86.2,79.884,4.3421,25.509,554.986
1,86.4,79.881,4.5155,25.498,556.403
1,86.6,79.878,4.6447,25.485,557.819
1,86.8,79.875,4.8028,25.47,559.235
1,87.0,79.872,4.991,25.454,560.649
1,87.2,79.868,5.2319,25.437,562.063
1,87.4,79.864,5.4527,25.419,563.476
1,87.6,79.86,5.675,25.4,564.887
1,87.8,79.856,5.8719,25.38,566.298
1,88.0,79.851,6.1649,25.36,567.707
1,88.2,79.847,6.4306,25.339,569.116
1,88.4,79.842,6.6783,25.317,570.523
1,88.6,79.837,6.95,25.296,571.929
1,88.8,79.832,7.1745,25.274,573.333
1,89.0,79.828,7.4744,25.252,574.737
1,89.2,79.823,7.744,25.231,576.139
1,89.4,79.818,7.9999,25.211,577.54
1,89.6,79.814,8.255,25.19,578.94
1,89.8,79.809,8.5652,25.171,580.339
1,90.0,79.805,8.7572,25.152,581.737
1,90.2,79.801,9.0271,25.134,583.134
1,90.4,79.797,9.2321,25.117,584.53
1,90.6,79.793,9.417,25.101,585.925
1,90.8,79.789,9.6458,25.085,587.319
1,91.0,79.786,9.8067,25.071,588.712
1,91.2,79.783,9.9753,25.057,590.104
1,91.4,79.78,10.1568,25.044,591.496
1,91.6,79.777,10.343,25.031,592.887
1,91.8,79.774,10.4962,25.019,594.277
1,92.0,79.771,10.6198,25.007,595.667
1,92.2,79.768,10.7496,24.996,597.056
1,92.4,79.766,10.9118,24.985,598.444
1,92.6,79.763,11.0157,24.974,599.832
1,92.8,79.761,11.1683,24.963,601.219
1,93.0,79.758,11.3221,24.953,602.606
1,93.2,79.756,11.4152,24.943,603.992
1,93.4,79.753,11.5651,24.934,605.377
1,93.6,79.751,11.6837,24.925,606.762
1,93.8,79.749,11.7461,24.916,608.147
1,94.0,79.747,11.8904,24.908,609.531
1,94.2,79.745,11.9925,24.902,610.914
1,94.4,79.744,11.9892,24.895,612.297
1,94.6,79.745,12.0,24.886,613.68
1,94.8,79.745,12.0,24.875,615.063
1,95.0,79.745,12.0,24.865,616.444
1,95.2,79.745,12.0,24.855,617.825
1,95.4,79.745,12.0,24.847,619.206
1,95.6,79.745,12.0,24.843,620.586
1,95.8,79.743,11.9959,24.843,621.966
1,96.0,79.743,12.0,24.848,623.347
1,96.2,79.744,12.0,24.86,624.727
1,96.4,79.744,12.0,24.879,626.109
1,96.6,79.742,12.0,24.906,627.492
1,96.8,79.746,11.7293,24.932,628.876
1,97.0,79.751,11.4609,24.953,630.262
1,97.2,79.755,11.2653,24.972,631.649
1,97.4,79.759,11.0028,24.991,633.037
1,97.6,79.763,10.7526,25.01,634.425
1,97.8,79.767,10.4962,25.03,635.815
1,98.0,79.771,10.2497,25.05,637.207
1,98.2,79.776,10.0162,25.071,638.599
1,98.4,79.78,9.7537,25.093,639.992
1,98.6,79.785,9.5049,25.115,641.387
1,98.8,79.79,9.1687,25.138,642.783
1,99.0,79.794,8.885,25.161,644.18
1,99.2,79.799,8.5925,25.185,645.579
1,99.4,79.805,8.2904,25.209,646.978
1,99.6,79.81,7.9976,25.233,648.38
1,99.8,79.815,7.6718,25.257,649.782
1,100.0,79.82,7.3753,25.281,651.186
1,100.2,79.825,7.0945,25.305,652.591
1,100.4,79.83,6.7775,25.329,653.998
1,100.6,79.835,6.5001,25.352,655.405
1,100.8,79.84,6.2549,25.374,656.814
1,101.0,79.844,5.9406,25.396,658.225
1,101.2,79.849,5.6978,25.417,659.636
1,101.4,79.853,5.4124,25.436,661.049
1,101.6,79.857,5.1735,25.455,662.462
1,101.8,79.861,4.9395,25.473,663.877
1,102.0,79.865,4.7539,25.489,665.293
1,102.2,79.868,4.562,25.504,666.709
1,102.4,79.871,4.3797,25.518,668.126
1,102.6,79.874,4.1984,25.531,669.545
1,102.8,79.877,4.0286,25.543,670.963
1,103.0,79.879,3.9203,25.554,672.383
1,103.2,79.881,3.7739,25.564,673.803
1,103.4,79.883,3.6999,25.573,675.223
1,103.6,79.885,3.5601,25.581,676.644
1,103.8,79.887,3.4514,25.589,678.065
1,104.0,79.888,3.3761,25.596,679.487
1,104.2,79.89,3.2515,25.603,680.909
1,104.4,79.891,3.2041,25.609,682.332
1,104.6,79.892,3.1112,25.615,683.755
1,104.8,79.894,3.0383,25.621,685.178
1,105.0,79.895,2.9615,25.626,686.602
1,105.2,79.896,2.9452,25.631,688.025
1,105.4,79.897,2.8864,25.635,689.449
1,105.6,79.897,2.8158,25.638,690.874
1,105.8,79.898,2.7688,25.641,692.298
1,106.0,79.899,2.7601,25.643,693.723
1,106.2,79.899,2.7281,25.644,695.147
1,106.4,79.899,2.7079,25.644,696.572
1,106.6,79.899,2.6785,25.643,697.997
1,106.8,79.898,2.7289,25.641,699.421
1,107.0,79.898,2.7779,25.638,700.846
1,107.2,79.897,2.8273,25.634,702.27
1,107.4,79.896,2.8828,25.628,703.694
1,107.6,79.894,2.98,25.622,705.117
1,107.8,79.893,3.0238,25.615,706.541
1,108.0,79.891,3.1744,25.607,707.963
1,108.2,79.889,3.2088,25.598,709.386
1,108.4,79.887,3.3326,25.588,710.808
1,108.6,79.885,3.4879,25.578,712.229
1,108.8,79.883,3.6378,25.567,713.65
1,109.0,79.88,3.7543,25.556,715.07
1,109.2,79.878,3.8942,25.544,716.489
1,109.4,79.875,4.0438,25.531,717.908
1,109.6,79.872,4.2254,25.519,719.326
1,109.8,79.869,4.4011,25.506,720.743
1,110.0,79.866,4.5153,25.493,722.16
1,110.2,79.863,4.6862,25.48,723.576
1,110.4,79.861,4.883,25.467,724.991
1,110.6,79.858,5.0667,25.454,726.406
1,110.8,79.855,5.1897,25.44,727.819
1,111.0,79.852,5.3685,25.427,729.232
1,111.2,79.849,5.5171,25.413,730.644
1,111.4,79.846,5.6748,25.4,732.056
1,111.6,79.843,5.8928,25.386,733.467
1,111.8,79.839,6.0254,25.373,734.877
1,112.0,79.836,6.2312,25.359,736.286
1,112.2,79.833,6.3595,25.346,737.694
1,112.4,79.83,6.5633,25.332,739.102
1,112.6,79.827,6.6938,25.318,740.509
1,112.8,79.824,6.8925,25.305,741.915
1,113.0,79.821,7.053,25.291,743.321
1,113.2,79.818,7.2268,25.277,744.725
1,113.4,79.815,7.3797,25.264,746.129
1,113.6,79.812,7.5752,25.25,747.532
1,113.8,79.809,7.729,25.237,748.935
1,114.0,79.806,7.9134,25.224,750.336
1,114.2,79.803,8.0954,25.211,751.737
1,114.4,79.8,8.2406,25.198,753.138
1,114.6,79.797,8.3746,25.186,754.537
1,114.8,79.794,8.5379,25.174,755.936
1,115.0,79.792,8.66,25.162,757.334
1,115.2,79.789,8.7738,25.151,758.732
1,115.4,79.787,8.9004,25.141,760.129
1,115.6,79.784,9.0461,25.132,761.525
1,115.8,79.782,9.1943,25.123,762.921
1,116.0,79.78,9.2995,25.115,764.317
1,116.2,79.778,9.4028,25.108,765.712
1,116.4,79.777,9.4932,25.101,767.107
1,116.6,79.775,9.5741,25.095,768.501
1,116.8,79.774,9.6548,25.089,769.895
1,117.0,79.772,9.6995,25.084,771.289
1,117.2,79.771,9.7597,25.08,772.682
1,117.4,79.77,9.7966,25.076,774.075
1,117.6,79.769,9.8748,25.073,775.468
1,117.8,79.768,9.8543,25.07,776.861
1,118.0,79.768,9.966,25.068,778.254
1,118.2,79.767,9.9768,25.065,779.646
1,118.4,79.766,10.0223,25.063,781.039
1,118.6,79.766,9.9923,25.062,782.431
1,118.8,79.765,10.0149,25.061,783.824
1,119.0,79.765,10.0483,25.059,785.216
1,119.2,79.765,10.0069,25.058,786.608
1,119.4,79.764,10.0544,25.058,788.0
1,119.6,79.764,10.0774,25.057,789.392
1,119.8,79.764,10.0714,25.057,790.784
1,120.0,79.764,10.0818,25.057,792.176
1,120.2,79.763,10.1044,25.058,793.568
1,120.4,79.763,10.0656,25.058,794.96
1,120.6,79.763,10.0768,25.059,796.353
1,120.8,79.763,10.0619,25.06,797.745
1,121.0,79.763,10.0069,25.061,799.137
1,121.2,79.764,10.0211,25.063,800.529
1,121.4,79.764,9.9641,25.065,801.922
1,121.6,79.764,9.9807,25.067,803.314
1,121.8,79.764,9.9556,25.069,804.707
1,122.0,79.765,9.969,25.072,806.1
1,122.2,79.765,9.8788,25.075,807.493
1,122.4,79.766,9.8363,25.079,808.886
1,122.6,79.767,9.7674,25.083,810.279
1,122.8,79.767,9.736,25.088,811.673
1,123.0,79.768,9.6578,25.093,813.067
1,123.2,79.769,9.6288,25.099,814.461
1,123.4,79.771,9.5216,25.105,815.856
1,123.6,79.772,9.4533,25.112,817.251
1,123.8,79.773,9.3499,25.12,818.646
1,124.0,79.775,9.2229,25.128,820.042
1,124.2,79.777,9.1479,25.138,821.438
1,124.4,79.779,9.0126,25.147,822.835
1,124.6,79.781,8.8651,25.158,824.232
1,124.8,79.783,8.7229,25.169,825.63
1,125.0,79.785,8.5721,25.18,827.029
1,125.2,79.788,8.4831,25.192,828.428
1,125.4,79.79,8.2993,25.204,829.828
1,125.6,79.792,8.1421,25.216,831.228
1,125.8,79.795,7.9827,25.228,832.629
1,126.0,79.797,7.8476,25.24,834.031
1,126.2,79.8,7.6955,25.251,835.434
1,126.4,79.802,7.5587,25.263,836.837
1,126.6,79.804,7.4809,25.273,838.241
1,126.8,79.807,7.2971,25.283,839.645
1,127.0,79.809,7.1775,25.293,841.05
1,127.2,79.81,7.0706,25.301,842.455
1,127.4,79.812,6.9977,25.309,843.861
1,127.6,79.813,6.8856,25.315,845.267
1,127.8,79.815,6.81,25.321,846.674
1,128.0,79.816,6.7355,25.326,848.081
1,128.2,79.817,6.6655,25.33,849.488
1,128.4,79.817,6.6255,25.333,850.895
1,128.6,79.818,6.6297,25.336,852.303
1,128.8,79.818,6.5678,25.338,853.71
1,129.0,79.818,6.5825,25.339,855.118
1,129.2,79.818,6.5303,25.34,856.526
1,129.4,79.818,6.5695,25.34,857.934
1,129.6,79.818,6.498,25.34,859.341
1,129.8,79.818,6.5143,25.34,860.749
1,130.0,79.818,6.5338,25.34,862.157
1,130.2,79.818,6.5687,25.339,863.565
1,130.4,79.818,6.5129,25.338,864.972
1,130.6,79.817,6.5482,25.337,866.38
1,130.8,79.817,6.6054,25.336,867.788
1,131.0,79.817,6.5701,25.335,869.195
1,131.2,79.816,6.5978,25.334,870.603
1,131.4,79.816,6.6443,25.333,872.01
1,131.6,79.815,6.605,25.331,873.418
1,131.8,79.815,6.6472,25.33,874.825
1,132.0,79.815,6.7042,25.328,876.232
1,132.2,79.814,6.676,25.327,877.639
1,132.4,79.814,6.7095,25.325,879.046
1,132.6,79.813,6.7174,25.323,880.453
1,132.8,79.813,6.7458,25.321,881.86
1,133.0,79.812,6.8013,25.319,883.266
1,133.2,79.811,6.8004,25.316,884.673
1,133.4,79.811,6.8135,25.314,886.079
1,133.6,79.81,6.862,25.312,887.486
1,133.8,79.81,6.9152,25.309,888.892
1,134.0,79.809,6.8837,25.307,890.298
1,134.2,79.808,6.953,25.304,891.704
1,134.4,79.808,7.021,25.302,893.109
1,134.6,79.807,7.0035,25.299,894.515
1,134.8,79.806,7.052,25.297,895.92
1,135.0,79.806,7.0762,25.294,897.326
1,135.2,79.805,7.165,25.291,898.731
1,135.4,79.804,7.1724,25.289,900.136
1,135.6,79.803,7.1675,25.286,901.541
1,135.8,79.803,7.2056,25.284,902.945
1,136.0,79.802,7.2271,25.281,904.35
1,136.2,79.801,7.2609,25.278,905.754
1,136.4,79.801,7.3155,25.275,907.159
1,136.6,79.8,7.3666,25.273,908.563
1,136.8,79.799,7.4131,25.27,909.967
1,137.0,79.799,7.4734,25.268,911.371
1,137.2,79.798,7.4584,25.266,912.774
1,137.4,79.797,7.4865,25.264,914.178
1,137.6,79.797,7.4591,25.263,915.581
1,137.8,79.796,7.48,25.262,916.985
1,138.0,79.795,7.5378,25.261,918.388
1,138.2,79.795,7.5604,25.261,919.792
1,138.4,79.795,7.5258,25.261,921.195
1,138.6,79.795,7.5072,25.262,922.598
1,138.8,79.795,7.4996,25.263,924.002
1,139.0,79.795,7.4931,25.264,925.405
1,139.2,79.795,7.4913,25.266,926.809
1,139.4,79.796,7.46,25.269,928.213
1,139.6,79.796,7.3995,25.271,929.617
1,139.8,79.797,7.3831,25.274,931.021
1,140.0,79.797,7.346,25.278,932.425
1,140.2,79.798,7.3352,25.281,933.829
1,140.4,79.799,7.2651,25.285,935.234
1,140.6,79.799,7.221,25.289,936.639
1,140.8,79.8,7.1502,25.293,938.044
1,141.0,79.801,7.1283,25.297,939.449
1,141.2,79.802,7.0174,25.301,940.855
1,141.4,79.802,6.985,25.305,942.26
1,141.6,79.803,6.9629,25.309,943.666
1,141.8,79.804,6.9004,25.314,945.072
1,142.0,79.805,6.8483,25.318,946.479
1,142.2,79.806,6.776,25.323,947.886
1,142.4,79.807,6.6728,25.328,949.293
1,142.6,79.808,6.6519,25.333,950.7
1,142.8,79.809,6.6106,25.339,952.107
1,143.0,79.81,6.4848,25.344,953.515
1,143.2,79.811,6.4584,25.35,954.923
1,143.4,79.812,6.4104,25.356,956.332
1,143.6,79.813,6.2736,25.362,957.741
1,143.8,79.815,6.2176,25.369,959.15
1,144.0,79.816,6.1452,25.375,960.56
1,144.2,79.817,6.0369,25.382,961.969
1,144.4,79.819,5.9626,25.388,963.38
1,144.6,79.82,5.8942,25.395,964.79
1,144.8,79.821,5.8677,25.401,966.201
1,145.0,79.822,5.7278,25.407,967.613
1,145.2,79.824,5.6678,25.413,969.024
1,145.4,79.825,5.5806,25.418,970.436
1,145.6,79.826,5.5174,25.423,971.849
1,145.8,79.827,5.4688,25.427,973.261
1,146.0,79.827,5.4241,25.43,974.674
1,146.2,79.828,5.4086,25.433,976.087
1,146.4,79.828,5.362,25.435,977.5
1,146.6,79.829,5.3046,25.436,978.913
1,146.8,79.829,5.3796,25.436,980.326
1,147.0,79.828,5.3342,25.436,981.739
1,147.2,79.828,5.4007,25.434,983.152
1,147.4,79.828,5.3901,25.432,984.565
1,147.6,79.827,5.3701,25.429,985.978
1,147.8,79.826,5.4626,25.425,987.39
1,148.0,79.825,5.5285,25.421,988.803
1,148.2,79.824,5.5845,25.416,990.215
1,148.4,79.823,5.6389,25.41,991.627
1,148.6,79.821,5.6828,25.404,993.038
1,148.8,79.82,5.7546,25.398,994.45
1,149.0,79.818,5.8204,25.391,995.86
1,149.2,79.817,5.9573,25.383,997.271
1,149.4,79.815,6.0374,25.376,998.681
1,149.6,79.813,6.1419,25.368,1000.09
1,149.8,79.811,6.2182,25.36,1001.499
1,150.0,79.81,6.3066,25.352,1002.908
1,150.2,79.808,6.4565,25.345,1004.316
1,150.4,79.806,6.5242,25.337,1005.724
1,150.6,79.804,6.6658,25.328,1007.131
1,150.8,79.802,6.7261,25.32,1008.538
1,151.0,79.8,6.8752,25.311,1009.945
1,151.2,79.798,6.9596,25.303,1011.351
1,151.4,79.796,7.0621,25.294,1012.756
1,151.6,79.794,7.2102,25.286,1014.161
1,151.8,79.792,7.2754,25.278,1015.566
1,152.0,79.79,7.3703,25.27,1016.97
1,152.2,79.789,7.4642,25.263,1018.374
1,152.4,79.787,7.5448,25.256,1019.777
1,152.6,79.785,7.6283,25.249,1021.18
1,152.8,79.784,7.7163,25.243,1022.582
1,153.0,79.782,7.7811,25.237,1023.985
1,153.2,79.781,7.8782,25.231,1025.386
1,153.4,79.78,7.9718,25.225,1026.788
1,153.6,79.778,8.0114,25.22,1028.189
1,153.8,79.777,8.0601,25.214,1029.59
1,154.0,79.776,8.1699,25.209,1030.991
1,154.2,79.774,8.2133,25.203,1032.391
1,154.4,79.773,8.2591,25.198,1033.791
1,154.6,79.772,8.3944,25.193,1035.191
1,154.8,79.77,8.4446,25.187,1036.59
1,155.0,79.769,8.4962,25.181,1037.989
1,155.2,79.768,8.5978,25.175,1039.388
1,155.4,79.766,8.6316,25.169,1040.787
1,155.6,79.765,8.7336,25.163,1042.185
1,155.8,79.763,8.8047,25.157,1043.583
1,156.0,79.762,8.8915,25.151,1044.98
1,156.2,79.76,8.9781,25.145,1046.377
1,156.4,79.759,9.031,25.139,1047.774
1,156.6,79.757,9.1373,25.133,1049.17
1,156.8,79.756,9.1543,25.128,1050.566
1,157.0,79.755,9.2462,25.123,1051.962
1,157.2,79.753,9.2676,25.118,1053.358
1,157.4,79.752,9.3531,25.114,1054.753
1,157.6,79.751,9.4089,25.111,1056.148
1,157.8,79.751,9.4342,25.108,1057.543
1,158.0,79.75,9.4307,25.106,1058.938
1,158.2,79.749,9.4695,25.104,1060.333
1,158.4,79.749,9.5255,25.103,1061.727
1,158.6,79.748,9.5103,25.102,1063.122
1,158.8,79.748,9.5116,25.102,1064.517
1,159.0,79.748,9.5201,25.103,1065.911
1,159.2,79.748,9.5417,25.104,1067.306
1,159.4,79.748,9.5191,25.105,1068.7
1,159.6,79.749,9.4959,25.107,1070.095
1,159.8,79.749,9.4896,25.109,1071.49
1,160.0,79.749,9.4106,25.111,1072.885
1,160.2,79.749,9.4095,25.114,1074.28
1,160.4,79.75,9.3928,25.116,1075.676
1,160.6,79.75,9.3466,25.118,1077.071
1,160.8,79.75,9.3158,25.12,1078.466
1,161.0,79.751,9.3291,25.121,1079.862
1,161.2,79.751,9.2999,25.122,1081.258
1,161.4,79.751,9.2549,25.123,1082.653
1,161.6,79.751,9.282,25.124,1084.049
1,161.8,79.751,9.2475,25.124,1085.445
1,162.0,79.75,9.2347,25.123,1086.841
1,162.2,79.75,9.2715,25.123,1088.236
1,162.4,79.75,9.2429,25.122,1089.632
1,162.6,79.749,9.295,25.121,1091.028
1,162.8,79.749,9.3097,25.119,1092.423
1,163.0,79.749,9.3275,25.118,1093.819
1,163.2,79.748,9.3423,25.117,1095.214
1,163.4,79.748,9.3543,25.115,1096.61
1,163.6,79.747,9.3956,25.114,1098.005
1,163.8,79.747,9.3997,25.114,1099.4
1,164.0,79.747,9.4499,25.114,1100.795
1,164.2,79.747,9.3639,25.114,1102.19
1,164.4,79.747,9.4052,25.115,1103.586
1,164.6,79.747,9.3382,25.117,1104.981
1,164.8,79.747,9.3461,25.119,1106.376
1,165.0,79.747,9.3103,25.122,1107.772
1,165.2,79.748,9.2192,25.126,1109.168
1,165.4,79.749,9.2101,25.131,1110.564
1,165.6,79.75,9.1282,25.135,1111.96
1,165.8,79.751,9.1087,25.141,1113.357
1,166.0,79.752,9.0382,25.146,1114.754
1,166.2,79.753,8.9515,25.152,1116.151
1,166.4,79.754,8.9132,25.158,1117.548
1,166.6,79.755,8.8173,25.163,1118.946
1,166.8,79.756,8.7442,25.168,1120.344
1,167.0,79.757,8.675,25.173,1121.743
1,167.2,79.758,8.6221,25.177,1123.141
1,167.4,79.758,8.5798,25.181,1124.54
1,167.6,79.759,8.5543,25.184,1125.939
1,167.8,79.759,8.5471,25.186,1127.338
1,168.0,79.76,8.5156,25.188,1128.737
1,168.2,79.76,8.4503,25.189,1130.137
1,168.4,79.76,8.4337,25.189,1131.536
1,168.6,79.76,8.4551,25.188,1132.936
1,168.8,79.759,8.4797,25.187,1134.335
1,169.0,79.759,8.5101,25.184,1135.734
1,169.2,79.758,8.5442,25.181,1137.133
1,169.4,79.757,8.5735,25.178,1138.532
1,169.6,79.756,8.6304,25.173,1139.931
1,169.8,79.755,8.703,25.169,1141.329
1,170.0,79.754,8.7515,25.163,1142.727
1,170.2,79.752,8.8132,25.158,1144.125
1,170.4,79.751,8.8795,25.152,1145.523
1,170.6,79.749,8.9736,25.147,1146.92
1,170.8,79.748,9.0777,25.141,1148.317
1,171.0,79.747,9.1501,25.135,1149.713
1,171.2,79.745,9.1931,25.13,1151.109
1,171.4,79.744,9.2552,25.125,1152.505
1,171.6,79.743,9.268,25.121,1153.901
1,171.8,79.742,9.3245,25.118,1155.297
1,172.0,79.741,9.3449,25.115,1156.692
1,172.2,79.741,9.4182,25.113,1158.087
1,172.4,79.74,9.4025,25.112,1159.482
1,172.6,79.74,9.4459,25.112,1160.877
1,172.8,79.74,9.4534,25.112,1162.273
1,173.0,79.74,9.4414,25.114,1163.668
1,173.2,79.74,9.3977,25.116,1165.063
1,173.4,79.74,9.3416,25.119,1166.458
1,173.6,79.741,9.3389,25.122,1167.854
1,173.8,79.742,9.2434,25.126,1169.25
1,174.0,79.742,9.2035,25.131,1170.646
1,174.2,79.743,9.1574,25.135,1172.042
1,174.4,79.744,9.1021,25.14,1173.439
1,174.6,79.745,9.0213,25.145,1174.835
1,174.8,79.746,8.9997,25.149,1176.232
1,175.0,79.747,8.9555,25.153,1177.63
1,175.2,79.747,8.8839,25.157,1179.027
1,175.4,79.748,8.8468,25.16,1180.425
1,175.6,79.748,8.8094,25.163,1181.823
1,175.8,79.749,8.7844,25.165,1183.221
1,176.0,79.749,8.7307,25.167,1184.619
1,176.2,79.749,8.7226,25.168,1186.017
1,176.4,79.749,8.7184,25.168,1187.415
1,176.6,79.749,8.7188,25.168,1188.814
1,176.8,79.749,8.7204,25.168,1190.212
1,177.0,79.749,8.7539,25.167,1191.61
1,177.2,79.748,8.7405,25.166,1193.008
1,177.4,79.748,8.7889,25.165,1194.406
1,177.6,79.747,8.7894,25.163,1195.804
1,177.8,79.747,8.8022,25.162,1197.202
1,178.0,79.746,8.8529,25.161,1198.6
1,178.2,79.746,8.8462,25.16,1199.998
1,178.4,79.746,8.8163,25.159,1201.396
1,178.6,79.745,8.8626,25.158,1202.793
1,178.8,79.745,8.8408,25.158,1204.191
1,179.0,79.745,8.8437,25.159,1205.589
1,179.2,79.745,8.8507,25.159,1206.986
1,179.4,79.745,8.7973,25.161,1208.384
1,179.6,79.745,8.818,25.162,1209.782
1,179.8,79.746,8.8119,25.164,1211.18
1,180.0,79.746,8.7328,25.167,1212.578
1,180.2,79.746,8.6648,25.17,1213.976
1,180.4,79.747,8.6524,25.173,1215.375
1,180.6,79.748,8.6362,25.177,1216.773
1,180.8,79.748,8.6233,25.181,1218.172
1,181.0,79.749,8.5777,25.185,1219.571
1,181.2,79.75,8.4573,25.19,1220.971
1,181.4,79.751,8.4174,25.195,1222.37
1,181.6,79.752,8.4139,25.199,1223.77
1,181.8,79.753,8.3494,25.204,1225.17
1,182.0,79.754,8.2749,25.209,1226.57
1,182.2,79.754,8.1989,25.214,1227.971
1,182.4,79.755,8.1524,25.219,1229.372
1,182.6,79.756,8.0617,25.224,1230.773
1,182.808,79.757,8.0172,25.229,1232.233
1,183.008,79.758,7.9549,25.233,1233.635
1,183.208,79.759,7.8804,25.237,1235.037
1,183.408,79.76,7.8458,25.241,1236.439
1,183.608,79.76,7.8273,25.244,1237.841
1,183.808,79.761,7.7371,25.247,1239.244
1,184.008,79.761,7.7214,25.249,1240.646
1,184.208,79.762,7.7131,25.252,1242.049
1,184.408,79.762,7.6463,25.253,1243.452
1,184.608,79.762,7.6969,25.255,1244.855
1,184.808,79.762,7.6692,25.255,1246.258
1,185.008,79.762,7.6498,25.256,1247.661
1,185.208,79.762,7.7057,25.256,1249.064
1,185.408,79.762,7.6241,25.256,1250.467
1,185.608,79.762,7.6514,25.255,1251.871
1,185.808,79.761,7.6527,25.254,1253.274
1,186.008,79.761,7.718,25.253,1254.677
1,186.208,79.761,7.6989,25.252,1256.08
1,186.408,79.76,7.7213,25.251,1257.482
1,186.608,79.76,7.7325,25.25,1258.885
1,186.808,79.76,7.7078,25.25,1260.288
1,187.008,79.759,7.7689,25.249,1261.691
1,187.208,79.759,7.7348,25.248,1263.093
1,187.408,79.759,7.7538,25.247,1264.496
1,187.608,79.758,7.7682,25.246,1265.899
1,187.808,79.758,7.7723,25.246,1267.301
1,188.008,79.758,7.7737,25.245,1268.704
1,188.208,79.758,7.785,25.245,1270.106
1,188.408,79.758,7.7442,25.245,1271.509
1,188.608,79.757,7.7545,25.244,1272.911
1,188.808,79.757,7.7963,25.244,1274.314
1,189.008,79.757,7.7912,25.243,1275.716
1,189.208,79.757,7.7632,25.243,1277.118
1,189.408,79.756,7.8384,25.242,1278.521
1,189.608,79.756,7.8477,25.241,1279.923
1,189.808,79.756,7.8229,25.24,1281.325
1,190.008,79.755,7.8688,25.239,1282.728
1,190.208,79.755,7.8422,25.238,1284.13
1,190.408,79.755,7.8981,25.236,1285.532
1,190.608,79.754,7.9359,25.235,1286.934
1,190.808,79.754,7.9193,25.233,1288.336
1,191.008,79.753,7.9455,25.231,1289.737
1,191.208,79.752,7.9727,25.229,1291.139
1,191.408,79.752,7.9994,25.227,1292.541
1,191.608,79.751,8.0523,25.225,1293.942
1,191.808,79.751,8.0496,25.222,1295.343
1,192.008,79.75,8.0418,25.22,1296.745
1,192.208,79.749,8.0805,25.217,1298.146
1,192.408,79.749,8.1621,25.215,1299.546
1,192.608,79.748,8.1531,25.212,1300.947
1,192.808,79.747,8.2281,25.209,1302.348
1,193.008,79.746,8.252,25.206,1303.748
1,193.208,79.746,8.2995,25.203,1305.148
1,193.408,79.745,8.3211,25.201,1306.549
1,193.608,79.744,8.3589,25.198,1307.949
1,193.808,79.743,8.3918,25.195,1309.348
1,194.008,79.742,8.4359,25.191,1310.748
1,194.208,79.742,8.4608,25.188,1312.147
1,194.408,79.741,8.4993,25.185,1313.547
1,194.608,79.74,8.5398,25.182,1314.946
1,194.808,79.739,8.5931,25.179,1316.345
1,195.008,79.738,8.622,25.176,1317.743
1,195.208,79.737,8.7154,25.173,1319.142
1,195.408,79.737,8.6828,25.17,1320.54
1,195.608,79.736,8.7466,25.167,1321.939
1,195.808,79.735,8.8166,25.164,1323.337
1,196.008,79.734,8.8489,25.161,1324.735
1,196.208,79.734,8.8267,25.158,1326.132
1,196.408,79.733,8.8596,25.156,1327.53
1,196.608,79.732,8.8988,25.153,1328.927
1,196.808,79.731,8.9715,25.151,1330.325
1,197.008,79.731,8.9882,25.149,1331.722
1,197.208,79.73,9.0118,25.147,1333.119
1,197.408,79.73,9.0554,25.145,1334.516
1,197.608,79.729,9.0584,25.144,1335.913
1,197.808,79.729,9.0559,25.143,1337.31
1,198.008,79.728,9.108,25.142,1338.707
1,198.208,79.728,9.1027,25.141,1340.103
1,198.408,79.728,9.1077,25.141,1341.5
1,198.608,79.728,9.0905,25.141,1342.897
1,198.808,79.728,9.1244,25.141,1344.294
1,199.008,79.728,9.0744,25.142,1345.69
1,199.208,79.728,9.0674,25.143,1347.087
1,199.408,79.728,9.0322,25.145,1348.484
1,199.608,79.728,9.0238,25.147,1349.881
1,199.808,79.728,8.9963,25.15,1351.278
1,200.008,79.729,8.9577,25.153,1352.675
1,200.208,79.729,8.9358,25.156,1354.073
1,200.408,79.73,8.9785,25.16,1355.471
1,200.608,79.731,8.8287,25.165,1356.869
1,200.808,79.732,8.7867,25.17,1358.267
1,201.008,79.733,8.7307,25.175,1359.665
1,201.208,79.734,8.6384,25.181,1361.064
1,201.408,79.735,8.572,25.188,1362.463
1,201.608,79.736,8.4601,25.194,1363.863
1,201.808,79.738,8.4126,25.201,1365.263
1,202.008,79.739,8.2901,25.209,1366.663
1,202.208,79.741,8.2164,25.216,1368.063
1,202.408,79.742,8.0966,25.224,1369.465
1,202.608,79.744,8.0253,25.231,1370.866
1,202.808,79.745,7.9212,25.239,1372.268
1,203.008,79.747,7.838,25.247,1373.67
1,203.208,79.748,7.7105,25.254,1375.073
1,203.408,79.75,7.6351,25.261,1376.476
1,203.608,79.751,7.5734,25.268,1377.88
1,203.808,79.753,7.4602,25.275,1379.284
1,204.008,79.754,7.3867,25.281,1380.688
1,204.208,79.755,7.3033,25.288,1382.093
1,204.408,79.756,7.2289,25.293,1383.498
1,204.608,79.757,7.2255,25.299,1384.903
1,204.808,79.758,7.0914,25.303,1386.309
1,205.008,79.759,7.0274,25.308,1387.715
1,205.208,79.76,6.9885,25.312,1389.121
1,205.408,79.761,6.9205,25.316,1390.527
1,205.608,79.761,6.845,25.32,1391.934
1,205.808,79.762,6.8303,25.323,1393.341
1,206.008,79.763,6.8041,25.326,1394.748
1,206.208,79.763,6.7164,25.329,1396.155
1,206.408,79.764,6.6972,25.333,1397.562
1,206.608,79.764,6.6814,25.336,1398.969
1,206.808,79.765,6.6052,25.339,1400.377
1,207.008,79.766,6.6163,25.342,1401.785
1,207.208,79.766,6.5492,25.346,1403.193
1,207.408,79.767,6.5128,25.35,1404.601
1,207.608,79.768,6.4562,25.354,1406.009
1,207.808,79.769,6.4261,25.358,1407.418
1,208.008,79.769,6.3564,25.363,1408.827
1,208.208,79.77,6.3156,25.368,1410.236
1,208.408,79.771,6.2096,25.373,1411.646
1,208.608,79.773,6.1443,25.379,1413.055
1,208.808,79.774,6.0534,25.386,1414.466
1,209.008,79.775,6.0086,25.392,1415.876
1,209.208,79.776,5.9477,25.399,1417.287
1,209.408,79.777,5.8432,25.406,1418.698
1,209.608,79.778,5.7351,25.413,1420.11
1,209.808,79.78,5.6327,25.42,1421.522
1,210.008,79.781,5.5336,25.428,1422.934
1,210.208,79.783,5.4145,25.435,1424.347
1,210.408,79.784,5.3445,25.443,1425.76
1,210.608,79.786,5.3048,25.45,1427.174
1,210.808,79.787,5.1829,25.457,1428.588
1,211.008,79.789,5.0918,25.463,1430.003
1,211.208,79.79,4.9838,25.47,1431.417
1,211.408,79.791,4.9171,25.476,1432.833
1,211.608,79.792,4.8825,25.481,1434.248
1,211.808,79.794,4.7759,25.486,1435.664
1,212.008,79.795,4.7363,25.491,1437.08
1,212.208,79.795,4.679,25.495,1438.496
1,212.408,79.796,4.6165,25.499,1439.913
1,212.608,79.797,4.5388,25.503,1441.329
1,212.808,79.798,4.555,25.506,1442.746
1,213.008,79.798,4.5092,25.508,1444.163
1,213.208,79.799,4.4274,25.511,1445.581
1,213.408,79.799,4.4425,25.513,1446.998
1,213.608,79.799,4.4419,25.515,1448.415
1,213.808,79.8,4.3874,25.516,1449.833
1,214.008,79.8,4.3913,25.518,1451.251
1,214.208,79.8,4.3384,25.519,1452.668
1,214.408,79.8,4.3633,25.521,1454.086
1,214.608,79.801,4.3468,25.522,1455.504
1,214.808,79.801,4.3435,25.524,1456.922
1,215.008,79.801,4.3314,25.525,1458.34
1,215.208,79.801,4.2924,25.527,1459.758
1,215.408,79.802,4.2653,25.528,1461.176
1,215.608,79.802,4.2307,25.53,1462.594
1,215.808,79.802,4.1589,25.531,1464.013
1,216.008,79.802,4.2407,25.533,1465.431
1,216.208,79.803,4.1751,25.535,1466.85
1,216.408,79.803,4.153,25.536,1468.268
1,216.608,79.803,4.1317,25.537,1469.687
1,216.808,79.803,4.1126,25.539,1471.106
1,217.008,79.804,4.1061,25.54,1472.525
1,217.208,79.804,4.0847,25.54,1473.944
1,217.408,79.804,4.0861,25.541,1475.363
1,217.608,79.804,4.091,25.541,1476.782
1,217.808,79.804,4.1055,25.541,1478.2
1,218.008,79.804,4.1034,25.541,1479.619
1,218.208,79.803,4.0781,25.54,1481.038
1,218.408,79.803,4.1043,25.539,1482.457
1,218.608,79.803,4.131,25.537,1483.876
1,218.808,79.802,4.2015,25.535,1485.295
1,219.008,79.802,4.202,25.533,1486.713
1,219.208,79.801,4.2065,25.53,1488.132
1,219.408,79.8,4.2507,25.527,1489.55
1,219.608,79.8,4.2568,25.523,1490.968
1,219.808,79.799,4.37,25.519,1492.386
1,220.008,79.798,4.3957,25.515,1493.803
1,220.208,79.797,4.4242,25.51,1495.221
1,220.408,79.795,4.4985,25.505,1496.638
1,220.608,79.794,4.5731,25.5,1498.055
1,220.808,79.793,4.6577,25.494,1499.471
1,221.008,79.792,4.7249,25.489,1500.887
1,221.208,79.79,4.747,25.483,1502.303
1,221.408,79.789,4.8292,25.476,1503.719
1,221.608,79.787,4.9578,25.47,1505.134
1,221.808,79.786,5.0191,25.463,1506.549
1,222.008,79.784,5.1171,25.457,1507.963
1,222.208,79.783,5.2397,25.45,1509.377
1,222.408,79.781,5.2594,25.443,1510.791
1,222.608,79.78,5.3933,25.436,1512.204
1,222.808,79.778,5.4674,25.429,1513.617
1,223.008,79.776,5.5399,25.422,1515.03
1,223.208,79.775,5.6407,25.415,1516.442
1,223.408,79.773,5.7477,25.407,1517.854
1,223.608,79.771,5.858,25.399,1519.265
1,223.808,79.77,5.9062,25.391,1520.676
1,224.008,79.768,6.034,25.383,1522.086
1,224.208,79.766,6.1326,25.375,1523.496
1,224.408,79.764,6.2386,25.366,1524.906
1,224.608,79.762,6.3218,25.357,1526.315
1,224.808,79.76,6.4615,25.348,1527.723
1,225.008,79.758,6.5894,25.339,1529.131
1,225.208,79.755,6.6752,25.329,1530.539
1,225.408,79.753,6.8229,25.319,1531.945
1,225.608,79.751,6.9306,25.31,1533.352
1,225.808,79.749,7.0237,25.3,1534.758
1,226.008,79.746,7.21,25.29,1536.163
1,226.208,79.744,7.2904,25.28,1537.568
1,226.408,79.742,7.4217,25.271,1538.972
1,226.608,79.74,7.5569,25.261,1540.376
1,226.808,79.738,7.6382,25.252,1541.779
1,227.008,79.736,7.7608,25.244,1543.181
1,227.208,79.734,7.8602,25.236,1544.584
1,227.408,79.732,7.9682,25.228,1545.985
1,227.608,79.73,8.0794,25.221,1547.387
1,227.808,79.728,8.1846,25.215,1548.788
1,228.008,79.727,8.2283,25.209,1550.188
1,228.208,79.726,8.2972,25.204,1551.589
1,228.408,79.725,8.3269,25.2,1552.989
1,228.608,79.724,8.4016,25.197,1554.389
1,228.808,79.723,8.4247,25.194,1555.789
1,229.008,79.722,8.5104,25.192,1557.188
1,229.208,79.722,8.5087,25.19,1558.588
1,229.408,79.721,8.5081,25.189,1559.987
1,229.608,79.721,8.5121,25.188,1561.386
1,229.808,79.721,8.516,25.188,1562.786
1,230.008,79.72,8.5559,25.188,1564.185
1,230.208,79.72,8.561,25.188,1565.584
1,230.408,79.72,8.5559,25.188,1566.984
1,230.608,79.72,8.5399,25.188,1568.383
1,230.808,79.72,8.5394,25.188,1569.782
1,231.008,79.72,8.5453,25.188,1571.182
1,231.208,79.719,8.5204,25.187,1572.581
1,231.408,79.719,8.5689,25.187,1573.98
1,231.608,79.719,8.5553,25.185,1575.38
1,231.808,79.718,8.6006,25.184,1576.779
1,232.008,79.718,8.6008,25.182,1578.178
1,232.208,79.717,8.6216,25.179,1579.577
1,232.408,79.716,8.7116,25.176,1580.975
1,232.608,79.715,8.7187,25.172,1582.374
1,232.808,79.714,8.8094,25.168,1583.772
1,233.008,79.713,8.8216,25.164,1585.17
1,233.208,79.712,8.8388,25.159,1586.568
1,233.408,79.711,8.9128,25.153,1587.966
1,233.608,79.71,9.0402,25.148,1589.363
1,233.808,79.708,9.0473,25.143,1590.76
1,234.008,79.707,9.1262,25.137,1592.157
1,234.208,79.706,9.2118,25.132,1593.553
1,234.408,79.704,9.2625,25.127,1594.949
1,234.608,79.703,9.3403,25.122,1596.345
1,234.808,79.702,9.4221,25.117,1597.74
1,235.008,79.701,9.4621,25.113,1599.136
1,235.208,79.7,9.5305,25.109,1600.531
1,235.408,79.699,9.533,25.106,1601.926
1,235.608,79.698,9.5945,25.103,1603.32
1,235.808,79.697,9.6167,25.102,1604.715
1,236.008,79.697,9.664,25.1,1606.109
1,236.208,79.697,9.691,25.1,1607.504
1,236.408,79.696,9.6354,25.1,1608.898
1,236.608,79.696,9.6225,25.101,1610.293
1,236.808,79.696,9.6404,25.102,1611.687
1,237.008,79.697,9.5778,25.104,1613.082
1,237.208,79.697,9.5877,25.107,1614.477
1,237.408,79.697,9.5164,25.11,1615.872
1,237.608,79.698,9.4928,25.113,1617.267
1,237.808,79.699,9.4871,25.117,1618.662
1,238.008,79.699,9.3844,25.121,1620.057
1,238.208,79.7,9.3921,25.125,1621.453
1,238.408,79.701,9.2937,25.129,1622.849
1,238.608,79.701,9.2565,25.133,1624.245
1,238.808,79.702,9.209,25.136,1625.642
1,239.008,79.703,9.1314,25.14,1627.038
1,239.208,79.703,9.0637,25.144,1628.435
1,239.408,79.704,9.1107,25.147,1629.832
1,239.608,79.704,9.0414,25.149,1631.229
1,239.808,79.705,9.0047,25.152,1632.626
1,240.008,79.705,8.9833,25.153,1634.024
1,240.208,79.705,8.9789,25.155,1635.421
1,240.408,79.705,8.9892,25.155,1636.818
1,240.608,79.705,8.9684,25.156,1638.216
1,240.808,79.705,8.94,25.156,1639.614
1,241.008,79.705,8.9456,25.155,1641.011
1,241.208,79.704,8.958,25.154,1642.409
1,241.408,79.704,8.982,25.153,1643.806
1,241.608,79.704,9.0198,25.151,1645.203
1,241.808,79.703,9.0085,25.149,1646.601
1,242.008,79.702,9.0624,25.147,1647.998
1,242.208,79.702,9.0171,25.145,1649.395
1,242.408,79.701,9.1155,25.143,1650.792
1,242.608,79.701,9.0885,25.142,1652.188
1,242.808,79.7,9.1223,25.14,1653.585
1,243.008,79.7,9.1542,25.139,1654.982
1,243.208,79.699,9.1882,25.138,1656.378
1,243.408,79.699,9.196,25.138,1657.775
1,243.608,79.699,9.2042,25.138,1659.171
1,243.808,79.699,9.1699,25.138,1660.568
1,244.008,79.699,9.1609,25.139,1661.965
1,244.208,79.699,9.1588,25.141,1663.361
1,244.408,79.699,9.1178,25.144,1664.758
1,244.608,79.7,9.1043,25.147,1666.155
1,244.808,79.7,9.0636,25.15,1667.552
1,245.008,79.701,9.0103,25.154,1668.949
1,245.208,79.702,8.9664,25.158,1670.347
1,245.408,79.702,8.9226,25.162,1671.745
1,245.608,79.703,8.8522,25.167,1673.143
1,245.808,79.704,8.7964,25.172,1674.541
1,246.008,79.705,8.726,25.177,1675.94
1,246.208,79.706,8.6656,25.182,1677.339
1,246.408,79.707,8.5893,25.187,1678.738
1,246.608,79.708,8.5409,25.193,1680.137
1,246.808,79.709,8.4691,25.198,1681.537
1,247.008,79.71,8.4165,25.203,1682.937
1,247.208,79.711,8.3818,25.208,1684.337
1,247.408,79.712,8.2868,25.214,1685.738
1,247.608,79.713,8.1648,25.219,1687.139
1,247.808,79.714,8.1145,25.224,1688.54
1,248.008,79.715,8.0428,25.23,1689.941
1,248.208,79.716,8.0023,25.236,1691.343
1,248.408,79.718,7.8938,25.243,1692.746
1,248.608,79.719,7.8247,25.25,1694.148
1,248.808,79.72,7.7264,25.257,1695.551
1,249.008,79.722,7.6289,25.265,1696.954
1,249.208,79.724,7.5457,25.273,1698.358
1,249.408,79.725,7.4255,25.282,1699.763
1,249.608,79.727,7.3503,25.292,1701.167
1,249.808,79.729,7.1502,25.302,1702.573
1,250.008,79.731,7.0411,25.312,1703.979
1,250.208,79.734,6.9157,25.323,1705.385
1,250.408,79.736,6.7896,25.335,1706.792
1,250.608,79.738,6.6803,25.346,1708.2
1,250.808,79.741,6.5182,25.358,1709.609
1,251.008,79.743,6.3286,25.371,1711.018
1,251.208,79.746,6.157,25.383,1712.428
1,251.408,79.749,6.0352,25.395,1713.838
1,251.608,79.751,5.8822,25.408,1715.249
1,251.808,79.754,5.7023,25.42,1716.661
1,252.008,79.756,5.5828,25.432,1718.074
1,252.208,79.759,5.3848,25.445,1719.487
1,252.408,79.761,5.2537,25.457,1720.901
1,252.608,79.764,5.1213,25.468,1722.316
1,252.808,79.766,4.9617,25.48,1723.731
1,253.008,79.769,4.7907,25.491,1725.147
1,253.208,79.771,4.6323,25.503,1726.563
1,253.408,79.774,4.5462,25.514,1727.98
1,253.608,79.776,4.4041,25.525,1729.398
1,253.808,79.778,4.2482,25.536,1730.816
1,254.008,79.781,4.1171,25.546,1732.235
1,254.208,79.783,3.9976,25.557,1733.655
1,254.408,79.785,3.8672,25.568,1735.075
1,254.608,79.787,3.7609,25.578,1736.496
1,254.808,79.789,3.5483,25.588,1737.917
1,255.008,79.792,3.4316,25.598,1739.339
1,255.208,79.794,3.3299,25.608,1740.761
1,255.408,79.796,3.2356,25.618,1742.184
1,255.608,79.798,3.1105,25.627,1743.608
1,255.808,79.8,2.9655,25.636,1745.032
1,256.008,79.802,2.8583,25.645,1746.456
1,256.208,79.804,2.7533,25.654,1747.881
1,256.408,79.805,2.6336,25.662,1749.307
1,256.608,79.807,2.5252,25.67,1750.732
1,256.808,79.809,2.4426,25.678,1752.159
1,257.008,79.81,2.3545,25.686,1753.586
1,257.208,79.812,2.2853,25.693,1755.013
1,257.408,79.813,2.1673,25.699,1756.44
1,257.608,79.815,2.0993,25.705,1757.868
1,257.808,79.816,2.0057,25.711,1759.296
1,258.008,79.817,1.9276,25.716,1760.725
1,258.208,79.818,1.8371,25.72,1762.154
1,258.408,79.819,1.8712,25.724,1763.583
1,258.608,79.819,1.8082,25.726,1765.012
1,258.808,79.82,1.7861,25.728,1766.441
1,259.008,79.82,1.7751,25.729,1767.871
1,259.208,79.82,1.7447,25.729,1769.3
1,259.408,79.82,1.8039,25.728,1770.729
1,259.608,79.82,1.8493,25.726,1772.159
1,259.808,79.819,1.8381,25.723,1773.588
1,260.008,79.818,1.8705,25.718,1775.017
1,260.208,79.817,1.9475,25.712,1776.445
1,260.408,79.815,2.0508,25.705,1777.874
1,260.608,79.814,2.1479,25.696,1779.301
1,260.808,79.812,2.2421,25.687,1780.729
1,261.008,79.809,2.3986,25.676,1782.155
1,261.208,79.807,2.4777,25.664,1783.582
1,261.408,79.804,2.6536,25.652,1785.007
1,261.608,79.801,2.8243,25.639,1786.432
1,261.808,79.798,2.9827,25.625,1787.856
1,262.008,79.795,3.1614,25.611,1789.279
1,262.208,79.792,3.3678,25.597,1790.701
1,262.408,79.789,3.5294,25.582,1792.123
1,262.608,79.786,3.7296,25.568,1793.544
1,262.808,79.782,3.9018,25.553,1794.964
1,263.008,79.779,4.0888,25.538,1796.383
1,263.208,79.776,4.2407,25.524,1797.802
1,263.408,79.773,4.436,25.51,1799.219
1,263.608,79.77,4.5963,25.496,1800.636
1,263.808,79.767,4.7979,25.482,1802.052
1,264.008,79.764,4.9743,25.469,1803.467
1,264.208,79.761,5.1296,25.456,1804.882
1,264.408,79.758,5.277,25.443,1806.296
1,264.608,79.755,5.4506,25.43,1807.709
1,264.808,79.752,5.6097,25.418,1809.121
1,265.008,79.749,5.7635,25.405,1810.533
1,265.208,79.746,5.8657,25.393,1811.944
1,265.408,79.744,6.0545,25.381,1813.355
1,265.608,79.741,6.2193,25.369,1814.764
1,265.808,79.738,6.3782,25.357,1816.173
1,266.008,79.736,6.5397,25.346,1817.582
1,266.208,79.733,6.6659,25.334,1818.99
1,266.408,79.73,6.8285,25.323,1820.397
1,266.608,79.728,6.9608,25.312,1821.803
1,266.808,79.725,7.1015,25.302,1823.209
1,267.008,79.723,7.1942,25.291,1824.615
1,267.208,79.721,7.3486,25.281,1826.019
1,267.408,79.718,7.4604,25.272,1827.424
1,267.608,79.716,7.5633,25.263,1828.827
1,267.808,79.714,7.6885,25.254,1830.231
1,268.008,79.712,7.8171,25.246,1831.633
1,268.208,79.71,7.8753,25.239,1833.036
1,268.408,79.709,7.9707,25.231,1834.438
1,268.608,79.707,8.0877,25.225,1835.839
1,268.808,79.706,8.1137,25.219,1837.24
1,269.008,79.704,8.198,25.213,1838.641
1,269.208,79.703,8.3113,25.208,1840.042
1,269.408,79.702,8.3408,25.203,1841.442
1,269.608,79.7,8.4573,25.198,1842.842
1,269.808,79.699,8.4722,25.194,1844.242
1,270.008,79.698,8.5674,25.191,1845.642
1,270.208,79.697,8.5715,25.187,1847.041
1,270.408,79.697,8.6003,25.184,1848.44
1,270.608,79.696,8.5886,25.181,1849.839
1,270.808,79.695,8.6856,25.179,1851.238
1,271.008,79.694,8.6813,25.177,1852.637
1,271.208,79.694,8.7038,25.175,1854.036
1,271.408,79.693,8.7632,25.173,1855.434
1,271.608,79.693,8.7729,25.172,1856.833
1,271.808,79.692,8.7683,25.171,1858.231
1,272.008,79.692,8.7578,25.17,1859.629
1,272.208,79.692,8.8316,25.169,1861.028
1,272.408,79.691,8.7815,25.169,1862.426
1,272.608,79.691,8.8169,25.168,1863.824
1,272.808,79.691,8.8178,25.168,1865.222
1,273.008,79.691,8.8302,25.167,1866.621
1,273.208,79.69,8.8366,25.167,1868.019
1,273.408,79.69,8.8219,25.166,1869.417
1,273.608,79.69,8.8585,25.165,1870.815
1,273.808,79.69,8.8845,25.165,1872.213
1,274.008,79.689,8.8636,25.164,1873.611
1,274.208,79.689,8.9146,25.163,1875.009
1,274.408,79.689,8.9296,25.162,1876.407
1,274.608,79.688,8.9169,25.161,1877.805
1,274.808,79.688,8.9311,25.16,1879.203
1,275.008,79.687,8.942,25.158,1880.6
1,275.208,79.687,8.9301,25.157,1881.998
1,275.408,79.686,8.9756,25.156,1883.396
1,275.608,79.686,9.0233,25.154,1884.793
1,275.808,79.686,9.0066,25.153,1886.19
1,276.008,79.685,8.9808,25.152,1887.588
1,276.208,79.685,9.0465,25.151,1888.985
1,276.408,79.685,9.0845,25.151,1890.382
1,276.608,79.684,9.0296,25.151,1891.78
1,276.808,79.684,9.0263,25.151,1893.177
1,277.008,79.684,9.0698,25.151,1894.574
1,277.208,79.684,9.0344,25.151,1895.972
1,277.408,79.684,9.0307,25.152,1897.369
1,277.608,79.684,9.013,25.153,1898.766
1,277.808,79.684,9.0433,25.154,1900.164
1,278.008,79.684,8.961,25.155,1901.561
1,278.208,79.684,9.0342,25.156,1902.959
1,278.408,79.684,8.9743,25.157,1904.356
1,278.608,79.684,8.9323,25.158,1905.754
1,278.808,79.684,8.9733,25.158,1907.151
1,279.008,79.684,8.9741,25.159,1908.549
1,279.208,79.684,8.9383,25.159,1909.947
1,279.408,79.684,8.9176,25.159,1911.345
1,279.608,79.684,8.958,25.159,1912.742
1,279.808,79.684,8.9959,25.159,1914.14
1,280.008,79.683,8.9648,25.158,1915.538
1,280.208,79.683,8.9554,25.157,1916.935
1,280.408,79.683,9.0074,25.155,1918.333
1,280.608,79.682,9.0342,25.154,1919.73
1,280.808,79.682,9.0277,25.152,1921.128
1,281.008,79.681,9.0622,25.151,1922.525
1,281.208,79.681,9.1197,25.149,1923.922
1,281.408,79.68,9.0551,25.148,1925.319
1,281.608,79.68,9.0518,25.146,1926.717
1,281.808,79.679,9.0846,25.145,1928.113
1,282.008,79.679,9.1269,25.145,1929.51
1,282.208,79.679,9.1579,25.144,1930.907
1,282.408,79.678,9.1629,25.144,1932.304
1,282.608,79.678,9.1126,25.145,1933.701
1,282.808,79.678,9.1528,25.146,1935.098
1,283.008,79.679,9.092,25.148,1936.495
1,283.208,79.679,9.0806,25.15,1937.892
1,283.408,79.679,9.0668,25.152,1939.29
1,283.608,79.68,9.0444,25.155,1940.687
1,283.808,79.68,8.968,25.159,1942.085
1,284.008,79.681,8.9931,25.163,1943.483
1,284.208,79.682,8.8828,25.167,1944.881
1,284.408,79.682,8.8437,25.172,1946.279
1,284.608,79.683,8.7678,25.177,1947.677
1,284.808,79.684,8.7117,25.183,1949.076
1,285.008,79.685,8.6451,25.188,1950.476
1,285.208,79.687,8.5513,25.195,1951.875
1,285.408,79.688,8.4803,25.201,1953.275
1,285.608,79.689,8.3717,25.208,1954.675
1,285.808,79.691,8.2707,25.216,1956.076
1,286.008,79.692,8.1959,25.223,1957.477
1,286.208,79.694,8.1555,25.231,1958.878
1,286.408,79.695,7.9728,25.24,1960.28
1,286.608,79.697,7.8725,25.249,1961.683
1,286.808,79.699,7.7412,25.258,1963.086
1,287.008,79.701,7.6297,25.268,1964.489
1,287.208,79.703,7.5558,25.278,1965.893
1,287.408,79.705,7.4099,25.288,1967.298
1,287.608,79.707,7.3151,25.298,1968.703
1,287.808,79.709,7.157,25.308,1970.109
1,288.008,79.711,6.9864,25.319,1971.515
1,288.208,79.714,6.8761,25.329,1972.922
1,288.408,79.716,6.7521,25.34,1974.33
1,288.608,79.718,6.625,25.35,1975.738
1,288.808,79.72,6.4816,25.36,1977.146
1,289.008,79.722,6.3435,25.369,1978.555
1,289.208,79.724,6.2376,25.379,1979.965
1,289.408,79.726,6.1125,25.388,1981.375
1,289.608,79.728,6.0235,25.396,1982.786
1,289.808,79.729,5.8916,25.405,1984.197
1,290.008,79.731,5.7969,25.413,1985.609
1,290.208,79.733,5.7274,25.421,1987.021
1,290.408,79.734,5.6468,25.428,1988.433
1,290.608,79.736,5.4837,25.436,1989.846
1,290.808,79.737,5.4689,25.443,1991.259
1,291.008,79.739,5.3801,25.451,1992.673
1,291.208,79.74,5.2328,25.458,1994.087
1,291.408,79.742,5.1582,25.465,1995.502
1,291.608,79.744,5.0589,25.473,1996.917
1,291.808,79.745,4.9874,25.481,1998.332
1,292.008,79.747,4.8716,25.488,1999.748
1,292.208,79.748,4.7609,25.496,2001.164
1,292.408,79.75,4.6895,25.504,2002.581
1,292.608,79.752,4.5779,25.512,2003.998
1,292.808,79.753,4.4565,25.52,2005.415
1,293.008,79.755,4.3321,25.529,2006.833
1,293.208,79.757,4.2962,25.537,2008.252
1,293.408,79.759,4.1284,25.545,2009.671
1,293.608,79.76,4.0802,25.554,2011.09
1,293.808,79.762,3.9591,25.562,2012.51
1,294.008,79.764,3.8913,25.57,2013.93
1,294.208,79.765,3.7631,25.578,2015.351
1,294.408,79.767,3.6544,25.586,2016.772
1,294.608,79.769,3.5589,25.594,2018.194
1,294.808,79.77,3.452,25.602,2019.616
1,295.008,79.772,3.338,25.609,2021.039
1,295.208,79.774,3.2885,25.617,2022.462
1,295.408,79.775,3.1418,25.624,2023.885
1,295.608,79.777,3.0597,25.631,2025.309
1,295.808,79.778,3.0178,25.638,2026.733
1,296.008,79.78,2.8795,25.645,2028.158
1,296.208,79.781,2.8231,25.652,2029.582
1,296.408,79.782,2.7596,25.658,2031.008
1,296.608,79.784,2.6879,25.664,2032.433
1,296.808,79.785,2.5702,25.67,2033.859
1,297.008,79.786,2.4989,25.676,2035.286
1,297.208,79.787,2.4075,25.682,2036.712
1,297.408,79.789,2.3609,25.687,2038.139
1,297.608,79.79,2.3326,25.692,2039.566
1,297.808,79.791,2.2463,25.697,2040.994
1,298.008,79.792,2.1554,25.702,2042.422
1,298.208,79.793,2.1295,25.707,2043.85
1,298.408,79.794,2.0586,25.711,2045.278
1,298.608,79.795,1.9516,25.715,2046.706
1,298.808,79.795,1.9404,25.719,2048.135
1,299.008,79.796,1.9052,25.723,2049.564
1,299.208,79.797,1.8601,25.727,2050.993
1,299.408,79.798,1.8271,25.731,2052.423
1,299.608,79.799,1.7692,25.734,2053.852
1,299.808,79.798,1.712,25.737,2055.282
1,300.008,79.799,1.6826,25.741,2056.712
1,300.208,79.8,1.654,25.744,2058.142
1,300.408,79.8,1.6271,25.747,2059.572
1,300.608,79.801,1.5597,25.75,2061.003
1,300.808,79.801,1.4819,25.752,2062.433
1,301.008,79.802,1.4769,25.755,2063.864
1,301.208,79.802,1.4367,25.757,2065.295
1,301.408,79.803,1.4373,25.759,2066.726
1,301.608,79.803,1.4151,25.76,2068.157
1,301.808,79.804,1.4005,25.762,2069.588
1,302.008,79.804,1.3563,25.765,2071.02
1,302.208,79.805,1.3049,25.767,2072.451
1,302.408,79.805,1.287,25.769,2073.883
1,302.608,79.805,1.3237,25.77,2075.314
1,302.808,79.805,1.2896,25.77,2076.746
1,303.008,79.805,1.2874,25.769,2078.178
1,303.208,79.805,1.3023,25.767,2079.609
1,303.408,79.804,1.3938,25.762,2081.041
1,303.608,79.803,1.4054,25.756,2082.472
1,303.808,79.801,1.5057,25.75,2083.902
1,304.008,79.8,1.5951,25.744,2085.333
1,304.208,79.799,1.6238,25.739,2086.763
1,304.408,79.798,1.6963,25.733,2088.193
1,304.608,79.796,1.8218,25.726,2089.622
1,304.808,79.794,1.8684,25.718,2091.051
1,305.008,79.793,1.9493,25.709,2092.479
1,305.208,79.791,2.1217,25.699,2093.908
1,305.408,79.788,2.2723,25.689,2095.335
1,305.608,79.786,2.4026,25.677,2096.762
1,305.808,79.783,2.5562,25.664,2098.188
1,306.008,79.78,2.736,25.65,2099.613
1,306.208,79.777,2.953,25.635,2101.038
1,306.408,79.773,3.0819,25.619,2102.462
1,306.608,79.77,3.3124,25.602,2103.885
1,306.808,79.766,3.5197,25.584,2105.306
1,307.008,79.762,3.7496,25.564,2106.727
1,307.208,79.757,3.978,25.544,2108.147
1,307.408,79.753,4.2586,25.523,2109.565
1,307.608,79.748,4.5174,25.502,2110.983
1,307.808,79.743,4.8,25.479,2112.399
1,308.008,79.738,5.0854,25.456,2113.814
1,308.208,79.733,5.3837,25.433,2115.227
1,308.408,79.728,5.6866,25.409,2116.64
1,308.608,79.722,5.9656,25.385,2118.051
1,308.808,79.717,6.2459,25.361,2119.46
1,309.008,79.712,6.5694,25.336,2120.868
1,309.208,79.707,6.9347,25.312,2122.275
1,309.408,79.702,7.2298,25.287,2123.681
1,309.608,79.696,7.5195,25.262,2125.085
1,309.808,79.691,7.8208,25.238,2126.488
1,310.008,79.685,8.1196,25.214,2127.889
1,310.208,79.68,8.4469,25.19,2129.289
1,310.408,79.674,8.7188,25.166,2130.688
1,310.608,79.669,9.058,25.143,2132.086
1,310.808,79.664,9.3074,25.12,2133.482
1,311.008,79.659,9.6168,25.098,2134.877
1,311.208,79.654,9.9128,25.077,2136.27
1,311.408,79.649,10.155,25.055,2137.663
1,311.608,79.644,10.414,25.035,2139.054
1,311.808,79.64,10.6632,25.015,2140.445
1,312.008,79.636,10.908,24.997,2141.834
1,312.208,79.631,11.1585,24.978,2143.222
1,312.408,79.627,11.3868,24.961,2144.609
1,312.608,79.623,11.5792,24.944,2145.996
1,312.808,79.621,11.7136,24.925,2147.381
1,313.008,79.621,11.6895,24.898,2148.765
1,313.208,79.621,11.7351,24.861,2150.147
1,313.408,79.621,11.6449,24.816,2151.527
1,313.608,79.621,11.6745,24.764,2152.904
1,313.808,79.622,11.6129,24.704,2154.278
1,314.008,79.622,11.5903,24.638,2155.649
1,314.208,79.622,11.5901,24.565,2157.016
1,314.408,79.623,11.5416,24.487,2158.378
1,314.608,79.623,11.4752,24.403,2159.737
1,314.808,79.623,11.4658,24.314,2161.09
1,315.008,79.624,11.4347,24.22,2162.438
1,315.208,79.625,11.3755,24.122,2163.781
1,315.408,79.625,11.3681,24.02,2165.118
1,315.608,79.626,11.3118,23.915,2166.45
1,315.808,79.626,11.2394,23.806,2167.775
1,316.008,79.627,11.1913,23.695,2169.095
1,316.208,79.628,11.161,23.581,2170.408
1,316.408,79.628,11.0589,23.466,2171.715
1,316.608,79.629,11.0156,23.349,2173.015
1,316.808,79.63,10.9561,23.232,2174.309
1,317.008,79.631,10.9057,23.114,2175.597
1,317.208,79.631,10.845,22.996,2176.878
1,317.408,79.632,10.7893,22.879,2178.152
1,317.608,79.633,10.7463,22.762,2179.42
1,317.808,79.634,10.7104,22.647,2180.681
1,318.008,79.634,10.6183,22.534,2181.936
1,318.208,79.635,10.6105,22.423,2183.185
1,318.408,79.636,10.5258,22.314,2184.428
1,318.608,79.636,10.4899,22.208,2185.664
1,318.808,79.637,10.4413,22.105,2186.895
1,319.008,79.637,10.3953,22.006,2188.12
1,319.208,79.638,10.3436,21.91,2189.34
1,319.408,79.639,10.2908,21.817,2190.555
1,319.608,79.639,10.2602,21.73,2191.765
1,319.808,79.64,10.2313,21.649,2192.969
1,320.008,79.64,10.2075,21.577,2194.17
1,320.208,79.64,10.1834,21.515,2195.367
1,320.408,79.641,10.0843,21.463,2196.561
1,320.608,79.641,10.0885,21.42,2197.752
1,320.808,79.641,10.0777,21.387,2198.941
1,321.008,79.641,10.1067,21.364,2200.129
1,321.208,79.641,10.035,21.351,2201.315
1,321.408,79.641,10.0811,21.347,2202.501
1,321.608,79.641,10.0634,21.354,2203.687
1,321.808,79.64,10.1088,21.37,2204.874
1,322.008,79.64,10.0834,21.395,2206.062
1,322.208,79.64,10.1222,21.43,2207.251
1,322.408,79.639,10.1209,21.474,2208.443
1,322.608,79.639,10.1433,21.527,2209.637
1,322.808,79.638,10.1719,21.59,2210.835
1,323.008,79.637,10.2176,21.661,2212.037
1,323.208,79.637,10.2267,21.741,2213.242
1,323.408,79.636,10.3016,21.83,2214.452
1,323.608,79.635,10.3397,21.927,2215.668
1,323.808,79.634,10.372,22.033,2216.889
1,324.008,79.633,10.3874,22.146,2218.116
1,324.208,79.632,10.4533,22.268,2219.35
1,324.408,79.631,10.5378,22.397,2220.59
1,324.608,79.63,10.5906,22.535,2221.839
1,324.808,79.628,10.6992,22.679,2223.094
1,325.008,79.627,10.7278,22.831,2224.359
1,325.208,79.626,10.8089,22.991,2225.631
1,325.408,79.624,10.8549,23.157,2226.913
1,325.608,79.623,10.9188,23.331,2228.205
1,325.808,79.621,11.0525,23.511,2229.506
1,326.008,79.62,11.1122,23.698,2230.817
1,326.208,79.618,11.1887,23.892,2232.139
1,326.408,79.616,11.2667,24.092,2233.472
1,326.608,79.615,11.366,24.298,2234.816
1,326.808,79.613,11.4987,24.511,2236.172
1,327.008,79.611,11.5825,24.73,2237.539
1,327.208,79.608,11.6524,24.954,2238.92
1,327.408,79.633,10.2044,25.122,2240.311
1,327.608,79.657,8.8057,25.213,2241.709
1,327.808,79.672,7.9444,25.264,2243.112
1,328.008,79.68,7.4906,25.295,2244.516
1,328.208,79.686,7.1668,25.316,2245.922
1,328.408,79.689,6.955,25.331,2247.329
1,328.608,79.692,6.7342,25.343,2248.737
1,328.808,79.694,6.6718,25.353,2250.145
1,329.008,79.696,6.5074,25.362,2251.554
1,329.208,79.698,6.3959,25.371,2252.963
1,329.408,79.7,6.2822,25.379,2254.373
1,329.608,79.702,6.1864,25.387,2255.783
1,329.808,79.703,6.0958,25.396,2257.193
1,330.008,79.705,6.0149,25.404,2258.604
1,330.208,79.707,5.9476,25.412,2260.016
1,330.408,79.708,5.7812,25.42,2261.428
1,330.608,79.71,5.687,25.428,2262.84
1,330.808,79.712,5.5312,25.437,2264.253
1,331.008,79.713,5.4426,25.445,2265.667
1,331.208,79.715,5.3362,25.454,2267.081
1,331.408,79.717,5.272,25.463,2268.495
1,331.608,79.719,5.1638,25.473,2269.91
1,331.808,79.721,4.9973,25.484,2271.325
1,332.008,79.724,4.8621,25.497,2272.741
1,332.208,79.726,4.7058,25.507,2274.158
1,332.408,79.728,4.5841,25.516,2275.576
1,332.608,79.73,4.4475,25.524,2276.993
1,332.808,79.732,4.3419,25.531,2278.411
1,333.008,79.733,4.2756,25.538,2279.83
1,333.208,79.735,4.1975,25.545,2281.249
1,333.408,79.736,4.1366,25.552,2282.668
1,333.608,79.737,4.0069,25.559,2284.088
1,333.808,79.739,3.9431,25.566,2285.508
1,334.008,79.74,3.8392,25.572,2286.929
1,334.208,79.741,3.7679,25.578,2288.35
1,334.408,79.743,3.7646,25.584,2289.771
1,334.608,79.744,3.6379,25.59,2291.192
1,334.808,79.745,3.5089,25.596,2292.614
1,335.008,79.746,3.4566,25.601,2294.036
1,335.208,79.747,3.4274,25.606,2295.459
1,335.408,79.748,3.3544,25.61,2296.881
1,335.608,79.749,3.3246,25.614,2298.304
1,335.808,79.75,3.2838,25.617,2299.727
1,336.008,79.75,3.2338,25.62,2301.151
1,336.208,79.751,3.2194,25.622,2302.574
1,336.408,79.751,3.1714,25.624,2303.997
1,336.608,79.751,3.1586,25.625,2305.421
1,336.808,79.752,3.141,25.626,2306.845
1,337.008,79.752,3.1132,25.626,2308.268
1,337.208,79.751,3.1359,25.625,2309.692
1,337.408,79.751,3.1709,25.624,2311.115
1,337.608,79.751,3.1995,25.623,2312.539
1,337.808,79.75,3.226,25.621,2313.962
1,338.008,79.75,3.2351,25.618,2315.386
1,338.208,79.749,3.2744,25.616,2316.809
1,338.408,79.749,3.3104,25.612,2318.232
1,338.608,79.748,3.3278,25.609,2319.655
1,338.808,79.747,3.4322,25.605,2321.077
1,339.008,79.746,3.3973,25.601,2322.5
1,339.208,79.745,3.4667,25.597,2323.922
1,339.408,79.744,3.5302,25.592,2325.344
1,339.608,79.743,3.6197,25.588,2326.765
1,339.808,79.742,3.6517,25.583,2328.187
1,340.008,79.741,3.7183,25.578,2329.608
1,340.208,79.739,3.7583,25.572,2331.029
1,340.408,79.738,3.8872,25.567,2332.449
1,340.608,79.737,3.928,25.561,2333.87
1,340.808,79.736,4.0019,25.556,2335.29
1,341.008,79.734,4.0786,25.55,2336.709
1,341.208,79.733,4.1527,25.544,2338.128
1,341.408,79.732,4.2094,25.538,2339.547
1,341.608,79.73,4.2833,25.533,2340.966
1,341.808,79.729,4.3147,25.527,2342.384
1,342.008,79.728,4.4219,25.523,2343.802
1,342.208,79.727,4.4508,25.521,2345.22
1,342.408,79.727,4.4865,25.52,2346.638
1,342.608,79.727,4.5097,25.52,2348.056
1,342.808,79.727,4.4991,25.52,2349.474
1,343.008,79.726,4.4852,25.518,2350.891
1,343.208,79.726,4.5437,25.514,2352.309
1,343.408,79.724,4.5944,25.509,2353.726
1,343.608,79.723,4.6778,25.503,2355.143
1,343.808,79.722,4.7207,25.496,2356.56
1,344.008,79.72,4.8424,25.49,2357.976
1,344.208,79.719,4.927,25.483,2359.392
1,344.408,79.717,4.9736,25.477,2360.808
1,344.608,79.716,5.0918,25.47,2362.223
1,344.808,79.714,5.1627,25.464,2363.638
1,345.008,79.713,5.2414,25.458,2365.052
1,345.208,79.711,5.3068,25.452,2366.466
1,345.408,79.71,5.4135,25.446,2367.88
1,345.608,79.709,5.458,25.44,2369.294
1,345.808,79.707,5.5363,25.435,2370.707
1,346.008,79.706,5.6133,25.43,2372.12
1,346.208,79.705,5.6721,25.425,2373.532
1,346.408,79.704,5.7262,25.421,2374.945
1,346.608,79.703,5.7717,25.417,2376.357
1,346.808,79.702,5.7786,25.413,2377.769
1,347.008,79.701,5.8452,25.41,2379.181
1,347.208,79.7,5.8774,25.408,2380.592
1,347.408,79.7,5.9033,25.406,2382.004
1,347.608,79.699,5.9236,25.405,2383.415
1,347.808,79.699,5.9459,25.404,2384.826
1,348.008,79.699,5.9669,25.404,2386.238
1,348.208,79.699,5.921,25.404,2387.649
1,348.408,79.699,5.9469,25.405,2389.06
1,348.608,79.699,5.9481,25.407,2390.472
1,348.808,79.699,5.9511,25.409,2391.883
1,349.008,79.7,5.8739,25.411,2393.295
1,349.208,79.7,5.8506,25.414,2394.707
1,349.408,79.701,5.8025,25.417,2396.119
1,349.608,79.701,5.7403,25.421,2397.531
1,349.808,79.702,5.7038,25.425,2398.943
1,350.008,79.703,5.6803,25.429,2400.356
1,350.208,79.704,5.5999,25.433,2401.769
1,350.408,79.705,5.5196,25.438,2403.182
1,350.608,79.706,5.5007,25.444,2404.595
1,350.808,79.707,5.4217,25.45,2406.009
1,351.008,79.708,5.3083,25.457,2407.423
1,351.208,79.71,5.2558,25.464,2408.838
1,351.408,79.711,5.1603,25.472,2410.252
1,351.608,79.713,5.0611,25.48,2411.668
1,351.808,79.715,4.9326,25.489,2413.084
1,352.008,79.717,4.8396,25.498,2414.5
1,352.208,79.719,4.7296,25.507,2415.917
1,352.408,79.721,4.539,25.517,2417.334
1,352.608,79.723,4.4442,25.528,2418.752
1,352.808,79.725,4.3495,25.539,2420.17
1,353.008,79.727,4.2056,25.55,2421.59
1,353.208,79.73,4.0349,25.561,2423.009
1,353.408,79.732,3.9172,25.57,2424.43
1,353.608,79.734,3.7755,25.578,2425.85
1,353.808,79.735,3.7596,25.585,2427.272
1,354.008,79.737,3.6072,25.592,2428.693
1,354.208,79.738,3.5228,25.599,2430.115
1,354.408,79.74,3.4538,25.606,2431.538
1,354.608,79.741,3.3202,25.613,2432.96
1,354.808,79.743,3.2541,25.62,2434.383
1,355.008,79.744,3.1601,25.627,2435.807
1,355.208,79.745,3.1096,25.634,2437.231
1,355.408,79.747,3.0086,25.641,2438.655
1,355.608,79.748,2.9439,25.647,2440.08
1,355.808,79.75,2.8275,25.654,2441.505
1,356.008,79.751,2.7506,25.66,2442.93
1,356.208,79.752,2.661,25.666,2444.356
1,356.408,79.754,2.6335,25.672,2445.782
1,356.608,79.755,2.5462,25.678,2447.208
1,356.808,79.756,2.4572,25.684,2448.635
1,357.008,79.757,2.368,25.689,2450.062
1,357.208,79.758,2.3327,25.695,2451.49
1,357.408,79.759,2.2549,25.7,2452.917
1,357.608,79.761,2.1965,25.705,2454.345
1,357.808,79.762,2.1485,25.71,2455.773
1,358.008,79.763,2.0522,25.715,2457.202
1,358.208,79.764,2.0186,25.72,2458.631
1,358.408,79.765,1.9062,25.724,2460.06
1,358.608,79.766,1.8666,25.729,2461.489
1,358.808,79.766,1.8786,25.732,2462.918
1,359.008,79.767,1.8271,25.736,2464.348
1,359.208,79.768,1.7655,25.739,2465.778
1,359.408,79.768,1.7207,25.742,2467.208
1,359.608,79.769,1.6971,25.744,2468.638
1,359.808,79.769,1.6433,25.746,2470.068
1,360.008,79.77,1.6359,25.747,2471.499
1,360.208,79.77,1.659,25.748,2472.929
1,360.408,79.77,1.6164,25.748,2474.36
1,360.608,79.77,1.5959,25.748,2475.79
1,360.808,79.77,1.65,25.747,2477.22
1,361.008,79.769,1.6245,25.745,2478.651
1,361.208,79.769,1.6551,25.743,2480.081
1,361.408,79.768,1.7208,25.741,2481.511
1,361.608,79.768,1.76,25.738,2482.941
1,361.808,79.767,1.8216,25.734,2484.371
1,362.008,79.766,1.8751,25.729,2485.8
1,362.208,79.765,1.921,25.723,2487.23
1,362.408,79.763,1.9601,25.717,2488.658
1,362.608,79.762,2.0742,25.71,2490.087
1,362.808,79.761,2.1164,25.703,2491.515
1,363.008,79.759,2.2514,25.696,2492.943
1,363.208,79.757,2.3398,25.689,2494.37
1,363.408,79.756,2.4441,25.681,2495.797
1,363.608,79.754,2.5161,25.673,2497.224
1,363.808,79.752,2.5926,25.665,2498.65
1,364.008,79.75,2.7246,25.657,2500.075
1,364.208,79.748,2.8371,25.649,2501.501
1,364.408,79.747,2.8901,25.641,2502.925
1,364.608,79.745,3.0319,25.633,2504.35
1,364.808,79.743,3.1435,25.626,2505.773
1,365.008,79.741,3.1856,25.618,2507.197
1,365.208,79.74,3.2784,25.611,2508.62
1,365.408,79.738,3.3593,25.605,2510.043
1,365.608,79.737,3.4259,25.599,2511.465
1,365.808,79.736,3.546,25.593,2512.887
1,366.008,79.734,3.6354,25.588,2514.309
1,366.208,79.733,3.6837,25.583,2515.73
1,366.408,79.732,3.734,25.578,2517.151
1,366.608,79.731,3.8077,25.574,2518.572
1,366.808,79.73,3.7965,25.57,2519.993
1,367.008,79.729,3.8605,25.567,2521.413
1,367.208,79.729,3.9003,25.564,2522.833
1,367.408,79.728,3.9595,25.562,2524.254
1,367.608,79.727,3.9713,25.56,2525.674
1,367.808,79.727,3.9681,25.559,2527.094
1,368.008,79.727,4.0158,25.558,2528.514
1,368.208,79.726,4.0135,25.557,2529.933
1,368.408,79.726,4.0311,25.556,2531.353
1,368.608,79.726,4.0299,25.556,2532.773
1,368.808,79.726,4.0507,25.557,2534.193
1,369.008,79.726,4.0666,25.558,2535.613
1,369.208,79.726,4.0335,25.559,2537.033
1,369.408,79.727,3.9718,25.561,2538.453
1,369.608,79.727,3.9441,25.563,2539.873
1,369.808,79.727,3.9395,25.566,2541.293
1,370.008,79.728,3.9007,25.569,2542.713
1,370.208,79.729,3.8328,25.572,2544.134
1,370.408,79.729,3.7997,25.576,2545.555
1,370.608,79.73,3.7248,25.581,2546.976
1,370.808,79.731,3.6635,25.586,2548.397
1,371.008,79.732,3.6448,25.591,2549.819
1,371.208,79.734,3.5387,25.597,2551.24
1,371.408,79.735,3.4951,25.604,2552.663
1,371.608,79.736,3.399,25.611,2554.085
1,371.808,79.738,3.2976,25.618,2555.508
1,372.008,79.739,3.1635,25.626,2556.932
1,372.208,79.741,3.1106,25.634,2558.356
1,372.408,79.743,2.9942,25.642,2559.78
1,372.608,79.745,2.872,25.651,2561.205
1,372.808,79.746,2.8149,25.66,2562.63
1,373.008,79.748,2.6697,25.669,2564.056
1,373.208,79.75,2.5614,25.678,2565.482
1,373.408,79.752,2.4501,25.687,2566.909
1,373.608,79.754,2.2965,25.696,2568.336
1,373.808,79.756,2.2431,25.705,2569.764
1,374.008,79.758,2.1117,25.714,2571.192
1,374.208,79.76,1.9431,25.723,2572.621
1,374.408,79.762,1.8988,25.731,2574.051
1,374.608,79.763,1.7829,25.738,2575.48
1,374.808,79.765,1.6721,25.745,2576.91
1,375.008,79.766,1.5752,25.752,2578.341
1,375.208,79.768,1.5603,25.757,2579.772
1,375.408,79.769,1.4873,25.762,2581.203
1,375.608,79.77,1.4143,25.766,2582.634
1,375.808,79.77,1.3798,25.769,2584.066
1,376.008,79.771,1.2949,25.772,2585.497
1,376.208,79.771,1.3143,25.774,2586.929
1,376.408,79.772,1.2941,25.776,2588.361
1,376.608,79.772,1.2631,25.776,2589.793
1,376.808,79.772,1.2501,25.774,2591.225
1,377.008,79.771,1.3366,25.77,2592.657
1,377.208,79.77,1.3757,25.764,2594.088
1,377.408,79.769,1.4872,25.758,2595.52
1,377.608,79.767,1.5368,25.752,2596.95
1,377.808,79.766,1.6006,25.745,2598.381
1,378.008,79.764,1.7106,25.738,2599.811
1,378.208,79.763,1.7837,25.73,2601.241
1,378.408,79.761,1.9114,25.722,2602.67
1,378.608,79.759,2.0459,25.713,2604.099
1,378.808,79.757,2.1038,25.704,2605.527
1,379.008,79.755,2.2662,25.694,2606.955
1,379.208,79.752,2.3824,25.683,2608.382
1,379.408,79.75,2.5177,25.673,2609.808
1,379.608,79.748,2.6447,25.662,2611.234
1,379.808,79.745,2.7856,25.651,2612.66
1,380.008,79.743,2.96,25.639,2614.084
1,380.208,79.74,3.1333,25.627,2615.508
1,380.408,79.737,3.2568,25.614,2616.932
1,380.608,79.734,3.3959,25.601,2618.354
1,380.808,79.731,3.5361,25.588,2619.776
1,381.008,79.728,3.7328,25.574,2621.198
1,381.208,79.725,3.9442,25.56,2622.618
1,381.408,79.722,4.0972,25.546,2624.038
1,381.608,79.719,4.2817,25.53,2625.456
1,381.808,79.715,4.4677,25.515,2626.874
1,382.008,79.712,4.6333,25.499,2628.291
1,382.208,79.708,4.856,25.483,2629.707
1,382.408,79.705,5.1032,25.466,2631.123
1,382.608,79.701,5.2951,25.449,2632.537
1,382.808,79.697,5.5005,25.432,2633.95
1,383.008,79.693,5.7225,25.415,2635.363
1,383.208,79.689,5.9515,25.398,2636.774
1,383.408,79.686,6.1031,25.381,2638.185
1,383.608,79.682,6.3727,25.364,2639.594
1,383.808,79.678,6.574,25.347,2641.003
1,384.008,79.674,6.7925,25.33,2642.411
1,384.208,79.67,7.0709,25.314,2643.818
1,384.408,79.667,7.2302,25.297,2645.223
1,384.608,79.663,7.4165,25.282,2646.628
1,384.808,79.66,7.5498,25.267,2648.032
1,385.008,79.656,7.7936,25.252,2649.436
1,385.208,79.653,7.9899,25.238,2650.838
1,385.408,79.65,8.16,25.225,2652.24
1,385.608,79.647,8.3299,25.213,2653.641
1,385.808,79.644,8.4384,25.201,2655.041
1,386.008,79.642,8.5758,25.19,2656.441
1,386.208,79.639,8.7006,25.181,2657.84
1,386.408,79.637,8.8062,25.172,2659.239
1,386.608,79.635,8.9384,25.165,2660.637
1,386.808,79.634,9.0128,25.158,2662.035
1,387.008,79.632,9.0864,25.153,2663.433
1,387.208,79.631,9.1509,25.149,2664.83
1,387.408,79.63,9.2292,25.147,2666.227
1,387.608,79.63,9.2399,25.145,2667.624
1,387.808,79.629,9.2661,25.144,2669.021
1,388.008,79.629,9.2465,25.145,2670.418
1,388.208,79.629,9.2315,25.147,2671.815
1,388.408,79.63,9.1786,25.15,2673.212
1,388.608,79.63,9.1221,25.153,2674.609
1,388.808,79.631,9.096,25.158,2676.007
1,389.008,79.632,9.0154,25.163,2677.405
1,389.208,79.633,8.9602,25.169,2678.803
1,389.408,79.634,8.9019,25.176,2680.201
1,389.608,79.636,8.7867,25.183,2681.6
1,389.808,79.637,8.6847,25.19,2682.999
1,390.008,79.638,8.5808,25.198,2684.399
1,390.208,79.64,8.4992,25.206,2685.799
1,390.408,79.642,8.41,25.213,2687.2
1,390.608,79.643,8.3058,25.221,2688.601
1,390.808,79.645,8.2161,25.229,2690.002
1,391.008,79.646,8.1338,25.236,2691.404
1,391.208,79.648,8.0231,25.244,2692.806
1,391.408,79.649,7.9674,25.251,2694.209
1,391.608,79.65,7.8938,25.258,2695.612
1,391.808,79.652,7.8262,25.264,2697.015
1,392.008,79.653,7.709,25.271,2698.419
1,392.208,79.654,7.5906,25.278,2699.823
1,392.408,79.656,7.4859,25.284,2701.228
1,392.608,79.657,7.4391,25.291,2702.632
1,392.808,79.658,7.3531,25.298,2704.038
1,393.008,79.66,7.281,25.305,2705.443
1,393.208,79.661,7.1459,25.312,2706.849
1,393.408,79.663,7.1342,25.32,2708.256
1,393.608,79.664,6.9681,25.328,2709.663
1,393.808,79.666,6.8513,25.336,2711.07
1,394.008,79.668,6.7586,25.345,2712.478
1,394.208,79.67,6.6326,25.354,2713.886
1,394.408,79.671,6.5323,25.363,2715.295
1,394.608,79.673,6.3905,25.373,2716.704
1,394.808,79.675,6.3592,25.383,2718.114
1,395.008,79.678,6.1721,25.393,2719.525
1,395.208,79.68,6.0313,25.404,2720.936
1,395.408,79.682,5.9143,25.414,2722.347
1,395.608,79.684,5.7423,25.425,2723.759
1,395.808,79.686,5.6464,25.436,2725.172
1,396.008,79.689,5.4951,25.446,2726.586
1,396.208,79.691,5.4191,25.457,2728.0
1,396.408,79.693,5.2431,25.467,2729.414
1,396.608,79.695,5.1073,25.476,2730.829
1,396.808,79.697,4.97,25.486,2732.245
1,397.008,79.699,4.8769,25.495,2733.661
1,397.208,79.701,4.784,25.503,2735.077
1,397.408,79.702,4.6637,25.51,2736.495
1,397.608,79.704,4.5507,25.517,2737.912
1,397.808,79.705,4.4781,25.524,2739.33
1,398.008,79.706,4.4297,25.529,2740.748
1,398.208,79.707,4.3517,25.534,2742.166
1,398.408,79.708,4.3392,25.538,2743.585
1,398.608,79.709,4.2848,25.541,2745.004
1,398.808,79.71,4.2497,25.544,2746.423
1,399.008,79.71,4.1563,25.546,2747.842
1,399.208,79.71,4.1774,25.547,2749.261
1,399.408,79.71,4.1378,25.548,2750.681
1,399.608,79.71,4.1561,25.548,2752.1
1,399.808,79.71,4.163,25.548,2753.519
1,400.008,79.71,4.1633,25.547,2754.939
1,400.208,79.71,4.1824,25.545,2756.358
1,400.408,79.709,4.1758,25.544,2757.777
1,400.608,79.709,4.2233,25.542,2759.196
1,400.808,79.708,4.239,25.54,2760.615
1,401.008,79.708,4.2877,25.538,2762.034
1,401.208,79.707,4.2603,25.536,2763.453
1,401.408,79.707,4.3536,25.534,2764.871
1,401.608,79.706,4.3284,25.532,2766.29
1,401.808,79.706,4.3902,25.53,2767.708
1,402.008,79.705,4.4024,25.528,2769.126
1,402.208,79.705,4.4002,25.527,2770.544
1,402.408,79.705,4.446,25.525,2771.963
1,402.608,79.704,4.4804,25.524,2773.381
1,402.808,79.704,4.5093,25.523,2774.799
1,403.008,79.704,4.5065,25.523,2776.217
1,403.208,79.703,4.486,25.522,2777.634
1,403.408,79.703,4.4766,25.522,2779.052
1,403.608,79.703,4.4834,25.522,2780.47
1,403.808,79.703,4.4736,25.522,2781.888
1,404.008,79.703,4.4633,25.522,2783.306
1,404.208,79.703,4.5005,25.523,2784.724
1,404.408,79.703,4.5086,25.523,2786.142
1,404.608,79.703,4.5063,25.523,2787.56
1,404.808,79.703,4.4388,25.524,2788.978
1,405.008,79.703,4.4815,25.524,2790.396
1,405.208,79.703,4.5032,25.524,2791.814
1,405.408,79.703,4.5232,25.524,2793.232
1,405.608,79.703,4.4819,25.524,2794.65
1,405.808,79.703,4.4929,25.524,2796.068
1,406.008,79.703,4.4537,25.523,2797.486
1,406.208,79.702,4.4939,25.522,2798.904
1,406.408,79.702,4.5327,25.521,2800.321
1,406.608,79.702,4.5109,25.519,2801.739
1,406.808,79.701,4.529,25.518,2803.157
1,407.008,79.701,4.6099,25.515,2804.575
1,407.208,79.7,4.5992,25.513,2805.992
1,407.408,79.699,4.5696,25.51,2807.409
1,407.608,79.699,4.6722,25.506,2808.826
1,407.808,79.698,4.7243,25.503,2810.243
1,408.008,79.697,4.7637,25.498,2811.66
1,408.208,79.696,4.8419,25.493,2813.076
1,408.408,79.694,4.9138,25.488,2814.493
1,408.608,79.693,4.9539,25.483,2815.908
1,408.808,79.692,5.0021,25.476,2817.324
1,409.008,79.69,5.1194,25.47,2818.739
1,409.208,79.689,5.205,25.463,2820.154
1,409.408,79.687,5.2796,25.455,2821.568
1,409.608,79.685,5.4208,25.447,2822.982
1,409.808,79.683,5.5072,25.439,2824.396
1,410.008,79.681,5.5982,25.431,2825.809
1,410.208,79.679,5.6914,25.422,2827.221
1,410.408,79.677,5.8457,25.413,2828.634
1,410.608,79.675,5.9294,25.404,2830.045
1,410.808,79.673,6.0655,25.395,2831.456
1,411.008,79.671,6.1934,25.385,2832.867
1,411.208,79.669,6.2701,25.376,2834.277
1,411.408,79.667,6.3958,25.368,2835.686
1,411.608,79.665,6.4941,25.36,2837.095
1,411.808,79.663,6.6034,25.353,2838.504
1,412.008,79.662,6.6728,25.35,2839.912
1,412.208,79.661,6.7497,25.347,2841.321
1,412.408,79.661,6.712,25.345,2842.729
1,412.608,79.66,6.7401,25.344,2844.137
1,412.808,79.66,6.7267,25.343,2845.545
1,413.008,79.66,6.782,25.342,2846.953
1,413.208,79.659,6.7845,25.341,2848.361
1,413.408,79.659,6.7451,25.34,2849.768
1,413.608,79.659,6.7924,25.339,2851.176
1,413.808,79.658,6.8221,25.339,2852.584
1,414.008,79.658,6.8604,25.338,2853.992
1,414.208,79.658,6.8154,25.337,2855.399
1,414.408,79.658,6.8394,25.337,2856.807
1,414.608,79.658,6.8078,25.337,2858.214
1,414.808,79.657,6.8279,25.336,2859.622
1,415.008,79.657,6.883,25.336,2861.03
1,415.208,79.657,6.8482,25.336,2862.437
1,415.408,79.657,6.8855,25.335,2863.845
1,415.608,79.657,6.8824,25.335,2865.252
1,415.808,79.656,6.8792,25.335,2866.66
1,416.008,79.656,6.8975,25.335,2868.067
1,416.208,79.656,6.8929,25.335,2869.475
1,416.408,79.656,6.8714,25.335,2870.882
1,416.608,79.656,6.8798,25.335,2872.29
1,416.808,79.656,6.8534,25.335,2873.697
1,417.008,79.656,6.8713,25.335,2875.105
1,417.208,79.656,6.8973,25.336,2876.512
1,417.408,79.656,6.8603,25.336,2877.92
1,417.608,79.656,6.8416,25.337,2879.327
1,417.808,79.656,6.8404,25.338,2880.735
1,418.008,79.656,6.8437,25.339,2882.143
1,418.208,79.656,6.8181,25.34,2883.55
1,418.408,79.656,6.7952,25.342,2884.958
1,418.608,79.656,6.7503,25.344,2886.366
1,418.808,79.657,6.756,25.346,2887.774
1,419.008,79.657,6.7205,25.349,2889.182
1,419.208,79.658,6.6508,25.352,2890.591
1,419.408,79.658,6.6118,25.356,2891.999
1,419.608,79.659,6.5918,25.36,2893.408
1,419.808,79.66,6.5522,25.364,2894.817
1,420.008,79.661,6.4478,25.369,2896.226
1,420.208,79.662,6.412,25.375,2897.636
1,420.408,79.663,6.3376,25.381,2899.046
1,420.608,79.665,6.2541,25.388,2900.456
1,420.808,79.666,6.1463,25.398,2901.867
1,421.008,79.669,5.983,25.41,2903.278
1,421.208,79.671,5.8407,25.423,2904.69
1,421.408,79.674,5.6611,25.437,2906.103
1,421.608,79.677,5.4457,25.452,2907.517
1,421.808,79.68,5.2782,25.466,2908.931
1,422.008,79.683,5.1064,25.482,2910.346
1,422.208,79.687,4.9147,25.497,2911.762
1,422.408,79.69,4.7018,25.513,2913.179
1,422.608,79.693,4.5084,25.529,2914.597
1,422.808,79.697,4.32,25.545,2916.016
1,423.008,79.7,4.0844,25.56,2917.435
1,423.208,79.703,3.9315,25.573,2918.856
1,423.408,79.706,3.8156,25.585,2920.277
1,423.608,79.708,3.6335,25.595,2921.698
1,423.808,79.71,3.5578,25.605,2923.121
1,424.008,79.712,3.3798,25.615,2924.543
1,424.208,79.715,3.3044,25.626,2925.967
1,424.408,79.717,3.142,25.636,2927.391
1,424.608,79.719,2.9873,25.647,2928.815
1,424.808,79.721,2.8423,25.658,2930.24
1,425.008,79.724,2.7324,25.669,2931.666
1,425.208,79.726,2.6238,25.681,2933.093
1,425.408,79.729,2.3981,25.693,2934.52
1,425.608,79.731,2.2651,25.705,2935.947
1,425.808,79.734,2.1177,25.717,2937.376
1,426.008,79.737,1.9383,25.73,2938.805
1,426.208,79.739,1.8386,25.742,2940.234
1,426.408,79.742,1.6924,25.756,2941.665
1,426.608,79.745,1.4885,25.769,2943.096
1,426.808,79.748,1.3306,25.783,2944.528
1,427.008,79.752,1.0976,25.804,2945.961
1,427.208,79.758,0.7595,25.835,2947.395
1,427.408,79.771,0.0,25.874,2948.832
1,427.608,79.77,0.0,25.923,2950.271
1,427.808,79.771,0.0,25.981,2951.712
1,428.008,79.771,0.0,26.048,2953.157
1,428.208,79.771,0.0,26.125,2954.607
1,428.408,79.77,0.0,26.211,2956.06
1,428.608,79.771,0.0,26.306,2957.519
1,428.808,79.771,0.0,26.411,2958.984
1,429.008,79.771,0.0,26.525,2960.454
1,429.208,79.77,0.0,26.649,2961.931
1,429.408,79.771,0.0,26.782,2963.415
1,429.608,79.77,0.0,26.924,2964.907
1,429.808,79.771,0.0,27.074,2966.407
1,430.008,79.771,0.0,27.234,2967.915
1,430.208,79.771,0.0,27.403,2969.433
1,430.408,79.77,0.0,27.58,2970.96
1,430.608,79.771,0.0,27.765,2972.498
1,430.808,79.77,0.0,27.958,2974.045
1,431.008,79.771,0.0,28.158,2975.604
1,431.208,79.77,0.0,28.365,2977.174
1,431.408,79.771,0.0,28.579,2978.756
1,431.608,79.77,0.0,28.798,2980.35
1,431.808,79.771,0.0,29.019,2981.956
1,432.008,79.771,0.0,29.24,2983.574
1,432.208,79.771,0.0,29.46,2985.205
1,432.408,79.77,0.0,29.679,2986.847
1,432.608,79.771,0.0,29.895,2988.502
1,432.808,79.771,0.0,30.108,2990.169
1,433.008,79.771,0.0,30.316,2991.847
1,433.208,79.771,0.0,30.519,2993.537
1,433.408,79.771,0.0,30.715,2995.238
1,433.608,79.771,0.0,30.903,2996.95
1,433.808,79.771,0.0,31.083,2998.672
1,434.008,79.77,0.0,31.252,3000.403
1,434.208,79.771,0.0,31.411,3002.144
1,434.408,79.77,0.0,31.559,3003.893
1,434.608,79.77,0.0,31.694,3005.65
1,434.808,79.771,0.0,31.816,3007.415
1,435.008,79.77,0.0,31.924,3009.185
1,435.208,79.77,0.0,32.019,3010.962
1,435.408,79.77,0.0,32.098,3012.743
1,435.608,79.771,0.0,32.163,3014.528
1,435.808,79.771,0.0,32.212,3016.316
1,436.008,79.771,0.0,32.245,3018.107
1,436.208,79.771,0.0,32.261,3019.898
1,436.408,79.771,0.0,32.261,3021.691
1,436.608,79.771,0.0,32.244,3023.483
1,436.808,79.771,0.0,32.21,3025.273
1,437.008,79.77,0.0,32.157,3027.061
1,437.208,79.77,0.0,32.086,3028.846
1,437.408,79.77,0.0,31.996,3030.626
1,437.608,79.77,0.0,31.887,3032.401
1,437.808,79.771,0.0,31.758,3034.169
1,438.008,79.771,0.0,31.609,3035.929
1,438.208,79.77,0.0,31.439,3037.68
1,438.408,79.771,0.0,31.249,3039.422
1,438.608,79.771,0.0,31.04,3041.152
1,438.808,79.771,0.0,30.81,3042.87
1,439.008,79.771,0.0,30.56,3044.575
1,439.208,79.771,0.0,30.292,3046.266
1,439.408,79.77,0.0,30.006,3047.941
1,439.608,79.771,0.0,29.702,3049.599
1,439.808,79.771,0.0,29.382,3051.241
1,440.008,79.77,0.0,29.047,3052.864
1,440.208,79.771,0.0,28.698,3054.468
1,440.408,79.771,0.0,28.335,3056.052
1,440.608,79.771,0.0,27.961,3057.616
1,440.808,79.77,0.0,27.576,3059.159
1,441.008,79.771,0.0,27.181,3060.68
1,441.208,79.77,0.0,26.778,3062.179
1,441.408,79.771,0.0,26.367,3063.655
1,441.608,79.77,0.0,25.95,3065.108
1,441.808,79.73,2.2902,25.567,3066.539
1,442.008,79.674,5.5443,25.35,3067.952
1,442.208,79.64,7.5603,25.234,3069.357
1,442.408,79.621,8.6003,25.17,3070.757
1,442.608,79.61,9.2332,25.135,3072.154
1,442.808,79.604,9.5588,25.114,3073.55
1,443.008,79.6,9.7338,25.101,3074.945
1,443.208,79.598,9.9229,25.092,3076.339
1,443.408,79.596,10.0037,25.086,3077.733
1,443.608,79.595,10.047,25.082,3079.126
1,443.808,79.594,10.1278,25.079,3080.52
1,444.008,79.593,10.0712,25.077,3081.913
1,444.208,79.593,10.1655,25.075,3083.306
1,444.408,79.592,10.1463,25.074,3084.699
1,444.608,79.592,10.1592,25.074,3086.092
1,444.808,79.592,10.1376,25.074,3087.485
1,445.008,79.592,10.1755,25.075,3088.878
1,445.208,79.592,10.1489,25.076,3090.271
1,445.408,79.592,10.0818,25.078,3091.665
1,445.608,79.592,10.0643,25.081,3093.058
1,445.808,79.593,10.0405,25.084,3094.451
1,446.008,79.593,10.0203,25.088,3095.845
1,446.208,79.594,10.0002,25.092,3097.239
1,446.408,79.595,9.9334,25.097,3098.633
1,446.608,79.596,9.8396,25.102,3100.027
1,446.808,79.597,9.773,25.109,3101.422
1,447.008,79.598,9.6612,25.115,3102.817
1,447.208,79.599,9.6291,25.123,3104.213
1,447.408,79.601,9.4722,25.13,3105.609
1,447.608,79.603,9.4068,25.139,3107.005
1,447.808,79.604,9.3079,25.148,3108.402
1,448.008,79.606,9.152,25.157,3109.799
1,448.208,79.608,9.0485,25.167,3111.197
1,448.408,79.61,8.9222,25.177,3112.595
1,448.608,79.612,8.8154,25.187,3113.994
1,448.808,79.614,8.6458,25.198,3115.394
1,449.008,79.617,8.5035,25.21,3116.794
1,449.208,79.619,8.4166,25.221,3118.195
1,449.408,79.621,8.252,25.232,3119.597
1,449.608,79.624,8.1068,25.244,3120.999
1,449.808,79.626,7.9877,25.255,3122.401
1,450.008,79.628,7.8325,25.266,3123.805
1,450.208,79.631,7.6944,25.277,3125.209
1,450.408,79.633,7.557,25.288,3126.613
1,450.608,79.635,7.4017,25.298,3128.019
1,450.808,79.637,7.2815,25.308,3129.424
1,451.008,79.639,7.1521,25.317,3130.831
1,451.208,79.641,7.0556,25.326,3132.237
1,451.408,79.643,7.0041,25.335,3133.645
1,451.608,79.644,6.8494,25.343,3135.052
1,451.808,79.646,6.7521,25.351,3136.46
1,452.008,79.648,6.6533,25.358,3137.869
1,452.208,79.649,6.528,25.365,3139.278
1,452.408,79.65,6.4285,25.372,3140.687
1,452.608,79.652,6.3578,25.378,3142.097
1,452.808,79.653,6.2972,25.385,3143.507
1,453.008,79.654,6.289,25.391,3144.917
1,453.208,79.656,6.1386,25.398,3146.328
1,453.408,79.657,6.0189,25.404,3147.739
1,453.608,79.658,5.9637,25.412,3149.151
1,453.808,79.66,5.8461,25.419,3150.563
1,454.008,79.662,5.8001,25.427,3151.975
1,454.208,79.663,5.7074,25.436,3153.388
1,454.408,79.665,5.5756,25.445,3154.802
1,454.608,79.667,5.4801,25.455,3156.215
1,454.808,79.669,5.305,25.465,3157.63
1,455.008,79.671,5.196,25.475,3159.045
1,455.208,79.674,5.0217,25.486,3160.46
1,455.408,79.676,4.8965,25.497,3161.877
1,455.608,79.678,4.7772,25.509,3163.293
1,455.808,79.681,4.5716,25.521,3164.711
1,456.008,79.683,4.4816,25.533,3166.129
1,456.208,79.686,4.3229,25.544,3167.548
1,456.408,79.688,4.1701,25.556,3168.967
1,456.608,79.691,4.0516,25.568,3170.388
1,456.808,79.693,3.8277,25.579,3171.808
1,457.008,79.696,3.7811,25.59,3173.23
1,457.208,79.698,3.5857,25.6,3174.652
1,457.408,79.7,3.4843,25.61,3176.074
1,457.608,79.702,3.3514,25.62,3177.497
1,457.808,79.704,3.2729,25.629,3178.921
1,458.008,79.706,3.1419,25.637,3180.345
1,458.208,79.707,3.0463,25.645,3181.769
1,458.408,79.709,2.9403,25.653,3183.194
1,458.608,79.711,2.8321,25.661,3184.62
1,458.808,79.712,2.7826,25.668,3186.045
1,459.008,79.714,2.675,25.675,3187.472
1,459.208,79.715,2.5979,25.681,3188.898
1,459.408,79.717,2.4674,25.688,3190.325
1,459.608,79.718,2.392,25.694,3191.752
1,459.808,79.719,2.329,25.701,3193.18
1,460.008,79.721,2.2273,25.707,3194.608
1,460.208,79.722,2.1807,25.713,3196.036
1,460.408,79.723,2.1135,25.719,3197.465
1,460.608,79.724,2.0006,25.725,3198.894
1,460.808,79.726,1.9482,25.73,3200.323
1,461.008,79.727,1.9267,25.736,3201.753
1,461.208,79.728,1.8265,25.741,3203.183
1,461.408,79.729,1.7255,25.746,3204.613
1,461.608,79.73,1.6724,25.75,3206.043
1,461.808,79.731,1.6448,25.754,3207.474
1,462.008,79.732,1.6129,25.758,3208.905
1,462.208,79.732,1.5326,25.761,3210.336
1,462.408,79.733,1.4755,25.764,3211.767
1,462.608,79.734,1.503,25.767,3213.199
1,462.808,79.734,1.4597,25.769,3214.63
1,463.008,79.734,1.446,25.77,3216.062
1,463.208,79.735,1.4179,25.771,3217.494
1,463.408,79.735,1.401,25.772,3218.925
1,463.608,79.735,1.4153,25.772,3220.357
1,463.808,79.735,1.4161,25.772,3221.789
1,464.008,79.735,1.3814,25.771,3223.221
1,464.208,79.734,1.4289,25.77,3224.652
1,464.408,79.734,1.4444,25.768,3226.084
1,464.608,79.734,1.4605,25.767,3227.515
1,464.808,79.733,1.5014,25.765,3228.947
1,465.008,79.733,1.5263,25.762,3230.378
1,465.208,79.732,1.5351,25.759,3231.809
1,465.408,79.732,1.5994,25.756,3233.24
1,465.608,79.731,1.6087,25.753,3234.671
1,465.808,79.73,1.6474,25.749,3236.102
1,466.008,79.729,1.7436,25.746,3237.532
1,466.208,79.728,1.7668,25.741,3238.962
1,466.408,79.727,1.7674,25.737,3240.392
1,466.608,79.726,1.9211,25.732,3241.822
1,466.808,79.725,1.9275,25.727,3243.251
1,467.008,79.724,2.0226,25.722,3244.681
1,467.208,79.723,2.0577,25.717,3246.109
1,467.408,79.722,2.1614,25.711,3247.538
1,467.608,79.72,2.2104,25.705,3248.966
1,467.808,79.719,2.2824,25.698,3250.394
1,468.008,79.717,2.3555,25.691,3251.821
1,468.208,79.716,2.4651,25.684,3253.249
1,468.408,79.714,2.555,25.677,3254.675
1,468.608,79.712,2.6577,25.669,3256.102
1,468.808,79.71,2.7712,25.66,3257.527
1,469.008,79.709,2.8595,25.651,3258.953
1,469.208,79.706,3.0082,25.642,3260.377
1,469.408,79.704,3.1145,25.632,3261.802
1,469.608,79.702,3.2362,25.621,3263.225
1,469.808,79.699,3.368,25.609,3264.648
1,470.008,79.697,3.5604,25.597,3266.071
1,470.208,79.694,3.6467,25.585,3267.493
1,470.408,79.691,3.8555,25.571,3268.914
1,470.608,79.688,4.0013,25.558,3270.334
1,470.808,79.685,4.1683,25.543,3271.753
1,471.008,79.682,4.3844,25.529,3273.172
1,471.208,79.678,4.5743,25.514,3274.59
1,471.408,79.675,4.7133,25.499,3276.007
1,471.608,79.672,4.9309,25.483,3277.423
1,471.808,79.668,5.1326,25.468,3278.838
1,472.008,79.665,5.3117,25.453,3280.253
1,472.208,79.661,5.4824,25.438,3281.666
1,472.408,79.658,5.7158,25.424,3283.079
1,472.608,79.655,5.8914,25.41,3284.491
1,472.808,79.652,6.0176,25.396,3285.903
1,473.008,79.649,6.2408,25.384,3287.313
1,473.208,79.646,6.3435,25.372,3288.723
1,473.408,79.643,6.5344,25.36,3290.132
1,473.608,79.641,6.6461,25.35,3291.541
1,473.808,79.639,6.8003,25.34,3292.949
1,474.008,79.636,6.8774,25.331,3294.356
1,474.208,79.634,7.0908,25.322,3295.763
1,474.408,79.632,7.1147,25.315,3297.17
1,474.608,79.631,7.1973,25.307,3298.576
1,474.808,79.629,7.342,25.301,3299.982
1,475.008,79.628,7.3922,25.294,3301.387
1,475.208,79.626,7.4574,25.288,3302.792
1,475.408,79.625,7.5505,25.283,3304.197
1,475.608,79.623,7.6122,25.277,3305.602
1,475.808,79.622,7.6945,25.271,3307.006
1,476.008,79.621,7.7437,25.266,3308.41
1,476.208,79.619,7.8658,25.26,3309.813
1,476.408,79.618,7.8899,25.254,3311.216
1,476.608,79.616,7.9799,25.247,3312.619
1,476.808,79.615,8.0532,25.241,3314.021
1,477.008,79.613,8.1301,25.234,3315.424
1,477.208,79.611,8.2521,25.227,3316.825
1,477.408,79.61,8.3214,25.22,3318.227
1,477.608,79.608,8.3944,25.212,3319.627
1,477.808,79.606,8.5111,25.204,3321.028
1,478.008,79.604,8.616,25.197,3322.428
1,478.208,79.602,8.6735,25.189,3323.828
1,478.408,79.6,8.8074,25.181,3325.227
1,478.608,79.599,8.942,25.173,3326.625
1,478.808,79.597,9.0287,25.166,3328.024
1,479.008,79.595,9.0635,25.159,3329.422
1,479.208,79.594,9.1719,25.153,3330.819
1,479.408,79.592,9.268,25.147,3332.216
1,479.608,79.591,9.3376,25.142,3333.613
1,479.808,79.59,9.371,25.138,3335.01
1,480.008,79.589,9.4236,25.135,3336.406
1,480.208,79.588,9.4007,25.133,3337.803
1,480.408,79.588,9.485,25.133,3339.199
1,480.608,79.587,9.4641,25.133,3340.595
1,480.808,79.588,9.4331,25.135,3341.992
1,481.008,79.588,9.4361,25.139,3343.388
1,481.208,79.589,9.3827,25.144,3344.785
1,481.408,79.59,9.265,25.15,3346.182
1,481.608,79.591,9.2204,25.158,3347.579
1,481.808,79.593,9.077,25.168,3348.977
1,482.008,79.595,8.9833,25.178,3350.376
1,482.208,79.597,8.8009,25.19,3351.775
1,482.408,79.6,8.6599,25.203,3353.175
1,482.608,79.603,8.4793,25.216,3354.575
1,482.808,79.606,8.3113,25.231,3355.977
1,483.008,79.609,8.1347,25.246,3357.379
1,483.208,79.612,7.953,25.262,3358.782
1,483.408,79.615,7.7547,25.278,3360.186
1,483.608,79.619,7.5071,25.294,3361.59
1,483.808,79.622,7.3163,25.311,3362.996
1,484.008,79.626,7.1352,25.327,3364.403
1,484.208,79.629,6.971,25.343,3365.81
1,484.408,79.632,6.7259,25.358,3367.218
1,484.608,79.636,6.5029,25.373,3368.628
1,484.808,79.639,6.3516,25.388,3370.038
1,485.008,79.642,6.1724,25.402,3371.449
1,485.208,79.645,6.0066,25.415,3372.86
1,485.408,79.647,5.8677,25.428,3374.272
1,485.608,79.65,5.6814,25.439,3375.685
1,485.808,79.652,5.5597,25.451,3377.099
1,486.008,79.655,5.3894,25.461,3378.513
1,486.208,79.657,5.2979,25.471,3379.928
1,486.408,79.659,5.1582,25.481,3381.343
1,486.608,79.661,5.005,25.489,3382.759
1,486.808,79.662,4.9,25.498,3384.176
1,487.008,79.664,4.8393,25.506,3385.592
1,487.208,79.666,4.7428,25.514,3387.01
1,487.408,79.667,4.5985,25.522,3388.427
1,487.608,79.669,4.5077,25.53,3389.845
1,487.808,79.671,4.399,25.537,3391.264
1,488.008,79.672,4.3313,25.545,3392.683
1,488.208,79.674,4.2452,25.553,3394.102
1,488.408,79.676,4.1154,25.561,3395.522
1,488.608,79.677,4.0419,25.569,3396.942
1,488.808,79.679,3.8807,25.577,3398.363
1,489.008,79.681,3.8849,25.586,3399.784
1,489.208,79.682,3.6919,25.594,3401.206
1,489.408,79.684,3.6018,25.602,3402.628
1,489.608,79.686,3.4661,25.611,3404.051
1,489.808,79.688,3.3913,25.619,3405.474
1,490.008,79.69,3.2967,25.627,3406.897
1,490.208,79.691,3.2117,25.635,3408.321
1,490.408,79.693,3.0986,25.643,3409.746
1,490.608,79.694,2.9677,25.65,3411.17
1,490.808,79.696,2.946,25.656,3412.595
1,491.008,79.697,2.8795,25.661,3414.021
1,491.208,79.698,2.766,25.666,3415.447
1,491.408,79.699,2.7702,25.669,3416.873
1,491.608,79.699,2.7145,25.672,3418.299
1,491.808,79.7,2.6771,25.673,3419.725
1,492.008,79.7,2.6604,25.674,3421.151
1,492.208,79.7,2.6632,25.673,3422.578
1,492.408,79.699,2.6904,25.671,3424.004
1,492.608,79.699,2.7461,25.667,3425.43
1,492.808,79.698,2.7938,25.663,3426.856
1,493.008,79.697,2.8418,25.657,3428.281
1,493.208,79.695,2.9096,25.651,3429.707
1,493.408,79.694,3.0349,25.643,3431.131
1,493.608,79.692,3.1103,25.636,3432.556
1,493.808,79.69,3.2211,25.627,3433.98
1,494.008,79.688,3.329,25.618,3435.403
1,494.208,79.686,3.4437,25.609,3436.826
1,494.408,79.684,3.5884,25.6,3438.249
1,494.608,79.682,3.6849,25.591,3439.671
1,494.808,79.68,3.7421,25.583,3441.092
1,495.008,79.678,3.8627,25.575,3442.513
1,495.208,79.677,3.9805,25.567,3443.934
1,495.408,79.675,4.0466,25.561,3445.354
1,495.608,79.673,4.141,25.555,3446.774
1,495.808,79.672,4.2165,25.55,3448.194
1,496.008,79.671,4.2522,25.546,3449.613
1,496.208,79.67,4.3028,25.543,3451.032
1,496.408,79.67,4.3375,25.541,3452.451
1,496.608,79.669,4.3492,25.54,3453.87
1,496.808,79.669,4.3716,25.54,3455.289
1,497.008,79.669,4.3429,25.541,3456.708
1,497.208,79.669,4.3695,25.542,3458.127
1,497.408,79.67,4.3439,25.545,3459.546
1,497.608,79.67,4.3065,25.548,3460.965
1,497.808,79.671,4.2116,25.551,3462.384
1,498.008,79.672,4.1856,25.555,3463.804
1,498.208,79.673,4.1264,25.56,3465.224
1,498.408,79.674,4.0642,25.565,3466.644
1,498.608,79.675,4.0102,25.57,3468.064
1,498.808,79.676,3.9408,25.575,3469.485
1,499.008,79.677,3.8651,25.58,3470.906
1,499.208,79.678,3.8327,25.585,3472.327
1,499.408,79.679,3.7282,25.591,3473.749
1,499.608,79.68,3.6941,25.596,3475.171
1,499.808,79.681,3.6035,25.602,3476.593
1,500.008,79.682,3.593,25.607,3478.015
1,500.208,79.683,3.498,25.612,3479.438
1,500.408,79.684,3.4276,25.618,3480.861
1,500.608,79.686,3.3828,25.623,3482.285
1,500.808,79.687,3.2326,25.629,3483.708
1,501.008,79.688,3.1904,25.635,3485.132
1,501.208,79.689,3.0999,25.642,3486.557
1,501.408,79.691,3.031,25.648,3487.981
1,501.608,79.692,2.9802,25.655,3489.406
1,501.808,79.694,2.8616,25.662,3490.832
1,502.008,79.695,2.7872,25.67,3492.258
1,502.208,79.697,2.6864,25.679,3493.684
1,502.408,79.699,2.5468,25.687,3495.111
1,502.608,79.701,2.4667,25.697,3496.538
1,502.808,79.703,2.2869,25.707,3497.966
1,503.008,79.705,2.1642,25.718,3499.395
1,503.208,79.707,2.0797,25.729,3500.824
1,503.408,79.71,1.9241,25.741,3502.253
1,503.608,79.712,1.7601,25.753,3503.684
1,503.808,79.715,1.6211,25.766,3505.115
1,504.008,79.718,1.4216,25.779,3506.547
1,504.208,79.721,1.2789,25.793,3507.979
1,504.408,79.725,1.0286,25.815,3509.413
1,504.608,79.731,0.7012,25.846,3510.848
1,504.808,79.743,0.0,25.886,3512.285
1,505.008,79.743,0.0,25.935,3513.724
1,505.208,79.743,0.0,25.991,3515.166
1,505.408,79.742,0.0,26.055,3516.612
1,505.608,79.743,0.0,26.127,3518.062
1,505.808,79.743,0.0,26.205,3519.515
1,506.008,79.742,0.0,26.289,3520.973
1,506.208,79.742,0.0,26.378,3522.436
1,506.408,79.743,0.0,26.472,3523.904
1,506.608,79.742,0.0,26.569,3525.378
1,506.808,79.743,0.0,26.668,3526.857
1,507.008,79.743,0.0,26.769,3528.341
1,507.208,79.743,0.0,26.871,3529.831
1,507.408,79.743,0.0,26.972,3531.327
1,507.608,79.743,0.0,27.072,3532.828
1,507.808,79.743,0.0,27.17,3534.335
1,508.008,79.743,0.0,27.265,3535.847
1,508.208,79.744,0.0,27.356,3537.364
1,508.408,79.743,0.0,27.443,3538.886
1,508.608,79.743,0.0,27.526,3540.413
1,508.808,79.742,0.0,27.603,3541.944
1,509.008,79.743,0.0,27.675,3543.48
1,509.208,79.743,0.0,27.74,3545.019
1,509.408,79.743,0.0,27.799,3546.562
1,509.608,79.743,0.0,27.852,3548.108
1,509.808,79.742,0.0,27.898,3549.657
1,510.008,79.743,0.0,27.937,3551.208
1,510.208,79.743,0.0,27.969,3552.761
1,510.408,79.743,0.0,27.993,3554.315
1,510.608,79.743,0.0,28.01,3555.871
1,510.808,79.743,0.0,28.02,3557.427
1,511.008,79.743,0.0,28.023,3558.984
1,511.208,79.743,0.0,28.018,3560.541
1,511.408,79.743,0.0,28.005,3562.097
1,511.608,79.743,0.0,27.984,3563.652
1,511.808,79.744,0.0,27.956,3565.206
1,512.008,79.743,0.0,27.919,3566.758
1,512.208,79.742,0.0,27.875,3568.308
1,512.408,79.743,0.0,27.822,3569.855
1,512.608,79.743,0.0,27.761,3571.399
1,512.808,79.743,0.0,27.691,3572.94
1,513.008,79.742,0.0,27.613,3574.476
1,513.208,79.741,0.0,27.526,3576.008
1,513.408,79.742,0.0,27.43,3577.534
1,513.608,79.742,0.0,27.325,3579.055
1,513.808,79.741,0.0,27.211,3580.57
1,514.008,79.742,0.0,27.088,3582.079
1,514.208,79.742,0.0,26.955,3583.58
1,514.408,79.741,0.0,26.814,3585.074
1,514.608,79.742,0.0,26.662,3586.559
1,514.808,79.742,0.0,26.502,3588.036
1,515.008,79.741,0.0,26.333,3589.504
1,515.208,79.742,0.0,26.155,3590.962
1,515.408,79.741,0.0,25.968,3592.409
1,515.608,79.731,0.6404,25.773,3593.847
1,515.808,79.698,2.5005,25.628,3595.274
1,516.008,79.676,3.8764,25.547,3596.695
1,516.208,79.662,4.5835,25.5,3598.113
1,516.408,79.654,5.0271,25.47,3599.529
1,516.608,79.649,5.3744,25.45,3600.944
1,516.808,79.645,5.6146,25.435,3602.357
1,517.008,79.642,5.8063,25.423,3603.77
1,517.208,79.639,5.9145,25.413,3605.182
1,517.408,79.637,6.0707,25.403,3606.593
1,517.608,79.635,6.1405,25.395,3608.004
1,517.808,79.633,6.2311,25.388,3609.415
1,518.008,79.632,6.364,25.381,3610.825
1,518.208,79.63,6.4274,25.375,3612.235
1,518.408,79.629,6.4977,25.369,3613.645
1,518.608,79.627,6.5654,25.363,3615.054
1,518.808,79.626,6.6447,25.358,3616.463
1,519.008,79.625,6.7431,25.352,3617.871
1,519.208,79.623,6.7802,25.348,3619.28
1,519.408,79.622,6.8546,25.343,3620.688
1,519.608,79.621,6.8953,25.338,3622.096
1,519.808,79.62,6.9874,25.334,3623.503
1,520.008,79.619,6.9789,25.33,3624.911
1,520.208,79.618,7.0588,25.326,3626.318
1,520.408,79.617,7.0963,25.323,3627.725
1,520.608,79.616,7.1117,25.319,3629.131
1,520.808,79.615,7.1472,25.316,3630.538
1,521.008,79.615,7.2093,25.314,3631.944
1,521.208,79.614,7.225,25.311,3633.35
1,521.408,79.613,7.2601,25.309,3634.757
1,521.608,79.613,7.2448,25.308,3636.163
1,521.808,79.612,7.3189,25.306,3637.569
1,522.008,79.612,7.279,25.305,3638.974
1,522.208,79.612,7.3778,25.305,3640.38
1,522.408,79.612,7.3547,25.305,3641.786
1,522.608,79.611,7.3635,25.305,3643.192
1,522.808,79.611,7.3991,25.305,3644.598
1,523.008,79.611,7.3802,25.306,3646.004
1,523.208,79.611,7.3321,25.307,3647.41
1,523.408,79.612,7.2581,25.309,3648.816
1,523.608,79.612,7.3052,25.31,3650.222
1,523.808,79.612,7.3128,25.312,3651.628
1,524.008,79.612,7.2232,25.314,3653.034
1,524.208,79.613,7.1844,25.317,3654.44
1,524.408,79.613,7.1725,25.319,3655.847
1,524.608,79.614,7.1578,25.322,3657.254
1,524.808,79.614,7.0964,25.325,3658.661
1,525.008,79.615,7.0718,25.328,3660.068
1,525.208,79.615,6.9958,25.332,3661.475
1,525.408,79.616,6.9616,25.335,3662.882
1,525.608,79.617,6.9198,25.339,3664.29
1,525.808,79.617,6.908,25.343,3665.698
1,526.008,79.618,6.8311,25.347,3667.106
1,526.208,79.619,6.7555,25.351,3668.514
1,526.408,79.62,6.7102,25.355,3669.923
1,526.608,79.621,6.6745,25.36,3671.331
1,526.808,79.621,6.5994,25.364,3672.74
1,527.008,79.622,6.5793,25.369,3674.15
1,527.208,79.623,6.4917,25.374,3675.559
2,527.408,79.624,6.4387,25.379,3676.969
2,527.608,79.625,6.3817,25.384,3678.379
2,527.808,79.626,6.315,25.389,3679.789
2,528.008,79.627,6.1951,25.395,3681.2
2,528.208,79.628,6.1739,25.401,3682.611
2,528.408,79.63,6.1027,25.407,3684.022
2,528.608,79.631,6.0172,25.413,3685.434
2,528.808,79.632,5.9082,25.42,3686.846
2,529.008,79.634,5.8528,25.427,3688.258
2,529.208,79.635,5.7306,25.435,3689.671
2,529.408,79.637,5.6376,25.442,3691.085
2,529.608,79.638,5.5089,25.451,3692.498
2,529.808,79.64,5.4616,25.459,3693.912
2,530.008,79.642,5.3288,25.468,3695.327
2,530.208,79.644,5.2135,25.477,3696.742
2,530.408,79.646,5.1182,25.487,3698.158
2,530.608,79.648,5.003,25.497,3699.574
2,530.808,79.65,4.8435,25.508,3700.991
2,531.008,79.652,4.7211,25.519,3702.408
2,531.208,79.655,4.5436,25.53,3703.826
2,531.408,79.657,4.4302,25.542,3705.245
2,531.608,79.66,4.2647,25.553,3706.664
2,531.808,79.662,4.1634,25.565,3708.084
2,532.008,79.665,3.9978,25.577,3709.505
2,532.208,79.667,3.8593,25.589,3710.926
2,532.408,79.67,3.6481,25.601,3712.348
2,532.608,79.672,3.5357,25.613,3713.771
2,532.808,79.675,3.3997,25.625,3715.194
2,533.008,79.677,3.2047,25.637,3716.618
2,533.208,79.68,3.0629,25.649,3718.043
2,533.408,79.682,2.8944,25.66,3719.468
2,533.608,79.685,2.7942,25.672,3720.894
2,533.808,79.687,2.6856,25.683,3722.32
2,534.008,79.69,2.5094,25.694,3723.747
2,534.208,79.692,2.3493,25.705,3725.175
2,534.408,79.694,2.2865,25.715,3726.603
2,534.608,79.696,2.1121,25.725,3728.032
2,534.808,79.699,1.9838,25.735,3729.462
2,535.008,79.701,1.8598,25.744,3730.892
2,535.208,79.702,1.732,25.752,3732.322
2,535.408,79.704,1.6305,25.761,3733.753
2,535.608,79.706,1.5397,25.768,3735.184
2,535.808,79.707,1.4185,25.775,3736.616
2,536.008,79.709,1.3677,25.781,3738.048
2,536.208,79.71,1.3585,25.787,3739.481
2,536.408,79.711,1.2765,25.792,3740.914
2,536.608,79.713,1.1388,25.799,3742.347
2,536.808,79.714,1.0586,25.808,3743.78
2,537.008,79.716,0.9046,25.819,3745.214
2,537.208,79.719,0.769,25.831,3746.649
2,537.408,79.722,0.6714,25.844,3748.084
2,537.608,79.724,0.487,25.857,3749.52
2,537.808,79.732,0.0,25.871,3750.957
2,538.008,79.733,0.0,25.884,3752.395
2,538.208,79.732,0.0,25.897,3753.833
2,538.408,79.732,0.0,25.91,3755.272
2,538.608,79.732,0.0,25.922,3756.712
2,538.808,79.732,0.0,25.932,3758.153
2,539.008,79.732,0.0,25.942,3759.594
2,539.208,79.733,0.0,25.949,3761.035
2,539.408,79.732,0.0,25.954,3762.477
2,539.608,79.732,0.0,25.958,3763.919
2,539.808,79.733,0.0,25.958,3765.361
2,540.008,79.733,0.0,25.956,3766.803
2,540.208,79.733,0.0,25.95,3768.245
2,540.408,79.732,0.0,25.94,3769.686
2,540.608,79.733,0.0,25.927,3771.127
2,540.808,79.732,0.0,25.909,3772.567
2,541.008,79.732,0.0,25.886,3774.006
2,541.208,79.733,0.0,25.858,3775.443
2,541.408,79.722,0.6099,25.825,3776.879
2,541.608,79.714,1.1007,25.787,3778.312
2,541.808,79.706,1.4895,25.755,3779.744
2,542.008,79.701,1.8226,25.733,3781.174
2,542.208,79.697,2.0616,25.718,3782.603
2,542.408,79.694,2.2344,25.705,3784.032
2,542.608,79.691,2.3814,25.693,3785.459
2,542.808,79.688,2.5047,25.682,3786.887
2,543.008,79.686,2.6861,25.672,3788.313
2,543.208,79.684,2.807,25.661,3789.739
2,543.408,79.681,2.9124,25.65,3791.164
2,543.608,79.679,3.0553,25.64,3792.589
2,543.808,79.676,3.2025,25.629,3794.013
2,544.008,79.674,3.3526,25.619,3795.437
2,544.208,79.672,3.4637,25.608,3796.86
2,544.408,79.669,3.6349,25.597,3798.282
2,544.608,79.667,3.7431,25.587,3799.704
2,544.808,79.665,3.8286,25.577,3801.125
2,545.008,79.662,3.9866,25.567,3802.546
2,545.208,79.66,4.1371,25.557,3803.966
2,545.408,79.658,4.2528,25.548,3805.385
2,545.608,79.656,4.3166,25.538,3806.804
2,545.808,79.654,4.4484,25.529,3808.223
2,546.008,79.652,4.6318,25.521,3809.641
2,546.208,79.65,4.7247,25.513,3811.059
2,546.408,79.648,4.7792,25.505,3812.476
2,546.608,79.647,4.8677,25.498,3813.893
2,546.808,79.645,4.9755,25.492,3815.309
2,547.008,79.644,5.028,25.486,3816.725
2,547.208,79.642,5.0928,25.481,3818.141
2,547.408,79.641,5.1851,25.477,3819.556
2,547.608,79.64,5.223,25.473,3820.972
2,547.808,79.639,5.2446,25.47,3822.387
2,548.008,79.639,5.2652,25.468,3823.802
2,548.208,79.638,5.3127,25.467,3825.217
2,548.408,79.638,5.3187,25.467,3826.631
2,548.608,79.638,5.325,25.467,3828.046
2,548.808,79.638,5.2644,25.468,3829.461
2,549.008,79.638,5.3105,25.47,3830.876
2,549.208,79.639,5.2525,25.472,3832.291
2,549.408,79.639,5.2308,25.476,3833.706
2,549.608,79.64,5.1573,25.48,3835.122
2,549.808,79.641,5.1109,25.484,3836.537
2,550.008,79.642,5.0527,25.49,3837.953
2,550.208,79.643,4.9565,25.496,3839.37
2,550.408,79.644,4.8887,25.503,3840.786
2,550.608,79.646,4.794,25.51,3842.203
2,550.808,79.647,4.7117,25.518,3843.621
2,551.008,79.649,4.6462,25.526,3845.039
2,551.208,79.651,4.5432,25.535,3846.457
2,551.408,79.653,4.4116,25.544,3847.876
2,551.608,79.655,4.2944,25.553,3849.295
2,551.808,79.657,4.1362,25.563,3850.715
2,552.008,79.659,3.9807,25.573,3852.135
2,552.208,79.661,3.9171,25.583,3853.556
2,552.408,79.663,3.7951,25.593,3854.978
2,552.608,79.665,3.6424,25.604,3856.4
2,552.808,79.667,3.5023,25.614,3857.823
2,553.008,79.67,3.3606,25.625,3859.246
2,553.208,79.672,3.2246,25.636,3860.67
2,553.408,79.674,3.1246,25.646,3862.094
2,553.608,79.677,2.9769,25.657,3863.52
2,553.808,79.679,2.8577,25.668,3864.945
2,554.008,79.681,2.7074,25.678,3866.371
2,554.208,79.683,2.5928,25.689,3867.798
2,554.408,79.686,2.4217,25.699,3869.226
2,554.608,79.688,2.3372,25.709,3870.654
2,554.808,79.69,2.1663,25.719,3872.082
2,555.008,79.692,2.0933,25.729,3873.512
2,555.208,79.694,1.9362,25.739,3874.941
2,555.408,79.696,1.8324,25.749,3876.371
2,555.608,79.698,1.7315,25.759,3877.802
2,555.808,79.701,1.5607,25.768,3879.234
2,556.008,79.703,1.46,25.778,3880.665
2,556.208,79.705,1.3238,25.787,3882.098
2,556.408,79.707,1.2726,25.798,3883.531
2,556.608,79.71,1.0529,25.814,3884.964
2,556.808,79.714,0.8165,25.835,3886.399
2,557.008,79.719,0.4691,25.863,3887.835
2,557.208,79.727,0.0,25.896,3889.273
2,557.408,79.728,0.0,25.935,3890.712
2,557.608,79.727,0.0,25.979,3892.154
2,557.808,79.727,0.0,26.028,3893.599
2,558.008,79.727,0.0,26.083,3895.047
2,558.208,79.727,0.0,26.142,3896.497
2,558.408,79.727,0.0,26.205,3897.951
2,558.608,79.727,0.0,26.272,3899.409
2,558.808,79.727,0.0,26.343,3900.87
2,559.008,79.727,0.0,26.416,3902.336
2,559.208,79.727,0.0,26.491,3903.806
2,559.408,79.727,0.0,26.568,3905.279
2,559.608,79.727,0.0,26.645,3906.758
2,559.808,79.727,0.0,26.722,3908.24
2,560.008,79.728,0.0,26.798,3909.727
2,560.208,79.727,0.0,26.873,3911.218
2,560.408,79.728,0.0,26.944,3912.712
2,560.608,79.727,0.0,27.012,3914.211
2,560.808,79.728,0.0,27.076,3915.714
2,561.008,79.727,0.0,27.135,3917.22
2,561.208,79.727,0.0,27.188,3918.729
2,561.408,79.727,0.0,27.235,3920.24
2,561.608,79.727,0.0,27.276,3921.755
2,561.808,79.727,0.0,27.31,3923.271
2,562.008,79.727,0.0,27.336,3924.789
2,562.208,79.727,0.0,27.355,3926.308
2,562.408,79.727,0.0,27.367,3927.828
2,562.608,79.727,0.0,27.37,3929.349
2,562.808,79.728,0.0,27.365,3930.869
2,563.008,79.727,0.0,27.352,3932.389
2,563.208,79.728,0.0,27.33,3933.908
2,563.408,79.727,0.0,27.3,3935.426
2,563.608,79.727,0.0,27.261,3936.941
2,563.808,79.727,0.0,27.212,3938.455
2,564.008,79.727,0.0,27.153,3939.965
2,564.208,79.728,0.0,27.085,3941.471
2,564.408,79.727,0.0,27.007,3942.974
2,564.608,79.727,0.0,26.917,3944.472
2,564.808,79.727,0.0,26.817,3945.965
2,565.008,79.727,0.0,26.705,3947.451
2,565.208,79.727,0.0,26.582,3948.932
2,565.408,79.727,0.0,26.447,3950.405
2,565.608,79.727,0.0,26.299,3951.87
2,565.808,79.728,0.0,26.14,3953.327
2,566.008,79.727,0.0,25.968,3954.774
2,566.208,79.717,0.5972,25.784,3956.212
2,566.408,79.686,2.4199,25.64,3957.64
2,566.608,79.663,3.7041,25.557,3959.062
2,566.808,79.648,4.5652,25.504,3960.48
2,567.008,79.639,5.0912,25.468,3961.896
2,567.208,79.632,5.5228,25.439,3963.31
2,567.408,79.626,5.8279,25.415,3964.723
2,567.608,79.621,6.1639,25.393,3966.134
2,567.808,79.616,6.4252,25.373,3967.544
2,568.008,79.611,6.6207,25.353,3968.953
2,568.208,79.607,6.9016,25.334,3970.361
2,568.408,79.603,7.1418,25.315,3971.768
2,568.608,79.599,7.3647,25.297,3973.174
2,568.808,79.595,7.5723,25.279,3974.579
2,569.008,79.591,7.793,25.261,3975.983
2,569.208,79.587,7.9839,25.244,3977.386
2,569.408,79.583,8.2276,25.228,3978.788
2,569.608,79.579,8.4662,25.212,3980.189
2,569.808,79.576,8.6404,25.197,3981.589
2,570.008,79.572,8.8103,25.182,3982.988
2,570.208,79.569,9.0226,25.168,3984.387
2,570.408,79.566,9.188,25.155,3985.785
2,570.608,79.563,9.3078,25.143,3987.182
2,570.808,79.56,9.4692,25.132,3988.579
2,571.008,79.558,9.6242,25.122,3989.975
2,571.208,79.556,9.732,25.113,3991.37
2,571.408,79.554,9.8375,25.105,3992.765
2,571.608,79.552,9.93,25.098,3994.16
2,571.808,79.55,9.9989,25.092,3995.554
2,572.008,79.549,10.1011,25.087,3996.948
2,572.208,79.548,10.1456,25.083,3998.341
2,572.408,79.546,10.1863,25.079,3999.735
2,572.608,79.546,10.2449,25.076,4001.128
2,572.808,79.545,10.2783,25.073,4002.521
2,573.008,79.544,10.3437,25.071,4003.914
2,573.208,79.544,10.3363,25.07,4005.306
2,573.408,79.543,10.3098,25.069,4006.699
2,573.608,79.543,10.3452,25.069,4008.092
2,573.808,79.543,10.3769,25.069,4009.485
2,574.008,79.542,10.3903,25.069,4010.877
2,574.208,79.542,10.373,25.07,4012.27
2,574.408,79.543,10.3498,25.071,4013.663
2,574.608,79.543,10.3316,25.073,4015.056
2,574.808,79.543,10.2896,25.075,4016.449
2,575.008,79.543,10.3011,25.078,4017.842
2,575.208,79.544,10.2436,25.081,4019.235
2,575.408,79.544,10.1837,25.085,4020.629
2,575.608,79.545,10.1692,25.089,4022.022
2,575.808,79.546,10.0832,25.094,4023.416
2,576.008,79.547,9.9937,25.1,4024.811
2,576.208,79.548,9.9363,25.106,4026.205
2,576.408,79.549,9.8689,25.113,4027.6
2,576.608,79.551,9.7399,25.12,4028.996
2,576.808,79.552,9.6628,25.129,4030.391
2,577.008,79.554,9.5568,25.137,4031.788
2,577.208,79.556,9.4203,25.146,4033.184
2,577.408,79.558,9.3183,25.156,4034.582
2,577.608,79.56,9.195,25.166,4035.98
2,577.808,79.562,9.0503,25.176,4037.378
2,578.008,79.564,8.9785,25.186,4038.777
2,578.208,79.566,8.8322,25.197,4040.176
2,578.408,79.568,8.7006,25.209,4041.577
2,578.608,79.571,8.5145,25.22,4042.977
2,578.808,79.573,8.4102,25.232,4044.379
2,579.008,79.576,8.2332,25.245,4045.781
2,579.208,79.578,8.0701,25.257,4047.184
2,579.408,79.581,7.8686,25.27,4048.587
2,579.608,79.584,7.7556,25.284,4049.992
2,579.808,79.586,7.5777,25.297,4051.397
2,580.008,79.589,7.357,25.311,4052.802
2,580.208,79.592,7.2345,25.326,4054.209
2,580.408,79.595,7.0155,25.34,4055.616
2,580.608,79.598,6.8224,25.355,4057.025
2,580.808,79.602,6.6959,25.371,4058.434
2,581.008,79.605,6.403,25.386,4059.844
2,581.208,79.608,6.2131,25.402,4061.254
2,581.408,79.611,6.1021,25.417,4062.666
2,581.608,79.615,5.8941,25.432,4064.078
2,581.808,79.618,5.6776,25.448,4065.492
2,582.008,79.621,5.5116,25.462,4066.906
2,582.208,79.624,5.3056,25.477,4068.321
2,582.408,79.627,5.1355,25.491,4069.737
2,582.608,79.63,4.9725,25.504,4071.153
2,582.808,79.633,4.81,25.517,4072.57
2,583.008,79.635,4.6638,25.529,4073.988
2,583.208,79.638,4.4989,25.54,4075.407
2,583.408,79.64,4.3773,25.55,4076.826
2,583.608,79.642,4.2448,25.559,4078.246
2,583.808,79.644,4.1293,25.568,4079.666
2,584.008,79.646,4.0083,25.576,4081.087
2,584.208,79.647,3.9223,25.583,4082.508
2,584.408,79.649,3.844,25.589,4083.929
2,584.608,79.65,3.7728,25.595,4085.351
2,584.808,79.651,3.6877,25.6,4086.773
2,585.008,79.652,3.6614,25.604,4088.195
2,585.208,79.653,3.5828,25.609,4089.618
2,585.408,79.654,3.5351,25.612,4091.041
2,585.608,79.654,3.4861,25.616,4092.464
2,585.808,79.655,3.4612,25.619,4093.887
2,586.008,79.656,3.4413,25.622,4095.31
2,586.208,79.656,3.3835,25.625,4096.734
2,586.408,79.657,3.3355,25.629,4098.158
2,586.608,79.658,3.32,25.632,4099.581
2,586.808,79.658,3.2991,25.635,4101.006
2,587.008,79.659,3.2322,25.639,4102.43
2,587.208,79.66,3.2033,25.642,4103.854
2,587.408,79.66,3.1006,25.646,4105.279
2,587.608,79.661,3.0534,25.65,4106.704
2,587.808,79.662,3.0316,25.654,4108.129
2,588.008,79.663,2.9305,25.658,4109.554
2,588.208,79.664,2.9248,25.662,4110.98
2,588.408,79.665,2.8713,25.666,4112.406
2,588.608,79.665,2.8515,25.67,4113.832
2,588.808,79.666,2.772,25.673,4115.258
2,589.008,79.667,2.7319,25.676,4116.684
2,589.208,79.667,2.7448,25.678,4118.111
2,589.408,79.667,2.6908,25.68,4119.537
2,589.608,79.668,2.6961,25.68,4120.964
2,589.808,79.668,2.6618,25.68,4122.391
2,590.008,79.667,2.6988,25.679,4123.817
2,590.208,79.667,2.7106,25.676,4125.244
2,590.408,79.666,2.7384,25.673,4126.67
2,590.608,79.665,2.7934,25.668,4128.096
2,590.808,79.664,2.8609,25.662,4129.522
2,591.008,79.663,2.9663,25.655,4130.948
2,591.208,79.661,3.0931,25.647,4132.373
2,591.408,79.659,3.1819,25.638,4133.797
2,591.608,79.657,3.2563,25.628,4135.221
2,591.808,79.654,3.4161,25.617,4136.645
2,592.008,79.652,3.5076,25.605,4138.068
2,592.208,79.649,3.6965,25.593,4139.49
2,592.408,79.646,3.8631,25.58,4140.911
2,592.608,79.643,4.0177,25.567,4142.332
2,592.808,79.641,4.1287,25.555,4143.752
2,593.008,79.638,4.3194,25.542,4145.172
2,593.208,79.635,4.5065,25.53,4146.59
2,593.408,79.632,4.6743,25.519,4148.008
2,593.608,79.63,4.7472,25.508,4149.426
2,593.808,79.628,4.9381,25.499,4150.843
2,594.008,79.625,5.0406,25.49,4152.259
2,594.208,79.624,5.1118,25.482,4153.675
2,594.408,79.622,5.2273,25.475,4155.09
2,594.608,79.62,5.2942,25.47,4156.505
2,594.808,79.619,5.3696,25.465,4157.92
2,595.008,79.618,5.4073,25.462,4159.335
2,595.208,79.618,5.453,25.46,4160.749
2,595.408,79.617,5.4912,25.459,4162.164
2,595.608,79.617,5.4992,25.459,4163.578
2,595.808,79.617,5.4326,25.46,4164.992
2,596.008,79.617,5.4583,25.461,4166.407
2,596.208,79.618,5.4752,25.464,4167.822
2,596.408,79.618,5.3964,25.467,4169.236
2,596.608,79.619,5.3213,25.47,4170.651
2,596.808,79.62,5.2775,25.474,4172.066
2,597.008,79.62,5.2035,25.478,4173.482
2,597.208,79.621,5.1944,25.483,4174.897
2,597.408,79.622,5.1221,25.488,4176.313
2,597.608,79.623,5.0566,25.492,4177.729
2,597.808,79.624,5.0234,25.497,4179.146
2,598.008,79.625,4.9406,25.501,4180.562
2,598.208,79.626,4.8899,25.506,4181.979
2,598.408,79.627,4.8158,25.51,4183.396
2,598.608,79.627,4.7192,25.514,4184.813
2,598.808,79.629,4.6781,25.518,4186.231
2,599.008,79.63,4.6559,25.522,4187.649
2,599.208,79.631,4.5833,25.525,4189.067
2,599.408,79.631,4.5133,25.529,4190.485
2,599.608,79.632,4.4773,25.533,4191.903
2,599.808,79.633,4.3889,25.537,4193.322
2,600.008,79.634,4.3364,25.541,4194.741
2,600.208,79.635,4.2835,25.545,4196.16
2,600.408,79.636,4.2539,25.549,4197.579
2,600.608,79.637,4.1604,25.554,4198.999
2,600.808,79.638,4.0938,25.559,4200.418
2,601.008,79.639,4.0005,25.565,4201.839
2,601.208,79.641,3.9915,25.57,4203.259
2,601.408,79.642,3.8759,25.576,4204.68
2,601.608,79.643,3.8458,25.582,4206.101
2,601.808,79.644,3.7057,25.588,4207.522
2,602.008,79.645,3.6389,25.594,4208.944
2,602.208,79.647,3.5606,25.6,4210.366
2,602.408,79.648,3.4558,25.606,4211.788
2,602.608,79.65,3.4404,25.611,4213.211
2,602.808,79.651,3.3009,25.616,4214.634
2,603.008,79.652,3.2708,25.62,4216.057
2,603.208,79.653,3.2275,25.623,4217.481
2,603.408,79.653,3.1766,25.625,4218.904
2,603.608,79.653,3.1466,25.625,4220.328
2,603.808,79.653,3.1653,25.625,4221.751
2,604.008,79.654,3.1473,25.623,4223.175
2,604.208,79.652,3.2358,25.62,4224.598
2,604.408,79.651,3.2807,25.615,4226.022
2,604.608,79.651,3.305,25.609,4227.444
2,604.808,79.649,3.3638,25.601,4228.867
2,605.008,79.647,3.448,25.591,4230.289
2,605.208,79.646,3.5854,25.58,4231.71
2,605.408,79.643,3.7601,25.568,4233.131
2,605.608,79.64,3.8711,25.554,4234.551
2,605.808,79.637,4.0911,25.539,4235.97
2,606.008,79.635,4.2737,25.522,4237.389
2,606.208,79.631,4.442,25.505,4238.806
2,606.408,79.627,4.6989,25.486,4240.223
2,606.608,79.622,4.9256,25.466,4241.638
2,606.808,79.618,5.1702,25.446,4243.052
2,607.008,79.612,5.5293,25.425,4244.465
2,607.208,79.609,5.7107,25.404,4245.877
2,607.408,79.604,5.9489,25.382,4247.288
2,607.608,79.599,6.2314,25.36,4248.698
2,607.808,79.595,6.4918,25.339,4250.106
2,608.008,79.59,6.7018,25.317,4251.513
2,608.208,79.585,7.0185,25.296,4252.919
2,608.408,79.581,7.2828,25.276,4254.324
2,608.608,79.576,7.5212,25.256,4255.727
2,608.808,79.572,7.7582,25.237,4257.13
2,609.008,79.566,8.0417,25.218,4258.531
2,609.208,79.562,8.2582,25.201,4259.932
2,609.408,79.56,8.4631,25.184,4261.332
2,609.608,79.555,8.7331,25.168,4262.73
2,609.808,79.551,8.8891,25.153,4264.128
2,610.008,79.548,9.026,25.139,4265.525
2,610.208,79.545,9.2012,25.126,4266.921
2,610.408,79.542,9.3697,25.113,4268.317
2,610.608,79.539,9.5851,25.1,4269.712
2,610.808,79.536,9.7789,25.088,4271.106
2,611.008,79.533,9.8882,25.077,4272.499
2,611.208,79.531,9.9933,25.066,4273.892
2,611.408,79.528,10.1852,25.055,4275.284
2,611.608,79.526,10.2685,25.044,4276.676
2,611.808,79.524,10.4311,25.033,4278.067
2,612.008,79.521,10.5878,25.023,4279.457
2,612.208,79.518,10.6912,25.014,4280.847
2,612.408,79.516,10.8501,25.004,4282.237
2,612.608,79.514,10.9976,24.996,4283.626
2,612.808,79.512,11.0304,24.987,4285.014
2,613.008,79.51,11.1633,24.98,4286.402
2,613.208,79.508,11.2226,24.972,4287.79
2,613.408,79.51,11.1372,24.962,4289.177
2,613.608,79.51,11.1591,24.949,4290.563
2,613.808,79.51,11.1327,24.937,4291.949
2,614.008,79.509,11.1038,24.924,4293.334
2,614.208,79.509,11.1021,24.914,4294.718
2,614.408,79.509,11.0889,24.906,4296.102
2,614.608,79.509,11.1429,24.902,4297.485
2,614.808,79.509,11.0731,24.903,4298.869
2,615.008,79.51,10.9863,24.91,4300.253
2,615.208,79.509,11.1233,24.924,4301.637
2,615.408,79.509,11.0994,24.947,4303.022
2,615.608,79.509,11.1116,24.979,4304.409
2,615.808,79.513,10.7998,25.011,4305.798
2,616.008,79.519,10.5307,25.036,4307.188
2,616.208,79.523,10.2495,25.058,4308.579
2,616.408,79.527,10.0552,25.078,4309.972
2,616.608,79.53,9.7421,25.098,4311.366
2,616.808,79.535,9.5246,25.119,4312.761
2,617.008,79.539,9.2669,25.14,4314.157
2,617.208,79.543,9.0549,25.162,4315.554
2,617.408,79.547,8.7513,25.184,4316.953
2,617.608,79.552,8.4791,25.207,4318.352
2,617.808,79.558,8.2053,25.23,4319.753
2,618.008,79.562,7.8831,25.254,4321.156
2,618.208,79.567,7.6187,25.278,4322.559
2,618.408,79.571,7.3201,25.302,4323.964
2,618.608,79.576,7.0744,25.326,4325.371
2,618.808,79.58,6.7747,25.35,4326.778
2,619.008,79.586,6.4971,25.374,4328.187
2,619.208,79.591,6.1641,25.398,4329.598
2,619.408,79.597,5.899,25.421,4331.009
2,619.608,79.601,5.5834,25.444,4332.422
2,619.808,79.606,5.2422,25.466,4333.836
2,620.008,79.611,4.9716,25.487,4335.252
2,620.208,79.615,4.7242,25.507,4336.668
2,620.408,79.62,4.4927,25.526,4338.086
2,620.608,79.624,4.2762,25.544,4339.505
2,620.808,79.627,4.017,25.561,4340.924
2,621.008,79.632,3.803,25.576,4342.345
2,621.208,79.635,3.6416,25.591,4343.766
2,621.408,79.637,3.4969,25.604,4345.188
2,621.608,79.64,3.2334,25.616,4346.611
2,621.808,79.643,3.1075,25.627,4348.034
2,622.008,79.646,2.9017,25.637,4349.458
2,622.208,79.648,2.8043,25.647,4350.883
2,622.408,79.651,2.6622,25.655,4352.308
2,622.608,79.652,2.5147,25.663,4353.733
2,622.808,79.655,2.4399,25.671,4355.159
2,623.008,79.656,2.3372,25.678,4356.586
2,623.208,79.657,2.269,25.684,4358.012
2,623.408,79.659,2.152,25.69,4359.439
2,623.608,79.66,2.0879,25.696,4360.867
2,623.808,79.661,2.0443,25.701,4362.295
2,624.008,79.662,1.9478,25.706,4363.722
2,624.208,79.664,1.8763,25.71,4365.151
2,624.408,79.665,1.823,25.714,4366.579
2,624.608,79.666,1.7818,25.717,4368.008
2,624.808,79.666,1.7918,25.719,4369.437
2,625.008,79.665,1.7844,25.72,4370.865
2,625.208,79.665,1.8002,25.72,4372.294
2,625.408,79.665,1.7806,25.719,4373.723
2,625.608,79.665,1.8204,25.717,4375.152
2,625.808,79.664,1.8728,25.715,4376.581
2,626.008,79.664,1.8915,25.711,4378.009
2,626.208,79.663,1.902,25.706,4379.437
2,626.408,79.661,2.0705,25.7,4380.865
2,626.608,79.659,2.1304,25.693,4382.293
2,626.808,79.657,2.2497,25.685,4383.72
2,627.008,79.656,2.3631,25.676,4385.147
2,627.208,79.653,2.4837,25.666,4386.573
2,627.408,79.65,2.6514,25.656,4387.998
2,627.608,79.648,2.8169,25.645,4389.423
2,627.808,79.645,2.8929,25.634,4390.848
2,628.008,79.642,3.0669,25.622,4392.272
2,628.208,79.64,3.252,25.609,4393.695
2,628.408,79.637,3.3773,25.597,4395.117
2,628.608,79.634,3.5378,25.584,4396.539
2,628.808,79.632,3.695,25.571,4397.96
2,629.008,79.629,3.8469,25.558,4399.38
2,629.208,79.626,4.0211,25.545,4400.8
2,629.408,79.623,4.1318,25.532,4402.218
2,629.608,79.62,4.3301,25.518,4403.636
2,629.808,79.617,4.4991,25.505,4405.054
2,630.008,79.613,4.6811,25.491,4406.47
2,630.208,79.611,4.8518,25.478,4407.886
2,630.408,79.608,4.9946,25.464,4409.301
2,630.608,79.604,5.2218,25.451,4410.715
2,630.808,79.601,5.4166,25.437,4412.129
2,631.008,79.599,5.5407,25.423,4413.542
2,631.208,79.596,5.6935,25.41,4414.954
2,631.408,79.593,5.8402,25.396,4416.365
2,631.608,79.59,6.0219,25.382,4417.776
2,631.808,79.586,6.2254,25.369,4419.185
2,632.008,79.583,6.4568,25.355,4420.594
2,632.208,79.58,6.5792,25.341,4422.003
2,632.408,79.576,6.7737,25.328,4423.41
2,632.608,79.574,6.8786,25.314,4424.817
2,632.808,79.571,7.0822,25.301,4426.223
2,633.008,79.568,7.289,25.288,4427.628
2,633.208,79.565,7.4342,25.275,4429.033
2,633.408,79.561,7.6007,25.263,4430.436
2,633.608,79.559,7.7697,25.251,4431.839
2,633.808,79.557,7.9452,25.239,4433.242
2,634.008,79.553,8.0464,25.228,4434.644
2,634.208,79.552,8.1442,25.218,4436.045
2,634.408,79.549,8.291,25.209,4437.446
2,634.608,79.547,8.3739,25.2,4438.846
2,634.808,79.546,8.426,25.192,4440.246
2,635.008,79.544,8.567,25.184,4441.645
2,635.208,79.543,8.6212,25.177,4443.044
2,635.408,79.541,8.725,25.171,4444.443
2,635.608,79.541,8.7104,25.166,4445.841
2,635.808,79.539,8.8104,25.161,4447.239
2,636.008,79.537,8.8892,25.156,4448.637
2,636.208,79.536,8.9719,25.153,4450.034
2,636.408,79.535,9.019,25.149,4451.431
2,636.608,79.534,9.0628,25.146,4452.828
2,636.808,79.533,9.1673,25.144,4454.225
2,637.008,79.532,9.1421,25.142,4455.622
2,637.208,79.531,9.1924,25.14,4457.019
2,637.408,79.531,9.2453,25.138,4458.416
2,637.608,79.53,9.2185,25.137,4459.812
2,637.808,79.53,9.2215,25.136,4461.208
2,638.008,79.53,9.1953,25.135,4462.605
2,638.208,79.53,9.2479,25.134,4464.001
2,638.408,79.529,9.2889,25.134,4465.398
2,638.608,79.529,9.2443,25.133,4466.794
2,638.808,79.528,9.2701,25.134,4468.19
2,639.008,79.528,9.2584,25.134,4469.587
2,639.208,79.528,9.2842,25.134,4470.983
2,639.408,79.528,9.2736,25.135,4472.379
2,639.608,79.528,9.3243,25.136,4473.776
2,639.808,79.528,9.2834,25.137,4475.172
2,640.008,79.527,9.2954,25.139,4476.569
2,640.208,79.528,9.2464,25.141,4477.965
2,640.408,79.528,9.261,25.143,4479.362
2,640.608,79.528,9.208,25.145,4480.759
2,640.808,79.529,9.1195,25.148,4482.156
2,641.008,79.529,9.1089,25.152,4483.553
2,641.208,79.53,9.0974,25.155,4484.951
2,641.408,79.532,9.0457,25.16,4486.348
2,641.608,79.533,8.9174,25.164,4487.746
2,641.808,79.534,8.8259,25.17,4489.144
2,642.008,79.535,8.7649,25.175,4490.543
2,642.208,79.537,8.6214,25.182,4491.942
2,642.408,79.539,8.5461,25.189,4493.341
2,642.608,79.54,8.4785,25.197,4494.74
2,642.808,79.542,8.3268,25.205,4496.141
2,643.008,79.543,8.238,25.214,4497.541
2,643.208,79.545,8.095,25.224,4498.942
2,643.408,79.547,8.0493,25.235,4500.344
2,643.608,79.549,7.8838,25.246,4501.746
2,643.808,79.551,7.7551,25.257,4503.149
2,644.008,79.554,7.6531,25.269,4504.552
2,644.208,79.556,7.4651,25.281,4505.957
2,644.408,79.559,7.2853,25.293,4507.361
2,644.608,79.561,7.1398,25.305,4508.767
2,644.808,79.564,6.972,25.317,4510.173
2,645.008,79.565,6.8744,25.329,4511.58
2,645.208,79.569,6.6986,25.34,4512.987
2,645.408,79.572,6.552,25.351,4514.395
2,645.608,79.573,6.4626,25.361,4515.804
2,645.808,79.576,6.3274,25.37,4517.213
2,646.008,79.577,6.2076,25.378,4518.623
2,646.208,79.577,6.1562,25.386,4520.033
2,646.408,79.579,6.0576,25.392,4521.444
2,646.608,79.581,5.9232,25.398,4522.854
2,646.808,79.582,5.9234,25.403,4524.266
2,647.008,79.582,5.8773,25.407,4525.677
2,647.208,79.584,5.7728,25.41,4527.088
2,647.408,79.583,5.7903,25.413,4528.5
2,647.608,79.584,5.723,25.414,4529.912
2,647.808,79.585,5.6973,25.415,4531.324
2,648.008,79.585,5.7121,25.416,4532.736
2,648.208,79.585,5.6786,25.416,4534.148
2,648.408,79.586,5.6018,25.416,4535.56
2,648.608,79.585,5.6509,25.416,4536.972
2,648.808,79.585,5.6865,25.416,4538.384
2,649.008,79.584,5.6343,25.415,4539.796
2,649.208,79.584,5.676,25.414,4541.208
2,649.408,79.583,5.7792,25.414,4542.62
2,649.608,79.583,5.6663,25.413,4544.032
2,649.808,79.584,5.7165,25.411,4545.444
2,650.008,79.582,5.7757,25.41,4546.855
2,650.208,79.582,5.8167,25.409,4548.267
2,650.408,79.582,5.8266,25.407,4549.678
2,650.608,79.581,5.8161,25.406,4551.09
2,650.808,79.58,5.8528,25.404,4552.501
2,651.008,79.579,5.8933,25.403,4553.913
2,651.208,79.58,5.8813,25.401,4555.324
2,651.408,79.579,5.9515,25.399,4556.735
2,651.608,79.579,5.9209,25.397,4558.146
2,651.808,79.577,6.0127,25.394,4559.557
2,652.008,79.577,6.0144,25.392,4560.967
2,652.208,79.577,6.0111,25.39,4562.378
2,652.408,79.577,6.0065,25.387,4563.789
2,652.608,79.578,5.9874,25.385,4565.199
2,652.808,79.577,6.0137,25.383,4566.609
2,653.008,79.576,6.0428,25.38,4568.019
2,653.208,79.576,6.0558,25.377,4569.429
2,653.408,79.575,6.1458,25.375,4570.839
2,653.608,79.574,6.1591,25.372,4572.249
2,653.808,79.573,6.2749,25.37,4573.658
2,654.008,79.573,6.2091,25.367,4575.067
2,654.208,79.572,6.2672,25.364,4576.477
2,654.408,79.57,6.3345,25.362,4577.886
2,654.608,79.57,6.3635,25.359,4579.295
2,654.808,79.569,6.4623,25.356,4580.703
2,655.008,79.568,6.4786,25.354,4582.112
2,655.208,79.568,6.4672,25.351,4583.52
2,655.408,79.566,6.5327,25.348,4584.929
2,655.608,79.565,6.5704,25.346,4586.337
2,655.808,79.565,6.6285,25.344,4587.745
2,656.008,79.565,6.645,25.342,4589.153
2,656.208,79.564,6.63,25.34,4590.561
2,656.408,79.564,6.6283,25.339,4591.968
2,656.608,79.564,6.6988,25.338,4593.376
2,656.808,79.563,6.6639,25.337,4594.784
2,657.008,79.563,6.6219,25.337,4596.191
2,657.208,79.563,6.6566,25.337,4597.599
2,657.408,79.563,6.6245,25.338,4599.007
2,657.608,79.563,6.6401,25.339,4600.414
2,657.808,79.563,6.6352,25.341,4601.822
2,658.008,79.565,6.5274,25.343,4603.23
2,658.208,79.564,6.5719,25.346,4604.638
2,658.408,79.565,6.5538,25.349,4606.046
2,658.608,79.565,6.4831,25.352,4607.455
2,658.808,79.566,6.4829,25.355,4608.863
2,659.008,79.566,6.4376,25.359,4610.272
2,659.208,79.567,6.3323,25.362,4611.681
2,659.408,79.568,6.3069,25.366,4613.09
2,659.608,79.568,6.2701,25.37,4614.499
2,659.808,79.569,6.2105,25.374,4615.909
2,660.008,79.571,6.1485,25.379,4617.319
2,660.208,79.572,6.0266,25.383,4618.729
2,660.408,79.572,6.0642,25.387,4620.139
2,660.608,79.573,6.0021,25.392,4621.549
2,660.808,79.574,5.9252,25.396,4622.96
2,661.008,79.576,5.8197,25.401,4624.371
2,661.208,79.577,5.7827,25.406,4625.783
2,661.408,79.578,5.6346,25.411,4627.194
2,661.608,79.578,5.6585,25.417,4628.606
2,661.808,79.579,5.5254,25.423,4630.018
2,662.008,79.582,5.48,25.428,4631.431
2,662.208,79.582,5.4623,25.435,4632.844
2,662.408,79.583,5.3887,25.441,4634.257
2,662.608,79.584,5.3236,25.447,4635.67
2,662.808,79.586,5.2058,25.454,4637.084
2,663.008,79.587,5.1197,25.46,4638.499
2,663.208,79.588,5.0356,25.467,4639.913
2,663.408,79.591,4.9315,25.473,4641.328
2,663.608,79.592,4.8464,25.48,4642.744
2,663.808,79.592,4.809,25.486,4644.159
2,664.008,79.593,4.7359,25.491,4645.575
2,664.208,79.594,4.6653,25.496,4646.992
2,664.408,79.596,4.6002,25.501,4648.408
2,664.608,79.597,4.509,25.505,4649.825
2,664.808,79.597,4.5176,25.508,4651.242
2,665.008,79.598,4.4031,25.51,4652.659
2,665.208,79.599,4.3584,25.512,4654.077
2,665.408,79.599,4.3466,25.512,4655.494
2,665.608,79.599,4.3803,25.512,4656.911
2,665.808,79.6,4.3599,25.511,4658.329
2,666.008,79.599,4.3243,25.51,4659.746
2,666.208,79.599,4.3894,25.507,4661.163
2,666.408,79.598,4.4119,25.504,4662.58
2,666.608,79.596,4.4993,25.5,4663.997
2,666.808,79.595,4.567,25.495,4665.413
2,667.008,79.594,4.6492,25.49,4666.83
2,667.208,79.592,4.7168,25.484,4668.245
2,667.408,79.591,4.8002,25.478,4669.661
2,667.608,79.59,4.844,25.471,4671.076
2,667.808,79.588,4.9525,25.464,4672.491
2,668.008,79.587,4.9987,25.456,4673.906
2,668.208,79.584,5.152,25.449,4675.32
2,668.408,79.583,5.2749,25.441,4676.733
2,668.608,79.581,5.3481,25.433,4678.146
2,668.808,79.578,5.5805,25.425,4679.559
2,669.008,79.576,5.6298,25.417,4680.971
2,669.208,79.574,5.7513,25.409,4682.383
2,669.408,79.571,5.8685,25.401,4683.795
2,669.608,79.569,6.0333,25.392,4685.206
2,669.808,79.568,6.0858,25.384,4686.616
2,670.008,79.566,6.1562,25.375,4688.026
2,670.208,79.564,6.2109,25.366,4689.435
2,670.408,79.563,6.3614,25.358,4690.844
2,670.608,79.561,6.4321,25.35,4692.253
2,670.808,79.56,6.5535,25.343,4693.661
2,671.008,79.557,6.6291,25.336,4695.069
2,671.208,79.555,6.7059,25.329,4696.476
2,671.408,79.554,6.8303,25.322,4697.883
2,671.608,79.552,6.9126,25.316,4699.29
2,671.808,79.551,6.9781,25.31,4700.696
2,672.008,79.55,7.0438,25.304,4702.102
2,672.208,79.549,7.064,25.299,4703.508
2,672.408,79.549,7.0639,25.293,4704.913
2,672.608,79.546,7.199,25.288,4706.318
2,672.808,79.545,7.262,25.282,4707.723
2,673.008,79.544,7.3546,25.277,4709.127
2,673.208,79.542,7.4637,25.271,4710.531
2,673.408,79.54,7.5494,25.266,4711.935
2,673.608,79.539,7.6054,25.26,4713.339
2,673.808,79.537,7.6915,25.254,4714.742
2,674.008,79.536,7.767,25.248,4716.145
2,674.208,79.534,7.8778,25.242,4717.547
2,674.408,79.533,7.9526,25.236,4718.949
2,674.608,79.53,8.1054,25.23,4720.351
2,674.808,79.529,8.1123,25.223,4721.752
2,675.008,79.527,8.2202,25.217,4723.154
2,675.208,79.526,8.3038,25.212,4724.554
2,675.408,79.524,8.4172,25.206,4725.955
2,675.608,79.523,8.4669,25.201,4727.355
2,675.808,79.521,8.5777,25.196,4728.755
2,676.008,79.52,8.6257,25.192,4730.155
2,676.208,79.519,8.7454,25.188,4731.554
2,676.408,79.518,8.7557,25.185,4732.953
2,676.608,79.517,8.7911,25.183,4734.353
2,676.808,79.516,8.7922,25.181,4735.752
2,677.008,79.517,8.7739,25.179,4737.15
2,677.208,79.517,8.7973,25.179,4738.549
2,677.408,79.516,8.79,25.178,4739.948
2,677.608,79.516,8.8186,25.179,4741.347
2,677.808,79.516,8.7948,25.18,4742.746
2,678.008,79.517,8.6761,25.181,4744.145
2,678.208,79.517,8.6636,25.183,4745.544
2,678.408,79.518,8.6582,25.185,4746.943
2,678.608,79.518,8.5967,25.187,4748.342
2,678.808,79.518,8.5852,25.189,4749.741
2,679.008,79.519,8.5435,25.191,4751.141
2,679.208,79.519,8.4871,25.193,4752.54
2,679.408,79.519,8.5065,25.195,4753.94
2,679.608,79.519,8.4826,25.197,4755.34
2,679.808,79.521,8.454,25.198,4756.74
2,680.008,79.521,8.4161,25.199,4758.14
2,680.208,79.521,8.4376,25.2,4759.54
2,680.408,79.52,8.4616,25.2,4760.94
2,680.608,79.519,8.4689,25.2,4762.34
2,680.808,79.519,8.451,25.199,4763.74
2,681.008,79.519,8.4473,25.198,4765.139
2,681.208,79.519,8.4533,25.197,4766.539
2,681.408,79.519,8.4651,25.196,4767.939
2,681.608,79.519,8.5036,25.195,4769.339
2,681.808,79.518,8.4857,25.193,4770.739
2,682.008,79.518,8.4923,25.192,4772.138
2,682.208,79.517,8.4904,25.191,4773.538
2,682.408,79.517,8.5485,25.19,4774.937
2,682.608,79.517,8.5412,25.19,4776.337
2,682.808,79.516,8.5657,25.19,4777.736
2,683.008,79.516,8.5901,25.191,4779.135
2,683.208,79.517,8.5641,25.192,4780.535
2,683.408,79.517,8.4611,25.194,4781.935
2,683.608,79.517,8.4738,25.197,4783.334
2,683.808,79.518,8.4265,25.201,4784.734
2,684.008,79.519,8.3306,25.205,4786.135
2,684.208,79.52,8.2648,25.21,4787.535
2,684.408,79.52,8.2713,25.215,4788.936
2,684.608,79.521,8.2016,25.221,4790.337
2,684.808,79.522,8.1172,25.227,4791.738
2,685.008,79.523,8.0373,25.232,4793.14
2,685.208,79.524,7.9626,25.238,4794.542
2,685.408,79.525,7.9233,25.243,4795.944
2,685.608,79.526,7.9257,25.248,4797.346
2,685.808,79.527,7.7816,25.253,4798.749
2,686.008,79.527,7.7799,25.256,4800.152
2,686.208,79.528,7.7972,25.26,4801.555
2,686.408,79.528,7.7751,25.262,4802.959
2,686.608,79.528,7.7687,25.264,4804.362
2,686.808,79.528,7.7754,25.265,4805.766
2,687.008,79.528,7.7279,25.266,4807.17
2,687.208,79.527,7.7637,25.265,4808.573
2,687.408,79.526,7.7862,25.264,4809.977
2,687.608,79.526,7.8157,25.261,4811.38
2,687.808,79.525,7.7992,25.259,4812.784
2,688.008,79.524,7.8631,25.255,4814.187
2,688.208,79.524,7.9112,25.251,4815.59
2,688.408,79.523,7.9669,25.246,4816.992
2,688.608,79.522,7.9816,25.241,4818.395
2,688.808,79.521,8.0925,25.236,4819.797
2,689.008,79.519,8.171,25.23,4821.199
2,689.208,79.518,8.1982,25.224,4822.6
2,689.408,79.516,8.3236,25.219,4824.001
2,689.608,79.515,8.3348,25.213,4825.402
2,689.808,79.514,8.4311,25.208,4826.803
2,690.008,79.512,8.4803,25.203,4828.203
2,690.208,79.511,8.5315,25.198,4829.603
2,690.408,79.51,8.5911,25.195,4831.003
2,690.608,79.51,8.6071,25.192,4832.403
2,690.808,79.51,8.6517,25.19,4833.802
2,691.008,79.509,8.6753,25.188,4835.202
2,691.208,79.509,8.6683,25.188,4836.601
2,691.408,79.509,8.6741,25.188,4838.0
2,691.608,79.509,8.6489,25.19,4839.4
2,691.808,79.509,8.6155,25.192,4840.799
2,692.008,79.509,8.5716,25.195,4842.199
2,692.208,79.51,8.5301,25.198,4843.598
2,692.408,79.51,8.4825,25.202,4844.998
2,692.608,79.511,8.455,25.206,4846.399
2,692.808,79.511,8.4628,25.211,4847.799
2,693.008,79.512,8.3959,25.216,4849.2
2,693.208,79.513,8.3708,25.22,4850.601
2,693.408,79.515,8.2604,25.225,4852.002
2,693.608,79.516,8.1483,25.229,4853.404
2,693.808,79.517,8.1261,25.233,4854.805
2,694.008,79.518,8.0053,25.236,4856.207
2,694.208,79.518,7.9866,25.239,4857.609
2,694.408,79.519,7.953,25.241,4859.012
2,694.608,79.519,7.9338,25.243,4860.414
2,694.808,79.519,7.9235,25.244,4861.816
2,695.008,79.52,7.8823,25.245,4863.219
2,695.208,79.52,7.8894,25.245,4864.621
2,695.408,79.519,7.9072,25.244,4866.024
2,695.608,79.519,7.9052,25.244,4867.426
2,695.808,79.518,8.023,25.242,4868.829
2,696.008,79.518,7.9294,25.241,4870.231
2,696.208,79.517,7.9441,25.24,4871.633
2,696.408,79.517,7.9525,25.238,4873.035
2,696.608,79.517,7.9406,25.237,4874.438
2,696.808,79.517,7.9565,25.236,4875.84
2,697.008,79.517,7.9588,25.235,4877.242
2,697.208,79.516,7.9944,25.235,4878.643
2,697.408,79.515,8.0229,25.235,4880.045
2,697.608,79.515,7.9857,25.235,4881.447
2,697.808,79.515,8.0093,25.236,4882.849
2,698.008,79.516,7.9699,25.237,4884.251
2,698.208,79.515,7.9936,25.238,4885.653
2,698.408,79.516,8.0156,25.24,4887.056
2,698.608,79.516,7.9787,25.243,4888.458
2,698.808,79.516,7.8964,25.246,4889.86
2,699.008,79.518,7.8581,25.249,4891.263
2,699.208,79.519,7.8172,25.253,4892.666
2,699.408,79.519,7.7541,25.257,4894.069
2,699.608,79.519,7.7055,25.261,4895.472
2,699.808,79.521,7.6109,25.266,4896.876
2,700.008,79.521,7.5904,25.271,4898.279
2,700.208,79.523,7.5024,25.276,4899.684
2,700.408,79.524,7.4436,25.28,4901.088
2,700.608,79.525,7.3826,25.285,4902.492
2,700.808,79.525,7.302,25.29,4903.897
2,701.008,79.526,7.2815,25.295,4905.302
2,701.208,79.527,7.2221,25.3,4906.708
2,701.408,79.528,7.144,25.305,4908.114
2,701.608,79.528,7.1607,25.309,4909.52
2,701.808,79.529,7.0684,25.313,4910.926
2,702.008,79.531,7.0475,25.317,4912.332
2,702.208,79.53,7.012,25.32,4913.739
2,702.408,79.531,6.9971,25.323,4915.145
2,702.608,79.531,6.9959,25.326,4916.552
2,702.808,79.532,6.9529,25.328,4917.959
2,703.008,79.533,6.8374,25.33,4919.366
2,703.208,79.532,6.7924,25.331,4920.774
2,703.408,79.533,6.7431,25.332,4922.181
2,703.608,79.534,6.7004,25.332,4923.588
2,703.808,79.534,6.7406,25.332,4924.996
2,704.008,79.535,6.6886,25.332,4926.403
2,704.208,79.535,6.6776,25.331,4927.81
2,704.408,79.534,6.689,25.331,4929.218
2,704.608,79.534,6.7084,25.33,4930.625
2,704.808,79.534,6.7571,25.329,4932.032
2,705.008,79.532,6.7627,25.328,4933.439
2,705.208,79.532,6.8051,25.327,4934.846
2,705.408,79.531,6.8405,25.326,4936.253
2,705.608,79.53,6.8969,25.325,4937.66
2,705.808,79.53,6.8572,25.324,4939.067
2,706.008,79.531,6.8976,25.323,4940.474
2,706.208,79.531,6.8502,25.323,4941.881
2,706.408,79.53,6.9046,25.322,4943.288
2,706.608,79.53,6.9259,25.322,4944.694
2,706.808,79.529,6.9324,25.321,4946.101
2,707.008,79.529,6.8917,25.321,4947.508
2,707.208,79.528,6.9314,25.321,4948.915
2,707.408,79.528,6.9281,25.32,4950.321
2,707.608,79.528,6.9377,25.32,4951.728
2,707.808,79.527,7.0163,25.319,4953.135
2,708.008,79.526,7.0523,25.318,4954.541
2,708.208,79.526,7.0419,25.318,4955.948
2,708.408,79.527,6.9978,25.317,4957.354
2,708.608,79.526,7.0053,25.316,4958.761
2,708.808,79.527,7.0174,25.314,4960.167
2,709.008,79.527,7.0023,25.313,4961.573
2,709.208,79.526,7.0078,25.311,4962.98
2,709.408,79.526,7.0486,25.309,4964.386
2,709.608,79.525,7.0602,25.307,4965.792
2,709.808,79.524,7.0736,25.305,4967.198
2,710.008,79.525,7.0291,25.303,4968.603
2,710.208,79.524,7.0586,25.301,4970.009
2,710.408,79.524,7.12,25.298,4971.415
2,710.608,79.523,7.1464,25.296,4972.82
2,710.808,79.522,7.1452,25.293,4974.225
2,711.008,79.522,7.1988,25.291,4975.63
2,711.208,79.521,7.2306,25.288,4977.035
2,711.408,79.519,7.3027,25.285,4978.44
2,711.608,79.519,7.3035,25.282,4979.845
2,711.808,79.519,7.3671,25.28,4981.249
2,712.008,79.518,7.4489,25.277,4982.654
2,712.208,79.517,7.4277,25.274,4984.058
2,712.408,79.516,7.4821,25.271,4985.462
2,712.608,79.515,7.4958,25.268,4986.866
2,712.808,79.515,7.5702,25.264,4988.269
2,713.008,79.513,7.5989,25.261,4989.673
2,713.208,79.512,7.7253,25.258,4991.076
2,713.408,79.511,7.7312,25.255,4992.479
2,713.608,79.51,7.7766,25.252,4993.882
2,713.808,79.509,7.8507,25.249,4995.285
2,714.008,79.508,7.9226,25.246,4996.688
2,714.208,79.508,7.9186,25.243,4998.09
2,714.408,79.507,7.9231,25.24,4999.492
2,714.608,79.507,7.9138,25.237,5000.895
2,714.808,79.505,8.0103,25.234,5002.297
2,715.008,79.504,8.0983,25.232,5003.698
2,715.208,79.503,8.1293,25.229,5005.1
2,715.408,79.502,8.141,25.227,5006.502
2,715.608,79.503,8.1451,25.225,5007.903
2,715.808,79.502,8.1317,25.223,5009.304
2,716.008,79.501,8.2085,25.221,5010.706
2,716.208,79.5,8.1983,25.22,5012.107
2,716.408,79.5,8.2314,25.219,5013.508
2,716.608,79.5,8.2639,25.218,5014.909
2,716.808,79.5,8.2363,25.217,5016.31
2,717.008,79.5,8.2497,25.217,5017.711
2,717.208,79.5,8.2187,25.217,5019.112
2,717.408,79.498,8.3001,25.218,5020.513
2,717.608,79.498,8.2399,25.219,5021.914
2,717.808,79.5,8.2566,25.22,5023.315
2,718.008,79.5,8.1987,25.222,5024.716
2,718.208,79.5,8.1593,25.224,5026.117
2,718.408,79.499,8.169,25.227,5027.519
2,718.608,79.501,8.1426,25.23,5028.92
2,718.808,79.501,8.128,25.233,5030.322
2,719.008,79.502,8.0001,25.238,5031.724
2,719.208,79.503,7.9566,25.242,5033.126
2,719.408,79.503,7.9738,25.247,5034.529
2,719.608,79.505,7.8248,25.253,5035.931
2,719.808,79.506,7.7533,25.259,5037.334
2,720.008,79.507,7.6638,25.265,5038.738
2,720.208,79.509,7.6294,25.272,5040.142
2,720.408,79.51,7.5302,25.279,5041.546
2,720.608,79.511,7.4011,25.286,5042.951
2,720.808,79.513,7.3039,25.294,5044.356
2,721.008,79.514,7.2957,25.302,5045.761
2,721.208,79.515,7.1661,25.309,5047.167
2,721.408,79.517,7.0667,25.317,5048.573
2,721.608,79.518,7.0046,25.324,5049.98
2,721.808,79.521,6.893,25.332,5051.387
2,722.008,79.522,6.7312,25.339,5052.794
2,722.208,79.524,6.6484,25.346,5054.202
2,722.408,79.526,6.5443,25.353,5055.611
2,722.608,79.528,6.4293,25.359,5057.019
2,722.808,79.528,6.3791,25.365,5058.428
2,723.008,79.531,6.3377,25.371,5059.838
2,723.208,79.532,6.2046,25.376,5061.247
2,723.408,79.533,6.1598,25.381,5062.657
2,723.608,79.533,6.1266,25.385,5064.067
2,723.808,79.534,6.0165,25.389,5065.478
2,724.008,79.534,5.9666,25.393,5066.888
2,724.208,79.535,5.9853,25.397,5068.299
2,724.408,79.535,5.9304,25.4,5069.71
2,724.608,79.535,5.9196,25.403,5071.122
2,724.808,79.537,5.8542,25.407,5072.533
2,725.008,79.537,5.8362,25.41,5073.945
2,725.208,79.538,5.8178,25.413,5075.356
2,725.408,79.538,5.7606,25.416,5076.768
2,725.608,79.539,5.7154,25.42,5078.18
2,725.808,79.54,5.6379,25.423,5079.593
2,726.008,79.54,5.6289,25.427,5081.005
2,726.208,79.541,5.5307,25.431,5082.418
2,726.408,79.542,5.5101,25.436,5083.831
2,726.608,79.543,5.4209,25.441,5085.244
2,726.808,79.543,5.416,25.446,5086.657
2,727.008,79.545,5.3327,25.451,5088.071
2,727.208,79.545,5.2513,25.457,5089.485
2,727.408,79.546,5.1992,25.464,5090.9
2,727.608,79.548,5.1662,25.47,5092.315
2,727.808,79.548,5.1102,25.477,5093.73
2,728.008,79.55,5.0633,25.484,5095.146
2,728.208,79.551,4.9187,25.492,5096.562
2,728.408,79.553,4.844,25.499,5097.978
2,728.608,79.554,4.7278,25.507,5099.395
2,728.808,79.556,4.6663,25.514,5100.812
2,729.008,79.558,4.489,25.521,5102.23
2,729.208,79.56,4.3952,25.528,5103.648
2,729.408,79.561,4.2971,25.535,5105.066
2,729.608,79.562,4.2176,25.542,5106.485
2,729.808,79.564,4.1554,25.548,5107.904
2,730.008,79.565,4.1151,25.554,5109.324
2,730.208,79.566,3.9623,25.559,5110.743
2,730.408,79.567,3.94,25.564,5112.164
2,730.608,79.568,3.8694,25.569,5113.584
2,730.808,79.568,3.8843,25.573,5115.005
2,731.008,79.569,3.7728,25.577,5116.425
2,731.208,79.569,3.8413,25.58,5117.846
2,731.408,79.569,3.8564,25.583,5119.268
2,731.608,79.57,3.8225,25.586,5120.689
2,731.808,79.57,3.75,25.588,5122.11
2,732.008,79.57,3.7268,25.59,5123.532
2,732.208,79.571,3.7594,25.592,5124.954
2,732.408,79.571,3.6447,25.593,5126.376
2,732.608,79.571,3.6572,25.595,5127.797
2,732.808,79.572,3.601,25.596,5129.219
2,733.008,79.572,3.5889,25.598,5130.642
2,733.208,79.571,3.6435,25.599,5132.064
2,733.408,79.571,3.6808,25.601,5133.486
2,733.608,79.573,3.5874,25.602,5134.908
2,733.808,79.573,3.586,25.604,5136.331
2,734.008,79.573,3.5163,25.605,5137.753
2,734.208,79.573,3.4974,25.607,5139.176
2,734.408,79.575,3.4536,25.608,5140.598
2,734.608,79.575,3.4123,25.61,5142.021
2,734.808,79.575,3.4355,25.611,5143.444
2,735.008,79.574,3.4787,25.613,5144.867
2,735.208,79.575,3.4384,25.614,5146.29
2,735.408,79.575,3.3394,25.615,5147.713
2,735.608,79.575,3.3656,25.616,5149.136
2,735.808,79.575,3.3476,25.617,5150.559
2,736.008,79.575,3.3917,25.617,5151.982
2,736.208,79.576,3.3424,25.618,5153.405
2,736.408,79.576,3.3331,25.617,5154.829
2,736.608,79.576,3.2779,25.617,5156.252
2,736.808,79.577,3.27,25.616,5157.675
2,737.008,79.576,3.3032,25.615,5159.098
2,737.208,79.576,3.3242,25.613,5160.521
2,737.408,79.575,3.3587,25.611,5161.944
2,737.608,79.575,3.3427,25.608,5163.366
2,737.808,79.574,3.3965,25.605,5164.789
2,738.008,79.573,3.4538,25.602,5166.211
2,738.208,79.573,3.4712,25.598,5167.634
2,738.408,79.573,3.4992,25.594,5169.056
2,738.608,79.572,3.5538,25.589,5170.477
2,738.808,79.57,3.6503,25.584,5171.899
2,739.008,79.568,3.6724,25.579,5173.32
2,739.208,79.567,3.8216,25.574,5174.741
2,739.408,79.565,3.9383,25.568,5176.162
2,739.608,79.563,4.0162,25.562,5177.582
2,739.808,79.562,4.0567,25.556,5179.002
2,740.008,79.561,4.2026,25.55,5180.421
2,740.208,79.558,4.2596,25.543,5181.841
2,740.408,79.557,4.3923,25.537,5183.26
2,740.608,79.555,4.4862,25.53,5184.678
2,740.808,79.552,4.5682,25.523,5186.096
2,741.008,79.552,4.6291,25.516,5187.514
2,741.208,79.55,4.7047,25.509,5188.931
2,741.408,79.549,4.7965,25.502,5190.348
2,741.608,79.547,4.9244,25.495,5191.765
2,741.808,79.545,5.018,25.487,5193.181
2,742.008,79.544,5.0534,25.479,5194.597
2,742.208,79.542,5.17,25.472,5196.012
2,742.408,79.54,5.2399,25.464,5197.427
2,742.608,79.539,5.3743,25.455,5198.841
2,742.808,79.537,5.5012,25.447,5200.255
2,743.008,79.535,5.5543,25.438,5201.669
2,743.208,79.532,5.6994,25.429,5203.082
2,743.408,79.53,5.9123,25.419,5204.494
2,743.608,79.527,6.0062,25.41,5205.906
2,743.808,79.524,6.0783,25.4,5207.317
2,744.008,79.523,6.2284,25.39,5208.728
2,744.208,79.521,6.3676,25.38,5210.139
2,744.408,79.518,6.508,25.371,5211.548
2,744.608,79.516,6.5497,25.361,5212.958
2,744.808,79.514,6.6862,25.351,5214.366
2,745.008,79.512,6.7858,25.342,5215.774
2,745.208,79.51,6.9633,25.333,5217.182
2,745.408,79.507,7.0618,25.324,5218.589
2,745.608,79.506,7.1311,25.315,5219.996
2,745.808,79.504,7.2735,25.308,5221.402
2,746.008,79.502,7.3571,25.3,5222.808
2,746.208,79.501,7.4768,25.294,5224.213
2,746.408,79.5,7.4969,25.288,5225.618
2,746.608,79.498,7.5371,25.283,5227.023
2,746.808,79.498,7.5756,25.278,5228.427
2,747.008,79.496,7.6942,25.274,5229.832
2,747.208,79.495,7.7211,25.271,5231.236
2,747.408,79.493,7.7896,25.269,5232.64
2,747.608,79.494,7.7374,25.267,5234.043
2,747.808,79.494,7.747,25.266,5235.447
2,748.008,79.493,7.7759,25.265,5236.851
2,748.208,79.494,7.7962,25.264,5238.254
2,748.408,79.492,7.8002,25.264,5239.658
2,748.608,79.492,7.8356,25.264,5241.061
2,748.808,79.492,7.8176,25.264,5242.465
2,749.008,79.491,7.9155,25.264,5243.868
2,749.208,79.491,7.8715,25.264,5245.272
2,749.408,79.491,7.9258,25.264,5246.676
2,749.608,79.491,7.8492,25.264,5248.079
2,749.808,79.491,7.8529,25.263,5249.483
2,750.008,79.491,7.8944,25.262,5250.886
2,750.208,79.49,7.8568,25.261,5252.29
2,750.408,79.49,7.9084,25.259,5253.693
2,750.608,79.489,7.911,25.256,5255.096
2,750.808,79.488,8.0456,25.253,5256.499
2,751.008,79.487,8.1018,25.25,5257.902
2,751.208,79.486,8.0858,25.246,5259.305
2,751.408,79.485,8.1286,25.241,5260.707
2,751.608,79.483,8.1723,25.237,5262.109
2,751.808,79.482,8.2831,25.232,5263.511
2,752.008,79.481,8.3679,25.226,5264.913
2,752.208,79.48,8.4142,25.221,5266.314
2,752.408,79.478,8.5301,25.215,5267.715
2,752.608,79.477,8.5276,25.21,5269.116
2,752.808,79.475,8.6893,25.204,5270.516
2,753.008,79.473,8.8205,25.199,5271.916
2,753.208,79.472,8.8325,25.195,5273.316
2,753.408,79.472,8.8714,25.19,5274.716
2,753.608,79.471,8.872,25.186,5276.115
2,753.808,79.47,8.9365,25.183,5277.514
2,754.008,79.469,8.9623,25.18,5278.913
2,754.208,79.467,9.0285,25.178,5280.312
2,754.408,79.467,9.0275,25.177,5281.711
2,754.608,79.466,9.1249,25.176,5283.11
2,754.808,79.465,9.1496,25.176,5284.508
2,755.008,79.466,9.0944,25.177,5285.907
2,755.208,79.466,9.0625,25.178,5287.306
2,755.408,79.466,9.0413,25.18,5288.705
2,755.608,79.467,9.0221,25.183,5290.103
2,755.808,79.467,9.0025,25.185,5291.503
2,756.008,79.468,9.0213,25.189,5292.902
2,756.208,79.467,8.9537,25.192,5294.301
2,756.408,79.469,8.8691,25.196,5295.701
2,756.608,79.47,8.7806,25.2,5297.101
2,756.808,79.471,8.6922,25.204,5298.501
2,757.008,79.473,8.5945,25.208,5299.901
2,757.208,79.474,8.5753,25.212,5301.302
2,757.408,79.474,8.5435,25.216,5302.703
2,757.608,79.475,8.4868,25.219,5304.104
2,757.808,79.476,8.4368,25.222,5305.505
2,758.008,79.477,8.3783,25.225,5306.906
2,758.208,79.476,8.3452,25.227,5308.308
2,758.408,79.477,8.3074,25.229,5309.709
2,758.608,79.477,8.2949,25.231,5311.111
2,758.808,79.476,8.336,25.232,5312.513
2,759.008,79.476,8.3048,25.232,5313.914
2,759.208,79.476,8.311,25.232,5315.316
2,759.408,79.477,8.2842,25.232,5316.718
2,759.608,79.476,8.3473,25.231,5318.12
2,759.808,79.475,8.3213,25.229,5319.521
2,760.008,79.476,8.3337,25.228,5320.923
2,760.208,79.474,8.4323,25.226,5322.324
2,760.408,79.473,8.4871,25.224,5323.726
2,760.608,79.473,8.4948,25.222,5325.127
2,760.808,79.472,8.4739,25.22,5326.528
2,761.008,79.472,8.4816,25.218,5327.929
2,761.208,79.472,8.4767,25.217,5329.33
2,761.408,79.472,8.4824,25.215,5330.731
2,761.608,79.471,8.4941,25.214,5332.132
2,761.808,79.471,8.5556,25.214,5333.533
2,762.008,79.471,8.6103,25.214,5334.934
2,762.208,79.47,8.6439,25.214,5336.334
2,762.408,79.471,8.5478,25.216,5337.735
2,762.608,79.471,8.4434,25.217,5339.136
2,762.808,79.471,8.5134,25.22,5340.537
2,763.008,79.472,8.4683,25.222,5341.938
2,763.208,79.471,8.4961,25.226,5343.34
2,763.408,79.471,8.4343,25.229,5344.741
2,763.608,79.471,8.4505,25.234,5346.143
2,763.808,79.472,8.3725,25.238,5347.545
2,764.008,79.472,8.3494,25.243,5348.947
2,764.208,79.473,8.295,25.248,5350.35
2,764.408,79.474,8.3025,25.253,5351.752
2,764.608,79.475,8.1478,25.258,5353.156
2,764.808,79.477,8.0771,25.263,5354.559
2,765.008,79.478,8.0871,25.268,5355.963
2,765.208,79.479,7.9676,25.274,5357.366
2,765.408,79.48,7.8813,25.279,5358.771
2,765.608,79.48,7.86,25.284,5360.175
2,765.808,79.481,7.7877,25.289,5361.58
2,766.008,79.482,7.7517,25.295,5362.985
2,766.208,79.483,7.6179,25.3,5364.391
2,766.408,79.483,7.6254,25.306,5365.796
2,766.608,79.485,7.5139,25.312,5367.202
2,766.808,79.487,7.4585,25.319,5368.609
2,767.008,79.488,7.375,25.325,5370.016
2,767.208,79.49,7.2181,25.333,5371.423
2,767.408,79.491,7.1532,25.34,5372.83
2,767.608,79.491,7.1176,25.349,5374.238
2,767.808,79.494,6.9763,25.358,5375.647
2,768.008,79.495,6.8456,25.367,5377.056
2,768.208,79.497,6.7497,25.377,5378.465
2,768.408,79.499,6.6034,25.388,5379.876
2,768.608,79.502,6.4734,25.399,5381.286
2,768.808,79.505,6.3044,25.41,5382.698
2,769.008,79.507,6.1798,25.422,5384.11
2,769.208,79.51,5.9993,25.434,5385.522
2,769.408,79.513,5.8629,25.446,5386.936
2,769.608,79.517,5.6554,25.459,5388.35
2,769.808,79.52,5.4485,25.471,5389.764
2,770.008,79.522,5.2687,25.483,5391.18
2,770.208,79.526,5.0952,25.496,5392.596
2,770.408,79.528,4.9338,25.508,5394.013
2,770.608,79.531,4.7172,25.52,5395.43
2,770.808,79.534,4.6348,25.532,5396.848
2,771.008,79.535,4.5389,25.544,5398.267
2,771.208,79.539,4.3366,25.556,5399.686
2,771.408,79.541,4.1438,25.567,5401.107
2,771.608,79.543,4.0107,25.579,5402.527
2,771.808,79.546,3.8754,25.59,5403.949
2,772.008,79.547,3.7877,25.601,5405.371
2,772.208,79.55,3.6433,25.612,5406.793
2,772.408,79.552,3.4946,25.623,5408.216
2,772.608,79.555,3.2889,25.633,5409.64
2,772.808,79.556,3.2558,25.644,5411.065
2,773.008,79.56,3.0488,25.654,5412.489
2,773.208,79.561,2.9596,25.665,5413.915
2,773.408,79.563,2.8602,25.675,5415.341
2,773.608,79.566,2.6795,25.684,5416.768
2,773.808,79.568,2.5905,25.694,5418.195
2,774.008,79.57,2.4181,25.704,5419.623
2,774.208,79.572,2.3368,25.713,5421.051
2,774.408,79.574,2.1633,25.722,5422.48
2,774.608,79.576,2.1144,25.73,5423.909
2,774.808,79.577,2.0314,25.739,5425.339
2,775.008,79.579,1.9712,25.747,5426.769
2,775.208,79.58,1.8798,25.755,5428.199
2,775.408,79.582,1.7516,25.762,5429.63
2,775.608,79.582,1.7552,25.769,5431.062
2,775.808,79.585,1.5984,25.776,5432.494
2,776.008,79.586,1.483,25.782,5433.926
2,776.208,79.586,1.4429,25.787,5435.358
2,776.408,79.588,1.4212,25.792,5436.791
2,776.608,79.589,1.3266,25.797,5438.224
2,776.808,79.588,1.2845,25.8,5439.657
2,777.008,79.589,1.3079,25.803,5441.091
2,777.208,79.59,1.2862,25.805,5442.524
2,777.408,79.59,1.2484,25.806,5443.958
2,777.608,79.59,1.2199,25.806,5445.392
2,777.808,79.591,1.2239,25.805,5446.825
2,778.008,79.589,1.2715,25.802,5448.259
2,778.208,79.589,1.3614,25.799,5449.692
2,778.408,79.589,1.3327,25.794,5451.125
2,778.608,79.587,1.4311,25.788,5452.558
2,778.808,79.585,1.5507,25.78,5453.99
2,779.008,79.583,1.5962,25.772,5455.422
2,779.208,79.581,1.7307,25.762,5456.854
2,779.408,79.58,1.7973,25.751,5458.285
2,779.608,79.577,1.9779,25.74,5459.715
2,779.808,79.574,2.093,25.727,5461.145
2,780.008,79.571,2.348,25.714,5462.574
2,780.208,79.569,2.4983,25.7,5464.002
2,780.408,79.566,2.6615,25.686,5465.429
2,780.608,79.562,2.7886,25.672,5466.856
2,780.808,79.56,2.9671,25.657,5468.282
2,781.008,79.557,3.1349,25.642,5469.707
2,781.208,79.553,3.2767,25.628,5471.131
2,781.408,79.551,3.4431,25.613,5472.554
2,781.608,79.548,3.5994,25.599,5473.977
2,781.808,79.545,3.8315,25.585,5475.399
2,782.008,79.542,3.9544,25.571,5476.82
2,782.208,79.538,4.1354,25.557,5478.24
2,782.408,79.534,4.3768,25.544,5479.659
2,782.608,79.531,4.5863,25.53,5481.078
2,782.808,79.528,4.7493,25.518,5482.496
2,783.008,79.526,4.8976,25.505,5483.913
2,783.208,79.523,5.0467,25.492,5485.33
2,783.408,79.52,5.224,25.48,5486.746
2,783.608,79.518,5.3898,25.468,5488.161
2,783.808,79.514,5.5623,25.456,5489.575
2,784.008,79.512,5.7092,25.444,5490.989
2,784.208,79.509,5.8772,25.432,5492.403
2,784.408,79.506,5.9727,25.42,5493.815
2,784.608,79.505,6.1138,25.409,5495.227
2,784.808,79.502,6.2144,25.398,5496.638
2,785.008,79.499,6.3535,25.387,5498.049
2,785.208,79.498,6.475,25.376,5499.459
2,785.408,79.496,6.5659,25.366,5500.869
2,785.608,79.493,6.6751,25.356,5502.278
2,785.808,79.49,6.8669,25.347,5503.686
2,786.008,79.488,7.0207,25.338,5505.094
2,786.208,79.486,7.0826,25.329,5506.501
2,786.408,79.485,7.1732,25.321,5507.908
2,786.608,79.483,7.2569,25.313,5509.315
2,786.808,79.481,7.3238,25.306,5510.721
2,787.008,79.48,7.3911,25.3,5512.127
2,787.208,79.479,7.4731,25.294,5513.532
2,787.408,79.477,7.553,25.288,5514.937
2,787.608,79.476,7.6252,25.283,5516.342
2,787.808,79.474,7.7196,25.278,5517.746
2,788.008,79.473,7.7451,25.274,5519.15
2,788.208,79.472,7.7787,25.27,5520.554
2,788.408,79.471,7.8713,25.266,5521.958
2,788.608,79.469,7.9929,25.263,5523.362
2,788.808,79.469,7.9293,25.26,5524.765
2,789.008,79.468,8.055,25.257,5526.168
2,789.208,79.468,8.0764,25.255,5527.572
2,789.408,79.467,8.1001,25.253,5528.975
2,789.608,79.466,8.1368,25.251,5530.377
2,789.808,79.466,8.0731,25.25,5531.78
2,790.008,79.466,8.1498,25.248,5533.183
2,790.208,79.465,8.1246,25.247,5534.586
2,790.408,79.465,8.1335,25.246,5535.988
2,790.608,79.464,8.2183,25.246,5537.391
2,790.808,79.463,8.2494,25.245,5538.793
2,791.008,79.463,8.2088,25.244,5540.196
2,791.208,79.463,8.2436,25.244,5541.598
2,791.408,79.462,8.2232,25.243,5543.001
2,791.608,79.462,8.2653,25.243,5544.403
2,791.808,79.462,8.2796,25.242,5545.805
2,792.008,79.463,8.2123,25.242,5547.208
2,792.208,79.462,8.1826,25.241,5548.61
2,792.408,79.462,8.219,25.24,5550.012
2,792.608,79.462,8.2807,25.239,5551.414
2,792.808,79.459,8.379,25.238,5552.817
2,793.008,79.46,8.3237,25.237,5554.219
2,793.208,79.46,8.2956,25.236,5555.621
2,793.408,79.461,8.2287,25.234,5557.023
2,793.608,79.461,8.3176,25.233,5558.424
2,793.808,79.459,8.3285,25.232,5559.826
2,794.008,79.459,8.3953,25.23,5561.228
2,794.208,79.458,8.3702,25.229,5562.63
2,794.408,79.458,8.4216,25.228,5564.031
2,794.608,79.458,8.4851,25.228,5565.433
2,794.808,79.456,8.4456,25.227,5566.834
2,795.008,79.456,8.4846,25.227,5568.236
2,795.208,79.457,8.4504,25.227,5569.637
2,795.408,79.457,8.4127,25.227,5571.039
2,795.608,79.457,8.3703,25.228,5572.44
2,795.808,79.457,8.4041,25.229,5573.842
2,796.008,79.457,8.4481,25.229,5575.243
2,796.208,79.457,8.4304,25.23,5576.645
2,796.408,79.456,8.4124,25.231,5578.047
2,796.608,79.456,8.4178,25.232,5579.449
2,796.808,79.456,8.3854,25.233,5580.85
2,797.008,79.457,8.339,25.234,5582.252
2,797.208,79.457,8.3285,25.235,5583.654
2,797.408,79.457,8.3626,25.236,5585.056
2,797.608,79.456,8.3994,25.236,5586.458
2,797.808,79.456,8.4247,25.236,5587.86
2,798.008,79.455,8.4382,25.235,5589.262
2,798.208,79.455,8.4189,25.235,5590.664
2,798.408,79.455,8.4637,25.234,5592.066
2,798.608,79.455,8.4285,25.233,5593.468
2,798.808,79.454,8.3701,25.231,5594.87
2,799.008,79.454,8.4256,25.23,5596.271
2,799.208,79.453,8.4866,25.228,5597.673
2,799.408,79.453,8.4703,25.227,5599.075
2,799.608,79.452,8.5451,25.225,5600.476
2,799.808,79.452,8.5891,25.224,5601.877
2,800.008,79.451,8.5652,25.222,5603.279
2,800.208,79.451,8.5375,25.222,5604.68
2,800.408,79.451,8.6077,25.221,5606.081
2,800.608,79.449,8.624,25.221,5607.482
2,800.808,79.449,8.5964,25.221,5608.883
2,801.008,79.449,8.5717,25.222,5610.285
2,801.208,79.45,8.5698,25.223,5611.686
2,801.408,79.449,8.5823,25.225,5613.087
2,801.608,79.451,8.579,25.227,5614.489
2,801.808,79.451,8.5288,25.23,5615.89
2,802.008,79.452,8.5186,25.233,5617.292
2,802.208,79.452,8.4296,25.237,5618.694
2,802.408,79.452,8.3739,25.241,5620.096
2,802.608,79.453,8.3405,25.246,5621.498
2,802.808,79.454,8.2988,25.251,5622.901
2,803.008,79.455,8.2382,25.256,5624.304
2,803.208,79.455,8.2187,25.262,5625.707
2,803.408,79.456,8.1535,25.268,5627.111
2,803.608,79.457,8.0221,25.274,5628.515
2,803.808,79.458,7.9941,25.281,5629.919
2,804.008,79.46,7.9148,25.288,5631.324
2,804.208,79.461,7.8706,25.296,5632.729
2,804.408,79.462,7.7506,25.304,5634.135
2,804.608,79.464,7.6368,25.312,5635.541
2,804.808,79.465,7.5725,25.321,5636.947
2,805.008,79.467,7.3952,25.33,5638.354
2,805.208,79.469,7.2848,25.339,5639.761
2,805.408,79.471,7.2047,25.349,5641.169
2,805.608,79.473,7.0769,25.359,5642.578
2,805.808,79.475,6.9814,25.369,5643.987
2,806.008,79.477,6.8742,25.38,5645.397
2,806.208,79.479,6.7251,25.39,5646.807
2,806.408,79.481,6.6214,25.401,5648.218
2,806.608,79.483,6.465,25.411,5649.629
2,806.808,79.485,6.3729,25.421,5651.041
2,807.008,79.487,6.25,25.431,5652.454
2,807.208,79.489,6.1308,25.441,5653.867
2,807.408,79.491,5.9841,25.451,5655.281
2,807.608,79.493,5.8712,25.46,5656.695
2,807.808,79.495,5.7916,25.469,5658.11
2,808.008,79.497,5.6537,25.477,5659.525
2,808.208,79.497,5.6189,25.485,5660.94
2,808.408,79.499,5.4845,25.494,5662.356
2,808.608,79.501,5.3544,25.501,5663.773
2,808.808,79.502,5.264,25.509,5665.19
2,809.008,79.504,5.2068,25.516,5666.607
2,809.208,79.505,5.1015,25.524,5668.025
2,809.408,79.507,5.0382,25.531,5669.443
2,809.608,79.509,4.9689,25.539,5670.862
2,809.808,79.51,4.8578,25.546,5672.281
2,810.008,79.511,4.7974,25.554,5673.7
2,810.208,79.512,4.6544,25.561,5675.12
2,810.408,79.514,4.5638,25.569,5676.54
2,810.608,79.515,4.4587,25.577,5677.961
2,810.808,79.517,4.3739,25.585,5679.382
2,811.008,79.519,4.271,25.593,5680.804
2,811.208,79.521,4.1966,25.602,5682.226
2,811.408,79.522,4.0319,25.61,5683.649
2,811.608,79.524,3.9315,25.618,5685.072
2,811.808,79.526,3.8631,25.627,5686.495
2,812.008,79.528,3.767,25.635,5687.919
2,812.208,79.529,3.6747,25.643,5689.343
2,812.408,79.531,3.5716,25.651,5690.768
2,812.608,79.533,3.4048,25.659,5692.194
2,812.808,79.534,3.3148,25.667,5693.619
2,813.008,79.536,3.2341,25.675,5695.046
2,813.208,79.538,3.1159,25.683,5696.472
2,813.408,79.539,3.0761,25.69,5697.899
2,813.608,79.541,2.9749,25.698,5699.327
2,813.808,79.543,2.872,25.705,5700.755
2,814.008,79.544,2.7349,25.712,5702.183
2,814.208,79.546,2.6593,25.719,5703.611
2,814.408,79.547,2.5611,25.726,5705.04
2,814.608,79.548,2.5188,25.732,5706.47
2,814.808,79.55,2.4508,25.739,5707.9
2,815.008,79.551,2.3564,25.745,5709.33
2,815.208,79.552,2.257,25.751,5710.76
2,815.408,79.554,2.1845,25.756,5712.191
2,815.608,79.555,2.1049,25.762,5713.622
2,815.808,79.556,2.0289,25.767,5715.053
2,816.008,79.557,1.9815,25.772,5716.485
2,816.208,79.558,1.9194,25.777,5717.917
2,816.408,79.559,1.8454,25.782,5719.349
2,816.608,79.56,1.7887,25.786,5720.781
2,816.808,79.561,1.7483,25.791,5722.214
2,817.008,79.562,1.7243,25.795,5723.647
2,817.208,79.563,1.6213,25.799,5725.08
2,817.408,79.563,1.5894,25.802,5726.514
2,817.608,79.564,1.5847,25.806,5727.947
2,817.808,79.565,1.5415,25.81,5729.381
2,818.008,79.566,1.4971,25.813,5730.815
2,818.208,79.566,1.4576,25.816,5732.249
2,818.408,79.567,1.441,25.819,5733.683
2,818.608,79.568,1.3348,25.823,5735.118
2,818.808,79.568,1.3199,25.825,5736.553
2,819.008,79.569,1.3056,25.828,5737.987
2,819.208,79.57,1.2967,25.831,5739.422
2,819.408,79.57,1.2373,25.833,5740.857
2,819.608,79.57,1.1801,25.835,5742.293
2,819.808,79.571,1.1743,25.836,5743.728
2,820.008,79.571,1.1022,25.838,5745.163
2,820.208,79.571,1.1145,25.84,5746.599
2,820.408,79.572,1.139,25.842,5748.034
2,820.608,79.572,1.0797,25.843,5749.47
2,820.808,79.572,1.068,25.844,5750.906
2,821.008,79.573,1.0549,25.845,5752.342
2,821.208,79.572,1.0988,25.844,5753.777
2,821.408,79.572,1.1051,25.841,5755.213
2,821.608,79.571,1.1479,25.837,5756.649
2,821.808,79.57,1.1614,25.832,5758.084
2,822.008,79.569,1.2485,25.827,5759.519
2,822.208,79.568,1.2812,25.822,5760.954
2,822.408,79.567,1.3992,25.817,5762.388
2,822.608,79.566,1.4639,25.811,5763.822
2,822.808,79.564,1.508,25.804,5765.256
2,823.008,79.563,1.6407,25.797,5766.689
2,823.208,79.561,1.7346,25.788,5768.122
2,823.408,79.559,1.8901,25.779,5769.555
2,823.608,79.557,1.9757,25.768,5770.986
2,823.808,79.554,2.0648,25.757,5772.418
2,824.008,79.551,2.2368,25.744,5773.848
2,824.208,79.548,2.3871,25.731,5775.278
2,824.408,79.545,2.6153,25.716,5776.707
2,824.608,79.542,2.8205,25.7,5778.135
2,824.808,79.538,2.9877,25.683,5779.563
2,825.008,79.534,3.2214,25.665,5780.989
2,825.208,79.53,3.436,25.646,5782.414
2,825.408,79.526,3.7267,25.626,5783.839
2,825.608,79.521,3.9569,25.605,5785.262
2,825.808,79.516,4.2365,25.583,5786.684
2,826.008,79.512,4.5193,25.561,5788.104
2,826.208,79.507,4.8229,25.538,5789.524
2,826.408,79.501,5.106,25.515,5790.942
2,826.608,79.496,5.37,25.491,5792.359
2,826.808,79.491,5.6942,25.467,5793.774
2,827.008,79.485,5.9688,25.442,5795.188
2,827.208,79.48,6.3333,25.418,5796.601
2,827.408,79.474,6.6917,25.393,5798.012
2,827.608,79.469,6.978,25.369,5799.423
2,827.808,79.463,7.2483,25.344,5800.831
2,828.008,79.458,7.5687,25.319,5802.238
2,828.208,79.452,7.8635,25.295,5803.644
2,828.408,79.447,8.1821,25.271,5805.049
2,828.608,79.441,8.5011,25.247,5806.452
2,828.808,79.436,8.7812,25.224,5807.854
2,829.008,79.431,9.0749,25.201,5809.255
2,829.208,79.426,9.3288,25.179,5810.654
2,829.408,79.421,9.6654,25.157,5812.053
2,829.608,79.416,9.928,25.136,5813.45
2,829.808,79.411,10.2336,25.115,5814.846
2,830.008,79.406,10.42,25.095,5816.24
2,830.208,79.402,10.6901,25.076,5817.634
2,830.408,79.398,10.9674,25.058,5819.027
2,830.608,79.393,11.1831,25.04,5820.418
2,830.808,79.39,11.3378,25.024,5821.809
2,831.008,79.387,11.4968,25.004,5823.199
2,831.208,79.387,11.521,24.975,5824.587
2,831.408,79.387,11.4429,24.938,5825.973
2,831.608,79.387,11.526,24.892,5827.358
2,831.808,79.388,11.4321,24.839,5828.739
2,832.008,79.388,11.3778,24.778,5830.117
2,832.208,79.388,11.3748,24.711,5831.492
2,832.408,79.389,11.3716,24.637,5832.863
2,832.608,79.389,11.2356,24.557,5834.229
2,832.808,79.389,11.2924,24.472,5835.591
2,833.008,79.39,11.2457,24.382,5836.948
2,833.208,79.39,11.1881,24.287,5838.3
2,833.408,79.391,11.1193,24.187,5839.647
2,833.608,79.392,11.1128,24.084,5840.988
2,833.808,79.392,11.0673,23.977,5842.323
2,834.008,79.393,10.9732,23.866,5843.652
2,834.208,79.394,10.9874,23.753,5844.975
2,834.408,79.394,10.9202,23.638,5846.291
2,834.608,79.395,10.8787,23.521,5847.601
2,834.808,79.396,10.7897,23.403,5848.904
2,835.008,79.396,10.7901,23.283,5850.201
2,835.208,79.397,10.6764,23.164,5851.492
2,835.408,79.398,10.6616,23.044,5852.775
2,835.608,79.399,10.576,22.925,5854.052
2,835.808,79.399,10.5748,22.806,5855.322
2,836.008,79.4,10.5371,22.689,5856.586
2,836.208,79.401,10.4612,22.574,5857.843
2,836.408,79.402,10.4179,22.461,5859.094
2,836.608,79.402,10.3597,22.35,5860.339
2,836.808,79.403,10.2763,22.242,5861.578
2,837.008,79.404,10.2314,22.137,5862.81
2,837.208,79.404,10.1552,22.036,5864.037
2,837.408,79.405,10.1224,21.938,5865.259
2,837.608,79.405,10.1088,21.843,5866.475
2,837.808,79.406,10.0639,21.753,5867.686
2,838.008,79.406,10.0466,21.67,5868.892
2,838.208,79.407,9.9608,21.596,5870.094
2,838.408,79.407,9.9859,21.532,5871.292
2,838.608,79.407,9.9664,21.477,5872.487
2,838.808,79.408,9.934,21.432,5873.679
2,839.008,79.408,9.877,21.397,5874.868
2,839.208,79.408,9.8779,21.371,5876.056
2,839.408,79.408,9.8816,21.356,5877.243
2,839.608,79.408,9.8704,21.35,5878.429
2,839.808,79.408,9.8566,21.354,5879.615
2,840.008,79.407,9.8737,21.367,5880.802
2,840.208,79.407,9.8947,21.39,5881.99
2,840.408,79.407,9.9165,21.423,5883.179
2,840.608,79.406,9.9221,21.465,5884.37
2,840.808,79.406,9.9577,21.516,5885.564
2,841.008,79.405,9.9883,21.576,5886.761
2,841.208,79.404,10.0289,21.645,5887.962
2,841.408,79.404,10.0211,21.723,5889.166
2,841.608,79.403,10.0663,21.81,5890.375
2,841.808,79.402,10.0749,21.904,5891.59
2,842.008,79.401,10.1648,22.008,5892.809
2,842.208,79.4,10.1897,22.119,5894.035
2,842.408,79.399,10.2371,22.238,5895.267
2,842.608,79.398,10.2622,22.366,5896.506
2,842.808,79.397,10.3363,22.501,5897.752
2,843.008,79.396,10.4249,22.643,5899.006
2,843.208,79.394,10.4799,22.793,5900.268
2,843.408,79.393,10.5641,22.95,5901.539
2,843.608,79.392,10.5938,23.114,5902.819
2,843.808,79.39,10.6987,23.286,5904.107
2,844.008,79.389,10.7701,23.464,5905.406
2,844.208,79.387,10.8519,23.649,5906.715
2,844.408,79.385,10.9437,23.84,5908.034
2,844.608,79.384,11.0045,24.038,5909.364
2,844.808,79.382,11.0965,24.242,5910.705
2,845.008,79.38,11.1745,24.453,5912.057
2,845.208,79.378,11.3196,24.669,5913.422
2,845.408,79.376,11.4004,24.892,5914.798
2,845.608,79.381,11.1537,25.11,5916.188
2,845.808,79.411,9.3785,25.243,5917.587
2,846.008,79.431,8.1804,25.317,5918.991
2,846.208,79.443,7.4616,25.36,5920.399
2,846.408,79.451,7.0788,25.386,5921.809
2,846.608,79.455,6.838,25.404,5923.22
2,846.808,79.459,6.618,25.417,5924.631
2,847.008,79.461,6.4715,25.428,5926.044
2,847.208,79.463,6.3624,25.438,5927.457
2,847.408,79.465,6.2402,25.447,5928.87
2,847.608,79.467,6.1329,25.456,5930.284
2,847.808,79.469,5.9614,25.464,5931.699
2,848.008,79.47,5.8806,25.472,5933.113
2,848.208,79.472,5.7732,25.48,5934.529
2,848.408,79.474,5.7095,25.488,5935.945
2,848.608,79.475,5.5633,25.497,5937.361
2,848.808,79.477,5.462,25.505,5938.777
2,849.008,79.479,5.3726,25.513,5940.195
2,849.208,79.481,5.2883,25.522,5941.612
2,849.408,79.483,5.1758,25.531,5943.03
2,849.608,79.484,5.0251,25.54,5944.449
2,849.808,79.486,4.8985,25.549,5945.868
2,850.008,79.489,4.79,25.561,5947.288
2,850.208,79.491,4.7151,25.573,5948.708
2,850.408,79.494,4.4878,25.584,5950.129
2,850.608,79.496,4.3649,25.593,5951.551
2,850.808,79.497,4.2772,25.6,5952.973
2,851.008,79.499,4.1853,25.608,5954.395
2,851.208,79.5,4.0847,25.615,5955.818
2,851.408,79.502,3.9833,25.622,5957.242
2,851.608,79.503,3.8942,25.629,5958.665
2,851.808,79.505,3.8272,25.636,5960.089
2,852.008,79.506,3.7036,25.643,5961.514
2,852.208,79.508,3.6263,25.649,5962.938
2,852.408,79.509,3.5626,25.655,5964.364
2,852.608,79.51,3.4898,25.661,5965.789
2,852.808,79.511,3.3956,25.667,5967.215
2,853.008,79.513,3.3329,25.673,5968.641
2,853.208,79.514,3.2314,25.678,5970.067
2,853.408,79.515,3.192,25.683,5971.494
2,853.608,79.516,3.1922,25.687,5972.921
2,853.808,79.517,3.0662,25.691,5974.348
2,854.008,79.517,3.0584,25.694,5975.775
2,854.208,79.518,2.9848,25.697,5977.203
2,854.408,79.518,2.9492,25.699,5978.631
2,854.608,79.519,2.9855,25.701,5980.059
2,854.808,79.519,2.947,25.702,5981.486
2,855.008,79.519,2.8985,25.703,5982.914
2,855.208,79.519,2.9269,25.703,5984.342
2,855.408,79.519,2.9692,25.702,5985.77
2,855.608,79.519,2.9129,25.701,5987.198
2,855.808,79.518,2.9326,25.7,5988.626
2,856.008,79.518,2.9693,25.698,5990.053
2,856.208,79.517,2.9912,25.695,5991.481
2,856.408,79.517,3.0435,25.692,5992.909
2,856.608,79.516,3.0583,25.689,5994.336
2,856.808,79.515,3.1116,25.686,5995.763
2,857.008,79.514,3.1675,25.682,5997.19
2,857.208,79.513,3.2539,25.678,5998.616
2,857.408,79.513,3.261,25.674,6000.043
2,857.608,79.511,3.3045,25.669,6001.469
2,857.808,79.51,3.3623,25.664,6002.895
2,858.008,79.509,3.446,25.659,6004.321
2,858.208,79.508,3.504,25.654,6005.746
2,858.408,79.507,3.6298,25.649,6007.171
2,858.608,79.506,3.6417,25.644,6008.596
2,858.808,79.504,3.7147,25.638,6010.02
2,859.008,79.503,3.7804,25.632,6011.445
2,859.208,79.502,3.8683,25.627,6012.868
2,859.408,79.5,3.9561,25.621,6014.292
2,859.608,79.499,4.0698,25.615,6015.715
2,859.808,79.498,4.071,25.609,6017.138
2,860.008,79.496,4.1528,25.604,6018.561
2,860.208,79.495,4.2648,25.6,6019.983
2,860.408,79.495,4.2509,25.599,6021.405
2,860.608,79.494,4.2547,25.598,6022.827
2,860.808,79.494,4.2645,25.597,6024.249
2,861.008,79.494,4.2856,25.597,6025.671
2,861.208,79.494,4.2961,25.595,6027.093
2,861.408,79.493,4.3297,25.59,6028.515
2,861.608,79.492,4.3876,25.585,6029.937
2,861.808,79.49,4.4518,25.579,6031.358
2,862.008,79.489,4.5432,25.572,6032.779
2,862.208,79.487,4.6201,25.566,6034.199
2,862.408,79.486,4.6924,25.559,6035.62
2,862.608,79.484,4.8144,25.553,6037.039
2,862.808,79.483,4.8731,25.547,6038.459
2,863.008,79.481,4.945,25.54,6039.878
2,863.208,79.48,5.0297,25.534,6041.297
2,863.408,79.478,5.1367,25.528,6042.715
2,863.608,79.477,5.1333,25.522,6044.133
2,863.808,79.476,5.2456,25.516,6045.551
2,864.008,79.474,5.3665,25.511,6046.968
2,864.208,79.473,5.3835,25.506,6048.385
2,864.408,79.472,5.4293,25.501,6049.802
2,864.608,79.471,5.5039,25.497,6051.219
2,864.808,79.47,5.5312,25.493,6052.635
2,865.008,79.469,5.6202,25.49,6054.051
2,865.208,79.468,5.6987,25.487,6055.467
2,865.408,79.468,5.7302,25.485,6056.883
2,865.608,79.467,5.7179,25.483,6058.299
2,865.808,79.467,5.7359,25.482,6059.715
2,866.008,79.466,5.7298,25.481,6061.13
2,866.208,79.466,5.7758,25.481,6062.546
2,866.408,79.466,5.7316,25.482,6063.962
2,866.608,79.466,5.7298,25.483,6065.377
2,866.808,79.466,5.6872,25.484,6066.793
2,867.008,79.467,5.7044,25.487,6068.209
2,867.208,79.467,5.7258,25.489,6069.625
2,867.408,79.468,5.6377,25.492,6071.041
2,867.608,79.468,5.6046,25.495,6072.457
2,867.808,79.469,5.5553,25.499,6073.874
2,868.008,79.47,5.5055,25.503,6075.291
2,868.208,79.47,5.4501,25.507,6076.708
2,868.408,79.471,5.3945,25.512,6078.125
2,868.608,79.472,5.3588,25.517,6079.542
2,868.808,79.473,5.2749,25.522,6080.96
2,869.008,79.475,5.1655,25.529,6082.378
2,869.208,79.476,5.0974,25.536,6083.797
2,869.408,79.477,4.9945,25.543,6085.215
2,869.608,79.479,4.8768,25.551,6086.635
2,869.808,79.481,4.8026,25.559,6088.054
2,870.008,79.483,4.7489,25.568,6089.475
2,870.208,79.484,4.6078,25.577,6090.895
2,870.408,79.486,4.5187,25.587,6092.317
2,870.608,79.489,4.3242,25.597,6093.738
2,870.808,79.491,4.1833,25.608,6095.161
2,871.008,79.493,4.126,25.619,6096.584
2,871.208,79.496,3.9247,25.631,6098.007
2,871.408,79.498,3.7912,25.641,6099.432
2,871.608,79.5,3.7005,25.649,6100.856
2,871.808,79.502,3.544,25.657,6102.281
2,872.008,79.503,3.5032,25.664,6103.707
2,872.208,79.505,3.4079,25.672,6105.133
2,872.408,79.506,3.334,25.679,6106.559
2,872.608,79.508,3.1892,25.686,6107.986
2,872.808,79.509,3.1442,25.693,6109.413
2,873.008,79.511,3.0527,25.7,6110.841
2,873.208,79.512,2.927,25.707,6112.269
2,873.408,79.513,2.8503,25.713,6113.697
2,873.608,79.515,2.7691,25.72,6115.126
2,873.808,79.516,2.6893,25.727,6116.555
2,874.008,79.518,2.6158,25.733,6117.985
2,874.208,79.519,2.5607,25.739,6119.414
2,874.408,79.52,2.4684,25.745,6120.844
2,874.608,79.522,2.3738,25.751,6122.275
2,874.808,79.523,2.2719,25.757,6123.706
2,875.008,79.524,2.2318,25.763,6125.137
2,875.208,79.525,2.1565,25.769,6126.568
2,875.408,79.526,2.1091,25.774,6128.0
2,875.608,79.528,2.0629,25.779,6129.432
2,875.808,79.529,1.9384,25.784,6130.864
2,876.008,79.53,1.9164,25.789,6132.297
2,876.208,79.531,1.8415,25.794,6133.73
2,876.408,79.532,1.7893,25.799,6135.163
2,876.608,79.533,1.7425,25.803,6136.596
2,876.808,79.534,1.6723,25.807,6138.03
2,877.008,79.534,1.5839,25.811,6139.464
2,877.208,79.535,1.5355,25.814,6140.898
2,877.408,79.536,1.5094,25.817,6142.332
2,877.608,79.536,1.4585,25.82,6143.766
2,877.808,79.537,1.4493,25.822,6145.201
2,878.008,79.537,1.4498,25.824,6146.636
2,878.208,79.537,1.4533,25.825,6148.07
2,878.408,79.538,1.4534,25.825,6149.505
2,878.608,79.538,1.4067,25.825,6150.94
2,878.808,79.538,1.4434,25.825,6152.374
2,879.008,79.537,1.4755,25.823,6153.809
2,879.208,79.537,1.4382,25.822,6155.244
2,879.408,79.536,1.4708,25.819,6156.678
2,879.608,79.536,1.4867,25.817,6158.113
2,879.808,79.535,1.5433,25.813,6159.547
2,880.008,79.534,1.6309,25.809,6160.981
2,880.208,79.533,1.6576,25.804,6162.414
2,880.408,79.532,1.6872,25.798,6163.848
2,880.608,79.531,1.7862,25.792,6165.281
2,880.808,79.529,1.872,25.785,6166.713
2,881.008,79.527,1.9809,25.778,6168.146
2,881.208,79.526,2.0643,25.77,6169.578
2,881.408,79.524,2.1831,25.762,6171.009
2,881.608,79.522,2.2324,25.755,6172.44
2,881.808,79.521,2.3469,25.747,6173.871
2,882.008,79.519,2.4849,25.738,6175.301
2,882.208,79.517,2.5891,25.73,6176.731
2,882.408,79.515,2.6767,25.722,6178.16
2,882.608,79.513,2.7474,25.714,6179.589
2,882.808,79.512,2.8598,25.707,6181.017
2,883.008,79.51,2.951,25.699,6182.445
2,883.208,79.508,3.0383,25.692,6183.872
2,883.408,79.507,3.1421,25.686,6185.3
2,883.608,79.505,3.2521,25.679,6186.726
2,883.808,79.504,3.2906,25.673,6188.153
2,884.008,79.502,3.3367,25.668,6189.579
2,884.208,79.501,3.444,25.662,6191.005
2,884.408,79.5,3.5166,25.658,6192.43
2,884.608,79.499,3.5626,25.653,6193.856
2,884.808,79.498,3.6089,25.649,6195.281
2,885.008,79.497,3.6709,25.646,6196.706
2,885.208,79.496,3.7268,25.643,6198.13
2,885.408,79.496,3.7495,25.641,6199.555
2,885.608,79.495,3.7753,25.638,6200.979
2,885.808,79.495,3.8231,25.637,6202.404
2,886.008,79.494,3.7953,25.635,6203.828
2,886.208,79.494,3.7915,25.634,6205.252
2,886.408,79.494,3.8332,25.634,6206.676
2,886.608,79.494,3.8154,25.634,6208.1
2,886.808,79.494,3.8633,25.634,6209.524
2,887.008,79.494,3.8381,25.635,6210.948
2,887.208,79.494,3.8327,25.636,6212.373
2,887.408,79.494,3.8076,25.637,6213.797
2,887.608,79.494,3.7915,25.639,6215.221
2,887.808,79.495,3.7651,25.642,6216.646
2,888.008,79.495,3.7243,25.644,6218.07
2,888.208,79.496,3.6685,25.648,6219.495
2,888.408,79.497,3.6317,25.652,6220.92
2,888.608,79.497,3.5613,25.656,6222.345
2,888.808,79.498,3.5423,25.661,6223.771
2,889.008,79.499,3.4683,25.666,6225.196
2,889.208,79.501,3.4064,25.672,6226.622
2,889.408,79.502,3.3301,25.678,6228.049
2,889.608,79.503,3.209,25.685,6229.476
2,889.808,79.505,3.1633,25.692,6230.903
2,890.008,79.506,3.061,25.7,6232.33
2,890.208,79.508,2.9545,25.708,6233.758
2,890.408,79.51,2.846,25.716,6235.187
2,890.608,79.511,2.7567,25.724,6236.616
2,890.808,79.513,2.6096,25.733,6238.045
2,891.008,79.515,2.516,25.742,6239.475
2,891.208,79.517,2.4387,25.751,6240.905
2,891.408,79.519,2.3017,25.761,6242.336
2,891.608,79.521,2.1972,25.77,6243.768
2,891.808,79.523,2.0468,25.779,6245.199
2,892.008,79.525,1.974,25.788,6246.632
2,892.208,79.527,1.8036,25.797,6248.065
2,892.408,79.529,1.7572,25.805,6249.498
2,892.608,79.53,1.6213,25.813,6250.932
2,892.808,79.532,1.5558,25.82,6252.366
2,893.008,79.534,1.4114,25.827,6253.801
2,893.208,79.535,1.3019,25.833,6255.236
2,893.408,79.536,1.2937,25.838,6256.671
2,893.608,79.537,1.2213,25.842,6258.107
2,893.808,79.538,1.2134,25.845,6259.542
2,894.008,79.538,1.1337,25.848,6260.978
2,894.208,79.539,1.147,25.85,6262.414
2,894.408,79.539,1.0877,25.852,6263.851
2,894.608,79.54,1.0708,25.853,6265.287
2,894.808,79.54,1.0961,25.852,6266.723
2,895.008,79.539,1.1371,25.848,6268.159
2,895.208,79.538,1.183,25.843,6269.595
2,895.408,79.537,1.2569,25.837,6271.031
2,895.608,79.535,1.282,25.831,6272.466
2,895.808,79.534,1.3853,25.825,6273.901
2,896.008,79.532,1.4917,25.818,6275.335
2,896.208,79.531,1.5896,25.81,6276.769
2,896.408,79.529,1.6907,25.802,6278.203
2,896.608,79.527,1.8107,25.793,6279.636
2,896.808,79.525,1.8429,25.784,6281.069
2,897.008,79.523,1.9518,25.774,6282.501
2,897.208,79.521,2.1211,25.764,6283.933
2,897.408,79.518,2.2755,25.753,6285.364
2,897.608,79.516,2.4269,25.742,6286.794
2,897.808,79.514,2.5225,25.731,6288.224
2,898.008,79.511,2.7361,25.72,6289.653
2,898.208,79.508,2.8734,25.708,6291.082
2,898.408,79.506,3.0291,25.695,6292.51
2,898.608,79.503,3.1798,25.682,6293.937
2,898.808,79.5,3.3594,25.669,6295.363
2,899.008,79.497,3.4906,25.655,6296.789
2,899.208,79.494,3.6541,25.641,6298.214
2,899.408,79.491,3.8641,25.627,6299.638
2,899.608,79.487,4.0501,25.612,6301.061
2,899.808,79.484,4.2654,25.596,6302.484
2,900.008,79.48,4.4217,25.581,6303.905
2,900.208,79.477,4.6171,25.564,6305.326
2,900.408,79.473,4.8232,25.548,6306.746
2,900.608,79.469,5.0931,25.531,6308.165
2,900.808,79.465,5.3064,25.514,6309.582
2,901.008,79.462,5.4879,25.497,6310.999
2,901.208,79.458,5.6859,25.48,6312.415
2,901.408,79.454,5.9388,25.462,6313.831
2,901.608,79.45,6.182,25.445,6315.245
2,901.808,79.446,6.429,25.428,6316.658
2,902.008,79.442,6.5776,25.411,6318.07
2,902.208,79.438,6.7887,25.395,6319.481
2,902.408,79.435,7.0194,25.378,6320.892
2,902.608,79.431,7.2474,25.362,6322.301
2,902.808,79.427,7.4108,25.347,6323.71
2,903.008,79.424,7.6016,25.332,6325.117
2,903.208,79.421,7.7829,25.318,6326.524
2,903.408,79.418,7.9555,25.305,6327.931
2,903.608,79.415,8.1446,25.292,6329.336
2,903.808,79.412,8.2585,25.281,6330.741
2,904.008,79.409,8.3679,25.27,6332.145
2,904.208,79.407,8.5748,25.26,6333.549
2,904.408,79.405,8.7005,25.251,6334.952
2,904.608,79.403,8.7496,25.243,6336.354
2,904.808,79.401,8.8605,25.237,6337.756
2,905.008,79.399,8.9322,25.231,6339.158
2,905.208,79.398,8.9955,25.227,6340.56
2,905.408,79.397,9.0446,25.224,6341.961
2,905.608,79.397,9.1352,25.222,6343.363
2,905.808,79.396,9.089,25.221,6344.764
2,906.008,79.396,9.0492,25.222,6346.165
2,906.208,79.396,9.0689,25.223,6347.566
2,906.408,79.396,9.0658,25.226,6348.968
2,906.608,79.397,9.0157,25.23,6350.369
2,906.808,79.398,8.9447,25.234,6351.771
2,907.008,79.399,8.8803,25.239,6353.173
2,907.208,79.4,8.86,25.245,6354.575
2,907.408,79.401,8.7622,25.252,6355.978
2,907.608,79.402,8.6715,25.259,6357.381
2,907.808,79.404,8.5949,25.266,6358.785
2,908.008,79.405,8.4385,25.274,6360.189
2,908.208,79.407,8.3558,25.282,6361.593
2,908.408,79.408,8.2574,25.289,6362.998
2,908.608,79.41,8.2046,25.297,6364.403
2,908.808,79.411,8.065,25.305,6365.808
2,909.008,79.413,7.9593,25.312,6367.214
2,909.208,79.414,7.8965,25.32,6368.621
2,909.408,79.416,7.8135,25.327,6370.028
2,909.608,79.417,7.6798,25.334,6371.435
2,909.808,79.419,7.628,25.341,6372.843
2,910.008,79.42,7.5565,25.347,6374.251
2,910.208,79.421,7.4587,25.354,6375.659
2,910.408,79.423,7.3586,25.361,6377.068
2,910.608,79.424,7.2921,25.367,6378.477
2,910.808,79.425,7.2567,25.374,6379.886
2,911.008,79.427,7.1336,25.381,6381.296
2,911.208,79.428,7.0628,25.389,6382.706
2,911.408,79.43,6.9572,25.396,6384.117
2,911.608,79.431,6.8054,25.404,6385.528
2,911.808,79.433,6.7377,25.412,6386.94
2,912.008,79.435,6.6348,25.421,6388.352
2,912.208,79.437,6.5079,25.43,6389.764
2,912.408,79.438,6.4234,25.439,6391.177
2,912.608,79.44,6.2497,25.449,6392.591
2,912.808,79.442,6.1405,25.459,6394.005
2,913.008,79.445,6.089,25.469,6395.42
2,913.208,79.447,5.9077,25.48,6396.835
2,913.408,79.449,5.7995,25.491,6398.251
2,913.608,79.451,5.6359,25.501,6399.667
2,913.808,79.454,5.4712,25.512,6401.084
2,914.008,79.456,5.3728,25.523,6402.502
2,914.208,79.458,5.189,25.533,6403.92
2,914.408,79.46,5.1309,25.543,6405.339
2,914.608,79.462,4.9738,25.553,6406.758
2,914.808,79.464,4.8349,25.562,6408.178
2,915.008,79.466,4.7272,25.571,6409.599
2,915.208,79.468,4.6203,25.58,6411.019
2,915.408,79.47,4.4983,25.587,6412.441
2,915.608,79.471,4.4395,25.594,6413.862
2,915.808,79.473,4.3393,25.6,6415.284
2,916.008,79.474,4.2546,25.606,6416.707
2,916.208,79.475,4.1934,25.611,6418.13
2,916.408,79.476,4.1586,25.615,6419.553
2,916.608,79.476,4.1106,25.618,6420.976
2,916.808,79.477,4.0618,25.621,6422.399
2,917.008,79.477,4.0349,25.623,6423.822
2,917.208,79.478,4.0743,25.624,6425.246
2,917.408,79.478,3.9605,25.625,6426.67
2,917.608,79.478,3.9776,25.625,6428.093
2,917.808,79.478,3.9682,25.625,6429.517
2,918.008,79.477,4.0138,25.624,6430.94
2,918.208,79.477,4.0091,25.622,6432.364
2,918.408,79.477,4.0678,25.621,6433.787
2,918.608,79.476,4.0661,25.619,6435.211
2,918.808,79.476,4.1036,25.617,6436.634
2,919.008,79.475,4.1182,25.615,6438.057
2,919.208,79.475,4.1273,25.613,6439.48
2,919.408,79.474,4.1743,25.611,6440.903
2,919.608,79.474,4.1985,25.609,6442.326
2,919.808,79.473,4.1939,25.607,6443.748
2,920.008,79.473,4.2343,25.605,6445.171
2,920.208,79.472,4.2535,25.604,6446.593
2,920.408,79.472,4.2623,25.602,6448.016
2,920.608,79.472,4.3078,25.601,6449.438
2,920.808,79.471,4.3154,25.6,6450.86
2,921.008,79.471,4.3448,25.6,6452.282
2,921.208,79.471,4.3398,25.599,6453.705
2,921.408,79.471,4.3388,25.599,6455.127
2,921.608,79.471,4.3321,25.599,6456.549
2,921.808,79.47,4.3208,25.599,6457.971
2,922.008,79.47,4.3533,25.599,6459.393
2,922.208,79.47,4.3619,25.6,6460.816
2,922.408,79.47,4.3521,25.6,6462.238
2,922.608,79.47,4.3119,25.6,6463.66
2,922.808,79.47,4.3112,25.601,6465.082
2,923.008,79.47,4.3151,25.601,6466.504
2,923.208,79.47,4.3464,25.601,6467.927
2,923.408,79.47,4.2751,25.601,6469.349
2,923.608,79.47,4.3102,25.601,6470.771
2,923.808,79.47,4.3337,25.601,6472.194
2,924.008,79.47,4.3426,25.6,6473.616
2,924.208,79.47,4.33,25.599,6475.038
2,924.408,79.469,4.3709,25.598,6476.46
2,924.608,79.469,4.3786,25.596,6477.882
2,924.808,79.468,4.3766,25.594,6479.304
2,925.008,79.468,4.4168,25.592,6480.726
2,925.208,79.467,4.4506,25.59,6482.148
2,925.408,79.467,4.5264,25.586,6483.569
2,925.608,79.466,4.5095,25.583,6484.991
2,925.808,79.465,4.5951,25.579,6486.412
2,926.008,79.464,4.6155,25.575,6487.833
2,926.208,79.463,4.6765,25.57,6489.253
2,926.408,79.462,4.7411,25.565,6490.674
2,926.608,79.46,4.8326,25.559,6492.094
2,926.808,79.459,4.9282,25.553,6493.514
2,927.008,79.457,4.9737,25.546,6494.933
2,927.208,79.456,5.073,25.539,6496.352
2,927.408,79.454,5.1651,25.531,6497.771
2,927.608,79.452,5.1803,25.523,6499.189
2,927.808,79.45,5.3582,25.515,6500.607
2,928.008,79.448,5.466,25.506,6502.024
2,928.208,79.446,5.5949,25.497,6503.441
2,928.408,79.444,5.7149,25.488,6504.857
2,928.608,79.442,5.7955,25.479,6506.273
2,928.808,79.44,5.9246,25.47,6507.688
2,929.008,79.438,6.0468,25.461,6509.103
2,929.208,79.436,6.2103,25.452,6510.517
2,929.408,79.434,6.2937,25.443,6511.931
2,929.608,79.432,6.3362,25.435,6513.344
2,929.808,79.43,6.4163,25.43,6514.757
2,930.008,79.429,6.5142,25.426,6516.17
2,930.208,79.428,6.5668,25.424,6517.582
2,930.408,79.428,6.5854,25.422,6518.995
2,930.608,79.427,6.6366,25.421,6520.407
2,930.808,79.427,6.6396,25.42,6521.819
2,931.008,79.427,6.6461,25.419,6523.231
2,931.208,79.426,6.6498,25.418,6524.643
2,931.408,79.426,6.6302,25.417,6526.055
2,931.608,79.426,6.7056,25.416,6527.467
2,931.808,79.426,6.6791,25.416,6528.879
2,932.008,79.425,6.6921,25.415,6530.291
2,932.208,79.425,6.6863,25.414,6531.703
2,932.408,79.425,6.7358,25.414,6533.115
2,932.608,79.425,6.7309,25.413,6534.527
2,932.808,79.424,6.7099,25.413,6535.939
2,933.008,79.424,6.725,25.413,6537.351
2,933.208,79.424,6.7356,25.413,6538.763
2,933.408,79.424,6.7283,25.412,6540.174
2,933.608,79.424,6.7355,25.412,6541.586
2,933.808,79.424,6.6883,25.412,6542.998
2,934.008,79.423,6.6893,25.412,6544.41
2,934.208,79.423,6.6988,25.412,6545.822
2,934.408,79.423,6.7332,25.412,6547.233
2,934.608,79.423,6.7337,25.412,6548.645
2,934.808,79.423,6.6845,25.412,6550.057
2,935.008,79.423,6.7199,25.413,6551.469
2,935.208,79.423,6.7296,25.413,6552.88
2,935.408,79.423,6.7215,25.413,6554.292
2,935.608,79.423,6.6736,25.414,6555.704
2,935.808,79.423,6.6895,25.415,6557.116
2,936.008,79.423,6.712,25.416,6558.528
2,936.208,79.423,6.6859,25.418,6559.94
2,936.408,79.423,6.6135,25.419,6561.352
2,936.608,79.424,6.6102,25.422,6562.765
2,936.808,79.424,6.5867,25.424,6564.177
2,937.008,79.425,6.5582,25.427,6565.589
2,937.208,79.425,6.567,25.43,6567.002
2,937.408,79.426,6.5244,25.434,6568.415
2,937.608,79.427,6.4236,25.438,6569.828
2,937.808,79.427,6.423,25.443,6571.242
2,938.008,79.428,6.2999,25.448,6572.655
2,938.208,79.43,6.2184,25.454,6574.069
2,938.408,79.431,6.1669,25.46,6575.483
2,938.608,79.432,6.0902,25.468,6576.898
2,938.808,79.434,5.9378,25.479,6578.313
2,939.008,79.437,5.7943,25.491,6579.729
2,939.208,79.439,5.6566,25.505,6581.146
2,939.408,79.442,5.5205,25.519,6582.563
2,939.608,79.445,5.254,25.533,6583.981
2,939.808,79.449,5.0644,25.548,6585.4
2,940.008,79.452,4.8733,25.564,6586.82
2,940.208,79.455,4.7146,25.579,6588.24
2,940.408,79.459,4.5036,25.595,6589.662
2,940.608,79.462,4.3072,25.611,6591.084
2,940.808,79.465,4.0726,25.627,6592.508
2,941.008,79.469,3.8743,25.642,6593.932
2,941.208,79.472,3.7202,25.654,6595.357
2,941.408,79.474,3.596,25.666,6596.782
2,941.608,79.476,3.4236,25.676,6598.208
2,941.808,79.479,3.32,25.686,6599.635
2,942.008,79.481,3.1994,25.696,6601.062
2,942.208,79.483,3.086,25.707,6602.49
2,942.408,79.485,2.9149,25.717,6603.919
2,942.608,79.487,2.8353,25.728,6605.348
2,942.808,79.49,2.6761,25.739,6606.777
2,943.008,79.492,2.5204,25.751,6608.208
2,943.208,79.495,2.3901,25.762,6609.639
2,943.408,79.497,2.2245,25.774,6611.07
2,943.608,79.5,2.0485,25.786,6612.502
2,943.808,79.503,1.891,25.799,6613.935
2,944.008,79.505,1.7651,25.812,6615.369
2,944.208,79.508,1.5833,25.825,6616.803
2,944.408,79.511,1.4298,25.838,6618.238
2,944.608,79.514,1.2545,25.851,6619.674
2,944.808,79.517,1.0575,25.867,6621.111
2,945.008,79.522,0.843,25.892,6622.548
2,945.208,79.528,0.4502,25.926,6623.988
2,945.408,79.536,0.0,25.969,6625.429
2,945.608,79.536,0.0,26.021,6626.873
2,945.808,79.536,0.0,26.083,6628.321
2,946.008,79.536,0.0,26.154,6629.772
2,946.208,79.536,0.0,26.235,6631.227
2,946.408,79.536,0.0,26.324,6632.687
2,946.608,79.536,0.0,26.424,6634.152
2,946.808,79.536,0.0,26.532,6635.623
2,947.008,79.536,0.0,26.65,6637.1
2,947.208,79.536,0.0,26.778,6638.584
2,947.408,79.537,0.0,26.914,6640.076
2,947.608,79.536,0.0,27.06,6641.575
2,947.808,79.536,0.0,27.215,6643.083
2,948.008,79.536,0.0,27.378,6644.599
2,948.208,79.536,0.0,27.551,6646.125
2,948.408,79.537,0.0,27.731,6647.66
2,948.608,79.536,0.0,27.919,6649.206
2,948.808,79.536,0.0,28.116,6650.763
2,949.008,79.536,0.0,28.319,6652.33
2,949.208,79.536,0.0,28.529,6653.909
2,949.408,79.536,0.0,28.746,6655.5
2,949.608,79.536,0.0,28.966,6657.103
2,949.808,79.537,0.0,29.186,6658.719
2,950.008,79.536,0.0,29.407,6660.346
2,950.208,79.536,0.0,29.626,6661.986
2,950.408,79.536,0.0,29.844,6663.638
2,950.608,79.536,0.0,30.058,6665.302
2,950.808,79.536,0.0,30.269,6666.978
2,951.008,79.536,0.0,30.474,6668.665
2,951.208,79.536,0.0,30.674,6670.364
2,951.408,79.536,0.0,30.866,6672.073
2,951.608,79.536,0.0,31.05,6673.793
2,951.808,79.536,0.0,31.224,6675.523
2,952.008,79.536,0.0,31.389,6677.262
2,952.208,79.536,0.0,31.542,6679.01
2,952.408,79.536,0.0,31.683,6680.767
2,952.608,79.536,0.0,31.811,6682.531
2,952.808,79.536,0.0,31.927,6684.301
2,953.008,79.536,0.0,32.028,6686.078
2,953.208,79.536,0.0,32.114,6687.859
2,953.408,79.536,0.0,32.186,6689.646
2,953.608,79.536,0.0,32.243,6691.435
2,953.808,79.536,0.0,32.283,6693.228
2,954.008,79.536,0.0,32.308,6695.022
2,954.208,79.536,0.0,32.316,6696.817
2,954.408,79.536,0.0,32.307,6698.613
2,954.608,79.536,0.0,32.281,6700.407
2,954.808,79.536,0.0,32.237,6702.199
2,955.008,79.536,0.0,32.174,6703.988
2,955.208,79.536,0.0,32.093,6705.774
2,955.408,79.536,0.0,31.993,6707.554
2,955.608,79.537,0.0,31.873,6709.328
2,955.808,79.536,0.0,31.734,6711.095
2,956.008,79.536,0.0,31.574,6712.854
2,956.208,79.536,0.0,31.393,6714.603
2,956.408,79.536,0.0,31.193,6716.341
2,956.608,79.536,0.0,30.972,6718.068
2,956.808,79.536,0.0,30.731,6719.782
2,957.008,79.536,0.0,30.472,6721.482
2,957.208,79.536,0.0,30.194,6723.168
2,957.408,79.537,0.0,29.898,6724.837
2,957.608,79.536,0.0,29.585,6726.489
2,957.808,79.536,0.0,29.256,6728.124
2,958.008,79.537,0.0,28.913,6729.74
2,958.208,79.536,0.0,28.556,6731.336
2,958.408,79.536,0.0,28.187,6732.912
2,958.608,79.536,0.0,27.806,6734.468
2,958.808,79.536,0.0,27.416,6736.002
2,959.008,79.537,0.0,27.016,6737.514
2,959.208,79.536,0.0,26.608,6739.003
2,959.408,79.536,0.0,26.194,6740.47
2,959.608,79.523,0.7051,25.777,6741.914
2,959.808,79.461,4.3106,25.498,6743.337
2,960.008,79.418,6.736,25.349,6744.749
2,960.208,79.394,8.1042,25.269,6746.155
2,960.408,79.381,8.8831,25.224,6747.558
2,960.608,79.373,9.3108,25.198,6748.958
2,960.808,79.368,9.5911,25.183,6750.358
2,961.008,79.366,9.7546,25.173,6751.756
2,961.208,79.364,9.8427,25.166,6753.155
2,961.408,79.362,9.9218,25.161,6754.552
2,961.608,79.361,9.9689,25.157,6755.95
2,961.808,79.36,10.0306,25.155,6757.348
2,962.008,79.36,10.0401,25.153,6758.745
2,962.208,79.359,10.0817,25.152,6760.143
2,962.408,79.359,10.0728,25.151,6761.54
2,962.608,79.359,10.0804,25.151,6762.937
2,962.808,79.358,10.044,25.152,6764.334
2,963.008,79.358,10.0191,25.153,6765.732
2,963.208,79.359,10.0561,25.155,6767.129
2,963.408,79.359,10.0129,25.157,6768.527
2,963.608,79.359,10.0091,25.16,6769.925
2,963.808,79.36,9.9707,25.163,6771.322
2,964.008,79.36,9.8843,25.167,6772.72
2,964.208,79.361,9.7828,25.172,6774.119
2,964.408,79.362,9.7398,25.178,6775.517
2,964.608,79.363,9.685,25.183,6776.916
2,964.808,79.364,9.6216,25.19,6778.316
2,965.008,79.366,9.5278,25.197,6779.715
2,965.208,79.367,9.3995,25.205,6781.115
2,965.408,79.369,9.3418,25.213,6782.516
2,965.608,79.371,9.1938,25.222,6783.917
2,965.808,79.372,9.0882,25.231,6785.318
2,966.008,79.374,8.959,25.24,6786.72
2,966.208,79.376,8.9106,25.25,6788.123
2,966.408,79.378,8.7762,25.261,6789.526
2,966.608,79.381,8.613,25.272,6790.929
2,966.808,79.383,8.4728,25.283,6792.334
2,967.008,79.385,8.3324,25.294,6793.739
2,967.208,79.388,8.1908,25.306,6795.144
2,967.408,79.39,8.0516,25.317,6796.55
2,967.608,79.392,7.9207,25.329,6797.957
2,967.808,79.395,7.7404,25.34,6799.365
2,968.008,79.397,7.6274,25.351,6800.773
2,968.208,79.399,7.4754,25.362,6802.181
2,968.408,79.401,7.3903,25.372,6803.591
2,968.608,79.404,7.2199,25.382,6805.001
2,968.808,79.406,7.0907,25.391,6806.411
2,969.008,79.407,6.947,25.401,6807.822
2,969.208,79.409,6.8802,25.409,6809.233
2,969.408,79.411,6.7127,25.418,6810.645
2,969.608,79.413,6.6223,25.426,6812.057
2,969.808,79.414,6.5447,25.433,6813.47
2,970.008,79.416,6.4636,25.44,6814.883
2,970.208,79.417,6.3646,25.447,6816.297
2,970.408,79.418,6.2719,25.453,6817.711
2,970.608,79.42,6.2029,25.46,6819.125
2,970.808,79.421,6.1331,25.466,6820.54
2,971.008,79.422,6.0746,25.473,6821.955
2,971.208,79.424,5.9455,25.48,6823.37
2,971.408,79.425,5.8417,25.487,6824.786
2,971.608,79.427,5.7801,25.494,6826.202
2,971.808,79.428,5.7254,25.502,6827.618
2,972.008,79.43,5.5707,25.511,6829.035
2,972.208,79.432,5.4363,25.52,6830.453
2,972.408,79.434,5.3542,25.529,6831.871
2,972.608,79.436,5.2327,25.539,6833.289
2,972.808,79.438,5.0893,25.55,6834.709
2,973.008,79.44,4.9314,25.561,6836.128
2,973.208,79.443,4.7704,25.572,6837.549
2,973.408,79.445,4.7297,25.583,6838.97
2,973.608,79.448,4.5388,25.595,6840.391
2,973.808,79.45,4.3741,25.607,6841.814
2,974.008,79.453,4.2289,25.619,6843.237
2,974.208,79.455,4.0803,25.631,6844.66
2,974.408,79.458,3.9341,25.643,6846.084
2,974.608,79.46,3.7677,25.654,6847.509
2,974.808,79.462,3.6314,25.665,6848.935
2,975.008,79.465,3.5129,25.675,6850.361
2,975.208,79.467,3.3148,25.685,6851.788
2,975.408,79.469,3.2342,25.695,6853.215
2,975.608,79.471,3.1637,25.704,6854.643
2,975.808,79.473,3.0055,25.713,6856.071
2,976.008,79.475,2.9731,25.721,6857.5
2,976.208,79.476,2.8089,25.729,6858.929
2,976.408,79.478,2.7268,25.736,6860.358
2,976.608,79.48,2.6083,25.744,6861.788
2,976.808,79.481,2.5164,25.751,6863.219
2,977.008,79.483,2.4484,25.757,6864.65
2,977.208,79.484,2.364,25.764,6866.081
2,977.408,79.485,2.3042,25.77,6867.512
2,977.608,79.487,2.2053,25.777,6868.944
2,977.808,79.488,2.0976,25.783,6870.376
2,978.008,79.489,2.0387,25.789,6871.809
2,978.208,79.491,1.9987,25.795,6873.242
2,978.408,79.492,1.9315,25.801,6874.675
2,978.608,79.493,1.8484,25.806,6876.108
2,978.808,79.494,1.7563,25.812,6877.542
2,979.008,79.495,1.7191,25.817,6878.976
2,979.208,79.496,1.6772,25.822,6880.411
2,979.408,79.498,1.5552,25.827,6881.846
2,979.608,79.498,1.5101,25.831,6883.28
2,979.808,79.499,1.4405,25.835,6884.716
2,980.008,79.5,1.3612,25.838,6886.151
2,980.208,79.501,1.3427,25.841,6887.587
2,980.408,79.501,1.329,25.844,6889.022
2,980.608,79.502,1.2699,25.845,6890.458
2,980.808,79.502,1.254,25.847,6891.894
2,981.008,79.502,1.2927,25.848,6893.33
2,981.208,79.502,1.2906,25.849,6894.766
2,981.408,79.503,1.2826,25.849,6896.202
2,981.608,79.503,1.2416,25.849,6897.638
2,981.808,79.502,1.2403,25.848,6899.074
2,982.008,79.502,1.2993,25.847,6900.51
2,982.208,79.502,1.3352,25.846,6901.946
2,982.408,79.502,1.3349,25.844,6903.382
2,982.608,79.501,1.3535,25.842,6904.818
2,982.808,79.501,1.3344,25.84,6906.253
2,983.008,79.5,1.3716,25.837,6907.689
2,983.208,79.499,1.4078,25.834,6909.124
2,983.408,79.499,1.4707,25.83,6910.559
2,983.608,79.498,1.524,25.827,6911.994
2,983.808,79.497,1.6071,25.823,6913.429
2,984.008,79.496,1.6208,25.819,6914.863
2,984.208,79.495,1.6887,25.814,6916.297
2,984.408,79.494,1.722,25.81,6917.731
2,984.608,79.493,1.8116,25.805,6919.165
2,984.808,79.492,1.8936,25.8,6920.599
2,985.008,79.491,1.9807,25.794,6922.032
2,985.208,79.489,1.9819,25.788,6923.465
2,985.408,79.488,2.0945,25.782,6924.897
2,985.608,79.486,2.1465,25.776,6926.329
2,985.808,79.485,2.2418,25.769,6927.761
2,986.008,79.483,2.2827,25.762,6929.193
2,986.208,79.482,2.4122,25.754,6930.624
2,986.408,79.48,2.486,25.746,6932.054
2,986.608,79.478,2.5955,25.738,6933.484
2,986.808,79.476,2.7138,25.729,6934.914
2,987.008,79.474,2.8652,25.719,6936.343
2,987.208,79.472,3.0122,25.709,6937.772
2,987.408,79.469,3.1022,25.698,6939.199
2,987.608,79.467,3.2457,25.687,6940.627
2,987.808,79.464,3.3768,25.675,6942.054
2,988.008,79.461,3.5588,25.662,6943.48
2,988.208,79.459,3.8165,25.649,6944.905
2,988.408,79.455,3.9037,25.635,6946.329
2,988.608,79.452,4.0572,25.621,6947.753
2,988.808,79.449,4.2663,25.606,6949.176
2,989.008,79.446,4.4586,25.591,6950.598
2,989.208,79.442,4.6236,25.576,6952.02
2,989.408,79.439,4.8156,25.561,6953.44
2,989.608,79.435,5.024,25.545,6954.86
2,989.808,79.432,5.2393,25.53,6956.278
2,990.008,79.429,5.4001,25.515,6957.696
2,990.208,79.425,5.5927,25.501,6959.113
2,990.408,79.422,5.7452,25.487,6960.53
2,990.608,79.419,5.912,25.473,6961.945
2,990.808,79.416,6.1294,25.46,6963.36
2,991.008,79.413,6.2682,25.448,6964.774
2,991.208,79.41,6.4318,25.437,6966.188
2,991.408,79.408,6.5607,25.427,6967.601
2,991.608,79.406,6.7096,25.417,6969.013
2,991.808,79.403,6.7873,25.408,6970.425
2,992.008,79.401,6.9234,25.399,6971.836
2,992.208,79.399,6.9924,25.391,6973.247
2,992.408,79.398,7.0995,25.384,6974.657
2,992.608,79.396,7.2162,25.378,6976.067
2,992.808,79.395,7.2911,25.371,6977.477
2,993.008,79.393,7.3497,25.365,6978.886
2,993.208,79.392,7.4961,25.359,6980.295
2,993.408,79.39,7.5792,25.354,6981.704
2,993.608,79.389,7.5841,25.348,6983.112
2,993.808,79.387,7.6768,25.342,6984.521
2,994.008,79.386,7.7154,25.336,6985.928
2,994.208,79.385,7.8048,25.33,6987.336
2,994.408,79.383,7.9286,25.324,6988.743
2,994.608,79.382,7.9693,25.318,6990.149
2,994.808,79.38,8.0312,25.311,6991.556
2,995.008,79.378,8.1358,25.304,6992.962
2,995.208,79.376,8.2871,25.296,6994.367
2,995.408,79.375,8.3262,25.289,6995.772
2,995.608,79.373,8.4341,25.281,6997.177
2,995.808,79.371,8.5553,25.273,6998.581
2,996.008,79.369,8.6813,25.265,6999.985
2,996.208,79.367,8.6941,25.257,7001.389
2,996.408,79.365,8.8801,25.25,7002.792
2,996.608,79.364,8.9586,25.242,7004.194
2,996.808,79.362,8.9741,25.236,7005.596
2,997.008,79.36,9.1099,25.229,7006.998
2,997.208,79.359,9.1901,25.223,7008.4
2,997.408,79.357,9.2504,25.219,7009.801
2,997.608,79.356,9.313,25.215,7011.202
2,997.808,79.355,9.3588,25.212,7012.602
2,998.008,79.355,9.3364,25.21,7014.003
2,998.208,79.354,9.3629,25.21,7015.404
2,998.408,79.354,9.4031,25.211,7016.804
2,998.608,79.355,9.3755,25.213,7018.205
2,998.808,79.355,9.3286,25.217,7019.606
2,999.008,79.356,9.2817,25.222,7021.007
2,999.208,79.357,9.1873,25.229,7022.408
2,999.408,79.359,9.0689,25.237,7023.81
2,999.608,79.36,9.0283,25.246,7025.212
2,999.808,79.362,8.907,25.257,7026.615
2,1000.008,79.365,8.7286,25.269,7028.019
2,1000.208,79.367,8.5344,25.282,7029.423
2,1000.408,79.37,8.381,25.296,7030.828
2,1000.608,79.373,8.2385,25.311,7032.233
2,1000.808,79.376,8.0184,25.326,7033.64
2,1001.008,79.38,7.791,25.342,7035.048
2,1001.208,79.383,7.5706,25.358,7036.456
2,1001.408,79.387,7.363,25.375,7037.865
2,1001.608,79.39,7.1735,25.391,7039.275
2,1001.808,79.394,7.0262,25.407,7040.686
2,1002.008,79.397,6.8119,25.423,7042.098
2,1002.208,79.4,6.588,25.439,7043.511
2,1002.408,79.403,6.3931,25.454,7044.925
2,1002.608,79.407,6.2101,25.468,7046.339
2,1002.808,79.41,5.9867,25.482,7047.755
2,1003.008,79.412,5.8826,25.495,7049.171
2,1003.208,79.415,5.7043,25.507,7050.587
2,1003.408,79.418,5.4965,25.519,7052.005
2,1003.608,79.42,5.3813,25.53,7053.423
2,1003.808,79.422,5.32,25.541,7054.841
2,1004.008,79.424,5.1551,25.551,7056.261
2,1004.208,79.426,4.9998,25.56,7057.68
2,1004.408,79.428,4.8578,25.569,7059.101
2,1004.608,79.43,4.7452,25.577,7060.521
2,1004.808,79.432,4.6392,25.585,7061.942
2,1005.008,79.434,4.5894,25.593,7063.364
2,1005.208,79.435,4.4923,25.601,7064.786
2,1005.408,79.437,4.3646,25.609,7066.209
2,1005.608,79.439,4.2629,25.617,7067.632
2,1005.808,79.44,4.1764,25.624,7069.055
2,1006.008,79.442,4.082,25.632,7070.479
2,1006.208,79.443,3.9307,25.64,7071.903
2,1006.408,79.445,3.8754,25.648,7073.328
2,1006.608,79.447,3.7904,25.657,7074.753
2,1006.808,79.449,3.6948,25.665,7076.178
2,1007.008,79.45,3.5564,25.674,7077.605
2,1007.208,79.452,3.4663,25.682,7079.031
2,1007.408,79.454,3.3808,25.691,7080.458
2,1007.608,79.456,3.3023,25.699,7081.886
2,1007.808,79.458,3.1978,25.707,7083.314
2,1008.008,79.459,3.0455,25.715,7084.742
2,1008.208,79.461,2.9207,25.722,7086.171
2,1008.408,79.462,2.818,25.729,7087.6
2,1008.608,79.464,2.7887,25.735,7089.029
2,1008.808,79.465,2.7349,25.74,7090.459
2,1009.008,79.466,2.6825,25.744,7091.889
2,1009.208,79.467,2.5761,25.748,7093.32
2,1009.408,79.467,2.5397,25.75,7094.75
2,1009.608,79.467,2.56,25.751,7096.181
2,1009.808,79.467,2.5718,25.751,7097.611
2,1010.008,79.467,2.5343,25.749,7099.042
2,1010.208,79.467,2.5692,25.747,7100.472
2,1010.408,79.466,2.6377,25.743,7101.903
2,1010.608,79.465,2.6973,25.738,7103.333
2,1010.808,79.464,2.7543,25.732,7104.763
2,1011.008,79.462,2.8485,25.726,7106.192
2,1011.208,79.461,2.9261,25.718,7107.621
2,1011.408,79.459,3.0297,25.71,7109.049
2,1011.608,79.457,3.1464,25.701,7110.478
2,1011.808,79.455,3.2449,25.692,7111.905
2,1012.008,79.453,3.3437,25.683,7113.332
2,1012.208,79.451,3.4724,25.674,7114.759
2,1012.408,79.449,3.5824,25.666,7116.185
2,1012.608,79.447,3.6663,25.657,7117.611
2,1012.808,79.445,3.7848,25.649,7119.036
2,1013.008,79.443,3.8869,25.642,7120.461
2,1013.208,79.442,3.9911,25.636,7121.885
2,1013.408,79.44,4.0305,25.63,7123.309
2,1013.608,79.439,4.1365,25.626,7124.733
2,1013.808,79.438,4.1853,25.622,7126.156
2,1014.008,79.438,4.2495,25.619,7127.58
2,1014.208,79.437,4.2446,25.618,7129.003
2,1014.408,79.437,4.2651,25.617,7130.426
2,1014.608,79.437,4.2596,25.617,7131.849
2,1014.808,79.437,4.2503,25.618,7133.272
2,1015.008,79.437,4.2012,25.62,7134.696
2,1015.208,79.437,4.2076,25.623,7136.119
2,1015.408,79.438,4.0905,25.626,7137.543
2,1015.608,79.439,4.0907,25.63,7138.967
2,1015.808,79.439,4.0238,25.634,7140.391
2,1016.008,79.44,4.0611,25.639,7141.815
2,1016.208,79.441,3.9433,25.644,7143.239
2,1016.408,79.442,3.8802,25.649,7144.664
2,1016.608,79.443,3.8257,25.654,7146.089
2,1016.808,79.445,3.7263,25.66,7147.515
2,1017.008,79.446,3.7552,25.665,7148.94
2,1017.208,79.447,3.5942,25.67,7150.366
2,1017.408,79.448,3.6026,25.676,7151.793
2,1017.608,79.449,3.4611,25.681,7153.219
2,1017.808,79.45,3.3832,25.686,7154.646
2,1018.008,79.451,3.2877,25.692,7156.073
2,1018.208,79.452,3.257,25.698,7157.501
2,1018.408,79.454,3.204,25.703,7158.928
2,1018.608,79.455,3.1035,25.709,7160.357
2,1018.808,79.456,3.0745,25.715,7161.785
2,1019.008,79.457,2.9891,25.722,7163.214
2,1019.208,79.459,2.8328,25.728,7164.643
2,1019.408,79.46,2.7178,25.736,7166.073
2,1019.608,79.462,2.7148,25.743,7167.503
2,1019.808,79.464,2.6165,25.751,7168.933
2,1020.008,79.465,2.4724,25.76,7170.364
2,1020.208,79.467,2.4006,25.769,7171.795
2,1020.408,79.469,2.3218,25.779,7173.227
2,1020.608,79.471,2.1296,25.789,7174.659
2,1020.808,79.474,1.9821,25.8,7176.092
2,1021.008,79.476,1.8249,25.812,7177.526
2,1021.208,79.479,1.6741,25.824,7178.96
2,1021.408,79.481,1.5454,25.836,7180.395
2,1021.608,79.484,1.382,25.849,7181.831
2,1021.808,79.487,1.2087,25.863,7183.268
2,1022.008,79.49,1.0258,25.88,7184.705
2,1022.208,79.495,0.7449,25.907,7186.143
2,1022.408,79.502,0.2999,25.942,7187.584
2,1022.608,79.508,0.0,25.986,7189.026
2,1022.808,79.509,0.0,26.039,7190.471
2,1023.008,79.509,0.0,26.099,7191.919
2,1023.208,79.509,0.0,26.167,7193.371
2,1023.408,79.509,0.0,26.242,7194.827
2,1023.608,79.509,0.0,26.323,7196.287
2,1023.808,79.509,0.0,26.41,7197.752
2,1024.008,79.509,0.0,26.502,7199.222
2,1024.208,79.509,0.0,26.597,7200.697
2,1024.408,79.509,0.0,26.695,7202.177
2,1024.608,79.509,0.0,26.795,7203.663
2,1024.808,79.509,0.0,26.897,7205.154
2,1025.008,79.509,0.0,26.998,7206.651
2,1025.208,79.509,0.0,27.098,7208.154
2,1025.408,79.509,0.0,27.197,7209.662
2,1025.608,79.509,0.0,27.293,7211.176
2,1025.808,79.509,0.0,27.386,7212.695
2,1026.008,79.508,0.0,27.475,7214.219
2,1026.208,79.508,0.0,27.56,7215.747
2,1026.408,79.508,0.0,27.639,7217.281
2,1026.608,79.508,0.0,27.713,7218.818
2,1026.808,79.508,0.0,27.781,7220.36
2,1027.008,79.508,0.0,27.843,7221.905
2,1027.208,79.509,0.0,27.898,7223.453
2,1027.408,79.508,0.0,27.947,7225.005
2,1027.608,79.509,0.0,27.988,7226.558
2,1027.808,79.508,0.0,28.023,7228.114
2,1028.008,79.508,0.0,28.05,7229.672
2,1028.208,79.508,0.0,28.071,7231.231
2,1028.408,79.508,0.0,28.083,7232.791
2,1028.608,79.508,0.0,28.089,7234.351
2,1028.808,79.508,0.0,28.086,7235.912
2,1029.008,79.508,0.0,28.077,7237.472
2,1029.208,79.508,0.0,28.059,7239.031
2,1029.408,79.508,0.0,28.034,7240.589
2,1029.608,79.508,0.0,28.0,7242.146
2,1029.808,79.508,0.0,27.959,7243.7
2,1030.008,79.508,0.0,27.909,7245.252
2,1030.208,79.508,0.0,27.851,7246.801
2,1030.408,79.508,0.0,27.784,7248.346
2,1030.608,79.508,0.0,27.709,7249.888
2,1030.808,79.508,0.0,27.625,7251.425
2,1031.008,79.508,0.0,27.533,7252.957
2,1031.208,79.508,0.0,27.431,7254.484
2,1031.408,79.508,0.0,27.321,7256.005
2,1031.608,79.508,0.0,27.201,7257.52
2,1031.808,79.508,0.0,27.071,7259.027
2,1032.008,79.508,0.0,26.933,7260.527
2,1032.208,79.508,0.0,26.785,7262.02
2,1032.408,79.508,0.0,26.628,7263.503
2,1032.608,79.508,0.0,26.461,7264.978
2,1032.808,79.508,0.0,26.286,7266.443
2,1033.008,79.508,0.0,26.102,7267.899
2,1033.208,79.508,0.0,25.91,7269.343
2,1033.408,79.475,1.8695,25.741,7270.778
2,1033.608,79.449,3.408,25.645,7272.205
2,1033.808,79.433,4.3387,25.59,7273.628
2,1034.008,79.424,4.8371,25.556,7275.049
2,1034.208,79.417,5.2219,25.533,7276.468
2,1034.408,79.413,5.4046,25.517,7277.886
2,1034.608,79.41,5.6467,25.504,7279.303
2,1034.808,79.407,5.7716,25.493,7280.719
2,1035.008,79.405,5.9267,25.484,7282.135
2,1035.208,79.403,5.9842,25.475,7283.551
2,1035.408,79.401,6.1138,25.467,7284.966
2,1035.608,79.399,6.2039,25.46,7286.381
2,1035.808,79.398,6.2493,25.454,7287.795
2,1036.008,79.396,6.3934,25.448,7289.209
2,1036.208,79.395,6.377,25.442,7290.623
2,1036.408,79.393,6.5186,25.436,7292.036
2,1036.608,79.392,6.6477,25.431,7293.449
2,1036.808,79.391,6.6504,25.426,7294.862
2,1037.008,79.39,6.7216,25.421,7296.274
2,1037.208,79.389,6.757,25.417,7297.686
2,1037.408,79.387,6.8249,25.413,7299.098
2,1037.608,79.386,6.9048,25.408,7300.51
2,1037.808,79.385,6.9628,25.404,7301.921
2,1038.008,79.384,6.9828,25.401,7303.332
2,1038.208,79.384,7.0403,25.397,7304.744
2,1038.408,79.383,7.1014,25.394,7306.154
2,1038.608,79.382,7.141,25.392,7307.565
2,1038.808,79.381,7.1615,25.389,7308.976
2,1039.008,79.381,7.16,25.387,7310.386
2,1039.208,79.38,7.2241,25.385,7311.796
2,1039.408,79.38,7.2109,25.384,7313.207
2,1039.608,79.379,7.2471,25.383,7314.617
2,1039.808,79.379,7.2369,25.382,7316.027
2,1040.008,79.379,7.274,25.382,7317.437
2,1040.208,79.379,7.2952,25.382,7318.847
2,1040.408,79.378,7.2695,25.382,7320.257
2,1040.608,79.378,7.2345,25.383,7321.668
2,1040.808,79.378,7.2332,25.384,7323.078
2,1041.008,79.379,7.2643,25.385,7324.488
2,1041.208,79.379,7.1814,25.387,7325.898
2,1041.408,79.379,7.1646,25.389,7327.309
2,1041.608,79.379,7.1525,25.391,7328.719
2,1041.808,79.38,7.1349,25.393,7330.13
2,1042.008,79.38,7.0787,25.396,7331.541
2,1042.208,79.381,7.0733,25.399,7332.952
2,1042.408,79.381,7.0475,25.402,7334.363
2,1042.608,79.382,6.9777,25.405,7335.774
2,1042.808,79.382,6.9626,25.408,7337.186
2,1043.008,79.383,6.88,25.412,7338.597
2,1043.208,79.384,6.8568,25.416,7340.009
2,1043.408,79.384,6.8511,25.419,7341.421
2,1043.608,79.385,6.7555,25.423,7342.834
2,1043.808,79.386,6.6874,25.427,7344.246
2,1044.008,79.387,6.6597,25.432,7345.659
2,1044.208,79.387,6.5896,25.436,7347.072
2,1044.408,79.388,6.5835,25.441,7348.485
2,1044.608,79.389,6.4733,25.446,7349.899
2,1044.808,79.39,6.4609,25.45,7351.312
3,1045.008,79.391,6.3601,25.455,7352.726
3,1045.208,79.392,6.2858,25.461,7354.141
3,1045.408,79.393,6.2207,25.466,7355.555
3,1045.608,79.394,6.1679,25.471,7356.97
3,1045.808,79.395,6.0933,25.477,7358.386
3,1046.008,79.397,5.987,25.483,7359.801
3,1046.208,79.398,5.9157,25.489,7361.217
3,1046.408,79.399,5.8477,25.496,7362.633
3,1046.608,79.401,5.762,25.503,7364.05
3,1046.808,79.402,5.6567,25.511,7365.467
3,1047.008,79.404,5.5508,25.519,7366.884
3,1047.208,79.405,5.4671,25.527,7368.302
3,1047.408,79.407,5.341,25.535,7369.721
3,1047.608,79.409,5.2778,25.544,7371.14
3,1047.808,79.411,5.1094,25.553,7372.559
3,1048.008,79.413,5.0571,25.563,7373.979
3,1048.208,79.415,4.9502,25.573,7375.399
3,1048.408,79.417,4.8541,25.584,7376.82
3,1048.608,79.419,4.5938,25.595,7378.242
3,1048.808,79.422,4.5049,25.606,7379.664
3,1049.008,79.424,4.3262,25.617,7381.087
3,1049.208,79.427,4.1959,25.629,7382.511
3,1049.408,79.429,4.0691,25.641,7383.935
3,1049.608,79.432,3.8926,25.653,7385.36
3,1049.808,79.434,3.7627,25.665,7386.785
3,1050.008,79.437,3.5867,25.677,7388.211
3,1050.208,79.439,3.4886,25.689,7389.638
3,1050.408,79.442,3.2884,25.701,7391.066
3,1050.608,79.445,3.1546,25.713,7392.494
3,1050.808,79.447,2.9835,25.725,7393.923
3,1051.008,79.45,2.8716,25.737,7395.352
3,1051.208,79.452,2.6845,25.748,7396.782
3,1051.408,79.455,2.5591,25.76,7398.213
3,1051.608,79.457,2.4139,25.771,7399.644
3,1051.808,79.459,2.2668,25.781,7401.076
3,1052.008,79.462,2.1366,25.792,7402.509
3,1052.208,79.464,1.9423,25.802,7403.942
3,1052.408,79.466,1.8801,25.811,7405.376
3,1052.608,79.468,1.702,25.821,7406.81
3,1052.808,79.47,1.647,25.829,7408.245
3,1053.008,79.472,1.5753,25.837,7409.68
3,1053.208,79.473,1.467,25.845,7411.116
3,1053.408,79.475,1.3654,25.852,7412.552
3,1053.608,79.476,1.2676,25.858,7413.988
3,1053.808,79.478,1.2087,25.864,7415.425
3,1054.008,79.479,1.0932,25.869,7416.862
3,1054.208,79.48,1.0688,25.876,7418.299
3,1054.408,79.482,0.977,25.885,7419.737
3,1054.608,79.484,0.8016,25.895,7421.175
3,1054.808,79.486,0.6905,25.907,7422.614
3,1055.008,79.489,0.4898,25.92,7424.054
3,1055.208,79.492,0.3588,25.933,7425.494
3,1055.408,79.498,0.0,25.946,7426.935
3,1055.608,79.498,0.0,25.96,7428.377
3,1055.808,79.499,0.0,25.973,7429.82
3,1056.008,79.499,0.0,25.985,7431.263
3,1056.208,79.499,0.0,25.997,7432.707
3,1056.408,79.499,0.0,26.007,7434.151
3,1056.608,79.499,0.0,26.016,7435.596
3,1056.808,79.499,0.0,26.024,7437.042
3,1057.008,79.499,0.0,26.029,7438.488
3,1057.208,79.499,0.0,26.032,7439.934
3,1057.408,79.499,0.0,26.032,7441.38
3,1057.608,79.499,0.0,26.03,7442.826
3,1057.808,79.499,0.0,26.024,7444.272
3,1058.008,79.499,0.0,26.014,7445.718
3,1058.208,79.499,0.0,26.0,7447.163
3,1058.408,79.499,0.0,25.982,7448.607
3,1058.608,79.499,0.0,25.959,7450.05
3,1058.808,79.499,0.0,25.931,7451.491
3,1059.008,79.489,0.5616,25.897,7452.931
3,1059.208,79.481,1.0213,25.859,7454.368
3,1059.408,79.473,1.4662,25.829,7455.804
3,1059.608,79.468,1.7534,25.809,7457.238
3,1059.808,79.464,1.9847,25.794,7458.672
3,1060.008,79.461,2.1853,25.781,7460.104
3,1060.208,79.458,2.267,25.77,7461.536
3,1060.408,79.456,2.4064,25.759,7462.968
3,1060.608,79.453,2.5864,25.748,7464.398
3,1060.808,79.451,2.7793,25.738,7465.829
3,1061.008,79.449,2.8294,25.727,7467.258
3,1061.208,79.446,2.9514,25.716,7468.687
3,1061.408,79.444,3.1098,25.706,7470.116
3,1061.608,79.441,3.2216,25.695,7471.543
3,1061.808,79.439,3.3899,25.684,7472.971
3,1062.008,79.437,3.5448,25.674,7474.397
3,1062.208,79.434,3.6416,25.663,7475.823
3,1062.408,79.432,3.7515,25.653,7477.249
3,1062.608,79.43,3.8745,25.643,7478.674
3,1062.808,79.427,4.0514,25.633,7480.098
3,1063.008,79.425,4.148,25.624,7481.522
3,1063.208,79.423,4.2712,25.615,7482.945
3,1063.408,79.421,4.4225,25.606,7484.368
3,1063.608,79.419,4.5167,25.597,7485.79
3,1063.808,79.417,4.6363,25.589,7487.212
3,1064.008,79.415,4.7365,25.582,7488.633
3,1064.208,79.414,4.7619,25.575,7490.054
3,1064.408,79.412,4.9104,25.569,7491.475
3,1064.608,79.411,4.9851,25.563,7492.895
3,1064.808,79.409,4.9623,25.558,7494.315
3,1065.008,79.408,5.0767,25.554,7495.735
3,1065.208,79.407,5.0976,25.55,7497.155
3,1065.408,79.407,5.2054,25.547,7498.574
3,1065.608,79.406,5.1785,25.545,7499.993
3,1065.808,79.406,5.1854,25.544,7501.413
3,1066.008,79.405,5.2575,25.544,7502.832
3,1066.208,79.405,5.2749,25.544,7504.251
3,1066.408,79.405,5.2742,25.545,7505.67
3,1066.608,79.406,5.1981,25.547,7507.089
3,1066.808,79.406,5.228,25.55,7508.509
3,1067.008,79.407,5.1097,25.553,7509.928
3,1067.208,79.407,5.0686,25.558,7511.348
3,1067.408,79.408,5.0165,25.563,7512.768
3,1067.608,79.409,4.9223,25.568,7514.188
3,1067.808,79.411,4.859,25.574,7515.609
3,1068.008,79.412,4.8212,25.581,7517.03
3,1068.208,79.413,4.666,25.589,7518.451
3,1068.408,79.415,4.5569,25.596,7519.873
3,1068.608,79.417,4.4761,25.605,7521.295
3,1068.808,79.419,4.3708,25.613,7522.718
3,1069.008,79.42,4.2504,25.623,7524.141
3,1069.208,79.422,4.1536,25.632,7525.565
3,1069.408,79.424,3.991,25.642,7526.989
3,1069.608,79.427,3.9152,25.652,7528.414
3,1069.808,79.429,3.7305,25.662,7529.839
3,1070.008,79.431,3.6584,25.673,7531.265
3,1070.208,79.433,3.5766,25.683,7532.692
3,1070.408,79.435,3.4072,25.694,7534.119
3,1070.608,79.438,3.2389,25.704,7535.547
3,1070.808,79.44,3.0881,25.715,7536.975
3,1071.008,79.442,3.0124,25.726,7538.404
3,1071.208,79.445,2.8289,25.737,7539.833
3,1071.408,79.447,2.7373,25.747,7541.264
3,1071.608,79.449,2.5406,25.758,7542.694
3,1071.808,79.451,2.45,25.768,7544.125
3,1072.008,79.454,2.3364,25.779,7545.557
3,1072.208,79.456,2.1875,25.789,7546.99
3,1072.408,79.458,2.0472,25.799,7548.423
3,1072.608,79.46,1.9377,25.809,7549.856
3,1072.808,79.462,1.7626,25.819,7551.29
3,1073.008,79.465,1.6958,25.829,7552.725
3,1073.208,79.467,1.563,25.838,7554.16
3,1073.408,79.469,1.4202,25.848,7555.596
3,1073.608,79.471,1.3167,25.857,7557.032
3,1073.808,79.473,1.1748,25.867,7558.469
3,1074.008,79.475,1.0405,25.878,7559.906
3,1074.208,79.478,0.8996,25.896,7561.345
3,1074.408,79.483,0.5941,25.919,7562.784
3,1074.608,79.489,0.3143,25.948,7564.225
3,1074.808,79.494,0.0,25.982,7565.667
3,1075.008,79.494,0.0,26.022,7567.112
3,1075.208,79.494,0.0,26.068,7568.558
3,1075.408,79.494,0.0,26.119,7570.008
3,1075.608,79.494,0.0,26.174,7571.461
3,1075.808,79.494,0.0,26.234,7572.916
3,1076.008,79.494,0.0,26.299,7574.376
3,1076.208,79.494,0.0,26.367,7575.839
3,1076.408,79.494,0.0,26.438,7577.305
3,1076.608,79.494,0.0,26.512,7578.776
3,1076.808,79.494,0.0,26.587,7580.251
3,1077.008,79.494,0.0,26.664,7581.73
3,1077.208,79.494,0.0,26.741,7583.214
3,1077.408,79.494,0.0,26.818,7584.701
3,1077.608,79.494,0.0,26.893,7586.193
3,1077.808,79.494,0.0,26.967,7587.69
3,1078.008,79.494,0.0,27.037,7589.19
3,1078.208,79.494,0.0,27.104,7590.694
3,1078.408,79.494,0.0,27.166,7592.201
3,1078.608,79.494,0.0,27.223,7593.712
3,1078.808,79.495,0.0,27.274,7595.226
3,1079.008,79.494,0.0,27.319,7596.742
3,1079.208,79.494,0.0,27.357,7598.261
3,1079.408,79.494,0.0,27.388,7599.782
3,1079.608,79.494,0.0,27.412,7601.304
3,1079.808,79.494,0.0,27.429,7602.828
3,1080.008,79.494,0.0,27.437,7604.352
3,1080.208,79.494,0.0,27.437,7605.876
3,1080.408,79.494,0.0,27.43,7607.4
3,1080.608,79.494,0.0,27.413,7608.923
3,1080.808,79.494,0.0,27.388,7610.446
3,1081.008,79.494,0.0,27.355,7611.966
3,1081.208,79.494,0.0,27.312,7613.485
3,1081.408,79.494,0.0,27.259,7615.001
3,1081.608,79.494,0.0,27.197,7616.514
3,1081.808,79.494,0.0,27.125,7618.023
3,1082.008,79.494,0.0,27.042,7619.527
3,1082.208,79.494,0.0,26.949,7621.027
3,1082.408,79.494,0.0,26.844,7622.522
3,1082.608,79.494,0.0,26.728,7624.01
3,1082.808,79.494,0.0,26.6,7625.491
3,1083.008,79.494,0.0,26.46,7626.965
3,1083.208,79.494,0.0,26.308,7628.431
3,1083.408,79.494,0.0,26.144,7629.888
3,1083.608,79.494,0.0,25.967,7631.336
3,1083.808,79.471,1.3133,25.789,7632.773
3,1084.008,79.442,2.9749,25.677,7634.202
3,1084.208,79.423,4.0559,25.609,7635.627
3,1084.408,79.411,4.7284,25.565,7637.048
3,1084.608,79.403,5.1958,25.532,7638.468
3,1084.808,79.396,5.5784,25.506,7639.885
3,1085.008,79.391,5.8968,25.483,7641.302
3,1085.208,79.386,6.1631,25.462,7642.717
3,1085.408,79.381,6.406,25.442,7644.131
3,1085.608,79.377,6.6589,25.422,7645.544
3,1085.808,79.372,6.921,25.403,7646.956
3,1086.008,79.368,7.2215,25.385,7648.366
3,1086.208,79.364,7.3918,25.366,7649.776
3,1086.408,79.36,7.6308,25.349,7651.185
3,1086.608,79.356,7.8666,25.331,7652.593
3,1086.808,79.352,8.0518,25.314,7653.999
3,1087.008,79.348,8.2582,25.298,7655.405
3,1087.208,79.344,8.4761,25.282,7656.81
3,1087.408,79.341,8.6394,25.267,7658.215
3,1087.608,79.338,8.8918,25.253,7659.618
3,1087.808,79.334,9.0468,25.24,7661.02
3,1088.008,79.331,9.1804,25.227,7662.422
3,1088.208,79.329,9.3226,25.216,7663.823
3,1088.408,79.326,9.5301,25.205,7665.224
3,1088.608,79.324,9.6382,25.195,7666.624
3,1088.808,79.321,9.7468,25.187,7668.024
3,1089.008,79.32,9.8294,25.179,7669.423
3,1089.208,79.318,9.9337,25.173,7670.821
3,1089.408,79.316,9.9939,25.167,7672.22
3,1089.608,79.315,10.0929,25.162,7673.618
3,1089.808,79.314,10.1718,25.158,7675.015
3,1090.008,79.313,10.1629,25.155,7676.413
3,1090.208,79.312,10.2122,25.152,7677.81
3,1090.408,79.311,10.2423,25.15,7679.208
3,1090.608,79.311,10.295,25.148,7680.605
3,1090.808,79.31,10.349,25.147,7682.002
3,1091.008,79.31,10.3156,25.146,7683.399
3,1091.208,79.309,10.3648,25.146,7684.796
3,1091.408,79.309,10.3051,25.146,7686.193
3,1091.608,79.309,10.3585,25.147,7687.59
3,1091.808,79.309,10.3257,25.148,7688.987
3,1092.008,79.309,10.2571,25.149,7690.384
3,1092.208,79.31,10.2455,25.151,7691.781
3,1092.408,79.31,10.2787,25.154,7693.179
3,1092.608,79.31,10.1972,25.157,7694.576
3,1092.808,79.311,10.1403,25.16,7695.974
3,1093.0,79.311,10.0986,25.164,7697.313
3,1093.2,79.312,10.069,25.169,7698.712
3,1093.4,79.313,9.987,25.174,7700.11
3,1093.6,79.314,9.9492,25.18,7701.509
3,1093.8,79.315,9.8658,25.187,7702.908
3,1094.0,79.317,9.781,25.194,7704.307
3,1094.2,79.318,9.6773,25.202,7705.707
3,1094.4,79.32,9.5784,25.21,7707.108
3,1094.6,79.322,9.441,25.219,7708.508
3,1094.8,79.324,9.2892,25.228,7709.91
3,1095.0,79.325,9.2432,25.238,7711.311
3,1095.2,79.327,9.1139,25.248,7712.714
3,1095.4,79.33,8.896,25.259,7714.117
3,1095.6,79.332,8.8703,25.269,7715.52
3,1095.8,79.334,8.6882,25.281,7716.925
3,1096.0,79.336,8.5691,25.292,7718.329
3,1096.2,79.339,8.4077,25.304,7719.735
3,1096.4,79.341,8.2602,25.316,7721.141
3,1096.6,79.344,8.0767,25.329,7722.548
3,1096.8,79.347,7.9379,25.341,7723.955
3,1097.0,79.349,7.7559,25.355,7725.363
3,1097.2,79.352,7.593,25.368,7726.772
3,1097.4,79.355,7.4251,25.382,7728.182
3,1097.6,79.358,7.2887,25.397,7729.593
3,1097.8,79.361,7.0729,25.411,7731.004
3,1098.0,79.364,6.8701,25.426,7732.416
3,1098.2,79.367,6.6947,25.441,7733.829
3,1098.4,79.371,6.479,25.457,7735.243
3,1098.6,79.374,6.2413,25.472,7736.658
3,1098.8,79.377,6.0602,25.488,7738.073
3,1099.0,79.381,5.8779,25.503,7739.49
3,1099.2,79.384,5.6915,25.519,7740.907
3,1099.4,79.387,5.5229,25.534,7742.325
3,1099.6,79.39,5.3002,25.548,7743.744
3,1099.8,79.393,5.1817,25.562,7745.164
3,1100.0,79.396,4.9798,25.576,7746.584
3,1100.2,79.399,4.8481,25.589,7748.005
3,1100.4,79.402,4.6483,25.601,7749.427
3,1100.6,79.404,4.4686,25.613,7750.85
3,1100.8,79.407,4.3057,25.623,7752.273
3,1101.0,79.409,4.2342,25.633,7753.697
3,1101.2,79.411,4.0523,25.642,7755.121
3,1101.4,79.413,3.9445,25.65,7756.546
3,1101.6,79.414,3.8538,25.657,7757.971
3,1101.8,79.416,3.8027,25.664,7759.397
3,1102.0,79.417,3.7548,25.67,7760.823
3,1102.2,79.418,3.6394,25.675,7762.249
3,1102.4,79.419,3.584,25.68,7763.676
3,1102.6,79.42,3.5185,25.684,7765.102
3,1102.8,79.421,3.4669,25.688,7766.529
3,1103.0,79.422,3.4505,25.692,7767.957
3,1103.2,79.422,3.3937,25.695,7769.384
3,1103.4,79.423,3.3769,25.698,7770.812
3,1103.6,79.424,3.2962,25.702,7772.24
3,1103.8,79.424,3.2726,25.705,7773.667
3,1104.0,79.425,3.2383,25.708,7775.096
3,1104.2,79.426,3.2004,25.711,7776.524
3,1104.4,79.426,3.1272,25.715,7777.952
3,1104.6,79.427,3.0685,25.718,7779.381
3,1104.8,79.428,3.0318,25.722,7780.81
3,1105.0,79.428,2.9975,25.726,7782.239
3,1105.2,79.429,2.9978,25.73,7783.668
3,1105.4,79.43,2.8905,25.734,7785.098
3,1105.6,79.431,2.8698,25.738,7786.528
3,1105.8,79.432,2.7657,25.742,7787.958
3,1106.0,79.433,2.763,25.746,7789.388
3,1106.2,79.433,2.7268,25.749,7790.818
3,1106.4,79.434,2.6971,25.752,7792.249
3,1106.6,79.435,2.6404,25.755,7793.68
3,1106.8,79.435,2.5735,25.757,7795.111
3,1107.0,79.435,2.5758,25.757,7796.542
3,1107.2,79.435,2.5962,25.758,7797.973
3,1107.4,79.435,2.5907,25.757,7799.404
3,1107.6,79.435,2.6324,25.755,7800.834
3,1107.8,79.434,2.6511,25.751,7802.265
3,1108.0,79.433,2.6714,25.747,7803.696
3,1108.2,79.432,2.7831,25.742,7805.126
3,1108.4,79.431,2.8184,25.735,7806.556
3,1108.6,79.429,2.9613,25.727,7807.985
3,1108.8,79.427,3.0638,25.718,7809.414
3,1109.0,79.425,3.143,25.708,7810.843
3,1109.2,79.422,3.3039,25.697,7812.271
3,1109.4,79.42,3.4412,25.685,7813.698
3,1109.6,79.417,3.5888,25.673,7815.125
3,1109.8,79.414,3.719,25.661,7816.551
3,1110.0,79.412,3.97,25.648,7817.976
3,1110.2,79.409,4.1145,25.635,7819.4
3,1110.4,79.406,4.2348,25.623,7820.824
3,1110.6,79.403,4.348,25.611,7822.247
3,1110.8,79.4,4.5139,25.599,7823.67
3,1111.0,79.398,4.629,25.588,7825.092
3,1111.2,79.395,4.8285,25.578,7826.513
3,1111.4,79.393,4.9147,25.569,7827.934
3,1111.6,79.391,5.0064,25.561,7829.354
3,1111.8,79.39,5.1518,25.554,7830.774
3,1112.0,79.388,5.1843,25.548,7832.193
3,1112.2,79.387,5.304,25.543,7833.613
3,1112.4,79.386,5.3458,25.54,7835.031
3,1112.6,79.385,5.3306,25.537,7836.45
3,1112.8,79.385,5.382,25.536,7837.869
3,1113.0,79.384,5.3588,25.536,7839.288
3,1113.2,79.384,5.4211,25.537,7840.706
3,1113.4,79.385,5.4047,25.538,7842.125
3,1113.6,79.385,5.3835,25.541,7843.544
3,1113.8,79.385,5.3043,25.543,7844.963
3,1114.0,79.386,5.2759,25.547,7846.382
3,1114.2,79.387,5.2641,25.551,7847.802
3,1114.4,79.387,5.1833,25.555,7849.221
3,1114.6,79.388,5.1425,25.559,7850.641
3,1114.8,79.389,5.0994,25.564,7852.061
3,1115.0,79.39,5.0273,25.569,7853.481
3,1115.2,79.391,4.9845,25.573,7854.902
3,1115.4,79.392,4.9156,25.578,7856.323
3,1115.6,79.393,4.8236,25.582,7857.744
3,1115.8,79.394,4.7995,25.586,7859.165
3,1116.0,79.395,4.7016,25.591,7860.587
3,1116.2,79.395,4.7128,25.595,7862.009
3,1116.4,79.396,4.6439,25.598,7863.431
3,1116.6,79.397,4.6033,25.602,7864.853
3,1116.8,79.398,4.5036,25.606,7866.275
3,1117.0,79.398,4.4696,25.61,7867.698
3,1117.2,79.399,4.4397,25.613,7869.121
3,1117.4,79.4,4.3842,25.617,7870.544
3,1117.6,79.401,4.3531,25.622,7871.967
3,1117.8,79.402,4.2796,25.626,7873.391
3,1118.0,79.403,4.2474,25.631,7874.815
3,1118.2,79.404,4.1825,25.636,7876.239
3,1118.4,79.405,4.1006,25.641,7877.663
3,1118.6,79.406,4.0035,25.647,7879.088
3,1118.8,79.407,3.9612,25.653,7880.513
3,1119.0,79.408,3.9113,25.659,7881.938
3,1119.2,79.409,3.8058,25.665,7883.364
3,1119.4,79.411,3.741,25.671,7884.79
3,1119.6,79.412,3.6234,25.677,7886.216
3,1119.8,79.413,3.5628,25.683,7887.643
3,1120.0,79.414,3.5137,25.688,7889.07
3,1120.2,79.415,3.486,25.693,7890.497
3,1120.4,79.416,3.4053,25.697,7891.924
3,1120.6,79.417,3.3838,25.7,7893.352
3,1120.8,79.417,3.3132,25.702,7894.78
3,1121.0,79.418,3.3142,25.703,7896.208
3,1121.2,79.418,3.3279,25.702,7897.636
3,1121.4,79.417,3.3227,25.7,7899.064
3,1121.6,79.417,3.3642,25.697,7900.491
3,1121.8,79.416,3.4233,25.693,7901.919
3,1122.0,79.414,3.4566,25.686,7903.346
3,1122.2,79.413,3.5671,25.678,7904.773
3,1122.4,79.411,3.6534,25.669,7906.199
3,1122.6,79.409,3.8275,25.658,7907.625
3,1122.8,79.406,3.9665,25.646,7909.05
3,1123.0,79.403,4.0953,25.632,7910.474
3,1123.2,79.4,4.3043,25.617,7911.898
3,1123.4,79.396,4.5304,25.6,7913.321
3,1123.6,79.392,4.722,25.583,7914.742
3,1123.8,79.388,4.914,25.564,7916.163
3,1124.0,79.384,5.2418,25.544,7917.583
3,1124.2,79.379,5.47,25.524,7919.001
3,1124.4,79.375,5.7128,25.503,7920.419
3,1124.6,79.37,6.0357,25.482,7921.835
3,1124.8,79.365,6.2821,25.46,7923.25
3,1125.0,79.36,6.5414,25.438,7924.664
3,1125.2,79.355,6.7652,25.416,7926.077
3,1125.4,79.35,7.1119,25.395,7927.488
3,1125.6,79.345,7.3739,25.374,7928.898
3,1125.8,79.341,7.6279,25.353,7930.307
3,1126.0,79.336,7.8981,25.333,7931.715
3,1126.2,79.332,8.1694,25.314,7933.122
3,1126.4,79.327,8.3658,25.295,7934.528
3,1126.6,79.323,8.6028,25.278,7935.933
3,1126.8,79.319,8.8172,25.261,7937.337
3,1127.0,79.316,9.0015,25.245,7938.74
3,1127.2,79.312,9.2581,25.23,7940.142
3,1127.4,79.309,9.4167,25.216,7941.543
3,1127.6,79.305,9.6189,25.203,7942.943
3,1127.8,79.302,9.7781,25.19,7944.343
3,1128.0,79.299,9.8837,25.177,7945.742
3,1128.2,79.297,10.0936,25.165,7947.141
3,1128.4,79.294,10.2337,25.153,7948.538
3,1128.6,79.291,10.3992,25.142,7949.935
3,1128.8,79.288,10.5356,25.131,7951.332
3,1129.0,79.286,10.6473,25.12,7952.728
3,1129.2,79.283,10.8084,25.11,7954.123
3,1129.4,79.281,10.9062,25.1,7955.518
3,1129.6,79.278,11.0425,25.09,7956.912
3,1129.8,79.276,11.1914,25.081,7958.306
3,1130.0,79.274,11.3199,25.072,7959.699
3,1130.2,79.272,11.4284,25.064,7961.091
3,1130.4,79.27,11.5035,25.056,7962.484
3,1130.6,79.27,11.4455,25.046,7963.875
3,1130.8,79.27,11.4225,25.033,7965.266
3,1131.0,79.27,11.4637,25.018,7966.657
3,1131.2,79.27,11.4651,25.003,7968.046
3,1131.4,79.27,11.4111,24.989,7969.435
3,1131.6,79.27,11.4571,24.976,7970.823
3,1131.8,79.27,11.4275,24.966,7972.21
3,1132.0,79.269,11.4351,24.96,7973.597
3,1132.2,79.269,11.4517,24.96,7974.984
3,1132.4,79.269,11.443,24.965,7976.37
3,1132.6,79.269,11.4355,24.978,7977.758
3,1132.8,79.269,11.4251,25.0,7979.146
3,1133.0,79.268,11.4917,25.03,7980.535
3,1133.2,79.268,11.4673,25.07,7981.927
3,1133.4,79.274,11.1222,25.104,7983.321
3,1133.6,79.28,10.7418,25.131,7984.716
3,1133.8,79.285,10.4349,25.154,7986.113
3,1134.0,79.29,10.183,25.176,7987.511
3,1134.2,79.295,9.8428,25.197,7988.91
3,1134.4,79.299,9.6379,25.219,7990.311
3,1134.6,79.304,9.3562,25.241,7991.713
3,1134.8,79.308,9.047,25.263,7993.115
3,1135.0,79.313,8.7613,25.286,7994.52
3,1135.2,79.318,8.4435,25.31,7995.925
3,1135.4,79.323,8.1776,25.333,7997.332
3,1135.6,79.328,7.8314,25.357,7998.74
3,1135.8,79.334,7.5068,25.382,8000.149
3,1136.0,79.339,7.2256,25.406,8001.56
3,1136.2,79.344,6.9548,25.43,8002.972
3,1136.4,79.349,6.6074,25.454,8004.386
3,1136.6,79.354,6.3128,25.478,8005.8
3,1136.8,79.36,6.0215,25.501,8007.216
3,1137.0,79.364,5.6994,25.524,8008.634
3,1137.2,79.369,5.4694,25.546,8010.052
3,1137.4,79.374,5.1965,25.567,8011.472
3,1137.6,79.378,4.9249,25.587,8012.893
3,1137.8,79.382,4.6965,25.606,8014.315
3,1138.0,79.386,4.4717,25.623,8015.738
3,1138.2,79.39,4.2399,25.64,8017.162
3,1138.4,79.393,4.0289,25.655,8018.587
3,1138.6,79.397,3.893,25.67,8020.013
3,1138.8,79.4,3.6885,25.683,8021.439
3,1139.0,79.402,3.5169,25.695,8022.866
3,1139.2,79.405,3.364,25.706,8024.294
3,1139.4,79.407,3.2405,25.716,8025.723
3,1139.6,79.409,3.1193,25.725,8027.151
3,1139.8,79.411,3.0078,25.734,8028.581
3,1140.0,79.413,2.889,25.741,8030.011
3,1140.2,79.414,2.7518,25.749,8031.441
3,1140.4,79.416,2.7181,25.756,8032.872
3,1140.6,79.417,2.6346,25.762,8034.303
3,1140.8,79.418,2.5404,25.768,8035.734
3,1141.0,79.42,2.4806,25.774,8037.166
3,1141.2,79.421,2.4329,25.779,8038.598
3,1141.4,79.422,2.4166,25.783,8040.03
3,1141.6,79.423,2.2579,25.788,8041.463
3,1141.8,79.423,2.2046,25.791,8042.895
3,1142.0,79.424,2.2279,25.794,8044.328
3,1142.2,79.425,2.1781,25.796,8045.761
3,1142.4,79.425,2.1718,25.797,8047.194
3,1142.6,79.425,2.1432,25.797,8048.628
3,1142.8,79.425,2.1817,25.796,8050.061
3,1143.0,79.424,2.2135,25.794,8051.494
3,1143.2,79.424,2.2047,25.79,8052.927
3,1143.4,79.423,2.2552,25.786,8054.359
3,1143.6,79.422,2.3107,25.781,8055.792
3,1143.8,79.42,2.3621,25.775,8057.224
3,1144.0,79.419,2.4657,25.767,8058.656
3,1144.2,79.417,2.6256,25.759,8060.087
3,1144.4,79.415,2.7049,25.75,8061.518
3,1144.6,79.413,2.7857,25.74,8062.948
3,1144.8,79.411,2.9429,25.73,8064.378
3,1145.0,79.408,3.108,25.719,8065.807
3,1145.2,79.406,3.1998,25.707,8067.235
3,1145.4,79.403,3.4009,25.695,8068.663
3,1145.6,79.4,3.5549,25.683,8070.09
3,1145.8,79.397,3.7211,25.67,8071.517
3,1146.0,79.395,3.8575,25.657,8072.943
3,1146.2,79.392,4.0472,25.644,8074.368
3,1146.4,79.389,4.185,25.631,8075.792
3,1146.6,79.386,4.4143,25.618,8077.216
3,1146.8,79.383,4.565,25.604,8078.638
3,1147.0,79.38,4.6695,25.591,8080.061
3,1147.2,79.377,4.8779,25.577,8081.482
3,1147.4,79.374,5.0243,25.564,8082.902
3,1147.6,79.37,5.2218,25.55,8084.322
3,1147.8,79.367,5.4096,25.537,8085.741
3,1148.0,79.364,5.5651,25.523,8087.16
3,1148.2,79.361,5.7683,25.509,8088.577
3,1148.4,79.358,5.9144,25.496,8089.994
3,1148.6,79.355,6.0787,25.482,8091.41
3,1148.8,79.352,6.2651,25.468,8092.825
3,1149.0,79.349,6.45,25.455,8094.24
3,1149.2,79.346,6.6508,25.441,8095.654
3,1149.4,79.342,6.7886,25.427,8097.067
3,1149.6,79.339,6.9289,25.413,8098.479
3,1149.8,79.336,7.1379,25.4,8099.89
3,1150.0,79.333,7.3027,25.386,8101.301
3,1150.2,79.33,7.4744,25.373,8102.711
3,1150.4,79.327,7.6858,25.36,8104.12
3,1150.6,79.324,7.8424,25.347,8105.529
3,1150.8,79.321,7.9855,25.335,8106.937
3,1151.0,79.318,8.1197,25.323,8108.344
3,1151.2,79.316,8.2408,25.312,8109.751
3,1151.4,79.313,8.4448,25.301,8111.156
3,1151.6,79.311,8.5436,25.291,8112.562
3,1151.8,79.308,8.6342,25.282,8113.967
3,1152.0,79.306,8.7986,25.274,8115.371
3,1152.2,79.304,8.9373,25.266,8116.775
3,1152.4,79.302,9.0173,25.258,8118.178
3,1152.6,79.301,9.0541,25.252,8119.581
3,1152.8,79.299,9.1691,25.246,8120.984
3,1153.0,79.298,9.2096,25.24,8122.386
3,1153.2,79.297,9.2869,25.236,8123.789
3,1153.4,79.295,9.3155,25.232,8125.19
3,1153.6,79.294,9.3513,25.228,8126.592
3,1153.8,79.294,9.4345,25.225,8127.994
3,1154.0,79.293,9.4948,25.222,8129.395
3,1154.2,79.292,9.5159,25.22,8130.796
3,1154.4,79.291,9.5182,25.218,8132.197
3,1154.6,79.291,9.5398,25.216,8133.598
3,1154.8,79.29,9.5559,25.214,8134.999
3,1155.0,79.29,9.6048,25.213,8136.4
3,1155.2,79.289,9.6395,25.212,8137.8
3,1155.4,79.289,9.6256,25.211,8139.201
3,1155.6,79.289,9.6552,25.211,8140.602
3,1155.8,79.288,9.6297,25.21,8142.002
3,1156.0,79.288,9.6244,25.21,8143.403
3,1156.2,79.288,9.6839,25.21,8144.803
3,1156.4,79.288,9.6165,25.211,8146.204
3,1156.6,79.288,9.6827,25.211,8147.604
3,1156.8,79.288,9.6379,25.212,8149.005
3,1157.0,79.288,9.6228,25.214,8150.406
3,1157.2,79.288,9.6072,25.215,8151.807
3,1157.4,79.288,9.5574,25.217,8153.207
3,1157.6,79.288,9.5332,25.219,8154.608
3,1157.8,79.289,9.5334,25.221,8156.01
3,1158.0,79.289,9.5268,25.224,8157.411
3,1158.2,79.29,9.4674,25.227,8158.812
3,1158.4,79.29,9.3754,25.23,8160.214
3,1158.6,79.291,9.3526,25.234,8161.616
3,1158.8,79.292,9.3271,25.238,8163.018
3,1159.0,79.292,9.1892,25.244,8164.42
3,1159.2,79.293,9.162,25.249,8165.822
3,1159.4,79.295,9.1018,25.255,8167.225
3,1159.6,79.296,8.9998,25.262,8168.629
3,1159.8,79.297,8.9381,25.27,8170.032
3,1160.0,79.299,8.8285,25.278,8171.436
3,1160.2,79.301,8.7475,25.287,8172.841
3,1160.4,79.303,8.5978,25.296,8174.246
3,1160.6,79.305,8.4727,25.306,8175.652
3,1160.8,79.307,8.3516,25.317,8177.058
3,1161.0,79.309,8.248,25.328,8178.465
3,1161.2,79.311,8.0785,25.34,8179.872
3,1161.4,79.314,7.9021,25.352,8181.28
3,1161.6,79.316,7.7824,25.364,8182.689
3,1161.8,79.319,7.6102,25.376,8184.098
3,1162.0,79.321,7.4903,25.388,8185.508
3,1162.2,79.324,7.2904,25.4,8186.919
3,1162.4,79.326,7.1572,25.412,8188.331
3,1162.6,79.329,6.9802,25.422,8189.743
3,1162.8,79.331,6.8362,25.433,8191.155
3,1163.0,79.333,6.7344,25.442,8192.569
3,1163.2,79.335,6.6837,25.451,8193.982
3,1163.4,79.337,6.5916,25.459,8195.396
3,1163.6,79.338,6.4529,25.466,8196.811
3,1163.8,79.339,6.3162,25.472,8198.226
3,1164.0,79.341,6.289,25.478,8199.641
3,1164.2,79.341,6.2645,25.482,8201.057
3,1164.4,79.342,6.1925,25.485,8202.473
3,1164.6,79.343,6.1894,25.488,8203.889
3,1164.8,79.343,6.1182,25.49,8205.305
3,1165.0,79.344,6.092,25.492,8206.721
3,1165.2,79.344,6.0979,25.493,8208.137
3,1165.4,79.344,6.071,25.493,8209.553
3,1165.6,79.344,6.0605,25.493,8210.97
3,1165.8,79.343,6.0858,25.493,8212.386
3,1166.0,79.343,6.058,25.493,8213.802
3,1166.2,79.343,6.0732,25.492,8215.218
3,1166.4,79.343,6.0811,25.492,8216.635
3,1166.6,79.343,6.1285,25.491,8218.051
3,1166.8,79.342,6.1532,25.49,8219.467
3,1167.0,79.342,6.1136,25.489,8220.883
3,1167.2,79.342,6.1139,25.487,8222.299
3,1167.4,79.341,6.1633,25.486,8223.715
3,1167.6,79.341,6.1789,25.485,8225.131
3,1167.8,79.34,6.2014,25.483,8226.547
3,1168.0,79.34,6.2061,25.482,8227.962
3,1168.2,79.339,6.2573,25.48,8229.378
3,1168.4,79.339,6.2646,25.478,8230.793
3,1168.6,79.338,6.2776,25.476,8232.209
3,1168.8,79.338,6.3278,25.474,8233.624
3,1169.0,79.337,6.3625,25.472,8235.039
3,1169.2,79.337,6.3729,25.47,8236.454
3,1169.4,79.336,6.3979,25.467,8237.869
3,1169.6,79.335,6.4347,25.465,8239.284
3,1169.8,79.335,6.3875,25.463,8240.699
3,1170.0,79.334,6.4491,25.46,8242.113
3,1170.2,79.333,6.5045,25.458,8243.528
3,1170.4,79.333,6.5368,25.455,8244.942
3,1170.6,79.332,6.5595,25.453,8246.356
3,1170.8,79.331,6.6053,25.45,8247.77
3,1171.0,79.331,6.6142,25.447,8249.184
3,1171.2,79.33,6.68,25.445,8250.597
3,1171.4,79.329,6.6828,25.442,8252.011
3,1171.6,79.329,6.7826,25.439,8253.424
3,1171.8,79.328,6.7753,25.437,8254.838
3,1172.0,79.327,6.8266,25.434,8256.251
3,1172.2,79.326,6.8522,25.431,8257.664
3,1172.4,79.326,6.8465,25.428,8259.076
3,1172.6,79.325,6.9098,25.426,8260.489
3,1172.8,79.324,6.9816,25.423,8261.901
3,1173.0,79.324,7.0144,25.421,8263.314
3,1173.2,79.323,7.0239,25.419,8264.726
3,1173.4,79.323,7.0561,25.417,8266.138
3,1173.6,79.322,7.0232,25.416,8267.55
3,1173.8,79.322,7.0862,25.415,8268.962
3,1174.0,79.321,7.0653,25.414,8270.374
3,1174.2,79.321,7.0525,25.414,8271.786
3,1174.4,79.321,7.0841,25.414,8273.198
3,1174.6,79.321,7.1016,25.415,8274.61
3,1174.8,79.321,7.1152,25.416,8276.022
3,1175.0,79.321,7.076,25.417,8277.434
3,1175.2,79.322,7.0662,25.419,8278.846
3,1175.4,79.322,6.9974,25.422,8280.258
3,1175.6,79.322,7.0328,25.425,8281.67
3,1175.8,79.323,6.9536,25.428,8283.083
3,1176.0,79.323,6.9107,25.431,8284.496
3,1176.2,79.324,6.8648,25.434,8285.909
3,1176.4,79.325,6.804,25.438,8287.322
3,1176.6,79.325,6.7745,25.442,8288.735
3,1176.8,79.326,6.6988,25.446,8290.149
3,1177.0,79.327,6.6201,25.45,8291.562
3,1177.2,79.328,6.5775,25.454,8292.976
3,1177.4,79.329,6.5625,25.459,8294.391
3,1177.6,79.329,6.4724,25.463,8295.805
3,1177.8,79.33,6.3884,25.467,8297.22
3,1178.0,79.331,6.4114,25.472,8298.635
3,1178.2,79.332,6.2847,25.477,8300.05
3,1178.4,79.333,6.2703,25.482,8301.466
3,1178.6,79.334,6.2453,25.487,8302.881
3,1178.8,79.335,6.1239,25.492,8304.298
3,1179.0,79.336,6.1231,25.498,8305.714
3,1179.2,79.337,6.0492,25.504,8307.131
3,1179.4,79.339,5.9357,25.51,8308.548
3,1179.6,79.34,5.8718,25.516,8309.965
3,1179.8,79.341,5.7686,25.523,8311.383
3,1180.0,79.342,5.6754,25.529,8312.801
3,1180.2,79.344,5.6162,25.536,8314.219
3,1180.4,79.345,5.513,25.542,8315.638
3,1180.6,79.347,5.4167,25.549,8317.058
3,1180.8,79.348,5.3571,25.555,8318.477
3,1181.0,79.349,5.2933,25.561,8319.897
3,1181.2,79.35,5.2119,25.567,8321.317
3,1181.4,79.351,5.1385,25.572,8322.738
3,1181.6,79.352,5.0724,25.577,8324.159
3,1181.8,79.353,5.0401,25.581,8325.58
3,1182.0,79.354,5.0252,25.584,8327.001
3,1182.2,79.354,4.9681,25.587,8328.422
3,1182.4,79.355,4.8844,25.588,8329.844
3,1182.6,79.355,4.8813,25.589,8331.265
3,1182.8,79.355,4.911,25.589,8332.687
3,1183.0,79.355,4.8704,25.588,8334.109
3,1183.2,79.354,4.9024,25.587,8335.53
3,1183.4,79.354,4.8872,25.584,8336.952
3,1183.6,79.353,4.9434,25.581,8338.373
3,1183.8,79.352,5.0288,25.577,8339.794
3,1184.0,79.351,5.0288,25.573,8341.215
3,1184.2,79.35,5.1265,25.567,8342.635
3,1184.4,79.349,5.2094,25.562,8344.056
3,1184.6,79.347,5.3124,25.555,8345.475
3,1184.8,79.346,5.3586,25.549,8346.895
3,1185.0,79.344,5.448,25.541,8348.314
3,1185.2,79.342,5.5509,25.534,8349.733
3,1185.4,79.341,5.664,25.526,8351.151
3,1185.6,79.339,5.6948,25.519,8352.569
3,1185.8,79.337,5.8567,25.511,8353.987
3,1186.0,79.335,5.9507,25.503,8355.404
3,1186.2,79.333,6.0531,25.495,8356.82
3,1186.4,79.331,6.1155,25.487,8358.237
3,1186.6,79.33,6.261,25.478,8359.652
3,1186.8,79.328,6.3605,25.47,8361.067
3,1187.0,79.326,6.4659,25.461,8362.482
3,1187.2,79.324,6.5785,25.452,8363.896
3,1187.4,79.321,6.7201,25.444,8365.31
3,1187.6,79.32,6.8112,25.435,8366.724
3,1187.8,79.318,6.9566,25.428,8368.136
3,1188.0,79.316,7.0107,25.42,8369.549
3,1188.2,79.314,7.1156,25.413,8370.961
3,1188.4,79.312,7.2124,25.406,8372.372
3,1188.6,79.311,7.2944,25.4,8373.784
3,1188.8,79.309,7.3863,25.393,8375.195
3,1189.0,79.308,7.434,25.387,8376.605
3,1189.2,79.306,7.4839,25.381,8378.015
3,1189.4,79.305,7.5971,25.376,8379.425
3,1189.6,79.304,7.6785,25.37,8380.835
3,1189.8,79.302,7.724,25.365,8382.244
3,1190.0,79.301,7.7881,25.359,8383.653
3,1190.2,79.3,7.8539,25.354,8385.062
3,1190.4,79.298,7.9603,25.348,8386.47
3,1190.6,79.297,7.9597,25.343,8387.878
3,1190.8,79.295,8.0971,25.337,8389.286
3,1191.0,79.294,8.1875,25.331,8390.694
3,1191.2,79.293,8.2397,25.325,8392.101
3,1191.4,79.291,8.3312,25.319,8393.508
3,1191.6,79.29,8.362,25.313,8394.914
3,1191.8,79.288,8.4836,25.306,8396.32
3,1192.0,79.287,8.5555,25.3,8397.726
3,1192.2,79.285,8.6012,25.294,8399.131
3,1192.4,79.284,8.6819,25.289,8400.536
3,1192.6,79.282,8.7621,25.283,8401.941
3,1192.8,79.281,8.8474,25.278,8403.346
3,1193.0,79.28,8.9239,25.273,8404.75
3,1193.2,79.278,8.9976,25.269,8406.154
3,1193.4,79.277,9.0091,25.265,8407.557
3,1193.6,79.277,9.0526,25.262,8408.961
3,1193.8,79.276,9.1006,25.259,8410.364
3,1194.0,79.275,9.1004,25.258,8411.768
3,1194.2,79.275,9.1137,25.256,8413.171
3,1194.4,79.274,9.1555,25.255,8414.574
3,1194.6,79.274,9.1768,25.255,8415.977
3,1194.8,79.274,9.1623,25.256,8417.38
3,1195.0,79.274,9.156,25.257,8418.783
3,1195.2,79.274,9.1674,25.258,8420.186
3,1195.4,79.274,9.139,25.26,8421.59
3,1195.6,79.274,9.1112,25.262,8422.993
3,1195.8,79.275,9.0692,25.264,8424.396
3,1196.0,79.275,9.0442,25.266,8425.8
3,1196.2,79.275,8.983,25.268,8427.204
3,1196.4,79.276,8.9885,25.27,8428.608
3,1196.6,79.276,8.9199,25.272,8430.012
3,1196.8,79.276,8.9422,25.274,8431.416
3,1197.0,79.276,8.9172,25.275,8432.82
3,1197.2,79.276,8.8813,25.276,8434.224
3,1197.4,79.276,8.9089,25.277,8435.628
3,1197.6,79.276,8.8953,25.277,8437.032
3,1197.8,79.276,8.8835,25.277,8438.437
3,1198.0,79.276,8.8732,25.276,8439.841
3,1198.2,79.275,8.8997,25.275,8441.245
3,1198.4,79.275,8.8935,25.274,8442.649
3,1198.6,79.275,8.9991,25.273,8444.053
3,1198.8,79.274,8.9603,25.271,8445.457
3,1199.0,79.274,8.9967,25.27,8446.861
3,1199.2,79.273,9.0143,25.268,8448.265
3,1199.4,79.273,9.0745,25.267,8449.669
3,1199.6,79.272,9.0618,25.267,8451.073
3,1199.8,79.272,9.0272,25.266,8452.476
3,1200.0,79.272,9.0194,25.267,8453.88
3,1200.2,79.272,9.0082,25.267,8455.284
3,1200.4,79.272,9.02,25.269,8456.687
3,1200.6,79.272,8.9838,25.271,8458.091
3,1200.8,79.273,8.9486,25.274,8459.495
3,1201.0,79.273,8.8964,25.278,8460.9
3,1201.2,79.274,8.8803,25.283,8462.304
3,1201.4,79.275,8.8272,25.287,8463.709
3,1201.6,79.276,8.7682,25.293,8465.114
3,1201.8,79.277,8.665,25.298,8466.519
3,1202.0,79.278,8.6272,25.304,8467.925
3,1202.2,79.279,8.5332,25.31,8469.331
3,1202.4,79.28,8.4307,25.315,8470.737
3,1202.6,79.281,8.4053,25.321,8472.143
3,1202.8,79.282,8.3477,25.326,8473.55
3,1203.0,79.283,8.3148,25.33,8474.957
3,1203.2,79.284,8.2279,25.334,8476.365
3,1203.4,79.285,8.1934,25.337,8477.772
3,1203.6,79.285,8.1141,25.339,8479.18
3,1203.8,79.286,8.1397,25.341,8480.588
3,1204.0,79.286,8.1007,25.342,8481.996
3,1204.2,79.286,8.0498,25.342,8483.404
3,1204.4,79.285,8.1024,25.342,8484.811
3,1204.6,79.285,8.0708,25.34,8486.219
3,1204.8,79.284,8.0983,25.338,8487.627
3,1205.0,79.284,8.1589,25.335,8489.035
3,1205.2,79.283,8.1927,25.331,8490.442
3,1205.4,79.282,8.2845,25.327,8491.849
3,1205.6,79.281,8.2957,25.322,8493.256
3,1205.8,79.279,8.3648,25.317,8494.663
3,1206.0,79.278,8.4529,25.312,8496.069
3,1206.2,79.277,8.4969,25.306,8497.475
3,1206.4,79.275,8.6121,25.3,8498.881
3,1206.6,79.274,8.6818,25.294,8500.286
3,1206.8,79.272,8.7847,25.289,8501.691
3,1207.0,79.271,8.7928,25.284,8503.096
3,1207.2,79.27,8.8795,25.279,8504.501
3,1207.4,79.269,8.9031,25.275,8505.905
3,1207.6,79.268,9.0001,25.271,8507.309
3,1207.8,79.267,9.0271,25.268,8508.713
3,1208.0,79.266,9.0429,25.266,8510.117
3,1208.2,79.266,9.1027,25.265,8511.52
3,1208.4,79.265,9.0692,25.265,8512.924
3,1208.6,79.265,9.0691,25.266,8514.327
3,1208.8,79.265,9.0547,25.267,8515.731
3,1209.0,79.266,9.016,25.269,8517.135
3,1209.2,79.266,9.0298,25.272,8518.539
3,1209.4,79.267,8.9821,25.276,8519.943
3,1209.6,79.267,8.8924,25.28,8521.347
3,1209.8,79.268,8.8785,25.284,8522.752
3,1210.0,79.269,8.8024,25.289,8524.157
3,1210.2,79.27,8.7461,25.294,8525.562
3,1210.4,79.271,8.6874,25.298,8526.967
3,1210.6,79.272,8.6358,25.303,8528.373
3,1210.8,79.272,8.5959,25.307,8529.778
3,1211.0,79.273,8.5157,25.311,8531.184
3,1211.2,79.274,8.4841,25.314,8532.591
3,1211.4,79.274,8.4486,25.317,8533.997
3,1211.6,79.275,8.4617,25.319,8535.404
3,1211.8,79.275,8.3761,25.32,8536.81
3,1212.0,79.275,8.4012,25.321,8538.217
3,1212.2,79.275,8.349,25.322,8539.624
3,1212.4,79.275,8.3483,25.322,8541.031
3,1212.6,79.275,8.4002,25.321,8542.437
3,1212.8,79.274,8.3701,25.32,8543.844
3,1213.0,79.274,8.3632,25.319,8545.251
3,1213.2,79.273,8.4119,25.318,8546.657
3,1213.4,79.273,8.4127,25.316,8548.064
3,1213.6,79.273,8.503,25.315,8549.47
3,1213.8,79.272,8.4504,25.314,8550.876
3,1214.0,79.272,8.4972,25.313,8552.283
3,1214.2,79.271,8.5158,25.312,8553.689
3,1214.4,79.271,8.5501,25.311,8555.095
3,1214.6,79.271,8.5475,25.311,8556.501
3,1214.8,79.271,8.5257,25.312,8557.908
3,1215.0,79.271,8.5244,25.313,8559.314
3,1215.2,79.271,8.4802,25.314,8560.72
3,1215.4,79.271,8.4677,25.316,8562.126
3,1215.6,79.271,8.455,25.318,8563.533
3,1215.8,79.272,8.4234,25.321,8564.94
3,1216.0,79.272,8.388,25.324,8566.346
3,1216.2,79.273,8.3605,25.327,8567.753
3,1216.4,79.274,8.2846,25.331,8569.161
3,1216.6,79.274,8.2469,25.335,8570.568
3,1216.8,79.275,8.2091,25.34,8571.976
3,1217.0,79.276,8.1205,25.344,8573.384
3,1217.2,79.277,8.0284,25.349,8574.792
3,1217.4,79.278,8.0167,25.354,8576.2
3,1217.6,79.279,7.9123,25.359,8577.609
3,1217.8,79.28,7.9113,25.364,8579.018
3,1218.0,79.281,7.8466,25.369,8580.427
3,1218.2,79.282,7.7187,25.374,8581.837
3,1218.4,79.282,7.6647,25.379,8583.246
3,1218.6,79.283,7.5927,25.383,8584.656
3,1218.8,79.284,7.6184,25.387,8586.067
3,1219.0,79.285,7.5282,25.391,8587.477
3,1219.2,79.286,7.5089,25.395,8588.888
3,1219.4,79.286,7.4255,25.398,8590.299
3,1219.6,79.287,7.4119,25.401,8591.71
3,1219.8,79.287,7.3974,25.403,8593.121
3,1220.0,79.288,7.3738,25.405,8594.533
3,1220.2,79.288,7.2786,25.407,8595.944
3,1220.4,79.288,7.2892,25.408,8597.355
3,1220.6,79.288,7.3305,25.409,8598.767
3,1220.8,79.288,7.2893,25.409,8600.179
3,1221.0,79.288,7.3551,25.409,8601.59
3,1221.2,79.288,7.3189,25.409,8603.002
3,1221.4,79.287,7.2947,25.408,8604.413
3,1221.6,79.287,7.322,25.407,8605.825
3,1221.8,79.287,7.2647,25.406,8607.236
3,1222.0,79.287,7.29,25.405,8608.648
3,1222.2,79.286,7.3021,25.404,8610.059
3,1222.4,79.286,7.3524,25.403,8611.471
3,1222.6,79.285,7.3637,25.402,8612.882
3,1222.8,79.285,7.3686,25.401,8614.293
3,1223.0,79.285,7.4329,25.401,8615.704
3,1223.2,79.285,7.3957,25.4,8617.115
3,1223.4,79.284,7.4302,25.399,8618.526
3,1223.6,79.284,7.4282,25.399,8619.937
3,1223.8,79.284,7.3685,25.398,8621.349
3,1224.0,79.284,7.391,25.398,8622.76
3,1224.2,79.283,7.3976,25.398,8624.171
3,1224.4,79.283,7.4019,25.397,8625.581
3,1224.6,79.283,7.4281,25.397,8626.992
3,1224.8,79.283,7.4504,25.396,8628.403
3,1225.0,79.282,7.4847,25.396,8629.814
3,1225.2,79.282,7.4677,25.395,8631.225
3,1225.4,79.282,7.5142,25.394,8632.636
3,1225.6,79.281,7.5255,25.393,8634.047
3,1225.8,79.281,7.4801,25.392,8635.457
3,1226.0,79.281,7.5208,25.39,8636.868
3,1226.2,79.28,7.5383,25.389,8638.278
3,1226.4,79.28,7.5475,25.387,8639.689
3,1226.6,79.279,7.5577,25.385,8641.099
3,1226.8,79.279,7.6509,25.383,8642.509
3,1227.0,79.278,7.6775,25.381,8643.92
3,1227.2,79.277,7.6757,25.379,8645.33
3,1227.4,79.277,7.6389,25.376,8646.739
3,1227.6,79.276,7.7308,25.374,8648.149
3,1227.8,79.275,7.7796,25.371,8649.559
3,1228.0,79.275,7.7999,25.369,8650.968
3,1228.2,79.274,7.8512,25.366,8652.378
3,1228.4,79.273,7.8966,25.363,8653.787
3,1228.6,79.272,7.9393,25.361,8655.196
3,1228.8,79.272,7.9467,25.358,8656.605
3,1229.0,79.271,7.967,25.355,8658.013
3,1229.2,79.27,8.0148,25.352,8659.422
3,1229.4,79.269,8.0841,25.349,8660.83
3,1229.6,79.268,8.137,25.346,8662.238
3,1229.8,79.268,8.1253,25.343,8663.646
3,1230.0,79.267,8.1557,25.34,8665.054
3,1230.2,79.266,8.2144,25.336,8666.462
3,1230.4,79.265,8.2235,25.333,8667.869
3,1230.6,79.264,8.2666,25.33,8669.277
3,1230.8,79.263,8.3345,25.327,8670.684
3,1231.0,79.263,8.3619,25.324,8672.091
3,1231.2,79.262,8.4377,25.321,8673.497
3,1231.4,79.261,8.4399,25.318,8674.904
3,1231.6,79.26,8.4903,25.315,8676.311
3,1231.8,79.259,8.5287,25.312,8677.717
3,1232.0,79.259,8.5813,25.309,8679.123
3,1232.2,79.258,8.5924,25.307,8680.529
3,1232.4,79.257,8.6313,25.305,8681.935
3,1232.6,79.257,8.692,25.303,8683.341
3,1232.8,79.256,8.7056,25.301,8684.746
3,1233.0,79.255,8.7114,25.299,8686.152
3,1233.2,79.255,8.7551,25.297,8687.557
3,1233.4,79.254,8.787,25.296,8688.963
3,1233.6,79.254,8.7685,25.295,8690.368
3,1233.8,79.254,8.7924,25.294,8691.773
3,1234.0,79.253,8.7855,25.294,8693.178
3,1234.2,79.253,8.7752,25.294,8694.584
3,1234.4,79.253,8.7904,25.294,8695.989
3,1234.6,79.253,8.7805,25.295,8697.394
3,1234.8,79.253,8.7739,25.296,8698.8
3,1235.0,79.253,8.7462,25.298,8700.205
3,1235.2,79.254,8.7064,25.3,8701.61
3,1235.4,79.254,8.7025,25.302,8703.016
3,1235.6,79.254,8.6468,25.305,8704.422
3,1235.8,79.255,8.5755,25.309,8705.828
3,1236.0,79.256,8.5747,25.313,8707.234
3,1236.2,79.256,8.5284,25.317,8708.64
3,1236.4,79.257,8.4449,25.322,8710.047
3,1236.6,79.258,8.37,25.328,8711.454
3,1236.8,79.259,8.3126,25.334,8712.861
3,1237.0,79.261,8.2696,25.34,8714.269
3,1237.2,79.262,8.1607,25.347,8715.677
3,1237.4,79.263,8.0469,25.354,8717.085
3,1237.6,79.265,8.008,25.361,8718.494
3,1237.8,79.266,7.901,25.368,8719.903
3,1238.0,79.268,7.7878,25.376,8721.312
3,1238.2,79.269,7.6965,25.384,8722.722
3,1238.4,79.271,7.6131,25.391,8724.133
3,1238.6,79.272,7.5133,25.399,8725.544
3,1238.8,79.274,7.3928,25.406,8726.955
3,1239.0,79.275,7.3829,25.414,8728.367
3,1239.2,79.277,7.2159,25.421,8729.779
3,1239.4,79.278,7.0791,25.428,8731.191
3,1239.6,79.28,7.0705,25.434,8732.604
3,1239.8,79.281,6.9668,25.44,8734.017
3,1240.0,79.282,6.911,25.446,8735.431
3,1240.2,79.283,6.856,25.451,8736.845
3,1240.4,79.284,6.7699,25.456,8738.259
3,1240.6,79.285,6.7182,25.461,8739.673
3,1240.8,79.286,6.6497,25.465,8741.088
3,1241.0,79.287,6.628,25.469,8742.502
3,1241.2,79.287,6.5474,25.473,8743.917
3,1241.4,79.288,6.5061,25.476,8745.333
3,1241.6,79.289,6.4501,25.479,8746.748
3,1241.8,79.289,6.4058,25.483,8748.164
3,1242.0,79.29,6.4238,25.486,8749.58
3,1242.2,79.29,6.3596,25.489,8750.996
3,1242.4,79.291,6.2804,25.492,8752.412
3,1242.6,79.292,6.2579,25.495,8753.828
3,1242.8,79.292,6.1976,25.499,8755.244
3,1243.0,79.293,6.1913,25.503,8756.661
3,1243.2,79.294,6.1471,25.507,8758.078
3,1243.4,79.295,6.0619,25.511,8759.495
3,1243.6,79.296,5.9746,25.516,8760.913
3,1243.8,79.297,5.9524,25.521,8762.33
3,1244.0,79.298,5.8865,25.527,8763.748
3,1244.2,79.299,5.8269,25.533,8765.167
3,1244.4,79.3,5.7403,25.539,8766.585
3,1244.6,79.301,5.6653,25.546,8768.005
3,1244.8,79.303,5.5686,25.553,8769.424
3,1245.0,79.304,5.5137,25.56,8770.844
3,1245.2,79.306,5.3988,25.567,8772.264
3,1245.4,79.307,5.2982,25.574,8773.684
3,1245.6,79.309,5.2153,25.582,8775.105
3,1245.8,79.31,5.109,25.589,8776.527
3,1246.0,79.312,4.9936,25.597,8777.949
3,1246.2,79.313,4.882,25.604,8779.371
3,1246.4,79.315,4.8552,25.611,8780.794
3,1246.6,79.316,4.7124,25.617,8782.217
3,1246.8,79.318,4.7297,25.624,8783.64
3,1247.0,79.319,4.6179,25.63,8785.064
3,1247.2,79.32,4.47,25.635,8786.488
3,1247.4,79.321,4.41,25.64,8787.912
3,1247.6,79.322,4.3544,25.645,8789.337
3,1247.8,79.323,4.3108,25.649,8790.761
3,1248.0,79.324,4.2697,25.653,8792.187
3,1248.2,79.325,4.2157,25.656,8793.612
3,1248.4,79.325,4.164,25.659,8795.037
3,1248.6,79.326,4.2015,25.662,8796.463
3,1248.8,79.326,4.0886,25.664,8797.889
3,1249.0,79.327,4.0954,25.666,8799.314
3,1249.2,79.327,4.0662,25.668,8800.74
3,1249.4,79.327,4.0321,25.67,8802.166
3,1249.6,79.327,4.018,25.671,8803.593
3,1249.8,79.328,3.9652,25.673,8805.019
3,1250.0,79.328,4.0029,25.674,8806.445
3,1250.2,79.328,3.9806,25.676,8807.872
3,1250.4,79.328,3.9856,25.677,8809.298
3,1250.6,79.329,3.969,25.679,8810.725
3,1250.8,79.329,3.9246,25.68,8812.151
3,1251.0,79.329,3.8523,25.682,8813.578
3,1251.2,79.33,3.8786,25.683,8815.005
3,1251.4,79.33,3.8687,25.685,8816.432
3,1251.6,79.33,3.8644,25.687,8817.859
3,1251.8,79.33,3.8568,25.688,8819.286
3,1252.0,79.331,3.8128,25.69,8820.713
3,1252.2,79.331,3.7646,25.691,8822.14
3,1252.4,79.331,3.7421,25.692,8823.567
3,1252.6,79.331,3.7825,25.693,8824.995
3,1252.8,79.331,3.7264,25.694,8826.422
3,1253.0,79.331,3.7351,25.694,8827.85
3,1253.2,79.331,3.7371,25.694,8829.277
3,1253.4,79.331,3.7456,25.694,8830.705
3,1253.6,79.331,3.731,25.694,8832.132
3,1253.8,79.331,3.7433,25.693,8833.559
3,1254.0,79.331,3.7828,25.691,8834.987
3,1254.2,79.33,3.777,25.69,8836.414
3,1254.4,79.33,3.8009,25.688,8837.841
3,1254.6,79.329,3.833,25.685,8839.268
3,1254.8,79.328,3.8755,25.682,8840.695
3,1255.0,79.328,3.9358,25.679,8842.122
3,1255.2,79.327,4.0103,25.675,8843.548
3,1255.4,79.326,4.0206,25.671,8844.975
3,1255.6,79.325,4.0718,25.666,8846.401
3,1255.8,79.324,4.1558,25.661,8847.826
3,1256.0,79.322,4.1894,25.656,8849.252
3,1256.2,79.321,4.2693,25.651,8850.677
3,1256.4,79.32,4.3777,25.645,8852.102
3,1256.6,79.319,4.388,25.639,8853.526
3,1256.8,79.317,4.4827,25.633,8854.951
3,1257.0,79.316,4.5894,25.627,8856.375
3,1257.2,79.314,4.6602,25.62,8857.798
3,1257.4,79.313,4.6842,25.614,8859.221
3,1257.6,79.311,4.8349,25.607,8860.644
3,1257.8,79.31,4.9087,25.6,8862.066
3,1258.0,79.308,4.9809,25.593,8863.489
3,1258.2,79.306,5.0697,25.586,8864.91
3,1258.4,79.305,5.1609,25.579,8866.331
3,1258.6,79.303,5.2581,25.572,8867.752
3,1258.8,79.301,5.3569,25.564,8869.173
3,1259.0,79.299,5.4665,25.556,8870.593
3,1259.2,79.298,5.5493,25.548,8872.012
3,1259.4,79.296,5.6309,25.54,8873.431
3,1259.6,79.294,5.7643,25.532,8874.85
3,1259.8,79.292,5.9194,25.523,8876.268
3,1260.0,79.29,5.994,25.515,8877.686
3,1260.2,79.288,6.0637,25.505,8879.103
3,1260.4,79.286,6.2494,25.496,8880.52
3,1260.6,79.283,6.2993,25.487,8881.936
3,1260.8,79.281,6.4275,25.477,8883.352
3,1261.0,79.279,6.6026,25.467,8884.767
3,1261.2,79.277,6.6847,25.457,8886.181
3,1261.4,79.274,6.8216,25.447,8887.595
3,1261.6,79.272,6.9557,25.437,8889.009
3,1261.8,79.27,7.0434,25.428,8890.422
3,1262.0,79.267,7.2085,25.418,8891.834
3,1262.2,79.265,7.3036,25.409,8893.246
3,1262.4,79.263,7.4177,25.4,8894.657
3,1262.6,79.261,7.5576,25.392,8896.068
3,1262.8,79.259,7.6438,25.384,8897.479
3,1263.0,79.257,7.7512,25.377,8898.889
3,1263.2,79.256,7.8552,25.37,8900.298
3,1263.4,79.254,7.9226,25.364,8901.708
3,1263.6,79.253,7.9795,25.359,8903.117
3,1263.8,79.252,8.0987,25.355,8904.525
3,1264.0,79.251,8.0785,25.351,8905.934
3,1264.2,79.25,8.139,25.348,8907.342
3,1264.4,79.249,8.231,25.346,8908.75
3,1264.6,79.248,8.1888,25.344,8910.158
3,1264.8,79.248,8.2255,25.342,8911.566
3,1265.0,79.248,8.2289,25.342,8912.974
3,1265.2,79.247,8.2816,25.341,8914.382
3,1265.4,79.247,8.2445,25.341,8915.79
3,1265.6,79.247,8.2722,25.341,8917.198
3,1265.8,79.247,8.2867,25.341,8918.606
3,1266.0,79.247,8.2397,25.341,8920.013
3,1266.2,79.247,8.2671,25.341,8921.421
3,1266.4,79.246,8.2505,25.341,8922.829
3,1266.6,79.246,8.2649,25.341,8924.237
3,1266.8,79.246,8.2674,25.34,8925.645
3,1267.0,79.246,8.2717,25.339,8927.053
3,1267.2,79.245,8.2749,25.337,8928.46
3,1267.4,79.245,8.3225,25.335,8929.868
3,1267.6,79.244,8.324,25.333,8931.275
3,1267.8,79.243,8.4118,25.33,8932.683
3,1268.0,79.242,8.3991,25.326,8934.09
3,1268.2,79.241,8.4745,25.322,8935.497
3,1268.4,79.24,8.5101,25.318,8936.903
3,1268.6,79.239,8.5899,25.313,8938.31
3,1268.8,79.238,8.621,25.308,8939.716
3,1269.0,79.236,8.7495,25.302,8941.122
3,1269.2,79.235,8.7802,25.297,8942.527
3,1269.4,79.234,8.8723,25.291,8943.932
3,1269.6,79.232,8.9219,25.286,8945.337
3,1269.8,79.231,9.0008,25.281,8946.742
3,1270.0,79.23,9.0138,25.275,8948.146
3,1270.2,79.228,9.1045,25.271,8949.55
3,1270.4,79.227,9.1439,25.266,8950.954
3,1270.6,79.226,9.1997,25.263,8952.358
3,1270.8,79.225,9.2599,25.259,8953.761
3,1271.0,79.224,9.3242,25.257,8955.164
3,1271.2,79.224,9.3522,25.255,8956.567
3,1271.4,79.223,9.3769,25.254,8957.97
3,1271.6,79.223,9.4022,25.253,8959.373
3,1271.8,79.223,9.3967,25.253,8960.776
3,1272.0,79.223,9.3719,25.254,8962.179
3,1272.2,79.223,9.3912,25.256,8963.582
3,1272.4,79.223,9.3756,25.258,8964.986
3,1272.6,79.223,9.2442,25.26,8966.389
3,1272.8,79.224,9.2736,25.263,8967.792
3,1273.0,79.224,9.2459,25.266,8969.196
3,1273.2,79.225,9.2144,25.27,8970.6
3,1273.4,79.226,9.1541,25.274,8972.004
3,1273.6,79.226,9.102,25.278,8973.408
3,1273.8,79.227,9.0833,25.282,8974.812
3,1274.0,79.228,8.9725,25.286,8976.217
3,1274.2,79.228,8.9773,25.29,8977.622
3,1274.4,79.229,8.8893,25.293,8979.027
3,1274.6,79.23,8.8234,25.297,8980.432
3,1274.8,79.23,8.8017,25.3,8981.838
3,1275.0,79.231,8.7767,25.303,8983.243
3,1275.2,79.231,8.7355,25.305,8984.649
3,1275.4,79.231,8.7232,25.307,8986.055
3,1275.6,79.232,8.7347,25.308,8987.461
3,1275.8,79.232,8.7161,25.309,8988.867
3,1276.0,79.232,8.6682,25.309,8990.273
3,1276.2,79.232,8.7052,25.309,8991.679
3,1276.4,79.231,8.6627,25.308,8993.085
3,1276.6,79.231,8.7122,25.307,8994.491
3,1276.8,79.231,8.7138,25.306,8995.897
3,1277.0,79.23,8.7045,25.304,8997.303
3,1277.2,79.23,8.7784,25.302,8998.708
3,1277.4,79.229,8.8141,25.301,9000.114
3,1277.6,79.228,8.7835,25.299,9001.52
3,1277.8,79.228,8.8352,25.297,9002.925
3,1278.0,79.227,8.8721,25.295,9004.33
3,1278.2,79.227,8.9355,25.293,9005.736
3,1278.4,79.226,8.9278,25.292,9007.141
3,1278.6,79.226,8.9345,25.291,9008.546
3,1278.8,79.226,8.88,25.291,9009.951
3,1279.0,79.225,8.9476,25.291,9011.356
3,1279.2,79.225,8.944,25.292,9012.761
3,1279.4,79.225,8.9549,25.293,9014.166
3,1279.6,79.226,8.9087,25.295,9015.571
3,1279.8,79.226,8.8768,25.297,9016.977
3,1280.0,79.226,8.8106,25.3,9018.382
3,1280.2,79.227,8.7955,25.304,9019.788
3,1280.4,79.228,8.7939,25.308,9021.194
3,1280.6,79.228,8.6886,25.312,9022.6
3,1280.8,79.229,8.6882,25.316,9024.006
3,1281.0,79.23,8.6224,25.321,9025.413
3,1281.2,79.231,8.4944,25.326,9026.82
3,1281.4,79.232,8.4129,25.331,9028.227
3,1281.6,79.233,8.3279,25.337,9029.634
3,1281.8,79.234,8.3246,25.342,9031.042
3,1282.0,79.235,8.2354,25.347,9032.45
3,1282.2,79.236,8.2041,25.352,9033.858
3,1282.4,79.237,8.1282,25.358,9035.267
3,1282.6,79.238,8.0907,25.363,9036.676
3,1282.8,79.239,8.0111,25.368,9038.085
3,1283.0,79.24,7.9141,25.374,9039.494
3,1283.2,79.241,7.8861,25.379,9040.904
3,1283.4,79.242,7.7794,25.385,9042.314
3,1283.6,79.243,7.6869,25.391,9043.725
3,1283.8,79.245,7.6804,25.398,9045.136
3,1284.0,79.246,7.5246,25.405,9046.547
3,1284.2,79.248,7.4641,25.412,9047.958
3,1284.4,79.249,7.3594,25.421,9049.37
3,1284.6,79.251,7.2487,25.429,9050.783
3,1284.8,79.253,7.1695,25.438,9052.196
3,1285.0,79.255,7.0018,25.448,9053.609
3,1285.2,79.257,6.8666,25.458,9055.023
3,1285.4,79.259,6.7714,25.469,9056.438
3,1285.6,79.261,6.6287,25.48,9057.853
3,1285.8,79.264,6.4722,25.492,9059.269
3,1286.0,79.266,6.2864,25.504,9060.686
3,1286.2,79.269,6.1631,25.516,9062.103
3,1286.4,79.271,6.0365,25.528,9063.521
3,1286.6,79.274,5.8343,25.541,9064.939
3,1286.8,79.277,5.7126,25.553,9066.359
3,1287.0,79.279,5.5327,25.566,9067.779
3,1287.2,79.282,5.3748,25.578,9069.199
3,1287.4,79.285,5.1633,25.59,9070.621
3,1287.6,79.287,5.0306,25.603,9072.043
3,1287.8,79.29,4.8962,25.614,9073.465
3,1288.0,79.292,4.7712,25.626,9074.889
3,1288.2,79.295,4.5812,25.638,9076.313
3,1288.4,79.297,4.4731,25.649,9077.737
3,1288.6,79.3,4.3542,25.661,9079.163
3,1288.8,79.302,4.1258,25.672,9080.589
3,1289.0,79.304,4.0205,25.683,9082.015
3,1289.2,79.307,3.8774,25.694,9083.442
3,1289.4,79.309,3.7442,25.704,9084.87
3,1289.6,79.311,3.5801,25.715,9086.298
3,1289.8,79.314,3.4808,25.726,9087.727
3,1290.0,79.316,3.3487,25.736,9089.157
3,1290.2,79.318,3.2399,25.746,9090.587
3,1290.4,79.32,3.0696,25.756,9092.017
3,1290.6,79.322,2.9607,25.766,9093.448
3,1290.8,79.324,2.8256,25.776,9094.88
3,1291.0,79.326,2.7373,25.785,9096.312
3,1291.2,79.328,2.6453,25.794,9097.745
3,1291.4,79.33,2.5222,25.803,9099.178
3,1291.6,79.332,2.3754,25.812,9100.612
3,1291.8,79.334,2.2824,25.82,9102.046
3,1292.0,79.336,2.1695,25.828,9103.481
3,1292.2,79.337,2.0484,25.835,9104.916
3,1292.4,79.339,2.008,25.843,9106.352
3,1292.6,79.341,1.8955,25.849,9107.788
3,1292.8,79.342,1.8227,25.856,9109.224
3,1293.0,79.343,1.6911,25.862,9110.66
3,1293.2,79.344,1.6536,25.867,9112.097
3,1293.4,79.345,1.5539,25.871,9113.534
3,1293.6,79.346,1.5326,25.875,9114.972
3,1293.8,79.347,1.4719,25.879,9116.409
3,1294.0,79.348,1.4897,25.881,9117.847
3,1294.2,79.348,1.4825,25.882,9119.285
3,1294.4,79.348,1.4324,25.883,9120.723
3,1294.6,79.348,1.4728,25.882,9122.161
3,1294.8,79.348,1.4681,25.88,9123.599
3,1295.0,79.347,1.515,25.877,9125.037
3,1295.2,79.346,1.5644,25.873,9126.474
3,1295.4,79.345,1.6108,25.867,9127.911
3,1295.6,79.344,1.6813,25.861,9129.348
3,1295.8,79.342,1.7753,25.853,9130.785
3,1296.0,79.34,1.8841,25.843,9132.221
3,1296.2,79.338,2.0408,25.833,9133.656
3,1296.4,79.336,2.1627,25.822,9135.091
3,1296.6,79.333,2.3107,25.81,9136.525
3,1296.8,79.33,2.4323,25.797,9137.959
3,1297.0,79.327,2.5873,25.783,9139.392
3,1297.2,79.324,2.8229,25.769,9140.824
3,1297.4,79.321,3.0017,25.755,9142.255
3,1297.6,79.318,3.1769,25.74,9143.685
3,1297.8,79.314,3.3164,25.726,9145.115
3,1298.0,79.311,3.5594,25.711,9146.544
3,1298.2,79.308,3.7064,25.696,9147.972
3,1298.4,79.304,3.8456,25.682,9149.399
3,1298.6,79.301,4.0692,25.667,9150.825
3,1298.8,79.298,4.265,25.653,9152.251
3,1299.0,79.295,4.4451,25.639,9153.675
3,1299.2,79.292,4.6084,25.626,9155.1
3,1299.4,79.289,4.7817,25.613,9156.523
3,1299.6,79.286,4.886,25.6,9157.945
3,1299.8,79.283,5.1006,25.587,9159.367
3,1300.0,79.28,5.3077,25.574,9160.788
3,1300.2,79.277,5.4409,25.562,9162.209
3,1300.4,79.274,5.6178,25.549,9163.629
3,1300.6,79.271,5.7817,25.537,9165.048
3,1300.8,79.269,5.8739,25.525,9166.466
3,1301.0,79.266,6.1144,25.513,9167.884
3,1301.2,79.263,6.2322,25.501,9169.301
3,1301.4,79.26,6.4018,25.49,9170.717
3,1301.6,79.258,6.4878,25.479,9172.133
3,1301.8,79.255,6.6536,25.467,9173.548
3,1302.0,79.253,6.8425,25.457,9174.963
3,1302.2,79.25,6.9315,25.446,9176.377
3,1302.4,79.248,7.0693,25.436,9177.79
3,1302.6,79.246,7.1605,25.427,9179.203
3,1302.8,79.243,7.2602,25.418,9180.615
3,1303.0,79.241,7.4323,25.409,9182.027
3,1303.2,79.239,7.5563,25.401,9183.439
3,1303.4,79.237,7.6503,25.393,9184.849
3,1303.6,79.236,7.7778,25.386,9186.26
3,1303.8,79.234,7.8077,25.379,9187.67
3,1304.0,79.232,7.872,25.373,9189.08
3,1304.2,79.231,8.0139,25.367,9190.489
3,1304.4,79.23,8.036,25.362,9191.898
3,1304.6,79.228,8.1185,25.357,9193.307
3,1304.8,79.227,8.1688,25.352,9194.716
3,1305.0,79.226,8.2351,25.348,9196.124
3,1305.2,79.225,8.2981,25.344,9197.532
3,1305.4,79.224,8.298,25.341,9198.94
3,1305.6,79.223,8.3908,25.338,9200.348
3,1305.8,79.222,8.4552,25.335,9201.755
3,1306.0,79.222,8.4504,25.332,9203.163
3,1306.2,79.221,8.4467,25.33,9204.57
3,1306.4,79.22,8.4752,25.328,9205.977
3,1306.6,79.22,8.5529,25.327,9207.384
3,1306.8,79.219,8.5457,25.325,9208.791
3,1307.0,79.219,8.5848,25.324,9210.198
3,1307.2,79.219,8.555,25.323,9211.605
3,1307.4,79.218,8.6062,25.323,9213.012
3,1307.6,79.218,8.5877,25.322,9214.419
3,1307.8,79.218,8.5905,25.321,9215.826
3,1308.0,79.217,8.6108,25.321,9217.232
3,1308.2,79.217,8.6021,25.32,9218.639
3,1308.4,79.217,8.6322,25.32,9220.046
3,1308.6,79.217,8.6178,25.319,9221.452
3,1308.8,79.216,8.6613,25.319,9222.859
3,1309.0,79.216,8.6508,25.318,9224.266
3,1309.2,79.216,8.6437,25.317,9225.672
3,1309.4,79.215,8.6697,25.316,9227.079
3,1309.6,79.215,8.6868,25.315,9228.485
3,1309.8,79.215,8.7571,25.314,9229.891
3,1310.0,79.214,8.7025,25.313,9231.298
3,1310.2,79.214,8.7372,25.311,9232.704
3,1310.4,79.213,8.7165,25.31,9234.11
3,1310.6,79.213,8.7487,25.309,9235.516
3,1310.8,79.212,8.8071,25.308,9236.922
3,1311.0,79.212,8.7804,25.306,9238.328
3,1311.2,79.212,8.8346,25.305,9239.734
3,1311.4,79.211,8.8389,25.305,9241.14
3,1311.6,79.211,8.807,25.304,9242.546
3,1311.8,79.211,8.8454,25.304,9243.951
3,1312.0,79.211,8.799,25.304,9245.357
3,1312.2,79.21,8.8553,25.304,9246.763
3,1312.4,79.21,8.8427,25.305,9248.169
3,1312.6,79.21,8.8666,25.305,9249.575
3,1312.8,79.21,8.8649,25.306,9250.98
3,1313.0,79.21,8.8053,25.307,9252.386
3,1313.2,79.21,8.7939,25.308,9253.792
3,1313.4,79.211,8.793,25.309,9255.198
3,1313.6,79.211,8.7779,25.31,9256.604
3,1313.8,79.211,8.7392,25.311,9258.011
3,1314.0,79.211,8.7384,25.312,9259.417
3,1314.2,79.211,8.7675,25.312,9260.823
3,1314.4,79.211,8.7353,25.313,9262.229
3,1314.6,79.21,8.7183,25.313,9263.636
3,1314.8,79.21,8.6792,25.312,9265.042
3,1315.0,79.21,8.7409,25.312,9266.448
3,1315.2,79.21,8.791,25.311,9267.854
3,1315.4,79.209,8.7657,25.31,9269.26
3,1315.6,79.209,8.834,25.309,9270.666
3,1315.8,79.208,8.8295,25.307,9272.072
3,1316.0,79.208,8.7829,25.306,9273.478
3,1316.2,79.207,8.8644,25.304,9274.884
3,1316.4,79.207,8.923,25.302,9276.29
3,1316.6,79.206,8.8852,25.301,9277.696
3,1316.8,79.206,8.9129,25.3,9279.101
3,1317.0,79.206,8.9027,25.299,9280.507
3,1317.2,79.205,8.9685,25.298,9281.912
3,1317.4,79.205,8.9428,25.298,9283.318
3,1317.6,79.205,8.9284,25.298,9284.723
3,1317.8,79.205,8.9454,25.299,9286.128
3,1318.0,79.205,8.9552,25.3,9287.534
3,1318.2,79.205,8.9481,25.302,9288.94
3,1318.4,79.205,8.8972,25.304,9290.345
3,1318.6,79.206,8.8627,25.307,9291.751
3,1318.8,79.206,8.7577,25.31,9293.157
3,1319.0,79.207,8.7569,25.314,9294.563
3,1319.2,79.208,8.7019,25.318,9295.97
3,1319.4,79.208,8.6751,25.322,9297.377
3,1319.6,79.209,8.6513,25.327,9298.783
3,1319.8,79.21,8.5641,25.333,9300.191
3,1320.0,79.211,8.4611,25.338,9301.598
3,1320.2,79.212,8.3637,25.344,9303.006
3,1320.4,79.214,8.2903,25.351,9304.414
3,1320.6,79.215,8.2267,25.358,9305.823
3,1320.8,79.216,8.1162,25.365,9307.232
3,1321.0,79.218,8.1152,25.372,9308.641
3,1321.2,79.219,7.9594,25.38,9310.051
3,1321.4,79.221,7.8437,25.389,9311.461
3,1321.6,79.223,7.6706,25.397,9312.872
3,1321.8,79.225,7.5996,25.406,9314.283
3,1322.0,79.227,7.5056,25.416,9315.695
3,1322.2,79.229,7.3618,25.426,9317.107
3,1322.4,79.231,7.2374,25.436,9318.52
3,1322.6,79.233,7.0957,25.446,9319.933
3,1322.8,79.235,7.0168,25.456,9321.347
3,1323.0,79.237,6.8838,25.467,9322.762
3,1323.2,79.239,6.7514,25.477,9324.177
3,1323.4,79.242,6.5545,25.488,9325.593
3,1323.6,79.244,6.4413,25.498,9327.009
3,1323.8,79.246,6.3032,25.508,9328.426
3,1324.0,79.248,6.1885,25.518,9329.843
3,1324.2,79.25,6.099,25.528,9331.261
3,1324.4,79.252,5.9661,25.537,9332.679
3,1324.6,79.254,5.8329,25.546,9334.098
3,1324.8,79.256,5.7122,25.554,9335.518
3,1325.0,79.257,5.605,25.563,9336.938
3,1325.2,79.259,5.5442,25.571,9338.358
3,1325.4,79.261,5.4527,25.578,9339.779
3,1325.6,79.262,5.3356,25.586,9341.2
3,1325.8,79.264,5.255,25.594,9342.622
3,1326.0,79.265,5.113,25.601,9344.044
3,1326.2,79.267,5.0351,25.608,9345.466
3,1326.4,79.269,4.9471,25.616,9346.889
3,1326.6,79.27,4.8719,25.623,9348.313
3,1326.8,79.272,4.7486,25.631,9349.736
3,1327.0,79.273,4.634,25.639,9351.16
3,1327.2,79.275,4.5255,25.646,9352.585
3,1327.4,79.277,4.4847,25.654,9354.01
3,1327.6,79.278,4.3443,25.663,9355.436
3,1327.8,79.28,4.267,25.671,9356.861
3,1328.0,79.282,4.1521,25.679,9358.288
3,1328.2,79.284,4.0283,25.688,9359.715
3,1328.4,79.285,3.9663,25.696,9361.142
3,1328.6,79.287,3.8488,25.704,9362.57
3,1328.8,79.289,3.7279,25.713,9363.998
3,1329.0,79.291,3.645,25.721,9365.427
3,1329.2,79.292,3.5176,25.729,9366.856
3,1329.4,79.294,3.4095,25.737,9368.286
3,1329.6,79.296,3.3015,25.745,9369.716
3,1329.8,79.297,3.1893,25.753,9371.146
3,1330.0,79.299,3.113,25.76,9372.577
3,1330.2,79.301,3.0006,25.768,9374.008
3,1330.4,79.302,2.9375,25.775,9375.44
3,1330.6,79.304,2.7867,25.783,9376.872
3,1330.8,79.305,2.7377,25.79,9378.305
3,1331.0,79.307,2.6687,25.797,9379.738
3,1331.2,79.308,2.5197,25.803,9381.171
3,1331.4,79.31,2.4951,25.81,9382.605
3,1331.6,79.311,2.3644,25.816,9384.039
3,1331.8,79.312,2.3481,25.822,9385.473
3,1332.0,79.314,2.2299,25.828,9386.908
3,1332.2,79.315,2.1903,25.834,9388.343
3,1332.4,79.316,2.1239,25.839,9389.779
3,1332.6,79.317,2.0298,25.845,9391.214
3,1332.8,79.318,2.0046,25.85,9392.65
3,1333.0,79.319,1.8782,25.855,9394.086
3,1333.2,79.32,1.8849,25.859,9395.523
3,1333.4,79.321,1.7936,25.864,9396.96
3,1333.6,79.322,1.719,25.868,9398.397
3,1333.8,79.323,1.6745,25.872,9399.834
3,1334.0,79.324,1.6055,25.876,9401.271
3,1334.2,79.325,1.5862,25.88,9402.709
3,1334.4,79.326,1.5288,25.884,9404.147
3,1334.6,79.326,1.5033,25.887,9405.585
3,1334.8,79.327,1.4013,25.891,9407.023
3,1335.0,79.328,1.3861,25.894,9408.462
3,1335.2,79.329,1.3416,25.897,9409.9
3,1335.4,79.329,1.3093,25.9,9411.339
3,1335.6,79.33,1.292,25.903,9412.778
3,1335.8,79.33,1.2826,25.906,9414.217
3,1336.0,79.331,1.2345,25.908,9415.657
3,1336.2,79.331,1.1862,25.91,9417.096
3,1336.4,79.332,1.1538,25.912,9418.536
3,1336.6,79.332,1.1059,25.914,9419.975
3,1336.8,79.333,1.125,25.915,9421.415
3,1337.0,79.333,1.104,25.916,9422.855
3,1337.2,79.333,1.041,25.918,9424.294
3,1337.4,79.333,1.0568,25.919,9425.734
3,1337.6,79.334,1.0508,25.92,9427.174
3,1337.8,79.334,1.0529,25.919,9428.614
3,1338.0,79.333,1.0726,25.918,9430.054
3,1338.2,79.333,1.0668,25.915,9431.494
3,1338.4,79.332,1.1399,25.911,9432.934
3,1338.6,79.331,1.1499,25.907,9434.373
3,1338.8,79.33,1.3208,25.902,9435.812
3,1339.0,79.329,1.2771,25.898,9437.251
3,1339.2,79.328,1.371,25.893,9438.69
3,1339.4,79.327,1.4385,25.887,9440.128
3,1339.6,79.325,1.5077,25.88,9441.566
3,1339.8,79.324,1.6078,25.872,9443.004
3,1340.0,79.322,1.7304,25.864,9444.441
3,1340.2,79.32,1.8641,25.854,9445.877
3,1340.4,79.317,1.9504,25.843,9447.313
3,1340.6,79.315,2.077,25.831,9448.749
3,1340.8,79.312,2.3059,25.819,9450.183
3,1341.0,79.309,2.4656,25.805,9451.617
3,1341.2,79.306,2.6391,25.789,9453.051
3,1341.4,79.302,2.8249,25.773,9454.483
3,1341.6,79.298,3.0294,25.756,9455.914
3,1341.8,79.294,3.2753,25.738,9457.345
3,1342.0,79.29,3.5021,25.718,9458.774
3,1342.2,79.286,3.7664,25.698,9460.202
3,1342.4,79.281,4.0091,25.677,9461.629
3,1342.6,79.276,4.2961,25.655,9463.055
3,1342.8,79.271,4.5594,25.633,9464.48
3,1343.0,79.266,4.8943,25.61,9465.903
3,1343.2,79.261,5.2123,25.586,9467.325
3,1343.4,79.256,5.4709,25.562,9468.746
3,1343.6,79.25,5.7687,25.538,9470.166
3,1343.8,79.245,6.1373,25.513,9471.584
3,1344.0,79.239,6.4141,25.489,9473.0
3,1344.2,79.234,6.7189,25.464,9474.416
3,1344.4,79.228,7.0294,25.439,9475.83
3,1344.6,79.222,7.3661,25.414,9477.242
3,1344.8,79.217,7.7067,25.39,9478.654
3,1345.0,79.211,7.9896,25.365,9480.063
3,1345.2,79.206,8.2808,25.341,9481.472
3,1345.4,79.2,8.5882,25.318,9482.879
3,1345.6,79.195,8.8861,25.295,9484.285
3,1345.8,79.19,9.1688,25.272,9485.69
3,1346.0,79.185,9.4417,25.249,9487.093
3,1346.2,79.18,9.7258,25.228,9488.495
3,1346.4,79.175,10.0288,25.207,9489.896
3,1346.6,79.17,10.2709,25.186,9491.296
3,1346.8,79.165,10.6032,25.167,9492.695
3,1347.0,79.161,10.8239,25.148,9494.092
3,1347.2,79.157,11.0292,25.13,9495.489
3,1347.4,79.153,11.2768,25.112,9496.884
3,1347.6,79.149,11.4397,25.095,9498.279
3,1347.8,79.148,11.4947,25.071,9499.673
3,1348.0,79.148,11.4299,25.037,9501.065
3,1348.2,79.148,11.46,24.995,9502.454
3,1348.4,79.149,11.4388,24.944,9503.842
3,1348.6,79.149,11.4008,24.886,9505.226
3,1348.8,79.149,11.3657,24.821,9506.607
3,1349.0,79.15,11.3731,24.75,9507.984
3,1349.2,79.15,11.3513,24.672,9509.356
3,1349.4,79.15,11.2924,24.588,9510.725
3,1349.6,79.151,11.2438,24.499,9512.088
3,1349.8,79.151,11.1792,24.405,9513.447
3,1350.0,79.152,11.2011,24.306,9514.8
3,1350.2,79.153,11.0932,24.203,9516.147
3,1350.4,79.153,11.09,24.097,9517.489
3,1350.6,79.154,11.0075,23.987,9518.825
3,1350.8,79.154,10.9516,23.873,9520.154
3,1351.0,79.155,10.9262,23.758,9521.477
3,1351.2,79.156,10.8617,23.64,9522.794
3,1351.4,79.157,10.8346,23.52,9524.104
3,1351.6,79.157,10.7592,23.4,9525.407
3,1351.8,79.158,10.7323,23.278,9526.704
3,1352.0,79.159,10.6485,23.157,9527.994
3,1352.2,79.16,10.6568,23.035,9529.277
3,1352.4,79.16,10.5947,22.914,9530.553
3,1352.6,79.161,10.5152,22.795,9531.823
3,1352.8,79.162,10.4518,22.677,9533.086
3,1353.0,79.163,10.3736,22.56,9534.343
3,1353.2,79.163,10.3273,22.446,9535.593
3,1353.4,79.164,10.2906,22.335,9536.837
3,1353.6,79.165,10.2769,22.226,9538.074
3,1353.8,79.165,10.19,22.121,9539.306
3,1354.0,79.166,10.1641,22.019,9540.532
3,1354.2,79.167,10.0997,21.92,9541.753
3,1354.4,79.167,10.0766,21.826,9542.968
3,1354.6,79.168,10.0417,21.736,9544.178
3,1354.8,79.168,10.0169,21.655,9545.383
3,1355.0,79.169,9.9699,21.583,9546.584
3,1355.2,79.169,9.8934,21.521,9547.782
3,1355.4,79.169,9.8936,21.468,9548.976
3,1355.6,79.169,9.8826,21.425,9550.167
3,1355.8,79.17,9.8914,21.393,9551.357
3,1356.0,79.17,9.8566,21.369,9552.544
3,1356.2,79.17,9.8093,21.356,9553.731
3,1356.4,79.169,9.8091,21.352,9554.917
3,1356.6,79.169,9.8201,21.359,9556.104
3,1356.8,79.169,9.8304,21.374,9557.291
3,1357.0,79.169,9.8672,21.4,9558.479
3,1357.2,79.168,9.8427,21.434,9559.669
3,1357.4,79.168,9.8154,21.478,9560.861
3,1357.6,79.167,9.9176,21.531,9562.055
3,1357.8,79.167,9.9389,21.593,9563.253
3,1358.0,79.166,9.9236,21.664,9564.455
3,1358.2,79.165,10.0345,21.744,9565.66
3,1358.4,79.164,10.0336,21.832,9566.871
3,1358.6,79.164,10.099,21.929,9568.086
3,1358.8,79.163,10.1156,22.034,9569.308
3,1359.0,79.162,10.1487,22.147,9570.535
3,1359.2,79.161,10.1588,22.268,9571.768
3,1359.4,79.159,10.3192,22.396,9573.009
3,1359.6,79.158,10.3146,22.532,9574.257
3,1359.8,79.157,10.4134,22.676,9575.513
3,1360.0,79.156,10.4243,22.827,9576.777
3,1360.2,79.154,10.5375,22.986,9578.049
3,1360.4,79.153,10.6195,23.151,9579.331
3,1360.6,79.151,10.7383,23.323,9580.622
3,1360.8,79.15,10.8027,23.502,9581.922
3,1361.0,79.148,10.8917,23.688,9583.233
3,1361.2,79.147,10.8963,23.881,9584.555
3,1361.4,79.145,10.9743,24.079,9585.887
3,1361.6,79.143,11.0414,24.285,9587.23
3,1361.8,79.142,11.1949,24.496,9588.585
3,1362.0,79.14,11.3039,24.713,9589.952
3,1362.2,79.138,11.3884,24.936,9591.331
3,1362.4,79.139,11.3294,25.161,9592.723
3,1362.6,79.168,9.6646,25.309,9594.125
3,1362.8,79.191,8.2933,25.39,9595.534
3,1363.0,79.204,7.54,25.437,9596.946
3,1363.2,79.212,7.0891,25.465,9598.36
3,1363.4,79.217,6.7511,25.484,9599.775
3,1363.6,79.22,6.5858,25.498,9601.191
3,1363.8,79.223,6.4031,25.509,9602.608
3,1364.0,79.225,6.3002,25.519,9604.025
3,1364.2,79.227,6.1425,25.528,9605.443
3,1364.4,79.229,6.0681,25.536,9606.862
3,1364.6,79.23,5.9308,25.545,9608.281
3,1364.8,79.232,5.8757,25.553,9609.7
3,1365.0,79.234,5.7265,25.561,9611.12
3,1365.2,79.235,5.6758,25.569,9612.54
3,1365.4,79.237,5.553,25.578,9613.961
3,1365.6,79.239,5.4595,25.586,9615.382
3,1365.8,79.241,5.3307,25.595,9616.804
3,1366.0,79.243,5.2047,25.603,9618.226
3,1366.2,79.244,5.1289,25.612,9619.649
3,1366.4,79.246,5.0113,25.621,9621.072
3,1366.6,79.248,4.8085,25.632,9622.496
3,1366.8,79.251,4.718,25.644,9623.92
3,1367.0,79.253,4.5493,25.656,9625.345
3,1367.2,79.256,4.423,25.665,9626.771
3,1367.4,79.258,4.3001,25.674,9628.197
3,1367.6,79.259,4.2122,25.682,9629.623
3,1367.8,79.261,4.0888,25.689,9631.05
3,1368.0,79.262,3.9921,25.696,9632.477
3,1368.2,79.264,3.9458,25.703,9633.905
3,1368.4,79.265,3.8244,25.71,9635.333
3,1368.6,79.267,3.7514,25.717,9636.762
3,1368.8,79.268,3.7005,25.723,9638.191
3,1369.0,79.269,3.5771,25.73,9639.62
3,1369.2,79.271,3.4774,25.736,9641.05
3,1369.4,79.272,3.4066,25.742,9642.48
3,1369.6,79.273,3.3715,25.748,9643.91
3,1369.8,79.274,3.281,25.753,9645.34
3,1370.0,79.276,3.2587,25.758,9646.771
3,1370.2,79.277,3.1524,25.762,9648.202
3,1370.4,79.277,3.1248,25.767,9649.634
3,1370.6,79.278,3.0899,25.77,9651.065
3,1370.8,79.279,3.0095,25.773,9652.497
3,1371.0,79.279,2.9805,25.776,9653.929
3,1371.2,79.28,2.9201,25.778,9655.361
3,1371.4,79.28,2.9217,25.779,9656.793
3,1371.6,79.28,2.9142,25.78,9658.225
3,1371.8,79.28,2.9132,25.78,9659.658
3,1372.0,79.28,2.9018,25.78,9661.09
3,1372.2,79.28,2.9162,25.779,9662.522
3,1372.4,79.28,2.9146,25.778,9663.954
3,1372.6,79.279,2.9659,25.776,9665.386
3,1372.8,79.279,2.9639,25.774,9666.818
3,1373.0,79.278,3.0332,25.772,9668.25
3,1373.2,79.278,3.0699,25.769,9669.682
3,1373.4,79.277,3.0946,25.765,9671.113
3,1373.6,79.276,3.116,25.762,9672.545
3,1373.8,79.275,3.1734,25.758,9673.976
3,1374.0,79.274,3.2242,25.753,9675.407
3,1374.2,79.273,3.3089,25.749,9676.837
3,1374.4,79.272,3.2977,25.744,9678.268
3,1374.6,79.271,3.4422,25.739,9679.698
3,1374.8,79.27,3.511,25.734,9681.127
3,1375.0,79.269,3.5305,25.729,9682.557
3,1375.2,79.267,3.5799,25.724,9683.986
3,1375.4,79.266,3.6645,25.718,9685.415
3,1375.6,79.265,3.782,25.713,9686.844
3,1375.8,79.264,3.8384,25.707,9688.272
3,1376.0,79.262,3.9026,25.701,9689.7
3,1376.2,79.261,4.0009,25.695,9691.128
3,1376.4,79.259,4.0558,25.689,9692.555
3,1376.6,79.258,4.0888,25.684,9693.982
3,1376.8,79.257,4.1956,25.679,9695.409
3,1377.0,79.256,4.2734,25.677,9696.835
3,1377.2,79.256,4.179,25.676,9698.262
3,1377.4,79.255,4.2399,25.675,9699.688
3,1377.6,79.255,4.3005,25.675,9701.115
3,1377.8,79.255,4.2691,25.674,9702.541
3,1378.0,79.254,4.2802,25.67,9703.967
3,1378.2,79.253,4.3783,25.665,9705.393
3,1378.4,79.252,4.3991,25.659,9706.819
3,1378.6,79.251,4.5562,25.653,9708.244
3,1378.8,79.249,4.5593,25.646,9709.669
3,1379.0,79.248,4.6391,25.64,9711.094
3,1379.2,79.246,4.7157,25.633,9712.518
3,1379.4,79.245,4.8045,25.627,9713.942
3,1379.6,79.243,4.9319,25.62,9715.365
3,1379.8,79.242,4.9756,25.614,9716.789
3,1380.0,79.24,5.167,25.608,9718.212
3,1380.2,79.239,5.1697,25.602,9719.634
3,1380.4,79.237,5.2434,25.596,9721.056
3,1380.6,79.236,5.2875,25.591,9722.478
3,1380.8,79.235,5.3635,25.586,9723.9
3,1381.0,79.233,5.4563,25.581,9725.321
3,1381.2,79.232,5.4959,25.576,9726.742
3,1381.4,79.231,5.5197,25.572,9728.163
3,1381.6,79.23,5.6012,25.569,9729.583
3,1381.8,79.23,5.6557,25.566,9731.004
3,1382.0,79.229,5.6638,25.563,9732.424
3,1382.2,79.228,5.7424,25.561,9733.844
3,1382.4,79.228,5.724,25.56,9735.264
3,1382.6,79.227,5.7535,25.559,9736.684
3,1382.8,79.227,5.7948,25.559,9738.104
3,1383.0,79.227,5.7532,25.559,9739.524
3,1383.2,79.227,5.7145,25.56,9740.944
3,1383.4,79.227,5.7588,25.562,9742.364
3,1383.6,79.228,5.7268,25.564,9743.784
3,1383.8,79.228,5.6444,25.566,9745.204
3,1384.0,79.229,5.6306,25.569,9746.625
3,1384.2,79.229,5.5981,25.572,9748.045
3,1384.4,79.23,5.5309,25.576,9749.466
3,1384.6,79.231,5.524,25.58,9750.887
3,1384.8,79.231,5.4726,25.584,9752.308
3,1385.0,79.232,5.3662,25.588,9753.73
3,1385.2,79.233,5.3733,25.593,9755.151
3,1385.4,79.234,5.2761,25.598,9756.573
3,1385.6,79.235,5.195,25.605,9757.996
3,1385.8,79.237,5.1657,25.612,9759.418
3,1386.0,79.238,5.0345,25.619,9760.841
3,1386.2,79.24,4.9203,25.627,9762.265
3,1386.4,79.241,4.8057,25.635,9763.689
3,1386.6,79.243,4.769,25.644,9765.113
3,1386.8,79.245,4.6689,25.653,9766.538
3,1387.0,79.247,4.4696,25.663,9767.964
3,1387.2,79.249,4.3292,25.673,9769.39
3,1387.4,79.252,4.2319,25.683,9770.816
3,1387.6,79.254,4.1245,25.694,9772.243
3,1387.8,79.256,3.9622,25.706,9773.671
3,1388.0,79.259,3.7904,25.716,9775.1
3,1388.2,79.261,3.6887,25.725,9776.528
3,1388.4,79.262,3.5945,25.733,9777.958
3,1388.6,79.264,3.5276,25.741,9779.388
3,1388.8,79.266,3.3724,25.748,9780.818
3,1389.0,79.267,3.2876,25.755,9782.249
3,1389.2,79.269,3.1987,25.762,9783.68
3,1389.4,79.27,3.1354,25.769,9785.111
3,1389.6,79.272,3.0231,25.776,9786.543
3,1389.8,79.273,2.9324,25.783,9787.975
3,1390.0,79.275,2.8806,25.79,9789.408
3,1390.2,79.276,2.7721,25.797,9790.841
3,1390.4,79.277,2.7213,25.803,9792.274
3,1390.6,79.279,2.6255,25.81,9793.708
3,1390.8,79.28,2.5773,25.816,9795.142
3,1391.0,79.281,2.4397,25.822,9796.576
3,1391.2,79.283,2.3622,25.828,9798.011
3,1391.4,79.284,2.2771,25.834,9799.446
3,1391.6,79.285,2.1784,25.84,9800.881
3,1391.8,79.286,2.1596,25.845,9802.317
3,1392.0,79.288,2.0996,25.851,9803.753
3,1392.2,79.289,2.0071,25.856,9805.189
3,1392.4,79.29,1.9153,25.861,9806.626
3,1392.6,79.291,1.8933,25.866,9808.063
3,1392.8,79.292,1.7948,25.871,9809.5
3,1393.0,79.293,1.7842,25.876,9810.937
3,1393.2,79.294,1.7041,25.88,9812.375
3,1393.4,79.295,1.6518,25.884,9813.813
3,1393.6,79.296,1.601,25.888,9815.251
3,1393.8,79.297,1.5434,25.892,9816.689
3,1394.0,79.297,1.5507,25.895,9818.128
3,1394.2,79.298,1.489,25.897,9819.566
3,1394.4,79.298,1.3779,25.9,9821.005
3,1394.6,79.299,1.3793,25.901,9822.444
3,1394.8,79.299,1.38,25.902,9823.883
3,1395.0,79.299,1.3876,25.903,9825.322
3,1395.2,79.299,1.4183,25.903,9826.761
3,1395.4,79.299,1.4013,25.903,9828.2
3,1395.6,79.299,1.4201,25.901,9829.639
3,1395.8,79.299,1.416,25.9,9831.078
3,1396.0,79.298,1.4134,25.898,9832.517
3,1396.2,79.297,1.4692,25.895,9833.956
3,1396.4,79.297,1.4962,25.892,9835.394
3,1396.6,79.296,1.5505,25.887,9836.833
3,1396.8,79.295,1.6312,25.882,9838.271
3,1397.0,79.294,1.708,25.876,9839.708
3,1397.2,79.292,1.7451,25.87,9841.146
3,1397.4,79.291,1.8374,25.863,9842.583
3,1397.6,79.289,1.933,25.856,9844.019
3,1397.8,79.287,1.9942,25.849,9845.456
3,1398.0,79.286,2.0951,25.841,9846.891
3,1398.2,79.284,2.2416,25.833,9848.327
3,1398.4,79.282,2.294,25.825,9849.762
3,1398.6,79.28,2.455,25.817,9851.196
3,1398.8,79.279,2.5927,25.809,9852.63
3,1399.0,79.277,2.6904,25.801,9854.064
3,1399.2,79.275,2.7175,25.793,9855.497
3,1399.4,79.273,2.8151,25.785,9856.93
3,1399.6,79.271,2.9512,25.778,9858.362
3,1399.8,79.27,3.0247,25.771,9859.794
3,1400.0,79.268,3.1244,25.764,9861.225
3,1400.2,79.267,3.2101,25.757,9862.657
3,1400.4,79.265,3.2973,25.751,9864.087
3,1400.6,79.264,3.367,25.746,9865.518
3,1400.8,79.263,3.4382,25.74,9866.948
3,1401.0,79.261,3.4378,25.736,9868.378
3,1401.2,79.26,3.4999,25.731,9869.808
3,1401.4,79.259,3.5775,25.727,9871.237
3,1401.6,79.259,3.6834,25.724,9872.666
3,1401.8,79.258,3.7286,25.721,9874.095
3,1402.0,79.257,3.7498,25.718,9875.524
3,1402.2,79.256,3.7529,25.716,9876.953
3,1402.4,79.256,3.7477,25.714,9878.381
3,1402.6,79.256,3.7588,25.713,9879.81
3,1402.8,79.255,3.7819,25.712,9881.238
3,1403.0,79.255,3.829,25.712,9882.667
3,1403.2,79.255,3.8023,25.711,9884.095
3,1403.4,79.255,3.7922,25.712,9885.524
3,1403.6,79.255,3.8264,25.712,9886.952
3,1403.8,79.255,3.7762,25.713,9888.381
3,1404.0,79.255,3.8076,25.715,9889.809
3,1404.2,79.256,3.7533,25.717,9891.238
3,1404.4,79.256,3.7484,25.719,9892.667
3,1404.6,79.256,3.7049,25.722,9894.096
3,1404.8,79.257,3.7086,25.726,9895.525
3,1405.0,79.258,3.6255,25.73,9896.954
3,1405.2,79.259,3.569,25.734,9898.384
3,1405.4,79.26,3.5261,25.739,9899.813
3,1405.6,79.261,3.4414,25.744,9901.243
3,1405.8,79.262,3.3373,25.75,9902.674
3,1406.0,79.263,3.2733,25.756,9904.105
3,1406.2,79.265,3.1833,25.763,9905.536
3,1406.4,79.266,3.139,25.77,9906.967
3,1406.6,79.268,3.0318,25.778,9908.399
3,1406.8,79.269,2.9313,25.786,9909.831
3,1407.0,79.271,2.7717,25.794,9911.264
3,1407.2,79.273,2.6817,25.803,9912.697
3,1407.4,79.275,2.5803,25.812,9914.131
3,1407.6,79.277,2.4492,25.821,9915.565
3,1407.8,79.279,2.3975,25.83,9917.0
3,1408.0,79.281,2.2719,25.839,9918.435
3,1408.2,79.283,2.1632,25.848,9919.871
3,1408.4,79.285,2.0492,25.857,9921.307
3,1408.6,79.287,1.9169,25.866,9922.744
3,1408.8,79.288,1.7937,25.875,9924.181
3,1409.0,79.29,1.7259,25.883,9925.619
3,1409.2,79.292,1.6244,25.891,9927.057
3,1409.4,79.294,1.481,25.898,9928.496
3,1409.6,79.295,1.3963,25.905,9929.935
3,1409.8,79.296,1.3628,25.911,9931.374
3,1410.0,79.298,1.213,25.916,9932.814
3,1410.2,79.299,1.2224,25.92,9934.254
3,1410.4,79.299,1.1835,25.923,9935.694
3,1410.6,79.3,1.1015,25.926,9937.134
3,1410.8,79.3,1.164,25.928,9938.574
3,1411.0,79.301,1.0749,25.93,9940.015
3,1411.2,79.301,1.0546,25.93,9941.455
3,1411.4,79.301,1.0773,25.929,9942.896
3,1411.6,79.3,1.1035,25.925,9944.336
3,1411.8,79.299,1.1591,25.92,9945.776
3,1412.0,79.298,1.2275,25.914,9947.216
3,1412.2,79.297,1.271,25.908,9948.656
3,1412.4,79.295,1.422,25.902,9950.095
3,1412.6,79.294,1.5217,25.894,9951.534
3,1412.8,79.292,1.5827,25.887,9952.972
3,1413.0,79.29,1.7093,25.878,9954.41
3,1413.2,79.288,1.7604,25.869,9955.847
3,1413.4,79.286,1.8786,25.86,9957.284
3,1413.6,79.284,2.0363,25.85,9958.721
3,1413.8,79.282,2.107,25.84,9960.157
3,1414.0,79.279,2.2758,25.829,9961.592
3,1414.2,79.277,2.4438,25.818,9963.027
3,1414.4,79.275,2.5866,25.807,9964.461
3,1414.6,79.272,2.7129,25.795,9965.894
3,1414.8,79.269,2.9029,25.783,9967.327
3,1415.0,79.266,3.0431,25.771,9968.759
3,1415.2,79.264,3.1997,25.758,9970.19
3,1415.4,79.261,3.354,25.744,9971.621
3,1415.6,79.258,3.5508,25.731,9973.051
3,1415.8,79.254,3.7141,25.716,9974.48
3,1416.0,79.251,3.8302,25.702,9975.908
3,1416.2,79.248,4.1021,25.687,9977.335
3,1416.4,79.244,4.2679,25.671,9978.762
3,1416.6,79.241,4.4729,25.655,9980.188
3,1416.8,79.237,4.661,25.639,9981.613
3,1417.0,79.233,4.9133,25.622,9983.036
3,1417.2,79.23,5.0692,25.605,9984.459
3,1417.4,79.226,5.2621,25.588,9985.881
3,1417.6,79.222,5.5612,25.571,9987.303
3,1417.8,79.218,5.7796,25.554,9988.723
3,1418.0,79.214,5.9676,25.536,9990.142
3,1418.2,79.21,6.1577,25.519,9991.56
3,1418.4,79.206,6.4087,25.502,9992.977
3,1418.6,79.202,6.6106,25.485,9994.394
3,1418.8,79.198,6.856,25.468,9995.809
3,1419.0,79.195,7.0576,25.452,9997.223
3,1419.2,79.191,7.2696,25.436,9998.637
3,1419.4,79.187,7.5151,25.421,10000.05
3,1419.6,79.184,7.6061,25.407,10001.462
3,1419.8,79.181,7.8206,25.393,10002.873
3,1420.0,79.178,8.0293,25.379,10004.283
3,1420.2,79.175,8.216,25.367,10005.693
3,1420.4,79.172,8.3493,25.355,10007.102
3,1420.6,79.169,8.4709,25.345,10008.51
3,1420.8,79.167,8.6212,25.335,10009.918
3,1421.0,79.165,8.7477,25.326,10011.325
3,1421.2,79.163,8.8125,25.319,10012.732
3,1421.4,79.161,8.924,25.313,10014.138
3,1421.6,79.16,8.9453,25.308,10015.544
3,1421.8,79.159,9.0562,25.304,10016.95
3,1422.0,79.158,9.0803,25.301,10018.356
3,1422.2,79.157,9.1177,25.299,10019.761
3,1422.4,79.157,9.1115,25.299,10021.167
3,1422.6,79.157,9.0718,25.3,10022.572
3,1422.8,79.157,9.0815,25.302,10023.978
3,1423.0,79.157,9.0468,25.305,10025.384
3,1423.2,79.158,9.0019,25.308,10026.79
3,1423.4,79.159,8.9797,25.313,10028.196
3,1423.6,79.16,8.889,25.319,10029.602
3,1423.8,79.161,8.7979,25.325,10031.009
3,1424.0,79.162,8.7984,25.332,10032.416
3,1424.2,79.163,8.6549,25.339,10033.824
3,1424.4,79.165,8.5037,25.346,10035.231
3,1424.6,79.166,8.4949,25.354,10036.64
3,1424.8,79.168,8.3805,25.362,10038.049
3,1425.0,79.17,8.2401,25.369,10039.458
3,1425.2,79.171,8.2218,25.377,10040.867
3,1425.4,79.173,8.0592,25.385,10042.277
3,1425.6,79.174,7.963,25.392,10043.688
3,1425.8,79.176,7.9077,25.4,10045.099
3,1426.0,79.177,7.8126,25.407,10046.51
3,1426.2,79.179,7.714,25.414,10047.922
3,1426.4,79.18,7.6355,25.421,10049.334
3,1426.6,79.181,7.5115,25.427,10050.746
3,1426.8,79.183,7.4386,25.434,10052.159
3,1427.0,79.184,7.4012,25.441,10053.572
3,1427.2,79.185,7.2931,25.447,10054.986
3,1427.4,79.187,7.1917,25.454,10056.4
3,1427.6,79.188,7.0827,25.461,10057.814
3,1427.8,79.19,7.0256,25.469,10059.229
3,1428.0,79.191,6.8847,25.476,10060.644
3,1428.2,79.193,6.8083,25.485,10062.06
3,1428.4,79.194,6.6804,25.493,10063.476
3,1428.6,79.196,6.6545,25.502,10064.892
3,1428.8,79.198,6.4828,25.511,10066.309
3,1429.0,79.2,6.3821,25.52,10067.727
3,1429.2,79.202,6.2144,25.53,10069.145
3,1429.4,79.204,6.1367,25.541,10070.563
3,1429.6,79.206,5.9648,25.551,10071.983
3,1429.8,79.209,5.8068,25.562,10073.402
3,1430.0,79.211,5.7408,25.572,10074.823
3,1430.2,79.213,5.5818,25.583,10076.244
3,1430.4,79.215,5.4435,25.594,10077.665
3,1430.6,79.218,5.2636,25.604,10079.088
3,1430.8,79.22,5.1597,25.615,10080.51
3,1431.0,79.222,5.088,25.625,10081.934
3,1431.2,79.224,4.9148,25.635,10083.357
3,1431.4,79.226,4.8101,25.644,10084.782
3,1431.6,79.228,4.6788,25.652,10086.207
3,1431.8,79.23,4.5856,25.66,10087.632
3,1432.0,79.231,4.496,25.668,10089.058
3,1432.2,79.233,4.3938,25.675,10090.484
3,1432.4,79.234,4.3242,25.681,10091.911
3,1432.6,79.235,4.2549,25.686,10093.338
3,1432.8,79.236,4.2062,25.69,10094.765
3,1433.0,79.237,4.148,25.694,10096.192
3,1433.2,79.238,4.0517,25.697,10097.62
3,1433.4,79.238,4.1219,25.7,10099.047
3,1433.6,79.239,4.0296,25.701,10100.475
3,1433.8,79.239,3.9597,25.702,10101.903
3,1434.0,79.239,4.0405,25.703,10103.331
3,1434.2,79.239,4.0036,25.702,10104.759
3,1434.4,79.239,4.0018,25.702,10106.187
3,1434.6,79.239,4.0148,25.701,10107.614
3,1434.8,79.238,4.0358,25.699,10109.042
3,1435.0,79.238,4.0647,25.698,10110.47
3,1435.2,79.237,4.1032,25.696,10111.898
3,1435.4,79.237,4.1066,25.694,10113.325
3,1435.6,79.236,4.1101,25.692,10114.752
3,1435.8,79.236,4.1304,25.689,10116.18
3,1436.0,79.235,4.1893,25.687,10117.607
3,1436.2,79.235,4.2159,25.685,10119.034
3,1436.4,79.234,4.2175,25.684,10120.461
3,1436.6,79.234,4.2271,25.682,10121.888
3,1436.8,79.233,4.3331,25.68,10123.314
3,1437.0,79.233,4.3124,25.679,10124.741
3,1437.2,79.233,4.2766,25.678,10126.168
3,1437.4,79.232,4.3089,25.677,10127.594
3,1437.6,79.232,4.2866,25.677,10129.021
3,1437.8,79.232,4.3263,25.677,10130.447
3,1438.0,79.232,4.2854,25.676,10131.874
3,1438.2,79.232,4.3633,25.677,10133.3
3,1438.4,79.232,4.374,25.677,10134.726
3,1438.6,79.232,4.3218,25.677,10136.153
3,1438.8,79.232,4.33,25.677,10137.579
3,1439.0,79.232,4.3343,25.678,10139.006
3,1439.2,79.232,4.3222,25.678,10140.433
3,1439.4,79.232,4.2961,25.679,10141.859
3,1439.6,79.232,4.303,25.679,10143.286
3,1439.8,79.232,4.3598,25.679,10144.712
3,1440.0,79.231,4.2992,25.679,10146.139
3,1440.2,79.231,4.2928,25.678,10147.566
3,1440.4,79.231,4.3097,25.678,10148.992
3,1440.6,79.231,4.3319,25.677,10150.419
3,1440.8,79.231,4.3409,25.676,10151.845
3,1441.0,79.23,4.3532,25.675,10153.271
3,1441.2,79.23,4.3657,25.673,10154.698
3,1441.4,79.229,4.4309,25.671,10156.124
3,1441.6,79.229,4.4315,25.668,10157.55
3,1441.8,79.228,4.4711,25.665,10158.976
3,1442.0,79.227,4.5072,25.662,10160.402
3,1442.2,79.226,4.5306,25.658,10161.827
3,1442.4,79.225,4.5607,25.654,10163.253
3,1442.6,79.224,4.6438,25.65,10164.678
3,1442.8,79.223,4.7264,25.644,10166.103
3,1443.0,79.222,4.8307,25.639,10167.527
3,1443.2,79.221,4.8714,25.633,10168.951
3,1443.4,79.219,4.9577,25.626,10170.375
3,1443.6,79.217,5.0302,25.619,10171.799
3,1443.8,79.216,5.1281,25.612,10173.222
3,1444.0,79.214,5.2246,25.604,10174.644
3,1444.2,79.212,5.3353,25.596,10176.067
3,1444.4,79.21,5.4162,25.587,10177.488
3,1444.6,79.208,5.5438,25.578,10178.91
3,1444.8,79.206,5.663,25.569,10180.331
3,1445.0,79.204,5.7602,25.56,10181.751
3,1445.2,79.202,5.8821,25.551,10183.171
3,1445.4,79.2,5.9901,25.542,10184.59
3,1445.6,79.198,6.1508,25.533,10186.009
3,1445.8,79.196,6.1942,25.524,10187.427
3,1446.0,79.193,6.3226,25.516,10188.845
3,1446.2,79.192,6.4141,25.509,10190.262
3,1446.4,79.19,6.4895,25.505,10191.679
3,1446.6,79.19,6.5539,25.502,10193.096
3,1446.8,79.189,6.5412,25.5,10194.512
3,1447.0,79.189,6.5828,25.499,10195.929
3,1447.2,79.188,6.6327,25.498,10197.346
3,1447.4,79.188,6.602,25.497,10198.762
3,1447.6,79.187,6.6383,25.496,10200.179
3,1447.8,79.187,6.653,25.495,10201.595
3,1448.0,79.187,6.7032,25.494,10203.011
3,1448.2,79.187,6.6871,25.493,10204.428
3,1448.4,79.186,6.6632,25.493,10205.844
3,1448.6,79.186,6.6795,25.492,10207.26
3,1448.8,79.186,6.7464,25.492,10208.676
3,1449.0,79.186,6.7013,25.491,10210.093
3,1449.2,79.185,6.7647,25.491,10211.509
3,1449.4,79.185,6.7134,25.49,10212.925
3,1449.6,79.185,6.7065,25.49,10214.341
3,1449.8,79.185,6.7021,25.49,10215.757
3,1450.0,79.185,6.7099,25.49,10217.173
3,1450.2,79.184,6.7346,25.49,10218.589
3,1450.4,79.184,6.6796,25.489,10220.006
3,1450.6,79.184,6.7352,25.489,10221.422
3,1450.8,79.184,6.7398,25.489,10222.838
3,1451.0,79.184,6.7135,25.49,10224.254
3,1451.2,79.184,6.7371,25.49,10225.67
3,1451.4,79.184,6.7041,25.49,10227.086
3,1451.6,79.184,6.7062,25.49,10228.502
3,1451.8,79.184,6.7651,25.491,10229.918
3,1452.0,79.184,6.7443,25.492,10231.334
3,1452.2,79.184,6.7444,25.492,10232.751
3,1452.4,79.184,6.7153,25.494,10234.167
3,1452.6,79.184,6.6858,25.495,10235.583
3,1452.8,79.184,6.6601,25.497,10237.0
3,1453.0,79.185,6.6536,25.499,10238.416
3,1453.2,79.185,6.6334,25.501,10239.833
3,1453.4,79.185,6.568,25.504,10241.25
3,1453.6,79.186,6.5216,25.507,10242.667
3,1453.8,79.187,6.5065,25.511,10244.084
3,1454.0,79.187,6.4495,25.515,10245.501
3,1454.2,79.188,6.3552,25.519,10246.919
3,1454.4,79.189,6.347,25.525,10248.337
3,1454.6,79.19,6.287,25.53,10249.755
3,1454.8,79.191,6.2468,25.536,10251.173
3,1455.0,79.193,6.1049,25.544,10252.592
3,1455.2,79.195,6.0191,25.554,10254.012
3,1455.4,79.197,5.8246,25.566,10255.432
3,1455.6,79.2,5.6821,25.579,10256.852
3,1455.8,79.203,5.5497,25.593,10258.274
3,1456.0,79.206,5.3482,25.608,10259.696
3,1456.2,79.209,5.1323,25.623,10261.119
3,1456.4,79.212,4.909,25.638,10262.543
3,1456.6,79.216,4.7446,25.654,10263.968
3,1456.8,79.219,4.5361,25.67,10265.393
3,1457.0,79.222,4.2875,25.686,10266.82
3,1457.2,79.226,4.114,25.702,10268.247
3,1457.4,79.229,3.9218,25.717,10269.676
3,1457.6,79.232,3.72,25.73,10271.105
3,1457.8,79.235,3.6267,25.741,10272.535
3,1458.0,79.237,3.472,25.752,10273.965
3,1458.2,79.239,3.3197,25.762,10275.396
3,1458.4,79.242,3.1842,25.772,10276.827
3,1458.6,79.244,3.0936,25.782,10278.259
3,1458.8,79.246,2.9715,25.793,10279.692
3,1459.0,79.248,2.8711,25.804,10281.125
3,1459.2,79.251,2.6745,25.815,10282.559
3,1459.4,79.253,2.5499,25.826,10283.994
3,1459.6,79.256,2.3785,25.838,10285.429
3,1459.8,79.258,2.2045,25.85,10286.865
3,1460.0,79.261,2.0541,25.862,10288.301
3,1460.2,79.264,1.8935,25.875,10289.738
3,1460.4,79.266,1.7288,25.887,10291.176
3,1460.6,79.269,1.6431,25.9,10292.615
3,1460.8,79.272,1.4004,25.914,10294.054
3,1461.0,79.275,1.2399,25.927,10295.494
3,1461.2,79.278,1.0535,25.942,10296.935
3,1461.4,79.282,0.8104,25.966,10298.376
3,1461.6,79.289,0.44,25.998,10299.82
3,1461.8,79.296,0.0,26.04,10301.265
3,1462.0,79.296,0.0,26.091,10302.713
3,1462.2,79.298,0.0,26.152,10304.165
3,1462.4,79.298,0.0,26.221,10305.619
3,1462.6,79.298,0.0,26.301,10307.078
3,1462.8,79.297,0.0,26.389,10308.542
3,1463.0,79.298,0.0,26.487,10310.011
3,1463.2,79.297,0.0,26.595,10311.485
3,1463.4,79.297,0.0,26.712,10312.966
3,1463.6,79.296,0.0,26.838,10314.453
3,1463.8,79.296,0.0,26.974,10315.948
3,1464.0,79.296,0.0,27.119,10317.45
3,1464.2,79.296,0.0,27.273,10318.961
3,1464.4,79.296,0.0,27.435,10320.481
3,1464.6,79.296,0.0,27.606,10322.01
3,1464.8,79.297,0.0,27.786,10323.548
3,1465.0,79.296,0.0,27.974,10325.097
3,1465.2,79.297,0.0,28.169,10326.657
3,1465.4,79.296,0.0,28.372,10328.227
3,1465.6,79.296,0.0,28.581,10329.809
3,1465.8,79.296,0.0,28.797,10331.403
3,1466.0,79.296,0.0,29.017,10333.009
3,1466.2,79.296,0.0,29.238,10334.627
3,1466.4,79.297,0.0,29.458,10336.258
3,1466.6,79.296,0.0,29.677,10337.9
3,1466.8,79.296,0.0,29.895,10339.555
3,1467.0,79.296,0.0,30.109,10341.222
3,1467.2,79.296,0.0,30.32,10342.901
3,1467.4,79.296,0.0,30.525,10344.591
3,1467.6,79.296,0.0,30.725,10346.292
3,1467.8,79.296,0.0,30.917,10348.004
3,1468.0,79.297,0.0,31.101,10349.727
3,1468.2,79.296,0.0,31.276,10351.46
3,1468.4,79.296,0.0,31.44,10353.202
3,1468.6,79.296,0.0,31.593,10354.953
3,1468.8,79.296,0.0,31.735,10356.712
3,1469.0,79.297,0.0,31.863,10358.479
3,1469.2,79.296,0.0,31.979,10360.252
3,1469.4,79.296,0.0,32.08,10362.032
3,1469.6,79.296,0.0,32.167,10363.816
3,1469.8,79.296,0.0,32.239,10365.606
3,1470.0,79.296,0.0,32.295,10367.398
3,1470.2,79.296,0.0,32.336,10369.194
3,1470.4,79.296,0.0,32.361,10370.991
3,1470.6,79.297,0.0,32.369,10372.789
3,1470.8,79.297,0.0,32.36,10374.587
3,1471.0,79.296,0.0,32.334,10376.384
3,1471.2,79.296,0.0,32.29,10378.179
3,1471.4,79.296,0.0,32.227,10379.972
3,1471.6,79.296,0.0,32.146,10381.76
3,1471.8,79.296,0.0,32.046,10383.543
3,1472.0,79.297,0.0,31.926,10385.32
3,1472.2,79.296,0.0,31.786,10387.09
3,1472.4,79.296,0.0,31.626,10388.852
3,1472.6,79.296,0.0,31.445,10390.604
3,1472.8,79.297,0.0,31.244,10392.345
3,1473.0,79.296,0.0,31.023,10394.075
3,1473.2,79.296,0.0,30.783,10395.792
3,1473.4,79.296,0.0,30.523,10397.495
3,1473.6,79.296,0.0,30.244,10399.183
3,1473.8,79.296,0.0,29.948,10400.855
3,1474.0,79.297,0.0,29.635,10402.51
3,1474.2,79.297,0.0,29.306,10404.147
3,1474.4,79.296,0.0,28.962,10405.766
3,1474.6,79.296,0.0,28.605,10407.365
3,1474.8,79.296,0.0,28.235,10408.944
3,1475.0,79.297,0.0,27.854,10410.502
3,1475.2,79.296,0.0,27.463,10412.039
3,1475.4,79.297,0.0,27.063,10413.554
3,1475.6,79.296,0.0,26.655,10415.046
3,1475.8,79.296,0.0,26.24,10416.515
3,1476.0,79.28,0.9637,25.827,10417.961
3,1476.2,79.218,4.5323,25.561,10419.388
3,1476.4,79.177,6.8586,25.419,10420.804
3,1476.6,79.154,8.2795,25.342,10422.214
3,1476.8,79.141,8.9154,25.3,10423.62
3,1477.0,79.133,9.3692,25.275,10425.025
3,1477.2,79.129,9.6355,25.26,10426.429
3,1477.4,79.126,9.7455,25.25,10427.832
3,1477.6,79.124,9.8778,25.243,10429.234
3,1477.8,79.123,9.9136,25.238,10430.636
3,1478.0,79.122,10.018,25.235,10432.039
3,1478.2,79.121,10.0521,25.232,10433.44
3,1478.4,79.12,10.0506,25.231,10434.842
3,1478.6,79.12,10.0703,25.23,10436.244
3,1478.8,79.119,10.1209,25.229,10437.645
3,1479.0,79.119,10.0914,25.229,10439.047
3,1479.2,79.119,10.0924,25.23,10440.449
3,1479.4,79.119,10.097,25.231,10441.85
3,1479.6,79.119,10.0766,25.233,10443.252
3,1479.8,79.119,10.0,25.235,10444.654
3,1480.0,79.12,10.012,25.238,10446.056
3,1480.2,79.12,9.9575,25.242,10447.458
3,1480.4,79.121,9.9152,25.246,10448.861
3,1480.6,79.122,9.882,25.25,10450.263
3,1480.8,79.123,9.7799,25.256,10451.666
3,1481.0,79.124,9.7395,25.262,10453.07
3,1481.2,79.125,9.6593,25.268,10454.473
3,1481.4,79.127,9.5801,25.276,10455.877
3,1481.6,79.128,9.4057,25.283,10457.282
3,1481.8,79.13,9.303,25.292,10458.686
3,1482.0,79.131,9.2336,25.3,10460.092
3,1482.2,79.133,9.1421,25.31,10461.498
3,1482.4,79.135,9.0297,25.319,10462.904
3,1482.6,79.137,8.9358,25.33,10464.311
3,1482.8,79.139,8.7727,25.34,10465.718
3,1483.0,79.142,8.5745,25.351,10467.126
3,1483.2,79.144,8.4658,25.362,10468.535
3,1483.4,79.146,8.3121,25.374,10469.944
3,1483.6,79.149,8.2258,25.385,10471.354
3,1483.8,79.151,8.0901,25.397,10472.765
3,1484.0,79.153,7.8815,25.408,10474.176
3,1484.2,79.156,7.7772,25.419,10475.588
3,1484.4,79.158,7.6134,25.43,10477.001
3,1484.6,79.16,7.4459,25.441,10478.414
3,1484.8,79.163,7.3219,25.451,10479.827
3,1485.0,79.165,7.2188,25.461,10481.242
3,1485.2,79.167,7.0883,25.471,10482.656
3,1485.4,79.169,7.0124,25.48,10484.072
3,1485.6,79.171,6.8808,25.489,10485.488
3,1485.8,79.172,6.7634,25.497,10486.904
3,1486.0,79.174,6.6487,25.505,10488.321
3,1486.2,79.175,6.5329,25.512,10489.738
3,1486.4,79.177,6.4638,25.519,10491.155
3,1486.6,79.178,6.3438,25.526,10492.573
3,1486.8,79.18,6.2929,25.532,10493.991
3,1487.0,79.181,6.226,25.539,10495.41
3,1487.2,79.182,6.1263,25.545,10496.829
3,1487.4,79.184,6.0675,25.552,10498.248
3,1487.6,79.185,5.9808,25.559,10499.668
3,1487.8,79.187,5.8702,25.566,10501.088
3,1488.0,79.188,5.7625,25.574,10502.509
3,1488.2,79.19,5.6653,25.582,10503.93
3,1488.4,79.191,5.5744,25.59,10505.351
3,1488.6,79.193,5.4183,25.6,10506.773
3,1488.8,79.195,5.3041,25.609,10508.196
3,1489.0,79.197,5.1776,25.619,10509.619
3,1489.2,79.2,5.0769,25.63,10511.042
3,1489.4,79.202,4.8829,25.641,10512.466
3,1489.6,79.204,4.8022,25.652,10513.891
3,1489.8,79.207,4.626,25.664,10515.317
3,1490.0,79.209,4.5272,25.676,10516.743
3,1490.2,79.212,4.3438,25.688,10518.17
3,1490.4,79.214,4.1736,25.7,10519.597
3,1490.6,79.217,4.0853,25.712,10521.025
3,1490.8,79.219,3.9207,25.723,10522.454
3,1491.0,79.222,3.7628,25.734,10523.883
3,1491.2,79.224,3.5799,25.745,10525.313
3,1491.4,79.227,3.3916,25.756,10526.744
3,1491.6,79.229,3.3101,25.766,10528.175
3,1491.8,79.231,3.2476,25.775,10529.607
3,1492.0,79.233,3.1442,25.784,10531.039
3,1492.2,79.235,2.9744,25.793,10532.472
3,1492.4,79.236,2.9145,25.801,10533.905
3,1492.6,79.238,2.7777,25.809,10535.338
3,1492.8,79.24,2.7028,25.816,10536.772
3,1493.0,79.241,2.5958,25.823,10538.207
3,1493.2,79.243,2.477,25.83,10539.642
3,1493.4,79.244,2.4169,25.837,10541.077
3,1493.6,79.246,2.3188,25.844,10542.512
3,1493.8,79.247,2.2373,25.85,10543.948
3,1494.0,79.249,2.1409,25.856,10545.385
3,1494.2,79.25,2.0726,25.863,10546.821
3,1494.4,79.251,1.9248,25.869,10548.258
3,1494.6,79.252,1.9327,25.875,10549.696
3,1494.8,79.254,1.878,25.88,10551.133
3,1495.0,79.255,1.7856,25.886,10552.571
3,1495.2,79.256,1.672,25.891,10554.009
3,1495.4,79.257,1.6259,25.896,10555.448
3,1495.6,79.258,1.5767,25.901,10556.887
3,1495.8,79.259,1.4995,25.906,10558.326
3,1496.0,79.26,1.5087,25.91,10559.765
3,1496.2,79.261,1.4314,25.914,10561.205
3,1496.4,79.262,1.3513,25.917,10562.645
3,1496.6,79.262,1.3452,25.92,10564.084
3,1496.8,79.263,1.326,25.922,10565.524
3,1497.0,79.263,1.2783,25.924,10566.965
3,1497.2,79.264,1.2433,25.925,10568.405
3,1497.4,79.264,1.2367,25.926,10569.845
3,1497.6,79.264,1.2442,25.927,10571.286
3,1497.8,79.264,1.217,25.927,10572.726
3,1498.0,79.264,1.2006,25.926,10574.166
3,1498.2,79.264,1.2506,25.926,10575.607
3,1498.4,79.264,1.2983,25.924,10577.047
3,1498.6,79.263,1.2697,25.923,10578.487
3,1498.8,79.263,1.2878,25.921,10579.927
3,1499.0,79.262,1.3545,25.919,10581.367
3,1499.2,79.262,1.3406,25.916,10582.807
3,1499.4,79.261,1.346,25.913,10584.247
3,1499.6,79.26,1.4029,25.91,10585.686
3,1499.8,79.26,1.4941,25.907,10587.126
3,1500.0,79.259,1.5155,25.903,10588.565
3,1500.2,79.258,1.564,25.899,10590.004
3,1500.4,79.257,1.6432,25.895,10591.443
3,1500.6,79.256,1.6051,25.89,10592.881
3,1500.8,79.255,1.7016,25.886,10594.319
3,1501.0,79.254,1.7832,25.88,10595.757
3,1501.2,79.253,1.8535,25.875,10597.195
3,1501.4,79.251,1.9252,25.869,10598.632
3,1501.6,79.25,2.0302,25.863,10600.069
3,1501.8,79.249,2.1484,25.857,10601.506
3,1502.0,79.247,2.1369,25.851,10602.942
3,1502.2,79.246,2.2269,25.844,10604.378
3,1502.4,79.244,2.3399,25.836,10605.814
3,1502.6,79.242,2.4183,25.829,10607.249
3,1502.8,79.241,2.5686,25.82,10608.684
3,1503.0,79.239,2.6865,25.812,10610.118
3,1503.2,79.237,2.758,25.802,10611.552
3,1503.4,79.234,2.8954,25.792,10612.985
3,1503.6,79.232,3.0348,25.782,10614.417
3,1503.8,79.23,3.1459,25.771,10615.849
3,1504.0,79.227,3.267,25.759,10617.281
3,1504.2,79.224,3.4976,25.747,10618.711
3,1504.4,79.221,3.63,25.734,10620.142
3,1504.6,79.218,3.7695,25.72,10621.571
3,1504.8,79.215,3.9737,25.706,10622.999
3,1505.0,79.212,4.1411,25.692,10624.427
3,1505.2,79.209,4.3616,25.677,10625.854
3,1505.4,79.205,4.5353,25.662,10627.28
3,1505.6,79.202,4.7021,25.646,10628.705
3,1505.8,79.198,4.927,25.631,10630.13
3,1506.0,79.195,5.1004,25.616,10631.553
3,1506.2,79.191,5.3133,25.601,10632.976
3,1506.4,79.188,5.4969,25.586,10634.398
3,1506.6,79.185,5.7425,25.571,10635.819
3,1506.8,79.182,5.8823,25.558,10637.239
3,1507.0,79.178,6.0532,25.545,10638.658
3,1507.2,79.175,6.2379,25.532,10640.077
3,1507.4,79.173,6.3395,25.52,10641.495
3,1507.6,79.17,6.4946,25.509,10642.913
3,1507.8,79.168,6.6507,25.499,10644.33
3,1508.0,79.165,6.747,25.49,10645.746
3,1508.2,79.163,6.8564,25.481,10647.162
3,1508.4,79.161,6.9939,25.473,10648.577
3,1508.6,79.159,7.1224,25.465,10649.992
3,1508.8,79.158,7.22,25.458,10651.407
3,1509.0,79.156,7.2991,25.452,10652.821
3,1509.2,79.155,7.3313,25.446,10654.235
3,1509.4,79.153,7.4082,25.44,10655.648
3,1509.6,79.152,7.5088,25.434,10657.061
3,1509.8,79.15,7.5623,25.428,10658.474
3,1510.0,79.149,7.5924,25.423,10659.887
3,1510.2,79.147,7.6982,25.417,10661.299
3,1510.4,79.146,7.8252,25.411,10662.711
3,1510.6,79.145,7.8929,25.405,10664.122
3,1510.8,79.143,7.9672,25.398,10665.534
3,1511.0,79.141,8.0332,25.392,10666.944
3,1511.2,79.14,8.1147,25.384,10668.355
3,1511.4,79.138,8.2154,25.377,10669.765
3,1511.6,79.136,8.2914,25.37,10671.175
3,1511.8,79.134,8.4157,25.362,10672.584
3,1512.0,79.132,8.5068,25.354,10673.993
3,1512.2,79.131,8.6129,25.346,10675.401
3,1512.4,79.129,8.7031,25.338,10676.809
3,1512.6,79.127,8.8156,25.331,10678.216
3,1512.8,79.125,8.908,25.323,10679.623
3,1513.0,79.123,9.0289,25.316,10681.03
3,1513.2,79.122,9.0914,25.309,10682.436
3,1513.4,79.12,9.1571,25.303,10683.842
3,1513.6,79.119,9.2463,25.298,10685.248
3,1513.8,79.117,9.3014,25.294,10686.653
3,1514.0,79.116,9.3231,25.291,10688.058
3,1514.2,79.116,9.4243,25.288,10689.463
3,1514.4,79.115,9.4161,25.288,10690.868
3,1514.6,79.115,9.3782,25.288,10692.273
3,1514.8,79.115,9.4254,25.29,10693.678
3,1515.0,79.115,9.4409,25.293,10695.083
3,1515.2,79.116,9.3811,25.298,10696.488
3,1515.4,79.117,9.2459,25.304,10697.894
3,1515.6,79.119,9.1587,25.312,10699.3
3,1515.8,79.12,9.1006,25.321,10700.706
3,1516.0,79.122,8.9085,25.331,10702.113
3,1516.2,79.125,8.8448,25.342,10703.521
3,1516.4,79.127,8.6792,25.355,10704.929
3,1516.6,79.13,8.4484,25.369,10706.338
3,1516.8,79.133,8.2987,25.383,10707.748
3,1517.0,79.136,8.0921,25.399,10709.158
3,1517.2,79.139,7.897,25.414,10710.57
3,1517.4,79.143,7.7479,25.431,10711.982
3,1517.6,79.146,7.5323,25.447,10713.395
3,1517.8,79.15,7.3244,25.463,10714.81
3,1518.0,79.153,7.0863,25.48,10716.225
3,1518.2,79.157,6.841,25.496,10717.641
3,1518.4,79.16,6.6396,25.511,10719.058
3,1518.6,79.163,6.4699,25.527,10720.475
3,1518.8,79.167,6.3197,25.541,10721.894
3,1519.0,79.17,6.0735,25.555,10723.313
3,1519.2,79.173,5.9588,25.569,10724.733
3,1519.4,79.175,5.7613,25.581,10726.154
3,1519.6,79.178,5.6086,25.593,10727.576
3,1519.8,79.18,5.4539,25.605,10728.998
3,1520.0,79.183,5.2683,25.615,10730.421
3,1520.2,79.185,5.1819,25.625,10731.844
3,1520.4,79.187,5.0303,25.635,10733.268
3,1520.6,79.189,4.8939,25.644,10734.692
3,1520.8,79.191,4.803,25.653,10736.117
3,1521.0,79.193,4.7413,25.661,10737.543
3,1521.2,79.194,4.6267,25.669,10738.968
3,1521.4,79.196,4.5177,25.677,10740.395
3,1521.6,79.198,4.3628,25.685,10741.821
3,1521.8,79.199,4.301,25.692,10743.248
3,1522.0,79.201,4.2207,25.7,10744.676
3,1522.2,79.203,4.1115,25.708,10746.104
3,1522.4,79.204,4.017,25.716,10747.532
3,1522.6,79.206,3.9276,25.724,10748.961
3,1522.8,79.208,3.8662,25.732,10750.391
3,1523.0,79.209,3.6694,25.741,10751.82
3,1523.2,79.211,3.6179,25.749,10753.251
3,1523.4,79.213,3.5455,25.758,10754.682
3,1523.6,79.215,3.409,25.766,10756.113
3,1523.8,79.217,3.2776,25.775,10757.544
3,1524.0,79.218,3.1562,25.783,10758.977
3,1524.2,79.22,3.1055,25.791,10760.409
3,1524.4,79.222,2.9618,25.798,10761.842
3,1524.6,79.223,2.8767,25.805,10763.276
3,1524.8,79.225,2.8294,25.811,10764.709
3,1525.0,79.226,2.7464,25.817,10766.144
3,1525.2,79.227,2.6264,25.821,10767.578
3,1525.4,79.228,2.5701,25.825,10769.013
3,1525.6,79.228,2.5648,25.827,10770.447
3,1525.8,79.229,2.5348,25.828,10771.882
3,1526.0,79.229,2.5146,25.829,10773.317
3,1526.2,79.229,2.5688,25.827,10774.752
3,1526.4,79.228,2.5958,25.825,10776.187
3,1526.6,79.227,2.5723,25.822,10777.621
3,1526.8,79.227,2.6791,25.817,10779.056
3,1527.0,79.225,2.6847,25.811,10780.49
3,1527.2,79.224,2.7652,25.805,10781.924
3,1527.4,79.222,2.9041,25.797,10783.357
3,1527.6,79.22,3.0313,25.789,10784.79
3,1527.8,79.219,3.1433,25.781,10786.223
3,1528.0,79.217,3.1479,25.772,10787.655
3,1528.2,79.215,3.3073,25.763,10789.086
3,1528.4,79.212,3.4591,25.754,10790.517
3,1528.6,79.21,3.5395,25.745,10791.948
3,1528.8,79.208,3.7092,25.736,10793.378
3,1529.0,79.207,3.7635,25.728,10794.807
3,1529.2,79.205,3.8593,25.721,10796.236
3,1529.4,79.203,3.9725,25.714,10797.665
3,1529.6,79.202,4.043,25.709,10799.094
3,1529.8,79.201,4.09,25.704,10800.522
3,1530.0,79.2,4.202,25.7,10801.95
3,1530.2,79.199,4.2326,25.697,10803.377
3,1530.4,79.198,4.2306,25.696,10804.805
3,1530.6,79.198,4.239,25.695,10806.232
3,1530.8,79.198,4.2629,25.695,10807.66
3,1531.0,79.198,4.2434,25.696,10809.087
3,1531.2,79.198,4.258,25.698,10810.515
3,1531.4,79.198,4.1951,25.7,10811.943
3,1531.6,79.199,4.1364,25.704,10813.371
3,1531.8,79.2,4.1104,25.707,10814.799
3,1532.0,79.201,4.0277,25.712,10816.227
3,1532.2,79.201,3.9997,25.716,10817.656
3,1532.4,79.202,3.9716,25.721,10819.084
3,1532.6,79.203,3.8839,25.726,10820.513
3,1532.8,79.205,3.837,25.731,10821.943
3,1533.0,79.206,3.8074,25.737,10823.373
3,1533.2,79.207,3.6944,25.742,10824.802
3,1533.4,79.208,3.6353,25.748,10826.233
3,1533.6,79.209,3.584,25.753,10827.663
3,1533.8,79.21,3.4688,25.758,10829.094
3,1534.0,79.211,3.446,25.764,10830.525
3,1534.2,79.212,3.3419,25.769,10831.957
3,1534.4,79.214,3.2799,25.775,10833.389
3,1534.6,79.215,3.1794,25.781,10834.821
3,1534.8,79.216,3.1272,25.786,10836.253
3,1535.0,79.217,3.0159,25.793,10837.686
3,1535.2,79.219,3.0075,25.799,10839.119
3,1535.4,79.22,2.9206,25.806,10840.552
3,1535.6,79.221,2.8295,25.813,10841.986
3,1535.8,79.223,2.7205,25.82,10843.421
3,1536.0,79.225,2.5979,25.829,10844.855
3,1536.2,79.227,2.475,25.837,10846.29
3,1536.4,79.228,2.3226,25.846,10847.726
3,1536.6,79.231,2.2883,25.856,10849.162
3,1536.8,79.233,2.1496,25.867,10850.599
3,1537.0,79.235,1.9825,25.877,10852.036
3,1537.2,79.237,1.8594,25.889,10853.474
3,1537.4,79.24,1.7179,25.901,10854.913
3,1537.6,79.243,1.5754,25.914,10856.352
3,1537.8,79.246,1.3768,25.927,10857.792
3,1538.0,79.248,1.2597,25.94,10859.233
3,1538.2,79.252,1.0457,25.957,10860.674
3,1538.4,79.257,0.7251,25.983,10862.117
3,1538.6,79.264,0.3298,26.019,10863.562
3,1538.8,79.27,0.0,26.062,10865.008
3,1539.0,79.27,0.0,26.115,10866.458
3,1539.2,79.27,0.0,26.175,10867.91
3,1539.4,79.269,0.0,26.243,10869.366
3,1539.6,79.269,0.0,26.317,10870.826
3,1539.8,79.269,0.0,26.398,10872.29
3,1540.0,79.269,0.0,26.485,10873.759
3,1540.2,79.269,0.0,26.577,10875.233
3,1540.4,79.269,0.0,26.672,10876.712
3,1540.6,79.269,0.0,26.77,10878.197
3,1540.8,79.269,0.0,26.87,10879.687
3,1541.0,79.269,0.0,26.971,10881.182
3,1541.2,79.27,0.0,27.072,10882.684
3,1541.4,79.269,0.0,27.172,10884.19
3,1541.6,79.271,0.0,27.271,10885.703
3,1541.8,79.269,0.0,27.367,10887.22
3,1542.0,79.269,0.0,27.459,10888.743
3,1542.2,79.269,0.0,27.548,10890.271
3,1542.4,79.269,0.0,27.632,10891.804
3,1542.6,79.269,0.0,27.711,10893.342
3,1542.8,79.269,0.0,27.785,10894.883
3,1543.0,79.269,0.0,27.853,10896.429
3,1543.2,79.27,0.0,27.914,10897.978
3,1543.4,79.269,0.0,27.969,10899.53
3,1543.6,79.269,0.0,28.017,10901.085
3,1543.8,79.269,0.0,28.058,10902.643
3,1544.0,79.27,0.0,28.092,10904.203
3,1544.2,79.271,0.0,28.119,10905.764
3,1544.4,79.27,0.0,28.138,10907.327
3,1544.6,79.27,0.0,28.15,10908.89
3,1544.8,79.269,0.0,28.155,10910.455
3,1545.0,79.269,0.0,28.152,10912.019
3,1545.2,79.269,0.0,28.142,10913.582
3,1545.4,79.27,0.0,28.123,10915.145
3,1545.6,79.269,0.0,28.097,10916.707
3,1545.8,79.27,0.0,28.063,10918.267
3,1546.0,79.269,0.0,28.021,10919.825
3,1546.2,79.269,0.0,27.97,10921.38
3,1546.4,79.269,0.0,27.911,10922.933
3,1546.6,79.269,0.0,27.844,10924.481
3,1546.8,79.269,0.0,27.768,10926.026
3,1547.0,79.269,0.0,27.683,10927.567
3,1547.2,79.269,0.0,27.59,10929.102
3,1547.4,79.27,0.0,27.487,10930.632
3,1547.6,79.269,0.0,27.375,10932.156
3,1547.8,79.269,0.0,27.254,10933.673
3,1548.0,79.269,0.0,27.124,10935.184
3,1548.2,79.27,0.0,26.984,10936.687
3,1548.4,79.269,0.0,26.835,10938.182
3,1548.6,79.269,0.0,26.677,10939.669
3,1548.8,79.269,0.0,26.509,10941.146
3,1549.0,79.27,0.0,26.333,10942.614
3,1549.2,79.269,0.0,26.148,10944.072
3,1549.4,79.264,0.2947,25.954,10945.519
3,1549.6,79.231,2.2165,25.798,10946.956
3,1549.8,79.207,3.5721,25.711,10948.387
3,1550.0,79.192,4.4406,25.661,10949.814
3,1550.2,79.184,4.986,25.629,10951.238
3,1550.4,79.178,5.2237,25.608,10952.662
3,1550.6,79.174,5.4869,25.592,10954.084
3,1550.8,79.17,5.716,25.58,10955.505
3,1551.0,79.168,5.7859,25.569,10956.926
3,1551.2,79.166,5.955,25.56,10958.346
3,1551.4,79.164,6.0365,25.552,10959.766
3,1551.6,79.162,6.1622,25.544,10961.185
3,1551.8,79.16,6.2563,25.537,10962.604
3,1552.0,79.158,6.2936,25.531,10964.023
3,1552.2,79.157,6.3682,25.525,10965.441
3,1552.4,79.155,6.4279,25.519,10966.859
3,1552.6,79.154,6.5425,25.513,10968.276
3,1552.8,79.153,6.6176,25.508,10969.694
3,1553.0,79.152,6.6594,25.503,10971.111
3,1553.2,79.15,6.7615,25.498,10972.527
3,1553.4,79.149,6.8021,25.494,10973.944
3,1553.6,79.148,6.8636,25.49,10975.36
3,1553.8,79.147,6.9311,25.485,10976.776
3,1554.0,79.146,6.9439,25.482,10978.192
3,1554.2,79.145,7.0023,25.478,10979.607
3,1554.4,79.144,7.0743,25.475,10981.023
3,1554.6,79.143,7.107,25.472,10982.438
3,1554.8,79.143,7.116,25.469,10983.853
3,1555.0,79.142,7.1429,25.466,10985.268
3,1555.2,79.141,7.1907,25.464,10986.682
3,1555.4,79.141,7.2299,25.463,10988.097
3,1555.6,79.14,7.2619,25.461,10989.512
3,1555.8,79.14,7.2846,25.461,10990.926
3,1556.0,79.14,7.2361,25.46,10992.341
3,1556.2,79.139,7.2661,25.46,10993.755
3,1556.4,79.139,7.3773,25.46,10995.17
3,1556.6,79.139,7.2779,25.46,10996.584
3,1556.8,79.139,7.29,25.461,10997.998
3,1557.0,79.139,7.2486,25.462,10999.413
3,1557.2,79.14,7.234,25.464,11000.828
3,1557.4,79.14,7.1718,25.465,11002.242
3,1557.6,79.14,7.2081,25.467,11003.657
3,1557.8,79.14,7.1767,25.469,11005.072
3,1558.0,79.141,7.1447,25.472,11006.487
3,1558.2,79.141,7.1119,25.474,11007.902
3,1558.4,79.142,7.0467,25.477,11009.317
3,1558.6,79.142,7.0324,25.48,11010.733
3,1558.8,79.143,6.9637,25.483,11012.149
3,1559.0,79.143,6.9432,25.487,11013.564
3,1559.2,79.144,6.8799,25.491,11014.98
3,1559.4,79.145,6.8625,25.494,11016.397
3,1559.6,79.145,6.8141,25.498,11017.813
3,1559.8,79.146,6.7709,25.502,11019.23
3,1560.0,79.147,6.7459,25.506,11020.647
3,1560.2,79.148,6.652,25.511,11022.064
3,1560.4,79.149,6.6113,25.515,11023.481
3,1560.6,79.15,6.5691,25.52,11024.899
3,1560.8,79.15,6.4505,25.525,11026.317
3,1561.0,79.151,6.4457,25.53,11027.735
