lap,time_s,voltage_V,current_A,speed_kmh,distance_m
1,0.008,104.998,0.1071,0.0,0.0
1,0.208,104.995,0.2857,0.48,0.0
1,0.408,104.99,0.571,0.959,0.027
1,0.608,104.985,0.8558,1.438,0.08
1,0.808,104.98,1.1401,1.916,0.16
1,1.008,104.975,1.4238,2.393,0.266
1,1.208,104.97,1.7068,2.869,0.399
1,1.408,104.965,1.9892,3.345,0.559
1,1.608,104.965,2.0,3.819,0.744
1,1.808,104.965,2.0,4.211,0.957
1,2.008,104.965,2.0,4.545,1.191
1,2.208,104.965,2.0,4.839,1.443
1,2.408,104.965,2.0,5.102,1.712
1,2.608,104.965,2.0,5.34,1.995
1,2.808,104.965,2.0,5.558,2.292
1,3.008,104.965,2.0,5.759,2.601
1,3.208,104.965,2.0,5.946,2.921
1,3.408,104.965,2.0,6.121,3.251
1,3.608,104.965,2.0,6.285,3.591
1,3.808,104.965,2.0,6.439,3.94
1,4.008,104.964,2.0,6.585,4.298
1,4.208,104.964,2.0,6.724,4.664
1,4.408,104.964,2.0,6.856,5.037
1,4.608,104.964,2.0,6.982,5.418
1,4.808,104.964,2.0,7.102,5.806
1,5.008,104.964,2.0,7.218,6.201
1,5.208,104.964,2.0,7.329,6.602
1,5.408,104.964,2.0,7.435,7.009
1,5.608,104.964,2.0,7.538,7.422
1,5.808,104.964,2.0,7.638,7.841
1,6.008,104.964,2.0,7.734,8.265
1,6.208,104.964,2.0,7.828,8.695
1,6.408,104.964,2.0,7.918,9.13
1,6.608,104.964,2.0,8.006,9.57
1,6.808,104.964,2.0,8.092,10.014
1,7.008,104.964,2.0,8.175,10.464
1,7.208,104.964,2.0,8.257,10.918
1,7.408,104.964,2.0,8.337,11.377
1,7.608,104.964,2.0,8.415,11.84
1,7.808,104.964,2.0,8.491,12.307
1,8.008,104.964,2.0,8.566,12.779
1,8.208,104.964,2.0,8.639,13.255
1,8.408,104.963,2.0,8.712,13.735
1,8.608,104.963,2.0,8.783,14.219
1,8.808,104.963,2.0,8.853,14.707
1,9.008,104.963,2.0,8.922,15.199
1,9.208,104.963,2.0,8.99,15.694
1,9.408,104.963,2.0,9.057,16.194
1,9.608,104.963,2.0,9.124,16.697
1,9.808,104.963,2.0,9.19,17.204
1,10.008,104.963,2.0,9.256,17.715
1,10.208,104.963,2.0,9.322,18.229
1,10.408,104.963,2.0,9.386,18.747
1,10.608,104.963,2.0,9.451,19.268
1,10.808,104.963,2.0,9.515,19.793
1,11.008,104.963,2.0,9.58,20.322
1,11.208,104.963,2.0,9.644,20.854
1,11.408,104.963,2.0,9.708,21.39
1,11.608,104.963,2.0,9.773,21.929
1,11.808,104.963,2.0,9.838,22.472
1,12.008,104.963,2.0,9.903,23.019
1,12.208,104.963,2.0,9.969,23.569
1,12.408,104.963,2.0,10.035,24.123
1,12.608,104.963,2.0,10.102,24.68
1,12.808,104.962,2.0,10.169,25.241
1,13.008,104.962,2.0,10.237,25.806
1,13.208,104.962,2.0,10.305,26.375
1,13.408,104.962,2.0,10.374,26.947
1,13.608,104.962,2.0,10.443,27.524
1,13.808,104.962,2.0,10.514,28.104
1,14.008,104.962,2.0,10.585,28.688
1,14.208,104.962,2.0,10.656,29.276
1,14.408,104.962,2.0,10.729,29.868
1,14.608,104.962,2.0,10.802,30.464
1,14.808,104.962,2.0,10.876,31.064
1,15.008,104.962,2.0,10.951,31.669
1,15.208,104.962,2.0,11.026,32.277
1,15.408,104.962,2.0,11.103,32.889
1,15.608,104.962,2.0,11.18,33.506
1,15.808,104.962,2.0,11.258,34.127
1,16.008,104.962,2.0,11.337,34.753
1,16.208,104.962,2.0,11.416,35.383
1,16.408,104.962,2.0,11.497,36.017
1,16.608,104.962,2.0,11.578,36.656
1,16.808,104.962,2.0,11.661,37.299
1,17.008,104.962,2.0,11.744,37.947
1,17.208,104.961,2.0,11.828,38.599
1,17.408,104.961,2.0,11.913,39.256
1,17.608,104.961,2.0,11.998,39.918
1,17.808,104.961,2.0,12.085,40.585
1,18.008,104.961,2.0,12.173,41.256
1,18.208,104.961,2.0,12.261,41.932
1,18.408,104.961,2.0,12.351,42.613
1,18.608,104.961,2.0,12.441,43.3
1,18.808,104.961,2.0,12.532,43.991
1,19.008,104.961,2.0,12.625,44.687
1,19.208,104.961,2.0,12.718,45.388
1,19.408,104.961,2.0,12.813,46.095
1,19.608,104.961,2.0,12.908,46.807
1,19.808,104.961,2.0,13.004,47.524
1,20.008,104.961,2.0,13.101,48.246
1,20.208,104.961,2.0,13.198,48.974
1,20.408,104.961,2.0,13.297,49.707
1,20.608,104.961,2.0,13.397,50.446
1,20.808,104.961,2.0,13.497,51.19
1,21.008,104.961,2.0,13.598,51.94
1,21.208,104.961,2.0,13.7,52.696
1,21.408,104.961,2.0,13.802,53.457
1,21.608,104.96,2.0,13.905,54.223
1,21.808,104.96,2.0,14.008,54.996
1,22.008,104.96,2.0,14.113,55.774
1,22.208,104.96,2.0,14.218,56.558
1,22.408,104.96,2.0,14.323,57.348
1,22.608,104.96,2.0,14.429,58.144
1,22.808,104.96,2.0,14.535,58.945
1,23.008,104.96,2.0,14.642,59.753
1,23.208,104.96,2.0,14.75,60.566
1,23.408,104.96,2.0,14.86,61.386
1,23.608,104.96,2.0,14.974,62.211
1,23.808,104.96,2.0,15.092,63.043
1,24.008,104.96,2.0,15.213,63.882
1,24.208,104.96,2.0,15.338,64.727
1,24.408,104.96,2.0,15.467,65.579
1,24.608,104.96,2.0,15.599,66.438
1,24.808,104.96,2.0,15.733,67.305
1,25.008,104.96,2.0,15.87,68.179
1,25.208,104.96,2.0,16.009,69.061
1,25.408,104.96,2.0,16.151,69.95
1,25.608,104.96,2.0,16.295,70.847
1,25.808,104.959,2.0,16.438,71.752
1,26.008,104.959,2.0,16.579,72.666
1,26.208,104.959,2.0,16.72,73.587
1,26.408,104.959,2.0,16.859,74.516
1,26.608,104.959,2.0,16.997,75.452
1,26.808,104.959,2.0,17.134,76.396
1,27.008,104.959,2.0,17.269,77.348
1,27.208,104.959,2.0,17.402,78.308
1,27.408,104.959,2.0,17.534,79.274
1,27.608,104.959,2.0,17.664,80.249
1,27.808,104.961,1.8596,17.792,81.23
1,28.008,104.964,1.7121,17.909,82.218
1,28.208,104.966,1.5788,18.014,83.213
1,28.408,104.968,1.4588,18.109,84.214
1,28.608,104.97,1.354,18.195,85.22
1,28.808,104.972,1.2714,18.272,86.231
1,29.008,104.973,1.1994,18.342,87.246
1,29.208,104.974,1.1369,18.404,88.265
1,29.408,104.975,1.0833,18.461,89.288
1,29.608,104.975,1.0413,18.512,90.313
1,29.808,104.976,1.015,18.557,91.342
1,30.008,104.976,0.9954,18.598,92.373
1,30.208,104.976,0.9819,18.635,93.406
1,30.408,104.977,0.974,18.669,94.441
1,30.608,104.976,0.9782,18.699,95.478
1,30.808,104.976,0.9955,18.726,96.517
1,31.008,104.976,1.0169,18.75,97.557
1,31.208,104.975,1.0421,18.772,98.599
1,31.408,104.975,1.0708,18.792,99.642
1,31.608,104.974,1.1081,18.809,100.686
1,31.808,104.973,1.1511,18.825,101.731
1,32.008,104.972,1.1967,18.84,102.777
1,32.208,104.972,1.2445,18.852,103.823
1,32.408,104.971,1.2944,18.864,104.871
1,32.608,104.969,1.3811,18.874,105.919
1,32.808,104.968,1.4744,18.883,106.967
1,33.008,104.966,1.5693,18.892,108.016
1,33.208,104.964,1.6657,18.899,109.066
1,33.408,104.962,1.761,18.906,110.116
1,33.608,104.961,1.8376,18.911,111.166
1,33.808,104.96,1.9154,18.917,112.217
1,34.008,104.958,1.994,18.921,113.268
1,34.208,104.958,2.0,18.925,114.319
1,34.408,104.958,2.0,18.924,115.37
1,34.608,104.958,2.0,18.919,116.422
1,34.808,104.958,2.0,18.909,117.473
1,35.008,104.958,2.0,18.897,118.523
1,35.208,104.958,2.0,18.881,119.573
1,35.408,104.958,2.0,18.861,120.622
1,35.608,104.958,2.0,18.839,121.67
1,35.808,104.958,2.0,18.813,122.716
1,36.008,104.958,2.0,18.784,123.762
1,36.208,104.958,2.0,18.752,124.805
1,36.408,104.958,2.0,18.717,125.847
1,36.608,104.958,2.0,18.68,126.887
1,36.808,104.957,2.0,18.639,127.925
1,37.008,104.957,2.0,18.596,128.96
1,37.208,104.957,2.0,18.55,129.993
1,37.408,104.957,2.0,18.501,131.024
1,37.608,104.957,2.0,18.451,132.052
1,37.808,104.957,2.0,18.398,133.077
1,38.008,104.957,2.0,18.344,134.099
1,38.208,104.957,2.0,18.287,135.118
1,38.408,104.957,2.0,18.229,136.134
1,38.608,104.957,2.0,18.169,137.147
1,38.808,104.957,2.0,18.108,138.156
1,39.008,104.957,2.0,18.046,139.162
1,39.208,104.957,2.0,17.982,140.165
1,39.408,104.957,2.0,17.916,141.163
1,39.608,104.957,2.0,17.85,142.159
1,39.808,104.957,2.0,17.784,143.151
1,40.008,104.957,2.0,17.717,144.139
1,40.208,104.957,2.0,17.65,145.123
1,40.408,104.957,2.0,17.583,146.103
1,40.608,104.957,2.0,17.516,147.08
1,40.808,104.957,2.0,17.449,148.053
1,41.008,104.957,2.0,17.382,149.023
1,41.208,104.956,2.0,17.316,149.988
1,41.408,104.956,2.0,17.251,150.95
1,41.608,104.956,2.0,17.186,151.909
1,41.808,104.956,2.0,17.124,152.864
1,42.008,104.956,2.0,17.062,153.815
1,42.208,104.956,2.0,17.002,154.763
1,42.408,104.956,2.0,16.944,155.707
1,42.608,104.956,2.0,16.887,156.649
1,42.808,104.956,2.0,16.833,157.587
1,43.008,104.956,2.0,16.78,158.522
1,43.208,104.956,2.0,16.729,159.454
1,43.408,104.956,2.0,16.68,160.384
1,43.608,104.956,2.0,16.633,161.31
1,43.808,104.956,2.0,16.589,162.234
1,44.008,104.956,2.0,16.548,163.156
1,44.208,104.956,2.0,16.509,164.075
1,44.408,104.956,2.0,16.474,164.992
1,44.608,104.956,2.0,16.441,165.908
1,44.808,104.956,2.0,16.412,166.821
1,45.008,104.956,2.0,16.384,167.733
1,45.208,104.956,2.0,16.36,168.643
1,45.408,104.956,2.0,16.339,169.552
1,45.608,104.955,2.0,16.32,170.46
1,45.808,104.955,2.0,16.304,171.366
1,46.008,104.955,2.0,16.291,172.272
1,46.208,104.955,2.0,16.282,173.177
1,46.408,104.955,2.0,16.276,174.082
1,46.608,104.955,2.0,16.273,174.986
1,46.808,104.955,2.0,16.273,175.89
1,47.008,104.955,2.0,16.277,176.794
1,47.208,104.955,2.0,16.283,177.698
1,47.408,104.955,2.0,16.291,178.603
1,47.608,104.955,2.0,16.303,179.508
1,47.808,104.955,2.0,16.317,180.414
1,48.008,104.955,2.0,16.334,181.32
1,48.208,104.955,2.0,16.354,182.228
1,48.408,104.955,2.0,16.377,183.136
1,48.608,104.955,2.0,16.402,184.046
1,48.808,104.955,2.0,16.43,184.957
1,49.008,104.955,2.0,16.46,185.87
1,49.208,104.955,2.0,16.493,186.784
1,49.408,104.955,2.0,16.53,187.701
1,49.608,104.955,2.0,16.569,188.619
1,49.808,104.955,2.0,16.611,189.539
1,50.008,104.954,2.0,16.656,190.462
1,50.208,104.954,2.0,16.704,191.388
1,50.408,104.954,2.0,16.753,192.316
1,50.608,104.954,2.0,16.804,193.246
1,50.808,104.954,2.0,16.858,194.18
1,51.008,104.954,2.0,16.913,195.116
1,51.208,104.954,2.0,16.971,196.056
1,51.408,104.954,2.0,17.031,196.999
1,51.608,104.954,2.0,17.094,197.945
1,51.808,104.954,2.0,17.16,198.895
1,52.008,104.954,2.0,17.228,199.848
1,52.208,104.954,2.0,17.299,200.805
1,52.408,104.954,2.0,17.374,201.766
1,52.608,104.954,2.0,17.453,202.731
1,52.808,104.954,2.0,17.535,203.701
1,53.008,104.954,2.0,17.621,204.675
1,53.208,104.954,2.0,17.71,205.654
1,53.408,104.954,2.0,17.806,206.638
1,53.608,104.956,1.8775,17.911,207.627
1,53.808,104.961,1.5883,18.016,208.622
1,54.008,104.966,1.3093,18.111,209.623
1,54.208,104.97,1.0825,18.197,210.629
1,54.408,104.973,0.8909,18.274,211.64
1,54.608,104.976,0.7087,18.343,212.656
1,54.808,104.979,0.5351,18.406,213.675
1,55.008,104.982,0.3693,18.463,214.697
1,55.208,104.984,0.2279,18.513,215.723
1,55.408,104.987,0.1004,18.559,216.751
1,55.608,104.988,0.0,18.6,217.782
1,55.808,104.988,0.0,18.639,218.816
1,56.008,104.988,0.0,18.681,219.851
1,56.208,104.988,0.0,18.726,220.889
1,56.408,104.988,0.0,18.775,221.929
1,56.608,104.988,0.0,18.825,222.972
1,56.808,104.988,0.0,18.878,224.018
1,57.008,104.988,0.0,18.933,225.067
1,57.208,104.988,0.0,18.991,226.119
1,57.408,104.988,0.0,19.05,227.174
1,57.608,104.988,0.0,19.109,228.232
1,57.808,104.988,0.0,19.17,229.294
1,58.008,104.988,0.0,19.232,230.359
1,58.208,104.988,0.0,19.295,231.427
1,58.408,104.988,0.0,19.357,232.499
1,58.608,104.988,0.0,19.418,233.575
1,58.808,104.988,0.0,19.479,234.654
1,59.008,104.988,0.0,19.539,235.736
1,59.208,104.988,0.0,19.597,236.821
1,59.408,104.988,0.0,19.653,237.91
1,59.608,104.988,0.0,19.705,239.002
1,59.808,104.988,0.0,19.755,240.097
1,60.008,104.988,0.0,19.802,241.194
1,60.208,104.988,0.0,19.845,242.294
1,60.408,104.988,0.0,19.883,243.397
1,60.608,104.988,0.0,19.917,244.501
1,60.808,104.988,0.0,19.947,245.608
1,61.008,104.988,0.0,19.972,246.716
1,61.208,104.988,0.0,19.991,247.825
1,61.408,104.988,0.0,20.005,248.936
1,61.608,104.988,0.0,20.014,250.047
1,61.808,104.988,0.0,20.018,251.159
1,62.008,104.988,0.0,20.016,252.272
1,62.208,104.988,0.0,20.008,253.384
1,62.408,104.988,0.0,19.995,254.495
1,62.608,104.988,0.0,19.975,255.606
1,62.808,104.988,0.0,19.95,256.716
1,63.008,104.988,0.0,19.918,257.824
1,63.208,104.988,0.0,19.879,258.93
1,63.408,104.988,0.0,19.834,260.035
1,63.608,104.988,0.0,19.782,261.137
1,63.808,104.988,0.0,19.724,262.236
1,64.008,104.987,0.0592,19.658,263.332
1,64.208,104.983,0.2854,19.59,264.424
1,64.408,104.979,0.5072,19.528,265.512
1,64.608,104.976,0.727,19.472,266.597
1,64.808,104.972,0.9367,19.422,267.679
1,65.008,104.968,1.1373,19.377,268.758
1,65.208,104.965,1.3299,19.336,269.834
1,65.408,104.962,1.5286,19.299,270.908
1,65.608,104.958,1.7233,19.266,271.98
1,65.808,104.955,1.9123,19.235,273.051
1,66.008,104.953,2.0,19.208,274.119
1,66.208,104.953,2.0,19.178,275.187
1,66.408,104.953,2.0,19.138,276.252
1,66.608,104.953,2.0,19.09,277.315
1,66.808,104.953,2.0,19.033,278.376
1,67.008,104.953,2.0,18.967,279.433
1,67.208,104.953,2.0,18.892,280.487
1,67.408,104.953,2.0,18.81,281.536
1,67.608,104.953,2.0,18.723,282.581
1,67.808,104.953,2.0,18.632,283.622
1,68.008,104.953,2.0,18.535,284.657
1,68.208,104.953,2.0,18.435,285.686
1,68.408,104.953,2.0,18.33,286.71
1,68.608,104.953,2.0,18.222,287.729
1,68.808,104.953,2.0,18.111,288.741
1,69.008,104.953,2.0,17.997,289.747
1,69.208,104.952,2.0,17.88,290.747
1,69.408,104.952,2.0,17.759,291.741
1,69.608,104.952,2.0,17.633,292.727
1,69.808,104.952,2.0,17.502,293.707
1,70.008,104.952,2.0,17.366,294.679
1,70.208,104.952,2.0,17.226,295.644
1,70.408,104.952,2.0,17.081,296.601
1,70.608,104.952,2.0,16.932,297.55
1,70.808,104.952,2.0,16.778,298.49
1,71.008,104.952,2.0,16.621,299.423
1,71.208,104.952,2.0,16.459,300.346
1,71.408,104.952,2.0,16.294,301.26
1,71.608,104.952,2.0,16.127,302.166
1,71.808,104.952,2.0,15.956,303.062
1,72.008,104.952,2.0,15.783,303.948
1,72.208,104.952,2.0,15.607,304.825
1,72.408,104.952,2.0,15.428,305.692
1,72.608,104.952,2.0,15.248,306.549
1,72.808,104.952,2.0,15.066,307.396
1,73.008,104.952,2.0,14.883,308.233
1,73.208,104.952,2.0,14.698,309.06
1,73.408,104.952,2.0,14.512,309.876
1,73.608,104.951,2.0,14.324,310.683
1,73.808,104.951,2.0,14.137,311.478
1,74.008,104.951,2.0,13.949,312.264
1,74.208,104.951,2.0,13.762,313.039
1,74.408,104.951,2.0,13.575,313.803
1,74.608,104.951,2.0,13.389,314.558
1,74.808,104.951,2.0,13.203,315.301
1,75.008,104.951,2.0,13.018,316.035
1,75.208,104.951,2.0,12.834,316.758
1,75.408,104.951,2.0,12.652,317.471
1,75.608,104.951,2.0,12.471,318.174
1,75.808,104.951,2.0,12.292,318.867
1,76.008,104.951,2.0,12.115,319.55
1,76.208,104.951,2.0,11.939,320.223
1,76.408,104.951,2.0,11.765,320.886
1,76.608,104.951,2.0,11.594,321.54
1,76.808,104.951,2.0,11.425,322.184
1,77.008,104.951,2.0,11.259,322.819
1,77.208,104.951,2.0,11.096,323.444
1,77.408,104.951,2.0,10.936,324.061
1,77.608,104.951,2.0,10.779,324.668
1,77.808,104.951,2.0,10.624,325.267
1,78.008,104.95,2.0,10.473,325.857
1,78.208,104.95,2.0,10.324,326.439
1,78.408,104.95,2.0,10.179,327.013
1,78.608,104.95,2.0,10.037,327.578
1,78.808,104.95,2.0,9.898,328.136
1,79.008,104.95,2.0,9.762,328.686
1,79.208,104.95,2.0,9.63,329.228
1,79.408,104.95,2.0,9.5,329.763
1,79.608,104.95,2.0,9.374,330.291
1,79.808,104.95,2.0,9.252,330.811
1,80.008,104.95,2.0,9.133,331.325
1,80.208,104.95,2.0,9.017,331.833
1,80.408,104.95,2.0,8.906,332.334
1,80.608,104.95,2.0,8.798,332.829
1,80.808,104.95,2.0,8.694,333.317
1,81.008,104.95,2.0,8.593,333.8
1,81.208,104.95,2.0,8.495,334.278
1,81.408,104.95,2.0,8.402,334.75
1,81.608,104.95,2.0,8.311,335.216
1,81.808,104.95,2.0,8.224,335.678
1,82.008,104.95,2.0,8.14,336.135
1,82.208,104.95,2.0,8.06,336.587
1,82.408,104.949,2.0,7.983,337.035
1,82.608,104.949,2.0,7.909,337.479
1,82.808,104.949,2.0,7.839,337.918
1,83.008,104.949,2.0,7.771,338.353
1,83.208,104.949,2.0,7.706,338.785
1,83.408,104.949,2.0,7.645,339.213
1,83.608,104.949,2.0,7.586,339.638
1,83.808,104.949,2.0,7.53,340.059
1,84.008,104.949,2.0,7.476,340.478
1,84.208,104.949,2.0,7.426,340.893
1,84.408,104.949,2.0,7.378,341.306
1,84.608,104.949,2.0,7.332,341.716
1,84.808,104.949,2.0,7.29,342.123
1,85.008,104.949,2.0,7.249,342.528
1,85.208,104.949,2.0,7.211,342.931
1,85.408,104.949,2.0,7.175,343.331
1,85.608,104.949,2.0,7.142,343.73
1,85.808,104.949,2.0,7.11,344.127
1,86.008,104.949,2.0,7.081,344.522
1,86.208,104.949,2.0,7.053,344.915
1,86.408,104.949,2.0,7.027,345.307
1,86.608,104.949,2.0,7.004,345.697
1,86.808,104.948,2.0,6.982,346.086
1,87.008,104.948,2.0,6.962,346.474
1,87.208,104.948,2.0,6.944,346.861
1,87.408,104.948,2.0,6.928,347.247
1,87.608,104.948,2.0,6.914,347.632
1,87.808,104.948,2.0,6.901,348.016
1,88.008,104.948,2.0,6.889,348.399
1,88.208,104.948,2.0,6.88,348.782
1,88.408,104.948,2.0,6.871,349.164
1,88.608,104.948,2.0,6.864,349.546
1,88.808,104.948,2.0,6.858,349.927
1,89.008,104.948,2.0,6.853,350.308
1,89.208,104.948,2.0,6.849,350.689
1,89.408,104.948,2.0,6.847,351.069
1,89.608,104.948,2.0,6.846,351.45
1,89.808,104.948,2.0,6.846,351.83
1,90.008,104.948,2.0,6.848,352.211
1,90.208,104.948,2.0,6.85,352.591
1,90.408,104.948,2.0,6.854,352.972
1,90.608,104.948,2.0,6.858,353.352
1,90.808,104.948,2.0,6.863,353.733
1,91.008,104.948,2.0,6.87,354.115
1,91.208,104.947,2.0,6.877,354.496
1,91.408,104.947,2.0,6.885,354.878
1,91.608,104.947,2.0,6.893,355.261
1,91.808,104.947,2.0,6.903,355.644
1,92.008,104.947,2.0,6.913,356.027
1,92.208,104.947,2.0,6.924,356.411
1,92.408,104.947,2.0,6.936,356.796
1,92.608,104.947,2.0,6.949,357.181
1,92.808,104.947,2.0,6.962,357.567
1,93.008,104.947,2.0,6.976,357.954
1,93.208,104.947,2.0,6.991,358.342
1,93.408,104.947,2.0,7.006,358.73
1,93.608,104.947,2.0,7.022,359.119
1,93.808,104.947,2.0,7.039,359.509
1,94.008,104.947,2.0,7.056,359.901
1,94.208,104.947,2.0,7.074,360.293
1,94.408,104.947,2.0,7.092,360.686
1,94.608,104.947,2.0,7.111,361.08
1,94.808,104.947,2.0,7.13,361.475
1,95.008,104.947,2.0,7.15,361.871
1,95.208,104.947,2.0,7.171,362.268
1,95.408,104.947,2.0,7.192,362.666
1,95.608,104.946,2.0,7.213,363.066
1,95.808,104.946,2.0,7.235,363.467
1,96.008,104.946,2.0,7.258,363.868
1,96.208,104.946,2.0,7.281,364.272
1,96.408,104.946,2.0,7.304,364.676
1,96.608,104.946,2.0,7.328,365.082
1,96.808,104.946,2.0,7.352,365.489
1,97.008,104.946,2.0,7.377,365.897
1,97.208,104.946,2.0,7.403,366.307
1,97.408,104.946,2.0,7.429,366.719
1,97.608,104.946,2.0,7.455,367.131
1,97.808,104.946,2.0,7.482,367.545
1,98.008,104.946,2.0,7.51,367.961
1,98.208,104.946,2.0,7.538,368.378
1,98.408,104.946,2.0,7.566,368.797
1,98.608,104.946,2.0,7.595,369.217
1,98.808,104.946,2.0,7.625,369.639
1,99.008,104.946,2.0,7.655,370.063
1,99.208,104.946,2.0,7.685,370.488
1,99.408,104.946,2.0,7.717,370.915
1,99.608,104.946,2.0,7.749,371.344
1,99.808,104.946,2.0,7.782,371.774
1,100.008,104.945,2.0,7.815,372.207
1,100.208,104.945,2.0,7.849,372.641
1,100.408,104.945,2.0,7.884,373.077
1,100.608,104.945,2.0,7.92,373.515
1,100.808,104.945,2.0,7.956,373.955
1,101.008,104.945,2.0,7.994,374.397
1,101.208,104.945,2.0,8.031,374.841
1,101.408,104.945,2.0,8.07,375.287
1,101.608,104.945,2.0,8.109,375.736
1,101.808,104.945,2.0,8.149,376.186
1,102.008,104.945,2.0,8.19,376.639
1,102.208,104.945,2.0,8.232,377.094
1,102.408,104.945,2.0,8.274,377.551
1,102.608,104.945,2.0,8.318,378.011
1,102.808,104.945,2.0,8.362,378.473
1,103.008,104.945,2.0,8.407,378.938
1,103.208,104.945,2.0,8.453,379.405
1,103.408,104.945,2.0,8.499,379.874
1,103.608,104.945,2.0,8.547,380.346
1,103.808,104.945,2.0,8.595,380.821
1,104.008,104.945,2.0,8.644,381.299
1,104.208,104.945,2.0,8.694,381.779
1,104.408,104.944,2.0,8.745,382.262
1,104.608,104.944,2.0,8.796,382.748
1,104.808,104.944,2.0,8.849,383.236
1,105.008,104.944,2.0,8.902,383.728
1,105.208,104.944,2.0,8.956,384.223
1,105.408,104.944,2.0,9.01,384.72
1,105.608,104.944,2.0,9.066,385.221
1,105.808,104.944,2.0,9.122,385.724
1,106.008,104.944,2.0,9.18,386.231
1,106.208,104.944,2.0,9.237,386.741
1,106.408,104.944,2.0,9.296,387.254
1,106.608,104.944,2.0,9.355,387.771
1,106.808,104.944,2.0,9.416,388.291
1,107.008,104.944,2.0,9.476,388.814
1,107.208,104.944,2.0,9.538,389.34
1,107.408,104.944,2.0,9.601,389.87
1,107.608,104.944,2.0,9.664,390.403
1,107.808,104.944,2.0,9.728,390.94
1,108.008,104.944,2.0,9.793,391.481
1,108.208,104.944,2.0,9.858,392.025
1,108.408,104.944,2.0,9.925,392.572
1,108.608,104.944,2.0,9.991,393.124
1,108.808,104.943,2.0,10.059,393.679
1,109.008,104.943,2.0,10.127,394.238
1,109.208,104.943,2.0,10.197,394.8
1,109.408,104.943,2.0,10.267,395.367
1,109.608,104.943,2.0,10.337,395.937
1,109.808,104.943,2.0,10.408,396.511
1,110.008,104.943,2.0,10.478,397.09
1,110.208,104.943,2.0,10.549,397.672
1,110.408,104.943,2.0,10.62,398.258
1,110.608,104.943,2.0,10.692,398.848
1,110.808,104.943,2.0,10.764,399.442
1,111.008,104.943,2.0,10.836,400.04
1,111.208,104.943,2.0,10.908,400.642
1,111.408,104.943,2.0,10.981,401.248
1,111.608,104.943,2.0,11.053,401.858
1,111.808,104.943,2.0,11.126,402.472
1,112.008,104.943,2.0,11.199,403.09
1,112.208,104.943,2.0,11.272,403.712
1,112.408,104.943,2.0,11.346,404.338
1,112.608,104.943,2.0,11.419,404.969
1,112.808,104.943,2.0,11.493,405.603
1,113.008,104.943,2.0,11.567,406.242
1,113.208,104.942,2.0,11.64,406.884
1,113.408,104.942,2.0,11.713,407.531
1,113.608,104.942,2.0,11.786,408.182
1,113.808,104.942,2.0,11.858,408.836
1,114.008,104.942,2.0,11.93,409.495
1,114.208,104.942,2.0,12.002,410.158
1,114.408,104.942,2.0,12.074,410.825
1,114.608,104.942,2.0,12.146,411.496
1,114.808,104.942,2.0,12.216,412.17
1,115.008,104.942,2.0,12.287,412.849
1,115.208,104.942,2.0,12.356,413.532
1,115.408,104.942,2.0,12.426,414.218
1,115.608,104.942,2.0,12.495,414.908
1,115.808,104.942,2.0,12.563,415.603
1,116.008,104.942,2.0,12.631,416.301
1,116.208,104.942,2.0,12.699,417.002
1,116.408,104.942,2.0,12.767,417.708
1,116.608,104.942,2.0,12.834,418.417
1,116.808,104.942,2.0,12.901,419.13
1,117.008,104.942,2.0,12.968,419.847
1,117.208,104.942,2.0,13.034,420.567
1,117.408,104.942,2.0,13.1,421.291
1,117.608,104.941,2.0,13.166,422.019
1,117.808,104.941,2.0,13.231,422.75
1,118.008,104.941,2.0,13.296,423.486
1,118.208,104.941,2.0,13.361,424.224
1,118.408,104.941,2.0,13.425,424.966
1,118.608,104.941,2.0,13.489,425.712
1,118.808,104.941,2.0,13.553,426.462
1,119.008,104.941,2.0,13.618,427.215
1,119.208,104.941,2.0,13.682,427.971
1,119.408,104.941,2.0,13.746,428.731
1,119.608,104.941,2.0,13.811,429.495
1,119.808,104.941,2.0,13.876,430.262
1,120.008,104.941,2.0,13.941,431.033
1,120.208,104.941,2.0,14.006,431.808
1,120.408,104.941,2.0,14.071,432.586
1,120.608,104.941,2.0,14.137,433.368
1,120.808,104.941,2.0,14.203,434.153
1,121.008,104.941,2.0,14.269,434.942
1,121.208,104.941,2.0,14.336,435.735
1,121.408,104.941,2.0,14.403,436.531
1,121.608,104.941,2.0,14.469,437.331
1,121.808,104.941,2.0,14.535,438.135
1,122.008,104.94,2.0,14.601,438.943
1,122.208,104.94,2.0,14.667,439.754
1,122.408,104.94,2.0,14.733,440.569
1,122.608,104.94,2.0,14.798,441.387
1,122.808,104.94,2.0,14.862,442.209
1,123.008,104.94,2.0,14.925,443.035
1,123.208,104.94,2.0,14.987,443.864
1,123.408,104.94,2.0,15.049,444.697
1,123.608,104.94,2.0,15.109,445.533
1,123.808,104.94,2.0,15.168,446.372
1,124.008,104.94,2.0,15.225,447.215
1,124.208,104.94,2.0,15.281,448.061
1,124.408,104.94,2.0,15.336,448.91
1,124.608,104.94,2.0,15.389,449.762
1,124.808,104.94,2.0,15.44,450.617
1,125.008,104.94,2.0,15.489,451.474
1,125.208,104.94,2.0,15.536,452.335
1,125.408,104.94,2.0,15.58,453.198
1,125.608,104.94,2.0,15.622,454.063
1,125.808,104.94,2.0,15.661,454.931
1,126.008,104.94,2.0,15.698,455.801
1,126.208,104.939,2.0,15.731,456.673
1,126.408,104.939,2.0,15.76,457.547
1,126.608,104.939,2.0,15.786,458.423
1,126.808,104.939,2.0,15.809,459.3
1,127.008,104.939,2.0,15.827,460.178
1,127.208,104.939,2.0,15.843,461.058
1,127.408,104.939,2.0,15.855,461.938
1,127.608,104.939,2.0,15.863,462.819
1,127.808,104.939,2.0,15.869,463.7
1,128.008,104.939,2.0,15.871,464.581
1,128.208,104.939,2.0,15.871,465.463
1,128.408,104.939,2.0,15.867,466.345
1,128.608,104.939,2.0,15.859,467.226
1,128.808,104.939,2.0,15.848,468.107
1,129.008,104.939,2.0,15.834,468.988
1,129.208,104.939,2.0,15.816,469.868
1,129.408,104.939,2.0,15.795,470.746
1,129.608,104.939,2.0,15.771,471.624
1,129.808,104.939,2.0,15.745,472.5
1,130.008,104.939,2.0,15.717,473.375
1,130.208,104.939,2.0,15.686,474.248
1,130.408,104.939,2.0,15.653,475.119
1,130.608,104.938,2.0,15.618,475.989
1,130.808,104.938,2.0,15.581,476.856
1,131.008,104.938,2.0,15.544,477.722
1,131.208,104.938,2.0,15.505,478.586
1,131.408,104.938,2.0,15.465,479.447
1,131.608,104.938,2.0,15.424,480.306
1,131.808,104.938,2.0,15.382,481.163
1,132.008,104.938,2.0,15.34,482.018
1,132.208,104.938,2.0,15.299,482.87
1,132.408,104.938,2.0,15.257,483.72
1,132.608,104.938,2.0,15.216,484.567
1,132.808,104.938,2.0,15.174,485.413
1,133.008,104.938,2.0,15.133,486.256
1,133.208,104.938,2.0,15.094,487.097
1,133.408,104.938,2.0,15.054,487.935
1,133.608,104.938,2.0,15.016,488.771
1,133.808,104.938,2.0,14.979,489.606
1,134.008,104.938,2.0,14.942,490.438
1,134.208,104.938,2.0,14.907,491.268
1,134.408,104.938,2.0,14.873,492.096
1,134.608,104.938,2.0,14.84,492.922
1,134.808,104.938,2.0,14.809,493.747
1,135.008,104.937,2.0,14.78,494.57
1,135.208,104.937,2.0,14.752,495.391
1,135.408,104.937,2.0,14.725,496.21
1,135.608,104.937,2.0,14.7,497.028
1,135.808,104.937,2.0,14.677,497.845
1,136.008,104.937,2.0,14.655,498.66
1,136.208,104.937,2.0,14.634,499.474
1,136.408,104.937,2.0,14.615,500.287
1,136.608,104.937,2.0,14.598,501.099
1,136.808,104.937,2.0,14.582,501.91
1,137.008,104.937,2.0,14.567,502.72
1,137.208,104.937,2.0,14.554,503.53
1,137.408,104.937,2.0,14.543,504.338
1,137.608,104.937,2.0,14.532,505.146
1,137.808,104.937,2.0,14.523,505.954
1,138.008,104.937,2.0,14.516,506.76
1,138.208,104.937,2.0,14.509,507.567
1,138.408,104.937,2.0,14.504,508.373
1,138.608,104.937,2.0,14.499,509.179
1,138.808,104.937,2.0,14.496,509.984
1,139.008,104.937,2.0,14.494,510.79
1,139.208,104.937,2.0,14.493,511.595
1,139.408,104.936,2.0,14.493,512.4
1,139.608,104.936,2.0,14.494,513.205
1,139.808,104.936,2.0,14.495,514.01
1,140.008,104.936,2.0,14.498,514.816
1,140.208,104.936,2.0,14.502,515.621
1,140.408,104.936,2.0,14.506,516.427
1,140.608,104.936,2.0,14.512,517.233
1,140.808,104.936,2.0,14.518,518.039
1,141.008,104.936,2.0,14.526,518.845
1,141.208,104.936,2.0,14.535,519.652
1,141.408,104.936,2.0,14.545,520.46
1,141.608,104.936,2.0,14.556,521.268
1,141.808,104.936,2.0,14.568,522.077
1,142.008,104.936,2.0,14.582,522.886
1,142.208,104.936,2.0,14.597,523.696
1,142.408,104.936,2.0,14.614,524.507
1,142.608,104.936,2.0,14.632,525.319
1,142.808,104.936,2.0,14.651,526.132
1,143.008,104.936,2.0,14.672,526.946
1,143.208,104.936,2.0,14.695,527.761
1,143.408,104.936,2.0,14.719,528.577
1,143.608,104.936,2.0,14.745,529.395
1,143.808,104.935,2.0,14.772,530.214
1,144.008,104.935,2.0,14.801,531.035
1,144.208,104.935,2.0,14.831,531.857
1,144.408,104.935,2.0,14.862,532.681
1,144.608,104.935,2.0,14.894,533.507
1,144.808,104.935,2.0,14.927,534.334
1,145.008,104.935,2.0,14.962,535.163
1,145.208,104.935,2.0,14.997,535.995
1,145.408,104.935,2.0,15.033,536.828
1,145.608,104.935,2.0,15.069,537.663
1,145.808,104.935,2.0,15.106,538.5
1,146.008,104.935,2.0,15.144,539.339
1,146.208,104.935,2.0,15.182,540.181
1,146.408,104.935,2.0,15.22,541.024
1,146.608,104.935,2.0,15.257,541.87
1,146.808,104.935,2.0,15.294,542.717
1,147.008,104.935,2.0,15.33,543.567
1,147.208,104.935,2.0,15.366,544.418
1,147.408,104.935,2.0,15.401,545.272
1,147.608,104.935,2.0,15.435,546.128
1,147.808,104.935,2.0,15.467,546.985
1,148.008,104.935,2.0,15.498,547.845
1,148.208,104.934,2.0,15.527,548.706
1,148.408,104.934,2.0,15.555,549.568
1,148.608,104.934,2.0,15.581,550.432
1,148.808,104.934,2.0,15.604,551.298
1,149.008,104.934,2.0,15.625,552.165
1,149.208,104.934,2.0,15.643,553.033
1,149.408,104.934,2.0,15.658,553.902
1,149.608,104.934,2.0,15.67,554.772
1,149.808,104.934,2.0,15.679,555.642
1,150.008,104.934,2.0,15.684,556.513
1,150.208,104.934,2.0,15.684,557.385
1,150.408,104.934,2.0,15.681,558.256
1,150.608,104.934,2.0,15.673,559.127
1,150.808,104.934,2.0,15.661,559.998
1,151.008,104.934,2.0,15.645,560.868
1,151.208,104.934,2.0,15.623,561.737
1,151.408,104.934,2.0,15.597,562.605
1,151.608,104.934,2.0,15.565,563.472
1,151.808,104.934,2.0,15.528,564.336
1,152.008,104.934,2.0,15.487,565.199
1,152.208,104.934,2.0,15.44,566.059
1,152.408,104.934,2.0,15.388,566.917
1,152.608,104.933,2.0,15.331,567.772
1,152.808,104.933,2.0,15.268,568.624
1,153.008,104.933,2.0,15.201,569.472
1,153.208,104.933,2.0,15.129,570.316
1,153.408,104.933,2.0,15.051,571.157
1,153.608,104.933,2.0,14.969,571.993
1,153.808,104.933,2.0,14.883,572.825
1,154.008,104.933,2.0,14.792,573.652
1,154.208,104.933,2.0,14.696,574.473
1,154.408,104.933,2.0,14.596,575.29
1,154.608,104.933,2.0,14.491,576.101
1,154.808,104.933,2.0,14.383,576.906
1,155.008,104.933,2.0,14.271,577.705
1,155.208,104.933,2.0,14.156,578.498
1,155.408,104.933,2.0,14.037,579.284
1,155.608,104.933,2.0,13.915,580.064
1,155.808,104.933,2.0,13.789,580.837
1,156.008,104.933,2.0,13.661,581.603
1,156.208,104.933,2.0,13.531,582.362
1,156.408,104.933,2.0,13.399,583.114
1,156.608,104.933,2.0,13.264,583.858
1,156.808,104.933,2.0,13.128,584.595
1,157.008,104.932,2.0,12.99,585.324
1,157.208,104.932,2.0,12.85,586.046
1,157.408,104.932,2.0,12.709,586.76
1,157.608,104.932,2.0,12.568,587.466
1,157.808,104.932,2.0,12.425,588.164
1,158.008,104.932,2.0,12.282,588.854
1,158.208,104.932,2.0,12.139,589.537
1,158.408,104.932,2.0,11.994,590.211
1,158.608,104.932,2.0,11.85,590.877
1,158.808,104.932,2.0,11.706,591.536
1,159.008,104.932,2.0,11.561,592.186
1,159.208,104.932,2.0,11.418,592.828
1,159.408,104.932,2.0,11.274,593.463
1,159.608,104.932,2.0,11.131,594.089
1,159.808,104.932,2.0,10.988,594.707
1,160.008,104.932,2.0,10.846,595.318
1,160.208,104.932,2.0,10.704,595.92
1,160.408,104.932,2.0,10.564,596.515
1,160.608,104.932,2.0,10.425,597.102
1,160.808,104.932,2.0,10.286,597.681
1,161.008,104.932,2.0,10.149,598.253
1,161.208,104.932,2.0,10.013,598.816
1,161.408,104.931,2.0,9.878,599.373
1,161.608,104.931,2.0,9.744,599.921
1,161.808,104.931,2.0,9.613,600.463
1,162.008,104.931,2.0,9.482,600.997
1,162.208,104.931,2.0,9.354,601.524
1,162.408,104.931,2.0,9.228,602.043
1,162.608,104.931,2.0,9.105,602.556
1,162.808,104.931,2.0,8.983,603.062
1,163.008,104.931,2.0,8.863,603.561
1,163.208,104.931,2.0,8.746,604.053
1,163.408,104.931,2.0,8.631,604.539
1,163.608,104.931,2.0,8.519,605.019
1,163.808,104.931,2.0,8.409,605.492
1,164.008,104.931,2.0,8.301,605.959
1,164.208,104.931,2.0,8.196,606.42
1,164.408,104.931,2.0,8.094,606.876
1,164.608,104.931,2.0,7.994,607.325
1,164.808,104.931,2.0,7.897,607.769
1,165.008,104.931,2.0,7.803,608.208
1,165.208,104.931,2.0,7.711,608.642
1,165.408,104.931,2.0,7.622,609.07
1,165.608,104.931,2.0,7.535,609.493
1,165.808,104.93,2.0,7.451,609.912
1,166.008,104.93,2.0,7.37,610.326
1,166.208,104.93,2.0,7.292,610.735
1,166.408,104.93,2.0,7.217,611.141
1,166.608,104.93,2.0,7.145,611.542
1,166.808,104.93,2.0,7.077,611.938
1,167.008,104.93,2.0,7.011,612.332
1,167.208,104.93,2.0,6.948,612.721
1,167.408,104.93,2.0,6.889,613.107
1,167.608,104.93,2.0,6.831,613.49
1,167.808,104.93,2.0,6.777,613.869
1,168.008,104.93,2.0,6.725,614.246
1,168.208,104.93,2.0,6.676,614.62
1,168.408,104.93,2.0,6.629,614.99
1,168.608,104.93,2.0,6.584,615.359
1,168.808,104.93,2.0,6.542,615.724
1,169.008,104.93,2.0,6.503,616.088
1,169.208,104.93,2.0,6.467,616.449
1,169.408,104.93,2.0,6.433,616.808
1,169.608,104.93,2.0,6.401,617.166
1,169.808,104.93,2.0,6.371,617.521
1,170.008,104.93,2.0,6.344,617.875
1,170.208,104.929,2.0,6.319,618.228
1,170.408,104.929,2.0,6.295,618.579
1,170.608,104.929,2.0,6.274,618.929
1,170.808,104.929,2.0,6.254,619.277
1,171.008,104.929,2.0,6.235,619.625
1,171.208,104.929,2.0,6.219,619.971
1,171.408,104.929,2.0,6.203,620.316
1,171.608,104.929,2.0,6.19,620.661
1,171.808,104.929,2.0,6.179,621.005
1,172.008,104.929,2.0,6.169,621.348
1,172.208,104.929,2.0,6.161,621.691
1,172.408,104.929,2.0,6.155,622.033
1,172.608,104.929,2.0,6.151,622.375
1,172.808,104.929,2.0,6.148,622.717
1,173.008,104.929,2.0,6.146,623.058
1,173.208,104.929,2.0,6.146,623.4
1,173.408,104.929,2.0,6.147,623.741
1,173.608,104.929,2.0,6.149,624.083
1,173.808,104.929,2.0,6.152,624.424
1,174.008,104.929,2.0,6.155,624.766
1,174.208,104.929,2.0,6.16,625.108
1,174.408,104.929,2.0,6.166,625.45
1,174.608,104.928,2.0,6.174,625.793
1,174.808,104.928,2.0,6.183,626.136
1,175.008,104.928,2.0,6.193,626.479
1,175.208,104.928,2.0,6.204,626.823
1,175.408,104.928,2.0,6.217,627.168
1,175.608,104.928,2.0,6.23,627.514
1,175.808,104.928,2.0,6.245,627.86
1,176.008,104.928,2.0,6.261,628.207
1,176.208,104.928,2.0,6.278,628.554
1,176.408,104.928,2.0,6.295,628.903
1,176.608,104.928,2.0,6.314,629.253
1,176.808,104.928,2.0,6.333,629.604
1,177.008,104.928,2.0,6.353,629.956
1,177.208,104.928,2.0,6.374,630.308
1,177.408,104.928,2.0,6.396,630.663
1,177.608,104.928,2.0,6.419,631.018
1,177.808,104.928,2.0,6.443,631.374
1,178.008,104.928,2.0,6.468,631.732
1,178.208,104.928,2.0,6.495,632.092
1,178.408,104.928,2.0,6.522,632.453
1,178.608,104.928,2.0,6.55,632.815
1,178.808,104.928,2.0,6.579,633.179
1,179.008,104.927,2.0,6.61,633.544
1,179.208,104.927,2.0,6.641,633.912
1,179.408,104.927,2.0,6.673,634.28
1,179.608,104.927,2.0,6.705,634.651
1,179.808,104.927,2.0,6.739,635.024
1,180.008,104.927,2.0,6.773,635.398
1,180.208,104.927,2.0,6.809,635.774
1,180.408,104.927,2.0,6.845,636.153
1,180.608,104.927,2.0,6.883,636.533
1,180.808,104.927,2.0,6.921,636.915
1,181.008,104.927,2.0,6.961,637.3
1,181.208,104.927,2.0,7.001,637.687
1,181.408,104.927,2.0,7.042,638.075
1,181.608,104.927,2.0,7.085,638.467
1,181.808,104.927,2.0,7.128,638.86
1,182.008,104.927,2.0,7.172,639.256
1,182.208,104.927,2.0,7.217,639.655
1,182.408,104.927,2.0,7.263,640.056
1,182.608,104.927,2.0,7.31,640.459
1,182.808,104.927,2.0,7.358,640.865
1,183.008,104.927,2.0,7.407,641.274
1,183.208,104.927,2.0,7.458,641.686
1,183.408,104.926,2.0,7.509,642.1
1,183.608,104.926,2.0,7.561,642.517
1,183.808,104.926,2.0,7.615,642.937
1,184.008,104.926,2.0,7.67,643.36
1,184.208,104.926,2.0,7.726,643.786
1,184.408,104.926,2.0,7.783,644.216
1,184.608,104.926,2.0,7.841,644.648
1,184.808,104.926,2.0,7.9,645.083
1,185.008,104.926,2.0,7.96,645.522
1,185.208,104.926,2.0,8.022,645.965
1,185.408,104.926,2.0,8.085,646.41
1,185.608,104.926,2.0,8.149,646.859
1,185.808,104.926,2.0,8.215,647.312
1,186.008,104.926,2.0,8.281,647.769
1,186.208,104.926,2.0,8.349,648.229
1,186.408,104.926,2.0,8.418,648.692
1,186.608,104.926,2.0,8.489,649.16
1,186.808,104.926,2.0,8.561,649.632
1,187.008,104.926,2.0,8.634,650.107
1,187.208,104.926,2.0,8.709,650.587
1,187.408,104.926,2.0,8.785,651.071
1,187.608,104.925,2.0,8.862,651.559
1,187.808,104.925,2.0,8.941,652.051
1,188.008,104.925,2.0,9.021,652.548
1,188.208,104.925,2.0,9.102,653.049
1,188.408,104.925,2.0,9.185,653.555
1,188.608,104.925,2.0,9.269,654.065
1,188.808,104.925,2.0,9.354,654.58
1,189.008,104.925,2.0,9.441,655.1
1,189.208,104.925,2.0,9.53,655.624
1,189.408,104.925,2.0,9.619,656.154
1,189.608,104.925,2.0,9.71,656.688
1,189.808,104.925,2.0,9.802,657.228
1,190.008,104.925,2.0,9.895,657.772
1,190.208,104.925,2.0,9.989,658.322
1,190.408,104.925,2.0,10.085,658.877
1,190.608,104.925,2.0,10.182,659.437
1,190.808,104.925,2.0,10.28,660.003
1,191.008,104.925,2.0,10.38,660.574
1,191.208,104.925,2.0,10.481,661.151
1,191.408,104.925,2.0,10.582,661.733
1,191.608,104.925,2.0,10.684,662.321
1,191.808,104.925,2.0,10.787,662.914
1,192.008,104.924,2.0,10.89,663.513
1,192.208,104.924,2.0,10.995,664.118
1,192.408,104.924,2.0,11.1,664.729
1,192.608,104.924,2.0,11.207,665.346
1,192.808,104.924,2.0,11.314,665.969
1,193.008,104.924,2.0,11.421,666.597
1,193.208,104.924,2.0,11.529,667.232
1,193.408,104.924,2.0,11.637,667.872
1,193.608,104.924,2.0,11.745,668.519
1,193.808,104.924,2.0,11.854,669.171
1,194.008,104.924,2.0,11.964,669.83
1,194.208,104.924,2.0,12.074,670.494
1,194.408,104.924,2.0,12.184,671.165
1,194.608,104.924,2.0,12.294,671.842
1,194.808,104.924,2.0,12.405,672.525
1,195.008,104.924,2.0,12.515,673.214
1,195.208,104.924,2.0,12.626,673.909
1,195.408,104.924,2.0,12.737,674.611
1,195.608,104.924,2.0,12.848,675.318
1,195.808,104.924,2.0,12.959,676.032
1,196.008,104.924,2.0,13.07,676.752
1,196.208,104.924,2.0,13.18,677.478
1,196.408,104.923,2.0,13.291,678.211
1,196.608,104.923,2.0,13.4,678.949
1,196.808,104.923,2.0,13.51,679.693
1,197.008,104.923,2.0,13.619,680.444
1,197.208,104.923,2.0,13.728,681.201
1,197.408,104.923,2.0,13.837,681.963
1,197.608,104.923,2.0,13.946,682.732
1,197.808,104.923,2.0,14.054,683.507
1,198.008,104.923,2.0,14.163,684.287
1,198.208,104.923,2.0,14.271,685.074
1,198.408,104.923,2.0,14.379,685.867
1,198.608,104.923,2.0,14.487,686.666
1,198.808,104.923,2.0,14.594,687.471
1,199.008,104.923,2.0,14.7,688.282
1,199.208,104.923,2.0,14.805,689.098
1,199.408,104.923,2.0,14.91,689.921
1,199.608,104.923,2.0,15.014,690.749
1,199.808,104.923,2.0,15.117,691.583
1,200.008,104.923,2.0,15.219,692.423
1,200.208,104.923,2.0,15.32,693.269
1,200.408,104.923,2.0,15.42,694.12
1,200.608,104.923,2.0,15.518,694.976
1,200.808,104.922,2.0,15.616,695.838
1,201.008,104.922,2.0,15.711,696.706
1,201.208,104.922,2.0,15.805,697.579
1,201.408,104.922,2.0,15.897,698.457
1,201.608,104.922,2.0,15.987,699.34
1,201.808,104.922,2.0,16.075,700.228
1,202.008,104.922,2.0,16.162,701.121
1,202.208,104.922,2.0,16.245,702.019
1,202.408,104.922,2.0,16.326,702.922
1,202.608,104.922,2.0,16.404,703.829
1,202.808,104.922,2.0,16.48,704.74
1,203.008,104.922,2.0,16.553,705.656
1,203.208,104.922,2.0,16.623,706.575
1,203.408,104.922,2.0,16.688,707.499
1,203.608,104.922,2.0,16.751,708.426
1,203.808,104.922,2.0,16.809,709.356
1,204.008,104.922,2.0,16.864,710.29
1,204.208,104.922,2.0,16.915,711.227
1,204.408,104.922,2.0,16.962,712.167
1,204.608,104.922,2.0,17.004,713.109
1,204.808,104.922,2.0,17.043,714.054
1,205.008,104.922,2.0,17.078,715.001
1,205.208,104.921,2.0,17.108,715.949
1,205.408,104.921,2.0,17.135,716.9
1,205.608,104.921,2.0,17.157,717.852
1,205.808,104.921,2.0,17.176,718.805
1,206.008,104.921,2.0,17.191,719.759
1,206.208,104.921,2.0,17.201,720.714
1,206.408,104.921,2.0,17.208,721.67
1,206.608,104.921,2.0,17.21,722.626
1,206.808,104.921,2.0,17.208,723.582
1,207.008,104.921,2.0,17.201,724.538
1,207.208,104.921,2.0,17.191,725.494
1,207.408,104.921,2.0,17.176,726.449
1,207.608,104.921,2.0,17.157,727.403
1,207.808,104.921,2.0,17.134,728.356
1,208.008,104.921,2.0,17.108,729.308
1,208.208,104.921,2.0,17.077,730.258
1,208.408,104.921,2.0,17.042,731.207
1,208.608,104.921,2.0,17.004,732.154
1,208.808,104.921,2.0,16.962,733.099
1,209.008,104.921,2.0,16.916,734.041
1,209.208,104.921,2.0,16.867,734.981
1,209.408,104.921,2.0,16.815,735.918
1,209.608,104.92,2.0,16.759,736.852
1,209.808,104.92,2.0,16.699,737.783
1,210.008,104.92,2.0,16.636,738.711
1,210.208,104.92,2.0,16.569,739.635
1,210.408,104.92,2.0,16.499,740.555
1,210.608,104.92,2.0,16.425,741.472
1,210.808,104.92,2.0,16.349,742.385
1,211.008,104.92,2.0,16.269,743.293
1,211.208,104.92,2.0,16.187,744.197
1,211.408,104.92,2.0,16.101,745.096
1,211.608,104.92,2.0,16.012,745.99
1,211.808,104.92,2.0,15.921,746.88
1,212.008,104.92,2.0,15.826,747.764
1,212.208,104.92,2.0,15.728,748.644
1,212.408,104.92,2.0,15.628,749.517
1,212.608,104.92,2.0,15.525,750.386
1,212.808,104.92,2.0,15.419,751.248
1,213.008,104.92,2.0,15.311,752.105
1,213.208,104.92,2.0,15.2,752.955
1,213.408,104.92,2.0,15.087,753.8
1,213.608,104.92,2.0,14.971,754.638
1,213.808,104.92,2.0,14.853,755.47
1,214.008,104.919,2.0,14.734,756.295
1,214.208,104.919,2.0,14.613,757.114
1,214.408,104.919,2.0,14.491,757.925
1,214.608,104.919,2.0,14.369,758.73
1,214.808,104.919,2.0,14.245,759.529
1,215.008,104.919,2.0,14.12,760.32
1,215.208,104.919,2.0,13.995,761.105
1,215.408,104.919,2.0,13.869,761.882
1,215.608,104.919,2.0,13.743,762.653
1,215.808,104.919,2.0,13.617,763.416
1,216.008,104.919,2.0,13.491,764.173
1,216.208,104.919,2.0,13.365,764.922
1,216.408,104.919,2.0,13.239,765.665
1,216.608,104.919,2.0,13.113,766.4
1,216.808,104.919,2.0,12.988,767.128
1,217.008,104.919,2.0,12.863,767.85
1,217.208,104.919,2.0,12.74,768.565
1,217.408,104.919,2.0,12.616,769.272
1,217.608,104.919,2.0,12.494,769.973
1,217.808,104.919,2.0,12.372,770.667
1,218.008,104.919,2.0,12.252,771.355
1,218.208,104.919,2.0,12.133,772.035
1,218.408,104.918,2.0,12.015,772.71
1,218.608,104.918,2.0,11.899,773.377
1,218.808,104.918,2.0,11.784,774.038
1,219.008,104.918,2.0,11.67,774.693
1,219.208,104.918,2.0,11.558,775.341
1,219.408,104.918,2.0,11.447,775.983
1,219.608,104.918,2.0,11.337,776.619
1,219.808,104.918,2.0,11.23,777.249
1,220.008,104.918,2.0,11.124,777.873
1,220.208,104.918,2.0,11.019,778.491
1,220.408,104.918,2.0,10.917,779.103
1,220.608,104.918,2.0,10.815,779.709
1,220.808,104.918,2.0,10.716,780.31
1,221.008,104.918,2.0,10.618,780.906
1,221.208,104.918,2.0,10.522,781.496
1,221.408,104.918,2.0,10.428,782.08
1,221.608,104.918,2.0,10.336,782.659
1,221.808,104.918,2.0,10.246,783.234
1,222.008,104.918,2.0,10.157,783.803
1,222.208,104.918,2.0,10.07,784.367
1,222.408,104.918,2.0,9.986,784.927
1,222.608,104.918,2.0,9.903,785.481
1,222.808,104.917,2.0,9.822,786.032
1,223.008,104.917,2.0,9.742,786.577
1,223.208,104.917,2.0,9.665,787.118
1,223.408,104.917,2.0,9.59,787.655
1,223.608,104.917,2.0,9.517,788.188
1,223.808,104.917,2.0,9.446,788.717
1,224.008,104.917,2.0,9.377,789.242
1,224.208,104.917,2.0,9.309,789.763
1,224.408,104.917,2.0,9.244,790.28
1,224.608,104.917,2.0,9.18,790.793
1,224.808,104.917,2.0,9.118,791.303
1,225.008,104.917,2.0,9.059,791.81
1,225.208,104.917,2.0,9.001,792.313
1,225.408,104.917,2.0,8.946,792.813
1,225.608,104.917,2.0,8.892,793.31
1,225.808,104.917,2.0,8.841,793.804
1,226.008,104.917,2.0,8.791,794.295
1,226.208,104.917,2.0,8.743,794.784
1,226.408,104.917,2.0,8.696,795.269
1,226.608,104.917,2.0,8.652,795.753
1,226.808,104.917,2.0,8.609,796.233
1,227.008,104.917,2.0,8.567,796.712
1,227.208,104.916,2.0,8.528,797.187
1,227.408,104.916,2.0,8.489,797.661
1,227.608,104.916,2.0,8.453,798.133
1,227.808,104.916,2.0,8.417,798.602
1,228.008,104.916,2.0,8.384,799.07
1,228.208,104.916,2.0,8.351,799.536
1,228.408,104.916,2.0,8.32,800.0
1,228.608,104.916,2.0,8.29,800.462
1,228.808,104.916,2.0,8.261,800.923
1,229.008,104.916,2.0,8.234,801.382
1,229.208,104.916,2.0,8.209,801.839
1,229.408,104.916,2.0,8.184,802.295
1,229.608,104.916,2.0,8.161,802.75
1,229.808,104.916,2.0,8.139,803.203
1,230.008,104.916,2.0,8.118,803.655
1,230.208,104.916,2.0,8.098,804.106
1,230.408,104.916,2.0,8.08,804.556
1,230.608,104.916,2.0,8.062,805.005
1,230.808,104.916,2.0,8.046,805.453
1,231.008,104.916,2.0,8.03,805.9
1,231.208,104.916,2.0,8.017,806.346
1,231.408,104.916,2.0,8.004,806.791
1,231.608,104.915,2.0,7.992,807.236
1,231.808,104.915,2.0,7.982,807.68
1,232.008,104.915,2.0,7.973,808.124
1,232.208,104.915,2.0,7.965,808.567
1,232.408,104.915,2.0,7.958,809.009
1,232.608,104.915,2.0,7.952,809.451
1,232.808,104.915,2.0,7.947,809.893
1,233.008,104.915,2.0,7.942,810.334
1,233.208,104.915,2.0,7.939,810.776
1,233.408,104.915,2.0,7.937,811.217
1,233.608,104.915,2.0,7.936,811.658
1,233.808,104.915,2.0,7.936,812.099
1,234.008,104.915,2.0,7.937,812.539
1,234.208,104.915,2.0,7.939,812.98
1,234.408,104.915,2.0,7.941,813.421
1,234.608,104.915,2.0,7.945,813.863
1,234.808,104.915,2.0,7.949,814.304
1,235.008,104.915,2.0,7.954,814.746
1,235.208,104.915,2.0,7.96,815.187
1,235.408,104.915,2.0,7.967,815.63
1,235.608,104.915,2.0,7.974,816.072
1,235.808,104.915,2.0,7.983,816.515
1,236.008,104.914,2.0,7.993,816.959
1,236.208,104.914,2.0,8.003,817.403
1,236.408,104.914,2.0,8.015,817.847
1,236.608,104.914,2.0,8.027,818.293
1,236.808,104.914,2.0,8.041,818.739
1,237.008,104.914,2.0,8.055,819.185
1,237.208,104.914,2.0,8.069,819.633
1,237.408,104.914,2.0,8.085,820.081
1,237.608,104.914,2.0,8.101,820.53
1,237.808,104.914,2.0,8.119,820.98
1,238.008,104.914,2.0,8.137,821.432
1,238.208,104.914,2.0,8.157,821.884
1,238.408,104.914,2.0,8.178,822.337
1,238.608,104.914,2.0,8.199,822.791
1,238.808,104.914,2.0,8.222,823.247
1,239.008,104.914,2.0,8.246,823.703
1,239.208,104.914,2.0,8.27,824.161
1,239.408,104.914,2.0,8.296,824.621
1,239.608,104.914,2.0,8.322,825.082
1,239.808,104.914,2.0,8.349,825.544
1,240.008,104.914,2.0,8.377,826.008
1,240.208,104.914,2.0,8.406,826.473
1,240.408,104.913,2.0,8.436,826.94
1,240.608,104.913,2.0,8.466,827.409
1,240.808,104.913,2.0,8.498,827.879
1,241.008,104.913,2.0,8.53,828.351
1,241.208,104.913,2.0,8.563,828.825
1,241.408,104.913,2.0,8.597,829.301
1,241.608,104.913,2.0,8.632,829.779
1,241.808,104.913,2.0,8.667,830.258
1,242.008,104.913,2.0,8.703,830.74
1,242.208,104.913,2.0,8.74,831.223
1,242.408,104.913,2.0,8.778,831.709
1,242.608,104.913,2.0,8.816,832.197
1,242.808,104.913,2.0,8.855,832.686
1,243.008,104.913,2.0,8.894,833.178
1,243.208,104.913,2.0,8.935,833.672
1,243.408,104.913,2.0,8.975,834.169
1,243.608,104.913,2.0,9.017,834.667
1,243.808,104.913,2.0,9.059,835.168
1,244.008,104.913,2.0,9.102,835.672
1,244.208,104.913,2.0,9.145,836.177
1,244.408,104.913,2.0,9.189,836.685
1,244.608,104.913,2.0,9.233,837.196
1,244.808,104.912,2.0,9.278,837.709
1,245.008,104.912,2.0,9.323,838.224
1,245.208,104.912,2.0,9.368,838.742
1,245.408,104.912,2.0,9.414,839.263
1,245.608,104.912,2.0,9.46,839.786
1,245.808,104.912,2.0,9.507,840.311
1,246.008,104.912,2.0,9.554,840.839
1,246.208,104.912,2.0,9.6,841.37
1,246.408,104.912,2.0,9.646,841.903
1,246.608,104.912,2.0,9.692,842.439
1,246.808,104.912,2.0,9.738,842.978
1,247.008,104.912,2.0,9.783,843.519
1,247.208,104.912,2.0,9.828,844.062
1,247.408,104.912,2.0,9.873,844.608
1,247.608,104.912,2.0,9.917,845.157
1,247.808,104.912,2.0,9.962,845.708
1,248.008,104.912,2.0,10.006,846.261
1,248.208,104.912,2.0,10.049,846.817
1,248.408,104.912,2.0,10.092,847.375
1,248.608,104.912,2.0,10.135,847.936
1,248.808,104.912,2.0,10.177,848.499
1,249.008,104.911,2.0,10.219,849.065
1,249.208,104.911,2.0,10.261,849.632
1,249.408,104.911,2.0,10.302,850.202
1,249.608,104.911,2.0,10.344,850.775
1,249.808,104.911,2.0,10.384,851.349
1,250.008,104.911,2.0,10.424,851.926
1,250.208,104.911,2.0,10.463,852.505
1,250.408,104.911,2.0,10.502,853.087
1,250.608,104.911,2.0,10.54,853.67
1,250.808,104.911,2.0,10.577,854.256
1,251.008,104.911,2.0,10.614,854.843
1,251.208,104.911,2.0,10.651,855.433
1,251.408,104.911,2.0,10.686,856.025
1,251.608,104.911,2.0,10.721,856.618
1,251.808,104.911,2.0,10.754,857.214
1,252.008,104.911,2.0,10.787,857.811
1,252.208,104.911,2.0,10.818,858.411
1,252.408,104.911,2.0,10.849,859.012
1,252.608,104.911,2.0,10.878,859.614
1,252.808,104.911,2.0,10.907,860.219
1,253.008,104.911,2.0,10.935,860.825
1,253.208,104.911,2.0,10.962,861.432
1,253.408,104.91,2.0,10.989,862.041
1,253.608,104.91,2.0,11.015,862.652
1,253.808,104.91,2.0,11.04,863.263
1,254.008,104.91,2.0,11.066,863.877
1,254.208,104.91,2.0,11.09,864.492
1,254.408,104.91,2.0,11.114,865.108
1,254.608,104.91,2.0,11.138,865.725
1,254.808,104.91,2.0,11.161,866.344
1,255.008,104.91,2.0,11.183,866.964
1,255.208,104.91,2.0,11.205,867.585
1,255.408,104.91,2.0,11.226,868.208
1,255.608,104.91,2.0,11.247,868.831
1,255.808,104.91,2.0,11.267,869.456
1,256.008,104.91,2.0,11.286,870.082
1,256.208,104.91,2.0,11.305,870.709
1,256.408,104.91,2.0,11.323,871.337
1,256.608,104.91,2.0,11.341,871.966
1,256.808,104.91,2.0,11.357,872.596
1,257.008,104.91,2.0,11.373,873.227
1,257.208,104.91,2.0,11.389,873.859
1,257.408,104.91,2.0,11.404,874.492
1,257.608,104.91,2.0,11.418,875.125
1,257.808,104.909,2.0,11.431,875.76
1,258.008,104.909,2.0,11.444,876.395
1,258.208,104.909,2.0,11.457,877.031
1,258.408,104.909,2.0,11.469,877.667
1,258.608,104.909,2.0,11.481,878.304
1,258.808,104.909,2.0,11.492,878.942
1,259.008,104.909,2.0,11.503,879.581
1,259.208,104.909,2.0,11.513,880.22
1,259.408,104.909,2.0,11.523,880.859
1,259.608,104.909,2.0,11.532,881.499
1,259.808,104.909,2.0,11.541,882.14
1,260.008,104.909,2.0,11.548,882.781
1,260.208,104.909,2.0,11.555,883.423
1,260.408,104.909,2.0,11.562,884.065
1,260.608,104.909,2.0,11.568,884.707
1,260.808,104.909,2.0,11.573,885.35
1,261.008,104.909,2.0,11.577,885.993
1,261.208,104.909,2.0,11.581,886.636
1,261.408,104.909,2.0,11.585,887.279
1,261.608,104.909,2.0,11.588,887.923
1,261.808,104.909,2.0,11.591,888.567
1,262.008,104.909,2.0,11.593,889.211
1,262.208,104.908,2.0,11.595,889.855
1,262.408,104.908,2.0,11.596,890.499
1,262.608,104.908,2.0,11.597,891.143
1,262.808,104.908,2.0,11.597,891.787
1,263.008,104.908,2.0,11.596,892.432
1,263.208,104.908,2.0,11.594,893.076
1,263.408,104.908,2.0,11.591,893.72
1,263.608,104.908,2.0,11.588,894.364
1,263.808,104.908,2.0,11.584,895.008
1,264.008,104.908,2.0,11.579,895.651
1,264.208,104.908,2.0,11.574,896.295
1,264.408,104.908,2.0,11.568,896.938
1,264.608,104.908,2.0,11.563,897.58
1,264.808,104.908,2.0,11.557,898.223
1,265.008,104.908,2.0,11.55,898.865
1,265.208,104.908,2.0,11.544,899.506
1,265.408,104.908,2.0,11.537,900.148
1,265.608,104.908,2.0,11.529,900.789
1,265.808,104.908,2.0,11.522,901.429
1,266.008,104.908,2.0,11.513,902.069
1,266.208,104.908,2.0,11.504,902.709
1,266.408,104.908,2.0,11.494,903.348
1,266.608,104.907,2.0,11.483,903.986
1,266.808,104.907,2.0,11.472,904.624
1,267.008,104.907,2.0,11.461,905.262
1,267.208,104.907,2.0,11.449,905.898
1,267.408,104.907,2.0,11.437,906.534
1,267.608,104.907,2.0,11.425,907.17
1,267.808,104.907,2.0,11.414,907.805
1,268.008,104.907,2.0,11.402,908.439
1,268.208,104.907,2.0,11.391,909.072
1,268.408,104.907,2.0,11.379,909.705
1,268.608,104.907,2.0,11.368,910.337
1,268.808,104.907,2.0,11.357,910.969
1,269.008,104.907,2.0,11.345,911.6
1,269.208,104.907,2.0,11.333,912.23
1,269.408,104.907,2.0,11.32,912.859
1,269.608,104.907,2.0,11.308,913.488
1,269.808,104.907,2.0,11.295,914.117
1,270.008,104.907,2.0,11.281,914.744
1,270.208,104.907,2.0,11.268,915.371
1,270.408,104.907,2.0,11.254,915.997
1,270.608,104.907,2.0,11.241,916.622
1,270.808,104.907,2.0,11.229,917.247
1,271.008,104.906,2.0,11.216,917.87
1,271.208,104.906,2.0,11.205,918.493
1,271.408,104.906,2.0,11.193,919.116
1,271.608,104.906,2.0,11.182,919.738
1,271.808,104.906,2.0,11.171,920.359
1,272.008,104.906,2.0,11.161,920.98
1,272.208,104.906,2.0,11.151,921.6
1,272.408,104.906,2.0,11.141,922.219
1,272.608,104.906,2.0,11.132,922.838
1,272.808,104.906,2.0,11.123,923.457
1,273.008,104.906,2.0,11.114,924.074
1,273.208,104.906,2.0,11.106,924.692
1,273.408,104.906,2.0,11.098,925.309
1,273.608,104.906,2.0,11.09,925.925
1,273.808,104.906,2.0,11.083,926.542
1,274.008,104.906,2.0,11.077,927.157
1,274.208,104.906,2.0,11.072,927.773
1,274.408,104.906,2.0,11.068,928.388
1,274.608,104.906,2.0,11.064,929.003
1,274.808,104.906,2.0,11.061,929.617
1,275.008,104.906,2.0,11.059,930.232
1,275.208,104.906,2.0,11.058,930.846
1,275.408,104.905,2.0,11.057,931.461
1,275.608,104.905,2.0,11.058,932.075
1,275.808,104.905,2.0,11.059,932.689
1,276.008,104.905,2.0,11.061,933.304
1,276.208,104.905,2.0,11.063,933.918
1,276.408,104.905,2.0,11.067,934.533
1,276.608,104.905,2.0,11.071,935.148
1,276.808,104.905,2.0,11.076,935.763
1,277.008,104.905,2.0,11.081,936.378
1,277.208,104.905,2.0,11.088,936.994
1,277.408,104.905,2.0,11.095,937.61
1,277.608,104.905,2.0,11.102,938.226
1,277.808,104.905,2.0,11.111,938.843
1,278.008,104.905,2.0,11.119,939.46
1,278.208,104.905,2.0,11.129,940.078
1,278.408,104.905,2.0,11.139,940.696
1,278.608,104.905,2.0,11.15,941.315
1,278.808,104.905,2.0,11.162,941.934
1,279.008,104.905,2.0,11.174,942.554
1,279.208,104.905,2.0,11.187,943.175
1,279.408,104.905,2.0,11.202,943.797
1,279.608,104.905,2.0,11.216,944.419
1,279.808,104.904,2.0,11.232,945.042
1,280.008,104.904,2.0,11.248,945.666
1,280.208,104.904,2.0,11.265,946.291
1,280.408,104.904,2.0,11.283,946.917
1,280.608,104.904,2.0,11.301,947.544
1,280.808,104.904,2.0,11.32,948.171
1,281.008,104.904,2.0,11.34,948.8
1,281.208,104.904,2.0,11.361,949.43
1,281.408,104.904,2.0,11.382,950.062
1,281.608,104.904,2.0,11.403,950.694
1,281.808,104.904,2.0,11.426,951.327
1,282.008,104.904,2.0,11.448,951.962
1,282.208,104.904,2.0,11.472,952.598
1,282.408,104.904,2.0,11.496,953.235
1,282.608,104.904,2.0,11.52,953.874
1,282.808,104.904,2.0,11.545,954.514
1,283.008,104.904,2.0,11.57,955.155
1,283.208,104.904,2.0,11.596,955.798
1,283.408,104.904,2.0,11.623,956.442
1,283.608,104.904,2.0,11.651,957.088
1,283.808,104.904,2.0,11.68,957.736
1,284.008,104.904,2.0,11.71,958.384
1,284.208,104.903,2.0,11.741,959.035
1,284.408,104.903,2.0,11.773,959.687
1,284.608,104.903,2.0,11.805,960.341
1,284.808,104.903,2.0,11.839,960.997
1,285.008,104.903,2.0,11.873,961.655
1,285.208,104.903,2.0,11.908,962.314
1,285.408,104.903,2.0,11.944,962.976
1,285.608,104.903,2.0,11.981,963.64
1,285.808,104.903,2.0,12.019,964.305
1,286.008,104.903,2.0,12.058,964.973
1,286.208,104.903,2.0,12.098,965.643
1,286.408,104.903,2.0,12.138,966.315
1,286.608,104.903,2.0,12.178,966.989
1,286.808,104.903,2.0,12.219,967.666
1,287.008,104.903,2.0,12.26,968.345
1,287.208,104.903,2.0,12.301,969.026
1,287.408,104.903,2.0,12.343,969.709
1,287.608,104.903,2.0,12.385,970.395
1,287.808,104.903,2.0,12.428,971.083
1,288.008,104.903,2.0,12.47,971.773
1,288.208,104.903,2.0,12.512,972.466
1,288.408,104.903,2.0,12.555,973.161
1,288.608,104.902,2.0,12.597,973.859
1,288.808,104.902,2.0,12.639,974.559
1,289.008,104.902,2.0,12.681,975.261
1,289.208,104.902,2.0,12.723,975.965
1,289.408,104.902,2.0,12.764,976.672
1,289.608,104.902,2.0,12.805,977.381
1,289.808,104.902,2.0,12.845,978.093
1,290.008,104.902,2.0,12.884,978.806
1,290.208,104.902,2.0,12.923,979.522
1,290.408,104.902,2.0,12.961,980.24
1,290.608,104.902,2.0,12.998,980.96
1,290.808,104.902,2.0,13.034,981.682
1,291.008,104.902,2.0,13.069,982.406
1,291.208,104.902,2.0,13.103,983.132
1,291.408,104.902,2.0,13.135,983.86
1,291.608,104.902,2.0,13.167,984.59
1,291.808,104.902,2.0,13.197,985.321
1,292.008,104.902,2.0,13.225,986.054
1,292.208,104.902,2.0,13.252,986.789
1,292.408,104.902,2.0,13.277,987.525
1,292.608,104.902,2.0,13.301,988.263
1,292.808,104.902,2.0,13.323,989.002
1,293.008,104.901,2.0,13.343,989.742
1,293.208,104.901,2.0,13.362,990.483
1,293.408,104.901,2.0,13.379,991.226
1,293.608,104.901,2.0,13.394,991.969
1,293.808,104.901,2.0,13.407,992.713
1,294.008,104.901,2.0,13.419,993.458
1,294.208,104.901,2.0,13.429,994.204
1,294.408,104.901,2.0,13.438,994.95
1,294.608,104.901,2.0,13.444,995.696
1,294.808,104.901,2.0,13.449,996.443
1,295.008,104.901,2.0,13.451,997.19
1,295.208,104.901,2.0,13.452,997.937
1,295.408,104.901,2.0,13.45,998.685
1,295.608,104.901,2.0,13.446,999.432
1,295.808,104.901,2.0,13.441,1000.179
1,296.008,104.901,2.0,13.433,1000.926
1,296.208,104.901,2.0,13.424,1001.672
1,296.408,104.901,2.0,13.413,1002.418
1,296.608,104.901,2.0,13.401,1003.163
1,296.808,104.901,2.0,13.388,1003.908
1,297.008,104.901,2.0,13.373,1004.651
1,297.208,104.901,2.0,13.356,1005.394
1,297.408,104.9,2.0,13.338,1006.136
1,297.608,104.9,2.0,13.318,1006.877
1,297.808,104.9,2.0,13.295,1007.617
1,298.008,104.9,2.0,13.271,1008.356
1,298.208,104.9,2.0,13.244,1009.093
1,298.408,104.9,2.0,13.216,1009.829
1,298.608,104.9,2.0,13.186,1010.563
1,298.808,104.9,2.0,13.154,1011.296
1,299.008,104.9,2.0,13.121,1012.026
1,299.208,104.9,2.0,13.087,1012.755
1,299.408,104.9,2.0,13.052,1013.482
1,299.608,104.9,2.0,13.016,1014.207
1,299.808,104.9,2.0,12.978,1014.93
1,300.008,104.9,2.0,12.94,1015.651
1,300.208,104.9,2.0,12.901,1016.37
1,300.408,104.9,2.0,12.861,1017.087
1,300.608,104.9,2.0,12.82,1017.802
1,300.808,104.9,2.0,12.778,1018.514
1,301.008,104.9,2.0,12.735,1019.224
1,301.208,104.9,2.0,12.692,1019.931
1,301.408,104.9,2.0,12.648,1020.636
1,301.608,104.9,2.0,12.603,1021.339
1,301.808,104.899,2.0,12.558,1022.039
1,302.008,104.899,2.0,12.511,1022.737
1,302.208,104.899,2.0,12.464,1023.432
1,302.408,104.899,2.0,12.416,1024.124
1,302.608,104.899,2.0,12.367,1024.814
1,302.808,104.899,2.0,12.318,1025.501
1,303.008,104.899,2.0,12.268,1026.185
1,303.208,104.899,2.0,12.217,1026.867
1,303.408,104.899,2.0,12.167,1027.546
1,303.608,104.899,2.0,12.116,1028.222
1,303.808,104.899,2.0,12.064,1028.895
1,304.008,104.899,2.0,12.012,1029.565
1,304.208,104.899,2.0,11.96,1030.232
1,304.408,104.899,2.0,11.908,1030.897
1,304.608,104.899,2.0,11.855,1031.558
1,304.808,104.899,2.0,11.802,1032.217
1,305.008,104.899,2.0,11.749,1032.873
1,305.208,104.899,2.0,11.695,1033.525
1,305.408,104.899,2.0,11.641,1034.175
1,305.608,104.899,2.0,11.587,1034.822
1,305.808,104.899,2.0,11.533,1035.466
1,306.008,104.899,2.0,11.479,1036.106
1,306.208,104.898,2.0,11.424,1036.744
1,306.408,104.898,2.0,11.37,1037.379
1,306.608,104.898,2.0,11.315,1038.01
1,306.808,104.898,2.0,11.261,1038.639
1,307.008,104.898,2.0,11.206,1039.264
1,307.208,104.898,2.0,11.151,1039.887
1,307.408,104.898,2.0,11.097,1040.507
1,307.608,104.898,2.0,11.042,1041.123
1,307.808,104.898,2.0,10.988,1041.737
1,308.008,104.898,2.0,10.934,1042.347
1,308.208,104.898,2.0,10.879,1042.954
1,308.408,104.898,2.0,10.825,1043.559
1,308.608,104.898,2.0,10.771,1044.16
1,308.808,104.898,2.0,10.717,1044.759
1,309.008,104.898,2.0,10.663,1045.354
1,309.208,104.898,2.0,10.609,1045.946
1,309.408,104.898,2.0,10.555,1046.536
1,309.608,104.898,2.0,10.501,1047.122
1,309.808,104.898,2.0,10.447,1047.706
1,310.008,104.898,2.0,10.393,1048.286
1,310.208,104.898,2.0,10.34,1048.863
1,310.408,104.898,2.0,10.286,1049.438
1,310.608,104.897,2.0,10.232,1050.009
1,310.808,104.897,2.0,10.178,1050.578
1,311.008,104.897,2.0,10.125,1051.143
1,311.208,104.897,2.0,10.072,1051.706
1,311.408,104.897,2.0,10.019,1052.265
1,311.608,104.897,2.0,9.967,1052.822
1,311.808,104.897,2.0,9.915,1053.375
1,312.008,104.897,2.0,9.864,1053.926
1,312.208,104.897,2.0,9.813,1054.474
1,312.408,104.897,2.0,9.762,1055.019
1,312.608,104.897,2.0,9.712,1055.562
1,312.808,104.897,2.0,9.663,1056.101
1,313.008,104.897,2.0,9.615,1056.638
1,313.208,104.897,2.0,9.567,1057.172
1,313.408,104.897,2.0,9.521,1057.704
1,313.608,104.897,2.0,9.475,1058.233
1,313.808,104.897,2.0,9.431,1058.759
1,314.008,104.897,2.0,9.387,1059.283
1,314.208,104.897,2.0,9.344,1059.805
1,314.408,104.897,2.0,9.302,1060.324
1,314.608,104.897,2.0,9.261,1060.84
1,314.808,104.896,2.0,9.222,1061.355
1,315.008,104.896,2.0,9.183,1061.867
1,315.208,104.896,2.0,9.146,1062.377
1,315.408,104.896,2.0,9.11,1062.886
1,315.608,104.896,2.0,9.074,1063.392
1,315.808,104.896,2.0,9.041,1063.896
1,316.008,104.896,2.0,9.008,1064.398
1,316.208,104.896,2.0,8.976,1064.898
1,316.408,104.896,2.0,8.945,1065.397
1,316.608,104.896,2.0,8.915,1065.894
1,316.808,104.896,2.0,8.887,1066.389
1,317.008,104.896,2.0,8.86,1066.883
1,317.208,104.896,2.0,8.835,1067.375
1,317.408,104.896,2.0,8.81,1067.866
1,317.608,104.896,2.0,8.787,1068.356
1,317.808,104.896,2.0,8.765,1068.844
1,318.008,104.896,2.0,8.744,1069.331
1,318.208,104.896,2.0,8.725,1069.817
1,318.408,104.896,2.0,8.706,1070.301
1,318.608,104.896,2.0,8.688,1070.785
1,318.808,104.896,2.0,8.671,1071.268
1,319.008,104.896,2.0,8.655,1071.749
1,319.208,104.895,2.0,8.64,1072.23
1,319.408,104.895,2.0,8.625,1072.71
1,319.608,104.895,2.0,8.611,1073.189
1,319.808,104.895,2.0,8.598,1073.668
1,320.008,104.895,2.0,8.585,1074.145
1,320.208,104.895,2.0,8.573,1074.622
1,320.408,104.895,2.0,8.562,1075.099
1,320.608,104.895,2.0,8.551,1075.574
1,320.808,104.895,2.0,8.541,1076.049
1,321.008,104.895,2.0,8.531,1076.524
1,321.208,104.895,2.0,8.523,1076.998
1,321.408,104.895,2.0,8.515,1077.471
1,321.608,104.895,2.0,8.507,1077.944
1,321.808,104.895,2.0,8.501,1078.417
1,322.008,104.895,2.0,8.494,1078.889
1,322.208,104.895,2.0,8.489,1079.361
1,322.408,104.895,2.0,8.484,1079.833
1,322.608,104.895,2.0,8.479,1080.304
1,322.808,104.895,2.0,8.475,1080.775
1,323.008,104.895,2.0,8.471,1081.246
1,323.208,104.895,2.0,8.467,1081.716
1,323.408,104.895,2.0,8.464,1082.187
1,323.608,104.894,2.0,8.46,1082.657
1,323.808,104.894,2.0,8.457,1083.127
1,324.008,104.894,2.0,8.454,1083.597
1,324.208,104.894,2.0,8.452,1084.067
1,324.408,104.894,2.0,8.449,1084.536
1,324.608,104.894,2.0,8.447,1085.006
1,324.808,104.894,2.0,8.445,1085.475
1,325.008,104.894,2.0,8.443,1085.944
1,325.208,104.894,2.0,8.441,1086.413
1,325.408,104.894,2.0,8.439,1086.882
1,325.608,104.894,2.0,8.437,1087.351
1,325.808,104.894,2.0,8.435,1087.819
1,326.008,104.894,2.0,8.434,1088.288
1,326.208,104.894,2.0,8.433,1088.757
1,326.408,104.894,2.0,8.431,1089.225
1,326.608,104.894,2.0,8.43,1089.694
1,326.808,104.894,2.0,8.429,1090.162
1,327.008,104.894,2.0,8.428,1090.63
1,327.208,104.894,2.0,8.426,1091.098
1,327.408,104.894,2.0,8.425,1091.566
1,327.608,104.894,2.0,8.423,1092.034
1,327.808,104.894,2.0,8.421,1092.502
1,328.008,104.893,2.0,8.419,1092.97
1,328.208,104.893,2.0,8.416,1093.438
1,328.408,104.893,2.0,8.413,1093.906
1,328.608,104.893,2.0,8.411,1094.373
1,328.808,104.893,2.0,8.408,1094.84
1,329.008,104.893,2.0,8.404,1095.307
1,329.208,104.893,2.0,8.401,1095.774
1,329.408,104.893,2.0,8.398,1096.241
1,329.608,104.893,2.0,8.395,1096.707
1,329.808,104.893,2.0,8.393,1097.174
1,330.008,104.893,2.0,8.39,1097.64
1,330.208,104.893,2.0,8.387,1098.106
1,330.408,104.893,2.0,8.385,1098.572
1,330.608,104.893,2.0,8.383,1099.038
1,330.808,104.893,2.0,8.38,1099.504
1,331.008,104.893,2.0,8.378,1099.969
1,331.208,104.893,2.0,8.376,1100.435
1,331.408,104.893,2.0,8.375,1100.9
1,331.608,104.893,2.0,8.373,1101.365
1,331.808,104.893,2.0,8.372,1101.831
1,332.008,104.893,2.0,8.372,1102.296
1,332.208,104.893,2.0,8.371,1102.761
1,332.408,104.892,2.0,8.371,1103.226
1,332.608,104.892,2.0,8.371,1103.691
1,332.808,104.892,2.0,8.371,1104.156
1,333.008,104.892,2.0,8.372,1104.621
1,333.208,104.892,2.0,8.373,1105.086
1,333.408,104.892,2.0,8.374,1105.551
1,333.608,104.892,2.0,8.375,1106.016
1,333.808,104.892,2.0,8.377,1106.482
1,334.008,104.892,2.0,8.38,1106.947
1,334.208,104.892,2.0,8.382,1107.413
1,334.408,104.892,2.0,8.386,1107.878
1,334.608,104.892,2.0,8.389,1108.344
1,334.808,104.892,2.0,8.393,1108.81
1,335.008,104.892,2.0,8.397,1109.277
1,335.208,104.892,2.0,8.402,1109.743
1,335.408,104.892,2.0,8.407,1110.21
1,335.608,104.892,2.0,8.412,1110.677
1,335.808,104.892,2.0,8.418,1111.144
1,336.008,104.892,2.0,8.425,1111.612
1,336.208,104.892,2.0,8.431,1112.08
1,336.408,104.892,2.0,8.439,1112.548
1,336.608,104.892,2.0,8.446,1113.017
1,336.808,104.891,2.0,8.454,1113.486
1,337.008,104.891,2.0,8.462,1113.956
1,337.208,104.891,2.0,8.471,1114.426
1,337.408,104.891,2.0,8.48,1114.897
1,337.608,104.891,2.0,8.49,1115.368
1,337.808,104.891,2.0,8.499,1115.84
1,338.008,104.891,2.0,8.509,1116.312
1,338.208,104.891,2.0,8.519,1116.785
1,338.408,104.891,2.0,8.529,1117.258
1,338.608,104.891,2.0,8.539,1117.732
1,338.808,104.891,2.0,8.549,1118.206
1,339.008,104.891,2.0,8.559,1118.681
1,339.208,104.891,2.0,8.57,1119.157
1,339.408,104.891,2.0,8.58,1119.633
1,339.608,104.891,2.0,8.591,1120.109
1,339.808,104.891,2.0,8.602,1120.587
1,340.008,104.891,2.0,8.613,1121.065
1,340.208,104.891,2.0,8.623,1121.543
1,340.408,104.891,2.0,8.634,1122.022
1,340.608,104.891,2.0,8.645,1122.502
1,340.808,104.891,2.0,8.655,1122.982
1,341.008,104.891,2.0,8.666,1123.463
1,341.208,104.89,2.0,8.677,1123.944
1,341.408,104.89,2.0,8.688,1124.426
1,341.608,104.89,2.0,8.698,1124.909
1,341.808,104.89,2.0,8.709,1125.392
1,342.008,104.89,2.0,8.72,1125.876
1,342.208,104.89,2.0,8.73,1126.36
1,342.408,104.89,2.0,8.74,1126.845
1,342.608,104.89,2.0,8.75,1127.331
1,342.808,104.89,2.0,8.761,1127.817
1,343.008,104.89,2.0,8.77,1128.304
1,343.208,104.89,2.0,8.78,1128.791
1,343.408,104.89,2.0,8.79,1129.279
1,343.608,104.89,2.0,8.8,1129.767
1,343.808,104.89,2.0,8.809,1130.256
1,344.008,104.89,2.0,8.818,1130.746
1,344.208,104.89,2.0,8.827,1131.235
1,344.408,104.89,2.0,8.834,1131.726
1,344.608,104.89,2.0,8.842,1132.217
1,344.808,104.89,2.0,8.848,1132.708
1,345.008,104.89,2.0,8.854,1133.199
1,345.208,104.89,2.0,8.86,1133.691
1,345.408,104.89,2.0,8.864,1134.183
1,345.608,104.889,2.0,8.869,1134.676
1,345.808,104.889,2.0,8.873,1135.169
1,346.008,104.889,2.0,8.876,1135.662
1,346.208,104.889,2.0,8.878,1136.155
1,346.408,104.889,2.0,8.88,1136.648
1,346.608,104.889,2.0,8.881,1137.141
1,346.808,104.889,2.0,8.881,1137.635
1,347.008,104.889,2.0,8.88,1138.128
1,347.208,104.889,2.0,8.878,1138.621
1,347.408,104.889,2.0,8.876,1139.115
1,347.608,104.889,2.0,8.873,1139.608
1,347.808,104.889,2.0,8.87,1140.101
1,348.008,104.889,2.0,8.865,1140.593
1,348.208,104.889,2.0,8.86,1141.086
1,348.408,104.889,2.0,8.854,1141.578
1,348.608,104.889,2.0,8.848,1142.07
1,348.808,104.889,2.0,8.84,1142.562
1,349.008,104.889,2.0,8.832,1143.053
1,349.208,104.889,2.0,8.823,1143.543
1,349.408,104.889,2.0,8.814,1144.034
1,349.608,104.889,2.0,8.804,1144.523
1,349.808,104.889,2.0,8.793,1145.012
1,350.008,104.888,2.0,8.781,1145.501
1,350.208,104.888,2.0,8.769,1145.989
1,350.408,104.888,2.0,8.757,1146.476
1,350.608,104.888,2.0,8.744,1146.962
1,350.808,104.888,2.0,8.731,1147.448
1,351.008,104.888,2.0,8.718,1147.933
1,351.208,104.888,2.0,8.704,1148.417
1,351.408,104.888,2.0,8.689,1148.901
1,351.608,104.888,2.0,8.674,1149.384
1,351.808,104.888,2.0,8.659,1149.866
1,352.008,104.888,2.0,8.644,1150.347
1,352.208,104.888,2.0,8.629,1150.827
1,352.408,104.888,2.0,8.613,1151.306
1,352.608,104.888,2.0,8.598,1151.785
1,352.808,104.888,2.0,8.582,1152.262
1,353.008,104.888,2.0,8.567,1152.739
1,353.208,104.888,2.0,8.552,1153.215
1,353.408,104.888,2.0,8.537,1153.69
1,353.608,104.888,2.0,8.522,1154.165
1,353.808,104.888,2.0,8.507,1154.638
1,354.008,104.888,2.0,8.492,1155.111
1,354.208,104.888,2.0,8.477,1155.582
1,354.408,104.887,2.0,8.463,1156.053
1,354.608,104.887,2.0,8.449,1156.523
1,354.808,104.887,2.0,8.436,1156.993
1,355.008,104.887,2.0,8.423,1157.461
1,355.208,104.887,2.0,8.411,1157.929
1,355.408,104.887,2.0,8.399,1158.397
1,355.608,104.887,2.0,8.387,1158.863
1,355.808,104.887,2.0,8.376,1159.329
1,356.008,104.887,2.0,8.366,1159.795
1,356.208,104.887,2.0,8.356,1160.259
1,356.408,104.887,2.0,8.346,1160.724
1,356.608,104.887,2.0,8.338,1161.187
1,356.808,104.887,2.0,8.33,1161.65
1,357.008,104.887,2.0,8.322,1162.113
1,357.208,104.887,2.0,8.316,1162.576
1,357.408,104.887,2.0,8.31,1163.038
1,357.608,104.887,2.0,8.304,1163.499
1,357.808,104.887,2.0,8.3,1163.961
1,358.008,104.887,2.0,8.296,1164.422
1,358.208,104.887,2.0,8.292,1164.883
1,358.408,104.887,2.0,8.289,1165.343
1,358.608,104.887,2.0,8.287,1165.804
1,358.808,104.886,2.0,8.285,1166.264
1,359.008,104.886,2.0,8.284,1166.724
1,359.208,104.886,2.0,8.284,1167.185
1,359.408,104.886,2.0,8.285,1167.645
1,359.608,104.886,2.0,8.287,1168.105
1,359.808,104.886,2.0,8.289,1168.566
1,360.008,104.886,2.0,8.291,1169.026
1,360.208,104.886,2.0,8.294,1169.487
1,360.408,104.886,2.0,8.298,1169.947
1,360.608,104.886,2.0,8.303,1170.408
1,360.808,104.886,2.0,8.308,1170.87
1,361.008,104.886,2.0,8.313,1171.331
1,361.208,104.886,2.0,8.319,1171.793
1,361.408,104.886,2.0,8.325,1172.255
1,361.608,104.886,2.0,8.331,1172.718
1,361.808,104.886,2.0,8.338,1173.181
1,362.008,104.886,2.0,8.345,1173.644
1,362.208,104.886,2.0,8.353,1174.107
1,362.408,104.886,2.0,8.361,1174.571
1,362.608,104.886,2.0,8.369,1175.036
1,362.808,104.886,2.0,8.377,1175.501
1,363.008,104.886,2.0,8.386,1175.966
1,363.208,104.885,2.0,8.395,1176.432
1,363.408,104.885,2.0,8.405,1176.899
1,363.608,104.885,2.0,8.415,1177.365
1,363.808,104.885,2.0,8.425,1177.833
1,364.008,104.885,2.0,8.436,1178.301
1,364.208,104.885,2.0,8.447,1178.77
1,364.408,104.885,2.0,8.458,1179.239
1,364.608,104.885,2.0,8.47,1179.709
1,364.808,104.885,2.0,8.482,1180.179
1,365.008,104.885,2.0,8.494,1180.651
1,365.208,104.885,2.0,8.506,1181.123
1,365.408,104.885,2.0,8.517,1181.595
1,365.608,104.885,2.0,8.528,1182.068
1,365.808,104.885,2.0,8.539,1182.542
1,366.008,104.885,2.0,8.549,1183.016
1,366.208,104.885,2.0,8.559,1183.491
1,366.408,104.885,2.0,8.569,1183.967
1,366.608,104.885,2.0,8.579,1184.443
1,366.808,104.885,2.0,8.588,1184.92
1,367.008,104.885,2.0,8.597,1185.397
1,367.208,104.885,2.0,8.606,1185.874
1,367.408,104.885,2.0,8.615,1186.352
1,367.608,104.884,2.0,8.623,1186.831
1,367.808,104.884,2.0,8.631,1187.31
1,368.008,104.884,2.0,8.639,1187.79
1,368.208,104.884,2.0,8.646,1188.27
1,368.408,104.884,2.0,8.654,1188.75
1,368.608,104.884,2.0,8.661,1189.231
1,368.808,104.884,2.0,8.667,1189.712
1,369.008,104.884,2.0,8.674,1190.193
1,369.208,104.884,2.0,8.68,1190.675
1,369.408,104.884,2.0,8.686,1191.157
1,369.608,104.884,2.0,8.691,1191.64
1,369.808,104.884,2.0,8.696,1192.123
1,370.008,104.884,2.0,8.701,1192.606
1,370.208,104.884,2.0,8.705,1193.089
1,370.408,104.884,2.0,8.708,1193.573
1,370.608,104.884,2.0,8.712,1194.057
1,370.808,104.884,2.0,8.715,1194.541
1,371.008,104.884,2.0,8.717,1195.025
1,371.208,104.884,2.0,8.719,1195.509
1,371.408,104.884,2.0,8.721,1195.994
1,371.608,104.884,2.0,8.723,1196.478
1,371.808,104.884,2.0,8.725,1196.963
1,372.008,104.883,2.0,8.727,1197.447
1,372.208,104.883,2.0,8.728,1197.932
1,372.408,104.883,2.0,8.729,1198.417
1,372.608,104.883,2.0,8.731,1198.902
1,372.808,104.883,2.0,8.732,1199.387
1,373.008,104.883,2.0,8.733,1199.872
1,373.208,104.883,2.0,8.733,1200.357
1,373.408,104.883,2.0,8.734,1200.843
1,373.608,104.883,2.0,8.735,1201.328
1,373.808,104.883,2.0,8.736,1201.813
1,374.008,104.883,2.0,8.737,1202.298
1,374.208,104.883,2.0,8.737,1202.784
1,374.408,104.883,2.0,8.738,1203.269
1,374.608,104.883,2.0,8.739,1203.755
1,374.808,104.883,2.0,8.74,1204.24
1,375.008,104.883,2.0,8.741,1204.726
1,375.208,104.883,2.0,8.742,1205.211
1,375.408,104.883,2.0,8.743,1205.697
1,375.608,104.883,2.0,8.745,1206.183
1,375.808,104.883,2.0,8.747,1206.669
1,376.008,104.883,2.0,8.749,1207.154
1,376.208,104.882,2.0,8.751,1207.641
1,376.408,104.882,2.0,8.754,1208.127
1,376.608,104.882,2.0,8.757,1208.613
1,376.808,104.882,2.0,8.76,1209.1
1,377.008,104.882,2.0,8.764,1209.586
1,377.208,104.882,2.0,8.768,1210.073
1,377.408,104.882,2.0,8.772,1210.56
1,377.608,104.882,2.0,8.776,1211.047
1,377.808,104.882,2.0,8.781,1211.535
1,378.008,104.882,2.0,8.786,1212.023
1,378.208,104.882,2.0,8.792,1212.511
1,378.408,104.882,2.0,8.798,1212.999
1,378.608,104.882,2.0,8.804,1213.488
1,378.808,104.882,2.0,8.811,1213.977
1,379.008,104.882,2.0,8.818,1214.467
1,379.208,104.882,2.0,8.826,1214.957
1,379.408,104.882,2.0,8.833,1215.447
1,379.608,104.882,2.0,8.841,1215.938
1,379.808,104.882,2.0,8.85,1216.429
1,380.008,104.882,2.0,8.859,1216.921
1,380.208,104.882,2.0,8.869,1217.413
1,380.408,104.882,2.0,8.879,1217.906
1,380.608,104.881,2.0,8.889,1218.399
1,380.808,104.881,2.0,8.9,1218.893
1,381.008,104.881,2.0,8.911,1219.387
1,381.208,104.881,2.0,8.922,1219.882
1,381.408,104.881,2.0,8.934,1220.378
1,381.608,104.881,2.0,8.947,1220.874
1,381.808,104.881,2.0,8.959,1221.371
1,382.008,104.881,2.0,8.973,1221.869
1,382.208,104.881,2.0,8.986,1222.367
1,382.408,104.881,2.0,9.001,1222.867
1,382.608,104.881,2.0,9.015,1223.367
1,382.808,104.881,2.0,9.03,1223.867
1,383.008,104.881,2.0,9.046,1224.369
1,383.208,104.881,2.0,9.062,1224.872
1,383.408,104.881,2.0,9.078,1225.375
1,383.608,104.881,2.0,9.095,1225.88
1,383.808,104.881,2.0,9.112,1226.385
1,384.008,104.881,2.0,9.129,1226.891
1,384.208,104.881,2.0,9.147,1227.398
1,384.408,104.881,2.0,9.165,1227.906
1,384.608,104.881,2.0,9.183,1228.416
1,384.808,104.881,2.0,9.202,1228.926
1,385.008,104.88,2.0,9.221,1229.437
1,385.208,104.88,2.0,9.24,1229.949
1,385.408,104.88,2.0,9.26,1230.463
1,385.608,104.88,2.0,9.28,1230.977
1,385.808,104.88,2.0,9.299,1231.493
1,386.008,104.88,2.0,9.319,1232.009
1,386.208,104.88,2.0,9.339,1232.527
1,386.408,104.88,2.0,9.359,1233.046
1,386.608,104.88,2.0,9.379,1233.566
1,386.808,104.88,2.0,9.398,1234.087
1,387.008,104.88,2.0,9.418,1234.609
1,387.208,104.88,2.0,9.439,1235.132
1,387.408,104.88,2.0,9.459,1235.656
1,387.608,104.88,2.0,9.479,1236.182
1,387.808,104.88,2.0,9.499,1236.709
1,388.008,104.88,2.0,9.519,1237.236
1,388.208,104.88,2.0,9.538,1237.765
1,388.408,104.88,2.0,9.558,1238.295
1,388.608,104.88,2.0,9.578,1238.826
1,388.808,104.88,2.0,9.598,1239.358
1,389.008,104.88,2.0,9.618,1239.891
1,389.208,104.88,2.0,9.637,1240.426
1,389.408,104.879,2.0,9.657,1240.961
1,389.608,104.879,2.0,9.676,1241.497
1,389.808,104.879,2.0,9.694,1242.035
1,390.008,104.879,2.0,9.712,1242.574
1,390.208,104.879,2.0,9.73,1243.113
1,390.408,104.879,2.0,9.747,1243.654
1,390.608,104.879,2.0,9.764,1244.195
1,390.808,104.879,2.0,9.781,1244.738
1,391.008,104.879,2.0,9.797,1245.281
1,391.208,104.879,2.0,9.813,1245.825
1,391.408,104.879,2.0,9.829,1246.371
1,391.608,104.879,2.0,9.844,1246.917
1,391.808,104.879,2.0,9.858,1247.463
1,392.008,104.879,2.0,9.873,1248.011
1,392.208,104.879,2.0,9.887,1248.56
1,392.408,104.879,2.0,9.9,1249.109
1,392.608,104.879,2.0,9.913,1249.659
1,392.808,104.879,2.0,9.926,1250.21
1,393.008,104.879,2.0,9.939,1250.761
1,393.208,104.879,2.0,9.951,1251.313
1,393.408,104.879,2.0,9.962,1251.866
1,393.608,104.879,2.0,9.973,1252.419
1,393.808,104.878,2.0,9.984,1252.974
1,394.008,104.878,2.0,9.994,1253.528
1,394.208,104.878,2.0,10.004,1254.083
1,394.408,104.878,2.0,10.014,1254.639
1,394.608,104.878,2.0,10.023,1255.196
1,394.808,104.878,2.0,10.032,1255.752
1,395.008,104.878,2.0,10.041,1256.31
1,395.208,104.878,2.0,10.049,1256.868
1,395.408,104.878,2.0,10.057,1257.426
1,395.608,104.878,2.0,10.065,1257.985
1,395.808,104.878,2.0,10.073,1258.544
1,396.008,104.878,2.0,10.08,1259.103
1,396.208,104.878,2.0,10.087,1259.663
1,396.408,104.878,2.0,10.093,1260.224
1,396.608,104.878,2.0,10.099,1260.785
1,396.808,104.878,2.0,10.105,1261.346
1,397.008,104.878,2.0,10.111,1261.907
1,397.208,104.878,2.0,10.116,1262.469
1,397.408,104.878,2.0,10.121,1263.031
1,397.608,104.878,2.0,10.126,1263.593
1,397.808,104.878,2.0,10.13,1264.156
1,398.008,104.878,2.0,10.135,1264.718
1,398.208,104.877,2.0,10.138,1265.281
1,398.408,104.877,2.0,10.142,1265.845
1,398.608,104.877,2.0,10.146,1266.408
1,398.808,104.877,2.0,10.149,1266.972
1,399.008,104.877,2.0,10.153,1267.536
1,399.208,104.877,2.0,10.157,1268.1
1,399.408,104.877,2.0,10.161,1268.664
1,399.608,104.877,2.0,10.164,1269.228
1,399.808,104.877,2.0,10.168,1269.793
1,400.008,104.877,2.0,10.172,1270.358
1,400.208,104.877,2.0,10.176,1270.923
1,400.408,104.877,2.0,10.179,1271.489
1,400.608,104.877,2.0,10.182,1272.054
1,400.808,104.877,2.0,10.185,1272.62
1,401.008,104.877,2.0,10.187,1273.186
1,401.208,104.877,2.0,10.189,1273.751
1,401.408,104.877,2.0,10.191,1274.317
1,401.608,104.877,2.0,10.192,1274.884
1,401.808,104.877,2.0,10.193,1275.45
1,402.008,104.877,2.0,10.194,1276.016
1,402.208,104.877,2.0,10.195,1276.582
1,402.408,104.877,2.0,10.195,1277.149
1,402.608,104.876,2.0,10.196,1277.715
1,402.808,104.876,2.0,10.196,1278.282
1,403.008,104.876,2.0,10.196,1278.848
1,403.208,104.876,2.0,10.196,1279.415
1,403.408,104.876,2.0,10.196,1279.981
1,403.608,104.876,2.0,10.196,1280.547
1,403.808,104.876,2.0,10.195,1281.114
1,404.008,104.876,2.0,10.195,1281.68
1,404.208,104.876,2.0,10.194,1282.247
1,404.408,104.876,2.0,10.193,1282.813
1,404.608,104.876,2.0,10.192,1283.379
1,404.808,104.876,2.0,10.191,1283.946
1,405.008,104.876,2.0,10.19,1284.512
1,405.208,104.876,2.0,10.188,1285.078
1,405.408,104.876,2.0,10.187,1285.644
1,405.608,104.876,2.0,10.185,1286.21
1,405.808,104.876,2.0,10.182,1286.776
1,406.008,104.876,2.0,10.179,1287.341
1,406.208,104.876,2.0,10.176,1287.907
1,406.408,104.876,2.0,10.173,1288.472
1,406.608,104.876,2.0,10.169,1289.037
1,406.808,104.876,2.0,10.164,1289.602
1,407.008,104.875,2.0,10.16,1290.167
1,407.208,104.875,2.0,10.155,1290.731
1,407.408,104.875,2.0,10.149,1291.295
1,407.608,104.875,2.0,10.144,1291.859
1,407.808,104.875,2.0,10.138,1292.423
1,408.008,104.875,2.0,10.132,1292.986
1,408.208,104.875,2.0,10.126,1293.549
1,408.408,104.875,2.0,10.119,1294.112
1,408.608,104.875,2.0,10.112,1294.674
1,408.808,104.875,2.0,10.105,1295.235
1,409.008,104.875,2.0,10.097,1295.797
1,409.208,104.875,2.0,10.09,1296.358
1,409.408,104.875,2.0,10.081,1296.918
1,409.608,104.875,2.0,10.073,1297.478
1,409.808,104.875,2.0,10.064,1298.038
1,410.008,104.875,2.0,10.055,1298.597
1,410.208,104.875,2.0,10.046,1299.156
1,410.408,104.875,2.0,10.036,1299.714
1,410.608,104.875,2.0,10.027,1300.271
1,410.808,104.875,2.0,10.016,1300.829
1,411.008,104.875,2.0,10.006,1301.385
1,411.208,104.875,2.0,9.995,1301.941
1,411.408,104.874,2.0,9.984,1302.496
1,411.608,104.874,2.0,9.972,1303.051
1,411.808,104.874,2.0,9.961,1303.605
1,412.008,104.874,2.0,9.949,1304.158
1,412.208,104.874,2.0,9.936,1304.711
1,412.408,104.874,2.0,9.923,1305.263
1,412.608,104.874,2.0,9.91,1305.814
1,412.808,104.874,2.0,9.897,1306.365
1,413.008,104.874,2.0,9.884,1306.915
1,413.208,104.874,2.0,9.87,1307.464
1,413.408,104.874,2.0,9.857,1308.012
1,413.608,104.874,2.0,9.843,1308.56
1,413.808,104.874,2.0,9.829,1309.107
1,414.008,104.874,2.0,9.814,1309.653
1,414.208,104.874,2.0,9.8,1310.198
1,414.408,104.874,2.0,9.785,1310.742
1,414.608,104.874,2.0,9.77,1311.286
1,414.808,104.874,2.0,9.755,1311.829
1,415.008,104.874,2.0,9.74,1312.371
1,415.208,104.874,2.0,9.724,1312.912
1,415.408,104.874,2.0,9.709,1313.452
1,415.608,104.874,2.0,9.693,1313.991
1,415.808,104.873,2.0,9.676,1314.53
1,416.008,104.873,2.0,9.66,1315.067
1,416.208,104.873,2.0,9.644,1315.604
1,416.408,104.873,2.0,9.627,1316.14
1,416.608,104.873,2.0,9.61,1316.675
1,416.808,104.873,2.0,9.594,1317.209
1,417.008,104.873,2.0,9.577,1317.742
1,417.208,104.873,2.0,9.561,1318.274
1,417.408,104.873,2.0,9.544,1318.805
1,417.608,104.873,2.0,9.527,1319.335
1,417.808,104.873,2.0,9.511,1319.864
1,418.008,104.873,2.0,9.494,1320.393
1,418.208,104.873,2.0,9.477,1320.92
1,418.408,104.873,2.0,9.46,1321.447
1,418.608,104.873,2.0,9.443,1321.972
1,418.808,104.873,2.0,9.426,1322.497
1,419.008,104.873,2.0,9.409,1323.02
1,419.208,104.873,2.0,9.391,1323.543
1,419.408,104.873,2.0,9.374,1324.065
1,419.608,104.873,2.0,9.356,1324.586
1,419.808,104.873,2.0,9.339,1325.105
1,420.008,104.873,2.0,9.321,1325.624
1,420.208,104.872,2.0,9.303,1326.142
1,420.408,104.872,2.0,9.286,1326.659
1,420.608,104.872,2.0,9.269,1327.175
1,420.808,104.872,2.0,9.252,1327.69
1,421.008,104.872,2.0,9.236,1328.204
1,421.208,104.872,2.0,9.219,1328.717
1,421.408,104.872,2.0,9.203,1329.229
1,421.608,104.872,2.0,9.187,1329.74
1,421.808,104.872,2.0,9.171,1330.251
1,422.008,104.872,2.0,9.156,1330.76
1,422.208,104.872,2.0,9.14,1331.269
1,422.408,104.872,2.0,9.125,1331.777
1,422.608,104.872,2.0,9.11,1332.284
1,422.808,104.872,2.0,9.095,1332.79
1,423.008,104.872,2.0,9.081,1333.295
1,423.208,104.872,2.0,9.066,1333.8
1,423.408,104.872,2.0,9.052,1334.303
1,423.608,104.872,2.0,9.038,1334.806
1,423.808,104.872,2.0,9.024,1335.308
1,424.008,104.872,2.0,9.011,1335.81
1,424.208,104.872,2.0,8.997,1336.31
1,424.408,104.872,2.0,8.984,1336.81
1,424.608,104.871,2.0,8.971,1337.309
1,424.808,104.871,2.0,8.959,1337.808
1,425.008,104.871,2.0,8.946,1338.305
1,425.208,104.871,2.0,8.934,1338.802
1,425.408,104.871,2.0,8.922,1339.299
1,425.608,104.871,2.0,8.911,1339.794
1,425.808,104.871,2.0,8.899,1340.289
1,426.008,104.871,2.0,8.888,1340.784
1,426.208,104.871,2.0,8.878,1341.278
1,426.408,104.871,2.0,8.868,1341.771
1,426.608,104.871,2.0,8.858,1342.263
1,426.808,104.871,2.0,8.849,1342.756
1,427.008,104.871,2.0,8.84,1343.247
1,427.208,104.871,2.0,8.832,1343.738
1,427.408,104.871,2.0,8.824,1344.229
1,427.608,104.871,2.0,8.817,1344.719
1,427.808,104.871,2.0,8.81,1345.209
1,428.008,104.871,2.0,8.803,1345.698
1,428.208,104.871,2.0,8.798,1346.188
1,428.408,104.871,2.0,8.792,1346.676
1,428.608,104.871,2.0,8.788,1347.165
1,428.808,104.871,2.0,8.784,1347.653
1,429.008,104.87,2.0,8.781,1348.141
1,429.208,104.87,2.0,8.779,1348.629
1,429.408,104.87,2.0,8.777,1349.117
1,429.608,104.87,2.0,8.776,1349.604
1,429.808,104.87,2.0,8.775,1350.092
1,430.008,104.87,2.0,8.775,1350.579
1,430.208,104.87,2.0,8.775,1351.067
1,430.408,104.87,2.0,8.776,1351.554
1,430.608,104.87,2.0,8.777,1352.042
1,430.808,104.87,2.0,8.779,1352.529
1,431.008,104.87,2.0,8.781,1353.017
1,431.208,104.87,2.0,8.784,1353.505
1,431.408,104.87,2.0,8.787,1353.993
1,431.608,104.87,2.0,8.791,1354.481
1,431.808,104.87,2.0,8.795,1354.969
1,432.008,104.87,2.0,8.799,1355.458
1,432.208,104.87,2.0,8.804,1355.947
1,432.408,104.87,2.0,8.81,1356.436
1,432.608,104.87,2.0,8.816,1356.925
1,432.808,104.87,2.0,8.823,1357.415
1,433.008,104.87,2.0,8.83,1357.905
1,433.208,104.87,2.0,8.838,1358.396
1,433.408,104.869,2.0,8.846,1358.887
1,433.608,104.869,2.0,8.855,1359.378
1,433.808,104.869,2.0,8.864,1359.87
1,434.008,104.869,2.0,8.874,1360.363
1,434.208,104.869,2.0,8.885,1360.856
1,434.408,104.869,2.0,8.897,1361.349
1,434.608,104.869,2.0,8.909,1361.844
1,434.808,104.869,2.0,8.923,1362.338
1,435.008,104.869,2.0,8.937,1362.834
1,435.208,104.869,2.0,8.952,1363.331
1,435.408,104.869,2.0,8.969,1363.828
1,435.608,104.869,2.0,8.986,1364.326
1,435.808,104.869,2.0,9.003,1364.825
1,436.008,104.869,2.0,9.022,1365.326
1,436.208,104.869,2.0,9.041,1365.827
1,436.408,104.869,2.0,9.061,1366.329
1,436.608,104.869,2.0,9.082,1366.833
1,436.808,104.869,2.0,9.104,1367.337
1,437.008,104.869,2.0,9.126,1367.843
1,437.208,104.869,2.0,9.149,1368.35
1,437.408,104.869,2.0,9.172,1368.858
1,437.608,104.868,2.0,9.197,1369.368
1,437.808,104.868,2.0,9.222,1369.879
1,438.008,104.868,2.0,9.247,1370.391
1,438.208,104.868,2.0,9.273,1370.905
1,438.408,104.868,2.0,9.3,1371.42
1,438.608,104.868,2.0,9.327,1371.937
1,438.808,104.868,2.0,9.354,1372.455
1,439.008,104.868,2.0,9.382,1372.974
1,439.208,104.868,2.0,9.411,1373.496
1,439.408,104.868,2.0,9.439,1374.018
1,439.608,104.868,2.0,9.469,1374.543
1,439.808,104.868,2.0,9.498,1375.069
1,440.008,104.868,2.0,9.528,1375.597
1,440.208,104.868,2.0,9.559,1376.126
1,440.408,104.868,2.0,9.59,1376.657
1,440.608,104.868,2.0,9.621,1377.19
1,440.808,104.868,2.0,9.652,1377.724
1,441.008,104.868,2.0,9.684,1378.26
1,441.208,104.868,2.0,9.716,1378.798
1,441.408,104.868,2.0,9.748,1379.338
1,441.608,104.868,2.0,9.78,1379.88
1,441.808,104.868,2.0,9.813,1380.423
1,442.008,104.867,2.0,9.846,1380.968
1,442.208,104.867,2.0,9.88,1381.515
1,442.408,104.867,2.0,9.913,1382.064
1,442.608,104.867,2.0,9.947,1382.615
1,442.808,104.867,2.0,9.98,1383.167
1,443.008,104.867,2.0,10.014,1383.722
1,443.208,104.867,2.0,10.048,1384.278
1,443.408,104.867,2.0,10.083,1384.836
1,443.608,104.867,2.0,10.117,1385.397
1,443.808,104.867,2.0,10.152,1385.959
1,444.008,104.867,2.0,10.186,1386.523
1,444.208,104.867,2.0,10.22,1387.088
1,444.408,104.867,2.0,10.253,1387.656
1,444.608,104.867,2.0,10.287,1388.226
1,444.808,104.867,2.0,10.32,1388.797
1,445.008,104.867,2.0,10.353,1389.371
1,445.208,104.867,2.0,10.386,1389.946
1,445.408,104.867,2.0,10.419,1390.523
1,445.608,104.867,2.0,10.452,1391.102
1,445.808,104.867,2.0,10.485,1391.682
1,446.008,104.867,2.0,10.517,1392.265
1,446.208,104.867,2.0,10.55,1392.849
1,446.408,104.866,2.0,10.583,1393.435
1,446.608,104.866,2.0,10.616,1394.023
1,446.808,104.866,2.0,10.649,1394.613
1,447.008,104.866,2.0,10.681,1395.205
1,447.208,104.866,2.0,10.714,1395.798
1,447.408,104.866,2.0,10.747,1396.393
1,447.608,104.866,2.0,10.779,1396.99
1,447.808,104.866,2.0,10.812,1397.589
1,448.008,104.866,2.0,10.844,1398.19
1,448.208,104.866,2.0,10.876,1398.792
1,448.408,104.866,2.0,10.908,1399.396
1,448.608,104.866,2.0,10.939,1400.002
1,448.808,104.866,2.0,10.971,1400.61
1,449.008,104.866,2.0,11.003,1401.22
1,449.208,104.866,2.0,11.035,1401.831
1,449.408,104.866,2.0,11.067,1402.444
1,449.608,104.866,2.0,11.1,1403.059
1,449.808,104.866,2.0,11.133,1403.675
1,450.008,104.866,2.0,11.166,1404.294
1,450.208,104.866,2.0,11.199,1404.914
1,450.408,104.866,2.0,11.233,1405.536
1,450.608,104.866,2.0,11.266,1406.16
1,450.808,104.865,2.0,11.301,1406.786
1,451.008,104.865,2.0,11.335,1407.414
1,451.208,104.865,2.0,11.371,1408.044
1,451.408,104.865,2.0,11.406,1408.676
1,451.608,104.865,2.0,11.442,1409.309
1,451.808,104.865,2.0,11.478,1409.945
1,452.008,104.865,2.0,11.515,1410.583
1,452.208,104.865,2.0,11.552,1411.222
1,452.408,104.865,2.0,11.589,1411.864
1,452.608,104.865,2.0,11.628,1412.508
1,452.808,104.865,2.0,11.666,1413.154
1,453.008,104.865,2.0,11.706,1413.802
1,453.208,104.865,2.0,11.746,1414.452
1,453.408,104.865,2.0,11.786,1415.105
1,453.608,104.865,2.0,11.827,1415.76
1,453.808,104.865,2.0,11.869,1416.417
1,454.008,104.865,2.0,11.912,1417.076
1,454.208,104.865,2.0,11.955,1417.738
1,454.408,104.865,2.0,11.999,1418.402
1,454.608,104.865,2.0,12.045,1419.069
1,454.808,104.865,2.0,12.091,1419.738
1,455.008,104.865,2.0,12.137,1420.409
1,455.208,104.864,2.0,12.185,1421.084
1,455.408,104.864,2.0,12.233,1421.761
1,455.608,104.864,2.0,12.283,1422.44
1,455.808,104.864,2.0,12.333,1423.123
1,456.008,104.864,2.0,12.384,1423.808
1,456.208,104.864,2.0,12.436,1424.496
1,456.408,104.864,2.0,12.489,1425.187
1,456.608,104.864,2.0,12.542,1425.881
1,456.808,104.864,2.0,12.596,1426.577
1,457.008,104.864,2.0,12.651,1427.277
1,457.208,104.864,2.0,12.706,1427.98
1,457.408,104.864,2.0,12.762,1428.686
1,457.608,104.864,2.0,12.818,1429.395
1,457.808,104.864,2.0,12.874,1430.107
1,458.008,104.864,2.0,12.931,1430.822
1,458.208,104.864,2.0,12.989,1431.541
1,458.408,104.864,2.0,13.046,1432.262
1,458.608,104.864,2.0,13.104,1432.987
1,458.808,104.864,2.0,13.162,1433.715
1,459.008,104.864,2.0,13.22,1434.446
1,459.208,104.864,2.0,13.279,1435.181
1,459.408,104.864,2.0,13.338,1435.918
1,459.608,104.863,2.0,13.396,1436.659
1,459.808,104.863,2.0,13.455,1437.404
1,460.008,104.863,2.0,13.514,1438.151
1,460.208,104.863,2.0,13.573,1438.902
1,460.408,104.863,2.0,13.631,1439.656
1,460.608,104.863,2.0,13.69,1440.413
1,460.808,104.863,2.0,13.749,1441.174
1,461.008,104.863,2.0,13.807,1441.938
1,461.208,104.863,2.0,13.865,1442.705
1,461.408,104.863,2.0,13.922,1443.475
1,461.608,104.863,2.0,13.979,1444.248
1,461.808,104.863,2.0,14.036,1445.025
1,462.008,104.863,2.0,14.092,1445.805
1,462.208,104.863,2.0,14.148,1446.588
1,462.408,104.863,2.0,14.204,1447.374
1,462.608,104.863,2.0,14.26,1448.163
1,462.808,104.863,2.0,14.316,1448.955
1,463.008,104.863,2.0,14.372,1449.75
1,463.208,104.863,2.0,14.428,1450.549
1,463.408,104.863,2.0,14.483,1451.35
1,463.608,104.863,2.0,14.538,1452.155
1,463.808,104.863,2.0,14.593,1452.963
1,464.008,104.862,2.0,14.647,1453.773
1,464.208,104.862,2.0,14.7,1454.587
1,464.408,104.862,2.0,14.753,1455.404
1,464.608,104.862,2.0,14.806,1456.223
1,464.808,104.862,2.0,14.858,1457.046
1,465.008,104.862,2.0,14.911,1457.871
1,465.208,104.862,2.0,14.963,1458.7
1,465.408,104.862,2.0,15.015,1459.531
1,465.608,104.862,2.0,15.067,1460.365
1,465.808,104.862,2.0,15.119,1461.202
1,466.008,104.862,2.0,15.171,1462.042
1,466.208,104.862,2.0,15.222,1462.885
1,466.408,104.862,2.0,15.274,1463.731
1,466.608,104.862,2.0,15.325,1464.579
1,466.808,104.862,2.0,15.376,1465.431
1,467.008,104.862,2.0,15.427,1466.285
1,467.208,104.862,2.0,15.478,1467.142
1,467.408,104.862,2.0,15.529,1468.002
1,467.608,104.862,2.0,15.579,1468.865
1,467.808,104.862,2.0,15.628,1469.73
1,468.008,104.862,2.0,15.678,1470.598
1,468.208,104.862,2.0,15.727,1471.469
1,468.408,104.861,2.0,15.776,1472.343
1,468.608,104.861,2.0,15.824,1473.219
1,468.808,104.861,2.0,15.872,1474.099
1,469.008,104.861,2.0,15.92,1474.98
1,469.208,104.861,2.0,15.968,1475.865
1,469.408,104.861,2.0,16.015,1476.752
1,469.608,104.861,2.0,16.061,1477.642
1,469.808,104.861,2.0,16.107,1478.534
1,470.008,104.861,2.0,16.151,1479.429
1,470.208,104.861,2.0,16.195,1480.326
1,470.408,104.861,2.0,16.238,1481.226
1,470.608,104.861,2.0,16.28,1482.128
1,470.808,104.861,2.0,16.321,1483.032
1,471.008,104.861,2.0,16.36,1483.939
1,471.208,104.861,2.0,16.399,1484.848
1,471.408,104.861,2.0,16.436,1485.759
1,471.608,104.861,2.0,16.473,1486.672
1,471.808,104.861,2.0,16.507,1487.587
1,472.008,104.861,2.0,16.54,1488.504
1,472.208,104.861,2.0,16.572,1489.423
1,472.408,104.861,2.0,16.603,1490.344
1,472.608,104.861,2.0,16.632,1491.266
1,472.808,104.86,2.0,16.659,1492.19
1,473.008,104.86,2.0,16.685,1493.116
1,473.208,104.86,2.0,16.709,1494.043
1,473.408,104.86,2.0,16.732,1494.971
1,473.608,104.86,2.0,16.753,1495.901
1,473.808,104.86,2.0,16.772,1496.831
1,474.008,104.86,2.0,16.789,1497.763
1,474.208,104.86,2.0,16.804,1498.696
1,474.408,104.86,2.0,16.817,1499.629
1,474.608,104.86,2.0,16.828,1500.564
1,474.808,104.86,2.0,16.838,1501.499
1,475.008,104.86,2.0,16.845,1502.434
1,475.208,104.86,2.0,16.85,1503.37
1,475.408,104.86,2.0,16.853,1504.306
1,475.608,104.86,2.0,16.855,1505.242
1,475.808,104.86,2.0,16.854,1506.179
1,476.008,104.86,2.0,16.852,1507.115
1,476.208,104.86,2.0,16.847,1508.051
1,476.408,104.86,2.0,16.84,1508.987
1,476.608,104.86,2.0,16.832,1509.923
1,476.808,104.86,2.0,16.821,1510.858
1,477.008,104.86,2.0,16.809,1511.792
1,477.208,104.859,2.0,16.794,1512.726
1,477.408,104.859,2.0,16.777,1513.659
1,477.608,104.859,2.0,16.759,1514.591
1,477.808,104.859,2.0,16.738,1515.522
1,478.008,104.859,2.0,16.715,1516.452
1,478.208,104.859,2.0,16.69,1517.381
1,478.408,104.859,2.0,16.663,1518.308
1,478.608,104.859,2.0,16.633,1519.234
1,478.808,104.859,2.0,16.601,1520.158
1,479.008,104.859,2.0,16.566,1521.08
1,479.208,104.859,2.0,16.53,1522.0
1,479.408,104.859,2.0,16.491,1522.919
1,479.608,104.859,2.0,16.451,1523.835
1,479.808,104.859,2.0,16.408,1524.749
1,480.008,104.859,2.0,16.363,1525.66
1,480.208,104.859,2.0,16.316,1526.569
1,480.408,104.859,2.0,16.266,1527.476
1,480.608,104.859,2.0,16.214,1528.38
1,480.808,104.859,2.0,16.159,1529.28
1,481.008,104.859,2.0,16.102,1530.178
1,481.208,104.859,2.0,16.043,1531.073
1,481.408,104.859,2.0,15.981,1531.964
1,481.608,104.858,2.0,15.918,1532.852
1,481.808,104.858,2.0,15.852,1533.736
1,482.008,104.858,2.0,15.785,1534.617
1,482.208,104.858,2.0,15.716,1535.494
1,482.408,104.858,2.0,15.644,1536.367
1,482.608,104.858,2.0,15.571,1537.236
1,482.808,104.858,2.0,15.497,1538.101
1,483.008,104.858,2.0,15.42,1538.962
1,483.208,104.858,2.0,15.341,1539.819
1,483.408,104.858,2.0,15.261,1540.671
1,483.608,104.858,2.0,15.179,1541.519
1,483.808,104.858,2.0,15.097,1542.362
1,484.008,104.858,2.0,15.013,1543.201
1,484.208,104.858,2.0,14.928,1544.035
1,484.408,104.858,2.0,14.842,1544.864
1,484.608,104.858,2.0,14.755,1545.689
1,484.808,104.858,2.0,14.667,1546.508
1,485.008,104.858,2.0,14.578,1547.323
1,485.208,104.858,2.0,14.489,1548.133
1,485.408,104.858,2.0,14.4,1548.938
1,485.608,104.858,2.0,14.31,1549.738
1,485.808,104.858,2.0,14.219,1550.533
1,486.008,104.857,2.0,14.129,1551.323
1,486.208,104.857,2.0,14.039,1552.108
1,486.408,104.857,2.0,13.95,1552.888
1,486.608,104.857,2.0,13.861,1553.663
1,486.808,104.857,2.0,13.773,1554.433
1,487.008,104.857,2.0,13.686,1555.198
1,487.208,104.857,2.0,13.599,1555.958
1,487.408,104.857,2.0,13.513,1556.714
1,487.608,104.857,2.0,13.428,1557.464
1,487.808,104.857,2.0,13.345,1558.21
1,488.008,104.857,2.0,13.262,1558.952
1,488.208,104.857,2.0,13.18,1559.689
1,488.408,104.857,2.0,13.099,1560.421
1,488.608,104.857,2.0,13.02,1561.149
1,488.808,104.857,2.0,12.941,1561.872
1,489.008,104.857,2.0,12.865,1562.591
1,489.208,104.857,2.0,12.789,1563.306
1,489.408,104.857,2.0,12.715,1564.016
1,489.608,104.857,2.0,12.641,1564.722
1,489.808,104.857,2.0,12.57,1565.425
1,490.008,104.857,2.0,12.499,1566.123
1,490.208,104.857,2.0,12.429,1566.817
1,490.408,104.856,2.0,12.36,1567.508
1,490.608,104.856,2.0,12.292,1568.195
1,490.808,104.856,2.0,12.224,1568.877
1,491.008,104.856,2.0,12.158,1569.557
1,491.208,104.856,2.0,12.092,1570.232
1,491.408,104.856,2.0,12.027,1570.904
1,491.608,104.856,2.0,11.964,1571.572
1,491.808,104.856,2.0,11.901,1572.237
1,492.008,104.856,2.0,11.84,1572.898
1,492.208,104.856,2.0,11.779,1573.556
1,492.408,104.856,2.0,11.72,1574.21
1,492.608,104.856,2.0,11.662,1574.861
1,492.808,104.856,2.0,11.605,1575.509
1,493.008,104.856,2.0,11.548,1576.154
1,493.208,104.856,2.0,11.491,1576.795
1,493.408,104.856,2.0,11.435,1577.434
1,493.608,104.856,2.0,11.38,1578.069
1,493.808,104.856,2.0,11.325,1578.701
1,494.008,104.856,2.0,11.27,1579.33
1,494.208,104.856,2.0,11.215,1579.956
1,494.408,104.856,2.0,11.161,1580.58
1,494.608,104.856,2.0,11.107,1581.2
1,494.808,104.855,2.0,11.053,1581.817
1,495.008,104.855,2.0,10.999,1582.431
1,495.208,104.855,2.0,10.946,1583.042
1,495.408,104.855,2.0,10.892,1583.65
1,495.608,104.855,2.0,10.838,1584.255
1,495.808,104.855,2.0,10.785,1584.857
1,496.008,104.855,2.0,10.731,1585.456
1,496.208,104.855,2.0,10.678,1586.052
1,496.408,104.855,2.0,10.624,1586.646
1,496.608,104.855,2.0,10.571,1587.236
1,496.808,104.855,2.0,10.517,1587.823
1,497.008,104.855,2.0,10.463,1588.407
1,497.208,104.855,2.0,10.41,1588.989
1,497.408,104.855,2.0,10.356,1589.567
1,497.608,104.855,2.0,10.302,1590.142
1,497.808,104.855,2.0,10.249,1590.715
1,498.008,104.855,2.0,10.196,1591.284
1,498.208,104.855,2.0,10.143,1591.851
1,498.408,104.855,2.0,10.091,1592.414
1,498.608,104.855,2.0,10.038,1592.975
1,498.808,104.855,2.0,9.987,1593.532
1,499.008,104.854,2.0,9.935,1594.087
1,499.208,104.854,2.0,9.885,1594.639
1,499.408,104.854,2.0,9.834,1595.188
1,499.608,104.854,2.0,9.784,1595.735
1,499.808,104.854,2.0,9.735,1596.278
1,500.008,104.854,2.0,9.686,1596.819
1,500.208,104.854,2.0,9.638,1597.357
1,500.408,104.854,2.0,9.59,1597.892
1,500.608,104.854,2.0,9.543,1598.425
1,500.808,104.854,2.0,9.497,1598.955
1,501.008,104.854,2.0,9.452,1599.483
1,501.208,104.854,2.0,9.407,1600.008
1,501.408,104.854,2.0,9.362,1600.531
1,501.608,104.854,2.0,9.319,1601.051
1,501.808,104.854,2.0,9.277,1601.569
1,502.008,104.854,2.0,9.236,1602.084
1,502.208,104.854,2.0,9.196,1602.597
1,502.408,104.854,2.0,9.157,1603.108
1,502.608,104.854,2.0,9.119,1603.617
1,502.808,104.854,2.0,9.082,1604.123
1,503.008,104.854,2.0,9.046,1604.628
1,503.208,104.854,2.0,9.01,1605.13
1,503.408,104.853,2.0,8.976,1605.631
1,503.608,104.853,2.0,8.943,1606.13
1,503.808,104.853,2.0,8.91,1606.626
1,504.008,104.853,2.0,8.879,1607.121
1,504.208,104.853,2.0,8.848,1607.615
1,504.408,104.853,2.0,8.818,1608.106
1,504.608,104.853,2.0,8.788,1608.596
1,504.808,104.853,2.0,8.76,1609.084
1,505.008,104.853,2.0,8.732,1609.571
1,505.208,104.853,2.0,8.705,1610.056
1,505.408,104.853,2.0,8.679,1610.54
1,505.608,104.853,2.0,8.655,1611.022
1,505.808,104.853,2.0,8.631,1611.503
1,506.008,104.853,2.0,8.61,1611.982
1,506.208,104.853,2.0,8.59,1612.461
1,506.408,104.853,2.0,8.571,1612.938
1,506.608,104.853,2.0,8.553,1613.414
1,506.808,104.853,2.0,8.537,1613.889
1,507.008,104.853,2.0,8.522,1614.363
1,507.208,104.853,2.0,8.508,1614.837
1,507.408,104.853,2.0,8.495,1615.309
1,507.608,104.853,2.0,8.483,1615.781
1,507.808,104.852,2.0,8.473,1616.253
1,508.008,104.852,2.0,8.463,1616.723
1,508.208,104.852,2.0,8.454,1617.194
1,508.408,104.852,2.0,8.446,1617.663
1,508.608,104.852,2.0,8.439,1618.132
1,508.808,104.852,2.0,8.433,1618.601
1,509.008,104.852,2.0,8.427,1619.07
1,509.208,104.852,2.0,8.422,1619.538
1,509.408,104.852,2.0,8.419,1620.006
1,509.608,104.852,2.0,8.415,1620.474
1,509.808,104.852,2.0,8.413,1620.941
1,510.008,104.852,2.0,8.411,1621.408
1,510.208,104.852,2.0,8.41,1621.876
1,510.408,104.852,2.0,8.41,1622.343
1,510.608,104.852,2.0,8.41,1622.81
1,510.808,104.852,2.0,8.412,1623.277
1,511.008,104.852,2.0,8.413,1623.745
1,511.208,104.852,2.0,8.416,1624.212
1,511.408,104.852,2.0,8.419,1624.68
1,511.608,104.852,2.0,8.422,1625.147
1,511.808,104.852,2.0,8.426,1625.615
1,512.008,104.852,2.0,8.43,1626.083
1,512.208,104.851,2.0,8.435,1626.552
1,512.408,104.851,2.0,8.44,1627.02
1,512.608,104.851,2.0,8.445,1627.489
1,512.808,104.851,2.0,8.45,1627.958
1,513.008,104.851,2.0,8.455,1628.428
1,513.208,104.851,2.0,8.461,1628.898
1,513.408,104.851,2.0,8.467,1629.368
1,513.608,104.851,2.0,8.473,1629.838
1,513.808,104.851,2.0,8.479,1630.309
1,514.008,104.851,2.0,8.486,1630.78
1,514.208,104.851,2.0,8.492,1631.251
1,514.408,104.851,2.0,8.498,1631.723
1,514.608,104.851,2.0,8.504,1632.195
1,514.808,104.851,2.0,8.51,1632.668
1,515.008,104.851,2.0,8.515,1633.14
1,515.208,104.851,2.0,8.521,1633.613
1,515.408,104.851,2.0,8.526,1634.087
1,515.608,104.851,2.0,8.532,1634.56
1,515.808,104.851,2.0,8.537,1635.034
1,516.008,104.851,2.0,8.542,1635.509
1,516.208,104.851,2.0,8.547,1635.983
1,516.408,104.851,2.0,8.552,1636.458
1,516.608,104.85,2.0,8.556,1636.933
1,516.808,104.85,2.0,8.56,1637.409
1,517.008,104.85,2.0,8.564,1637.884
1,517.208,104.85,2.0,8.567,1638.36
1,517.408,104.85,2.0,8.57,1638.836
1,517.608,104.85,2.0,8.573,1639.312
1,517.808,104.85,2.0,8.575,1639.788
1,518.008,104.85,2.0,8.578,1640.265
1,518.208,104.85,2.0,8.58,1640.741
1,518.408,104.85,2.0,8.582,1641.218
1,518.608,104.85,2.0,8.583,1641.695
1,518.808,104.85,2.0,8.585,1642.171
1,519.008,104.85,2.0,8.586,1642.648
1,519.208,104.85,2.0,8.586,1643.125
1,519.408,104.85,2.0,8.587,1643.602
1,519.608,104.85,2.0,8.587,1644.079
1,519.808,104.85,2.0,8.588,1644.556
1,520.008,104.85,2.0,8.588,1645.034
1,520.208,104.85,2.0,8.587,1645.511
1,520.408,104.85,2.0,8.587,1645.988
1,520.608,104.85,2.0,8.586,1646.465
1,520.808,104.85,2.0,8.585,1646.942
1,521.008,104.849,2.0,8.584,1647.419
1,521.208,104.849,2.0,8.582,1647.896
1,521.408,104.849,2.0,8.581,1648.372
1,521.608,104.849,2.0,8.579,1648.849
1,521.808,104.849,2.0,8.577,1649.326
1,522.008,104.849,2.0,8.574,1649.802
1,522.208,104.849,2.0,8.572,1650.279
1,522.408,104.849,2.0,8.569,1650.755
1,522.608,104.849,2.0,8.567,1651.231
1,522.808,104.849,2.0,8.564,1651.707
1,523.008,104.849,2.0,8.561,1652.183
1,523.208,104.849,2.0,8.558,1652.658
1,523.408,104.849,2.0,8.555,1653.134
1,523.608,104.849,2.0,8.552,1653.609
1,523.808,104.849,2.0,8.549,1654.084
1,524.008,104.849,2.0,8.546,1654.559
1,524.208,104.849,2.0,8.542,1655.034
1,524.408,104.849,2.0,8.539,1655.508
1,524.608,104.849,2.0,8.536,1655.983
1,524.808,104.849,2.0,8.533,1656.457
1,525.008,104.849,2.0,8.53,1656.931
1,525.208,104.849,2.0,8.527,1657.405
1,525.408,104.848,2.0,8.524,1657.878
1,525.608,104.848,2.0,8.521,1658.352
1,525.808,104.848,2.0,8.519,1658.825
1,526.008,104.848,2.0,8.516,1659.299
1,526.208,104.848,2.0,8.514,1659.772
1,526.408,104.848,2.0,8.511,1660.245
1,526.608,104.848,2.0,8.509,1660.718
1,526.808,104.848,2.0,8.508,1661.19
1,527.008,104.848,2.0,8.507,1661.663
1,527.208,104.848,2.0,8.506,1662.136
1,527.408,104.848,2.0,8.506,1662.608
1,527.608,104.848,2.0,8.506,1663.081
1,527.808,104.848,2.0,8.507,1663.553
1,528.008,104.848,2.0,8.509,1664.026
1,528.208,104.848,2.0,8.51,1664.499
1,528.408,104.848,2.0,8.513,1664.971
1,528.608,104.848,2.0,8.515,1665.444
1,528.808,104.848,2.0,8.518,1665.917
1,529.008,104.848,2.0,8.522,1666.391
1,529.208,104.848,2.0,8.527,1666.864
1,529.408,104.848,2.0,8.532,1667.338
1,529.608,104.848,2.0,8.538,1667.812
1,529.808,104.847,2.0,8.544,1668.286
1,530.008,104.847,2.0,8.551,1668.761
1,530.208,104.847,2.0,8.558,1669.236
1,530.408,104.847,2.0,8.566,1669.711
1,530.608,104.847,2.0,8.575,1670.187
1,530.808,104.847,2.0,8.584,1670.664
1,531.008,104.847,2.0,8.593,1671.14
1,531.208,104.847,2.0,8.604,1671.618
1,531.408,104.847,2.0,8.614,1672.096
1,531.608,104.847,2.0,8.625,1672.574
1,531.808,104.847,2.0,8.637,1673.054
1,532.008,104.847,2.0,8.648,1673.533
1,532.208,104.847,2.0,8.661,1674.014
1,532.408,104.847,2.0,8.673,1674.495
1,532.608,104.847,2.0,8.687,1674.977
1,532.808,104.847,2.0,8.7,1675.459
1,533.008,104.847,2.0,8.714,1675.943
1,533.208,104.847,2.0,8.728,1676.427
1,533.408,104.847,2.0,8.743,1676.912
1,533.608,104.847,2.0,8.758,1677.398
1,533.808,104.847,2.0,8.773,1677.884
1,534.008,104.847,2.0,8.789,1678.371
1,534.208,104.846,2.0,8.805,1678.86
1,534.408,104.846,2.0,8.822,1679.349
1,534.608,104.846,2.0,8.838,1679.839
1,534.808,104.846,2.0,8.855,1680.33
1,535.008,104.846,2.0,8.873,1680.822
1,535.208,104.846,2.0,8.89,1681.315
1,535.408,104.846,2.0,8.908,1681.809
1,535.608,104.846,2.0,8.927,1682.304
1,535.808,104.846,2.0,8.946,1682.8
1,536.008,104.846,2.0,8.965,1683.297
1,536.208,104.846,2.0,8.984,1683.795
1,536.408,104.846,2.0,9.004,1684.294
1,536.608,104.846,2.0,9.024,1684.794
1,536.808,104.846,2.0,9.044,1685.295
1,537.008,104.846,2.0,9.065,1685.798
1,537.208,104.846,2.0,9.086,1686.301
1,537.408,104.846,2.0,9.107,1686.806
1,537.608,104.846,2.0,9.128,1687.312
1,537.808,104.846,2.0,9.149,1687.819
1,538.008,104.846,2.0,9.171,1688.327
1,538.208,104.846,2.0,9.193,1688.837
1,538.408,104.846,2.0,9.215,1689.348
1,538.608,104.845,2.0,9.237,1689.86
1,538.808,104.845,2.0,9.26,1690.373
1,539.008,104.845,2.0,9.283,1690.887
1,539.208,104.845,2.0,9.307,1691.403
1,539.408,104.845,2.0,9.331,1691.92
1,539.608,104.845,2.0,9.356,1692.438
1,539.808,104.845,2.0,9.381,1692.958
1,540.008,104.845,2.0,9.407,1693.479
1,540.208,104.845,2.0,9.433,1694.002
1,540.408,104.845,2.0,9.46,1694.526
1,540.608,104.845,2.0,9.487,1695.052
1,540.808,104.845,2.0,9.515,1695.579
1,541.008,104.845,2.0,9.544,1696.107
1,541.208,104.845,2.0,9.574,1696.637
1,541.408,104.845,2.0,9.605,1697.169
1,541.608,104.845,2.0,9.636,1697.703
1,541.808,104.845,2.0,9.669,1698.238
1,542.008,104.845,2.0,9.702,1698.775
1,542.208,104.845,2.0,9.737,1699.314
1,542.408,104.845,2.0,9.772,1699.855
1,542.608,104.845,2.0,9.808,1700.398
1,542.808,104.845,2.0,9.845,1700.943
1,543.008,104.844,2.0,9.883,1701.49
1,543.208,104.844,2.0,9.922,1702.039
1,543.408,104.844,2.0,9.962,1702.59
1,543.608,104.844,2.0,10.003,1703.144
1,543.808,104.844,2.0,10.045,1703.7
1,544.008,104.844,2.0,10.088,1704.258
1,544.208,104.844,2.0,10.132,1704.818
1,544.408,104.844,2.0,10.177,1705.381
1,544.608,104.844,2.0,10.223,1705.946
1,544.808,104.844,2.0,10.27,1706.514
1,545.008,104.844,2.0,10.318,1707.085
1,545.208,104.844,2.0,10.368,1707.658
1,545.408,104.844,2.0,10.418,1708.234
1,545.608,104.844,2.0,10.47,1708.813
1,545.808,104.844,2.0,10.523,1709.395
1,546.008,104.844,2.0,10.577,1709.979
1,546.208,104.844,2.0,10.632,1710.567
1,546.408,104.844,2.0,10.688,1711.157
1,546.608,104.844,2.0,10.745,1711.751
1,546.808,104.844,2.0,10.804,1712.348
1,547.008,104.844,2.0,10.864,1712.948
1,547.208,104.844,2.0,10.925,1713.552
1,547.408,104.843,2.0,10.987,1714.159
1,547.608,104.843,2.0,11.051,1714.769
1,547.808,104.843,2.0,11.115,1715.383
1,548.008,104.843,2.0,11.181,1716.001
1,548.208,104.843,2.0,11.248,1716.622
1,548.408,104.843,2.0,11.315,1717.247
1,548.608,104.843,2.0,11.384,1717.875
1,548.808,104.843,2.0,11.454,1718.508
1,549.008,104.843,2.0,11.524,1719.144
1,549.208,104.843,2.0,11.596,1719.784
1,549.408,104.843,2.0,11.669,1720.429
1,549.608,104.843,2.0,11.742,1721.077
1,549.808,104.843,2.0,11.817,1721.729
1,550.008,104.843,2.0,11.893,1722.386
1,550.208,104.843,2.0,11.97,1723.046
1,550.408,104.843,2.0,12.048,1723.711
1,550.608,104.843,2.0,12.127,1724.381
1,550.808,104.843,2.0,12.207,1725.054
1,551.008,104.843,2.0,12.289,1725.733
1,551.208,104.843,2.0,12.371,1726.415
1,551.408,104.843,2.0,12.454,1727.103
1,551.608,104.843,2.0,12.539,1727.795
1,551.808,104.842,2.0,12.624,1728.491
1,552.008,104.842,2.0,12.711,1729.192
1,552.208,104.842,2.0,12.798,1729.899
1,552.408,104.842,2.0,12.887,1730.61
1,552.608,104.842,2.0,12.976,1731.326
1,552.808,104.842,2.0,13.067,1732.046
1,553.008,104.842,2.0,13.159,1732.772
1,553.208,104.842,2.0,13.252,1733.503
1,553.408,104.842,2.0,13.345,1734.24
1,553.608,104.842,2.0,13.44,1734.981
1,553.808,104.842,2.0,13.536,1735.728
1,554.008,104.842,2.0,13.634,1736.48
1,554.208,104.842,2.0,13.732,1737.237
1,554.408,104.842,2.0,13.831,1738.0
1,554.608,104.842,2.0,13.932,1738.769
1,554.808,104.842,2.0,14.034,1739.543
1,555.008,104.842,2.0,14.137,1740.322
1,555.208,104.842,2.0,14.241,1741.108
1,555.408,104.842,2.0,14.346,1741.899
1,555.608,104.842,2.0,14.451,1742.696
1,555.808,104.842,2.0,14.557,1743.499
1,556.008,104.842,2.0,14.664,1744.307
1,556.208,104.841,2.0,14.771,1745.122
1,556.408,104.841,2.0,14.879,1745.943
1,556.608,104.841,2.0,14.987,1746.769
1,556.808,104.841,2.0,15.097,1747.602
1,557.008,104.841,2.0,15.208,1748.441
1,557.208,104.841,2.0,15.319,1749.285
1,557.408,104.841,2.0,15.432,1750.137
1,557.608,104.841,2.0,15.545,1750.994
1,557.808,104.841,2.0,15.66,1751.857
1,558.008,104.841,2.0,15.777,1752.727
1,558.208,104.841,2.0,15.895,1753.604
1,558.408,104.841,2.0,16.015,1754.487
1,558.608,104.841,2.0,16.137,1755.377
1,558.808,104.841,2.0,16.261,1756.273
1,559.008,104.841,2.0,16.391,1757.177
1,559.208,104.841,2.0,16.526,1758.087
1,559.408,104.841,2.0,16.666,1759.005
1,559.608,104.841,2.0,16.811,1759.931
1,559.808,104.841,2.0,16.961,1760.865
1,560.008,104.841,2.0,17.112,1761.807
1,560.208,104.841,2.0,17.264,1762.758
1,560.408,104.841,1.9912,17.418,1763.717
1,560.608,104.845,1.7437,17.572,1764.685
1,560.808,104.848,1.5439,17.711,1765.661
1,561.008,104.851,1.3754,17.837,1766.645
1,561.208,104.854,1.2221,17.95,1767.636
1,561.408,104.856,1.083,18.052,1768.633
1,561.608,104.858,0.9569,18.143,1769.636
1,561.808,104.86,0.8641,18.226,1770.644
1,562.008,104.861,0.7949,18.3,1771.657
1,562.208,104.862,0.7362,18.367,1772.673
1,562.408,104.863,0.6872,18.427,1773.694
1,562.608,104.864,0.647,18.482,1774.717
1,562.808,104.864,0.6332,18.531,1775.744
1,563.008,104.864,0.6338,18.575,1776.774
1,563.208,104.864,0.6413,18.614,1777.806
1,563.408,104.864,0.6549,18.65,1778.84
1,563.608,104.863,0.6741,18.682,1779.876
1,563.808,104.862,0.7212,18.711,1780.914
1,564.008,104.861,0.776,18.737,1781.953
1,564.208,104.86,0.8352,18.76,1782.994
1,564.408,104.859,0.8981,18.781,1784.036
1,564.608,104.858,0.9683,18.8,1785.08
1,564.808,104.856,1.0875,18.817,1786.124
1,565.008,104.854,1.2097,18.832,1787.169
1,565.208,104.852,1.3346,18.845,1788.216
1,565.408,104.849,1.462,18.858,1789.263
1,565.608,104.847,1.5771,18.868,1790.31
1,565.808,104.846,1.6602,18.878,1791.359
1,566.008,104.844,1.7449,18.887,1792.407
1,566.208,104.843,1.8311,18.894,1793.457
1,566.408,104.841,1.9186,18.901,1794.506
1,566.608,104.84,1.9932,18.907,1795.556
1,566.808,104.84,2.0,18.913,1796.607
1,567.008,104.84,2.0,18.914,1797.658
1,567.208,104.84,2.0,18.911,1798.708
1,567.408,104.84,2.0,18.904,1799.759
1,567.608,104.839,2.0,18.892,1800.809
1,567.808,104.839,2.0,18.876,1801.859
1,568.008,104.839,2.0,18.855,1802.907
1,568.208,104.839,2.0,18.831,1803.955
1,568.408,104.839,2.0,18.802,1805.001
1,568.608,104.839,2.0,18.769,1806.046
1,568.808,104.839,2.0,18.733,1807.088
1,569.008,104.839,2.0,18.692,1808.129
1,569.208,104.839,2.0,18.647,1809.167
1,569.408,104.839,2.0,18.599,1810.203
1,569.608,104.839,2.0,18.547,1811.237
1,569.808,104.839,2.0,18.491,1812.267
1,570.008,104.839,2.0,18.432,1813.294
1,570.208,104.839,2.0,18.369,1814.318
1,570.408,104.839,2.0,18.303,1815.339
1,570.608,104.839,2.0,18.234,1816.356
1,570.808,104.839,2.0,18.162,1817.369
1,571.008,104.839,2.0,18.087,1818.378
1,571.208,104.839,2.0,18.01,1819.382
1,571.408,104.839,2.0,17.93,1820.383
1,571.608,104.839,2.0,17.847,1821.379
1,571.808,104.839,2.0,17.762,1822.371
1,572.008,104.838,2.0,17.674,1823.357
1,572.208,104.838,2.0,17.584,1824.339
1,572.408,104.838,2.0,17.491,1825.316
1,572.608,104.838,2.0,17.397,1826.288
1,572.808,104.838,2.0,17.3,1827.254
1,573.008,104.838,2.0,17.202,1828.216
1,573.208,104.838,2.0,17.102,1829.171
1,573.408,104.838,2.0,17.0,1830.121
1,573.608,104.838,2.0,16.897,1831.066
1,573.808,104.838,2.0,16.792,1832.004
1,574.008,104.838,2.0,16.686,1832.937
1,574.208,104.838,2.0,16.579,1833.864
1,574.408,104.838,2.0,16.472,1834.785
1,574.608,104.838,2.0,16.363,1835.701
1,574.808,104.838,2.0,16.253,1836.61
1,575.008,104.838,2.0,16.144,1837.513
1,575.208,104.838,2.0,16.034,1838.409
1,575.408,104.838,2.0,15.923,1839.3
1,575.608,104.838,2.0,15.813,1840.185
1,575.808,104.838,2.0,15.702,1841.063
1,576.008,104.838,2.0,15.592,1841.936
1,576.208,104.838,2.0,15.482,1842.802
1,576.408,104.837,2.0,15.372,1843.662
1,576.608,104.837,2.0,15.262,1844.516
1,576.808,104.837,2.0,15.153,1845.364
1,577.008,104.837,2.0,15.044,1846.206
1,577.208,104.837,2.0,14.936,1847.041
1,577.408,104.837,2.0,14.828,1847.871
1,577.608,104.837,2.0,14.721,1848.695
1,577.808,104.837,2.0,14.614,1849.513
1,578.008,104.837,2.0,14.508,1850.325
1,578.208,104.837,2.0,14.403,1851.131
1,578.408,104.837,2.0,14.299,1851.931
1,578.608,104.837,2.0,14.195,1852.725
1,578.808,104.837,2.0,14.093,1853.514
1,579.008,104.837,2.0,13.991,1854.297
1,579.208,104.837,2.0,13.89,1855.074
1,579.408,104.837,2.0,13.791,1855.846
1,579.608,104.837,2.0,13.693,1856.612
1,579.808,104.837,2.0,13.595,1857.373
1,580.008,104.837,2.0,13.5,1858.128
1,580.208,104.837,2.0,13.405,1858.878
1,580.408,104.837,2.0,13.312,1859.623
1,580.608,104.837,2.0,13.219,1860.362
1,580.808,104.836,2.0,13.128,1861.097
1,581.008,104.836,2.0,13.039,1861.826
1,581.208,104.836,2.0,12.95,1862.55
1,581.408,104.836,2.0,12.862,1863.27
1,581.608,104.836,2.0,12.776,1863.984
1,581.808,104.836,2.0,12.691,1864.694
1,582.008,104.836,2.0,12.607,1865.399
1,582.208,104.836,2.0,12.524,1866.099
1,582.408,104.836,2.0,12.442,1866.795
1,582.608,104.836,2.0,12.361,1867.486
1,582.808,104.836,2.0,12.282,1868.173
1,583.008,104.836,2.0,12.204,1868.856
1,583.208,104.836,2.0,12.127,1869.534
1,583.408,104.836,2.0,12.051,1870.207
1,583.608,104.836,2.0,11.976,1870.877
1,583.808,104.836,2.0,11.902,1871.542
1,584.008,104.836,2.0,11.83,1872.203
1,584.208,104.836,2.0,11.758,1872.86
1,584.408,104.836,2.0,11.688,1873.514
1,584.608,104.836,2.0,11.619,1874.163
1,584.808,104.836,2.0,11.552,1874.809
1,585.008,104.836,2.0,11.485,1875.45
1,585.208,104.835,2.0,11.42,1876.088
1,585.408,104.835,2.0,11.355,1876.723
1,585.608,104.835,2.0,11.291,1877.354
1,585.808,104.835,2.0,11.228,1877.981
1,586.008,104.835,2.0,11.165,1878.605
1,586.208,104.835,2.0,11.104,1879.225
1,586.408,104.835,2.0,11.043,1879.842
1,586.608,104.835,2.0,10.983,1880.455
1,586.808,104.835,2.0,10.924,1881.066
1,587.008,104.835,2.0,10.866,1881.672
1,587.208,104.835,2.0,10.81,1882.276
1,587.408,104.835,2.0,10.754,1882.877
1,587.608,104.835,2.0,10.699,1883.474
1,587.808,104.835,2.0,10.646,1884.068
1,588.008,104.835,2.0,10.593,1884.66
1,588.208,104.835,2.0,10.541,1885.248
1,588.408,104.835,2.0,10.491,1885.834
1,588.608,104.835,2.0,10.441,1886.417
1,588.808,104.835,2.0,10.393,1886.997
1,589.008,104.835,2.0,10.345,1887.574
1,589.208,104.835,2.0,10.298,1888.149
1,589.408,104.835,2.0,10.252,1888.721
1,589.608,104.834,2.0,10.207,1889.291
1,589.808,104.834,2.0,10.163,1889.858
1,590.008,104.834,2.0,10.12,1890.422
1,590.208,104.834,2.0,10.078,1890.985
1,590.408,104.834,2.0,10.037,1891.545
1,590.608,104.834,2.0,9.996,1892.102
1,590.808,104.834,2.0,9.956,1892.657
1,591.008,104.834,2.0,9.918,1893.211
1,591.208,104.834,2.0,9.88,1893.762
1,591.408,104.834,2.0,9.843,1894.31
1,591.608,104.834,2.0,9.806,1894.857
1,591.808,104.834,2.0,9.771,1895.402
1,592.008,104.834,2.0,9.736,1895.945
1,592.208,104.834,2.0,9.703,1896.486
1,592.408,104.834,2.0,9.671,1897.025
1,592.608,104.834,2.0,9.639,1897.562
1,592.808,104.834,2.0,9.609,1898.098
1,593.008,104.834,2.0,9.58,1898.631
1,593.208,104.834,2.0,9.551,1899.164
1,593.408,104.834,2.0,9.524,1899.694
1,593.608,104.834,2.0,9.498,1900.223
1,593.808,104.834,2.0,9.472,1900.751
1,594.008,104.833,2.0,9.447,1901.277
1,594.208,104.833,2.0,9.423,1901.802
1,594.408,104.833,2.0,9.4,1902.326
1,594.608,104.833,2.0,9.378,1902.848
1,594.808,104.833,2.0,9.356,1903.369
1,595.008,104.833,2.0,9.335,1903.889
1,595.208,104.833,2.0,9.315,1904.407
1,595.408,104.833,2.0,9.295,1904.925
1,595.608,104.833,2.0,9.276,1905.441
1,595.808,104.833,2.0,9.258,1905.957
1,596.008,104.833,2.0,9.24,1906.471
1,596.208,104.833,2.0,9.223,1906.984
1,596.408,104.833,2.0,9.207,1907.497
1,596.608,104.833,2.0,9.191,1908.008
1,596.808,104.833,2.0,9.175,1908.519
1,597.008,104.833,2.0,9.161,1909.028
1,597.208,104.833,2.0,9.146,1909.537
1,597.408,104.833,2.0,9.132,1910.046
1,597.608,104.833,2.0,9.119,1910.553
1,597.808,104.833,2.0,9.106,1911.059
1,598.008,104.833,2.0,9.093,1911.565
1,598.208,104.833,2.0,9.08,1912.07
1,598.408,104.832,2.0,9.067,1912.575
1,598.608,104.832,2.0,9.054,1913.079
1,598.808,104.832,2.0,9.042,1913.582
1,599.008,104.832,2.0,9.029,1914.084
1,599.208,104.832,2.0,9.017,1914.586
1,599.408,104.832,2.0,9.005,1915.087
1,599.608,104.832,2.0,8.993,1915.587
1,599.808,104.832,2.0,8.98,1916.086
1,600.008,104.832,2.0,8.968,1916.585
1,600.208,104.832,2.0,8.956,1917.084
1,600.408,104.832,2.0,8.944,1917.581
1,600.608,104.832,2.0,8.932,1918.078
1,600.808,104.832,2.0,8.919,1918.574
1,601.008,104.832,2.0,8.907,1919.07
1,601.208,104.832,2.0,8.895,1919.565
1,601.408,104.832,2.0,8.882,1920.059
1,601.608,104.832,2.0,8.87,1920.552
1,601.808,104.832,2.0,8.858,1921.045
1,602.008,104.832,2.0,8.846,1921.537
1,602.208,104.832,2.0,8.834,1922.028
1,602.408,104.832,2.0,8.822,1922.519
1,602.608,104.831,2.0,8.811,1923.009
1,602.808,104.831,2.0,8.799,1923.499
1,603.008,104.831,2.0,8.788,1923.988
1,603.208,104.831,2.0,8.777,1924.476
1,603.408,104.831,2.0,8.766,1924.963
1,603.608,104.831,2.0,8.756,1925.451
1,603.808,104.831,2.0,8.745,1925.937
1,604.008,104.831,2.0,8.735,1926.423
1,604.208,104.831,2.0,8.725,1926.908
1,604.408,104.831,2.0,8.715,1927.393
1,604.608,104.831,2.0,8.705,1927.877
1,604.808,104.831,2.0,8.695,1928.361
1,605.008,104.831,2.0,8.686,1928.844
1,605.208,104.831,2.0,8.677,1929.326
1,605.408,104.831,2.0,8.667,1929.808
1,605.608,104.831,2.0,8.658,1930.29
1,605.808,104.831,2.0,8.65,1930.771
1,606.008,104.831,2.0,8.641,1931.251
1,606.208,104.831,2.0,8.633,1931.731
1,606.408,104.831,2.0,8.625,1932.211
1,606.608,104.831,2.0,8.617,1932.69
1,606.808,104.831,2.0,8.61,1933.169
1,607.008,104.83,2.0,8.603,1933.647
1,607.208,104.83,2.0,8.596,1934.125
1,607.408,104.83,2.0,8.59,1934.603
1,607.608,104.83,2.0,8.584,1935.08
1,607.808,104.83,2.0,8.578,1935.557
1,608.008,104.83,2.0,8.572,1936.033
1,608.208,104.83,2.0,8.568,1936.51
1,608.408,104.83,2.0,8.564,1936.986
1,608.608,104.83,2.0,8.56,1937.461
1,608.808,104.83,2.0,8.557,1937.937
1,609.008,104.83,2.0,8.555,1938.412
1,609.208,104.83,2.0,8.553,1938.888
1,609.408,104.83,2.0,8.552,1939.363
1,609.608,104.83,2.0,8.551,1939.838
1,609.808,104.83,2.0,8.551,1940.313
1,610.008,104.83,2.0,8.551,1940.788
1,610.208,104.83,2.0,8.552,1941.263
1,610.408,104.83,2.0,8.554,1941.738
1,610.608,104.83,2.0,8.556,1942.213
1,610.808,104.83,2.0,8.559,1942.689
1,611.008,104.83,2.0,8.563,1943.164
1,611.208,104.83,2.0,8.567,1943.64
1,611.408,104.829,2.0,8.572,1944.116
1,611.608,104.829,2.0,8.578,1944.592
1,611.808,104.829,2.0,8.584,1945.069
1,612.008,104.829,2.0,8.59,1945.546
1,612.208,104.829,2.0,8.598,1946.023
1,612.408,104.829,2.0,8.605,1946.5
1,612.608,104.829,2.0,8.614,1946.978
1,612.808,104.829,2.0,8.623,1947.457
1,613.008,104.829,2.0,8.632,1947.936
1,613.208,104.829,2.0,8.642,1948.416
1,613.408,104.829,2.0,8.653,1948.896
1,613.608,104.829,2.0,8.664,1949.377
1,613.808,104.829,2.0,8.676,1949.858
1,614.008,104.829,2.0,8.688,1950.34
1,614.208,104.829,2.0,8.701,1950.822
1,614.408,104.829,2.0,8.714,1951.306
1,614.608,104.829,2.0,8.729,1951.79
1,614.808,104.829,2.0,8.744,1952.275
1,615.008,104.829,2.0,8.761,1952.761
1,615.208,104.829,2.0,8.778,1953.247
1,615.408,104.829,2.0,8.795,1953.735
1,615.608,104.829,2.0,8.814,1954.224
1,615.808,104.828,2.0,8.833,1954.713
1,616.008,104.828,2.0,8.853,1955.204
1,616.208,104.828,2.0,8.873,1955.696
1,616.408,104.828,2.0,8.895,1956.189
1,616.608,104.828,2.0,8.917,1956.683
1,616.808,104.828,2.0,8.939,1957.178
1,617.008,104.828,2.0,8.962,1957.675
1,617.208,104.828,2.0,8.986,1958.173
1,617.408,104.828,2.0,9.011,1958.672
1,617.608,104.828,2.0,9.036,1959.173
1,617.808,104.828,2.0,9.062,1959.675
1,618.008,104.828,2.0,9.088,1960.178
1,618.208,104.828,2.0,9.115,1960.683
1,618.408,104.828,2.0,9.143,1961.189
1,618.608,104.828,2.0,9.172,1961.697
1,618.808,104.828,2.0,9.201,1962.207
1,619.008,104.828,2.0,9.231,1962.718
1,619.208,104.828,2.0,9.262,1963.231
1,619.408,104.828,2.0,9.294,1963.745
1,619.608,104.828,2.0,9.326,1964.262
1,619.808,104.828,2.0,9.359,1964.78
1,620.008,104.828,2.0,9.393,1965.3
1,620.208,104.827,2.0,9.428,1965.822
1,620.408,104.827,2.0,9.463,1966.345
1,620.608,104.827,2.0,9.499,1966.871
1,620.808,104.827,2.0,9.536,1967.399
1,621.008,104.827,2.0,9.574,1967.929
1,621.208,104.827,2.0,9.612,1968.461
1,621.408,104.827,2.0,9.651,1968.995
1,621.608,104.827,2.0,9.691,1969.531
1,621.808,104.827,2.0,9.732,1970.069
1,622.008,104.827,2.0,9.773,1970.61
1,622.208,104.827,2.0,9.815,1971.153
1,622.408,104.827,2.0,9.858,1971.698
1,622.608,104.827,2.0,9.902,1972.246
1,622.808,104.827,2.0,9.946,1972.796
1,623.008,104.827,2.0,9.992,1973.348
1,623.208,104.827,2.0,10.037,1973.903
1,623.408,104.827,2.0,10.084,1974.461
1,623.608,104.827,2.0,10.132,1975.021
1,623.808,104.827,2.0,10.18,1975.584
1,624.008,104.827,2.0,10.228,1976.15
1,624.208,104.827,2.0,10.278,1976.718
1,624.408,104.827,2.0,10.327,1977.289
1,624.608,104.826,2.0,10.377,1977.863
1,624.808,104.826,2.0,10.428,1978.439
1,625.008,104.826,2.0,10.479,1979.019
1,625.208,104.826,2.0,10.531,1979.601
1,625.408,104.826,2.0,10.583,1980.186
1,625.608,104.826,2.0,10.636,1980.774
1,625.808,104.826,2.0,10.689,1981.365
1,626.008,104.826,2.0,10.743,1981.958
1,626.208,104.826,2.0,10.797,1982.555
1,626.408,104.826,2.0,10.852,1983.155
1,626.608,104.826,2.0,10.907,1983.758
1,626.808,104.826,2.0,10.963,1984.364
1,627.008,104.826,2.0,11.019,1984.973
1,627.208,104.826,2.0,11.076,1985.585
1,627.408,104.826,2.0,11.133,1986.2
1,627.608,104.826,2.0,11.191,1986.819
1,627.808,104.826,2.0,11.249,1987.441
1,628.008,104.826,2.0,11.307,1988.066
1,628.208,104.826,2.0,11.365,1988.694
1,628.408,104.826,2.0,11.424,1989.325
1,628.608,104.826,2.0,11.483,1989.96
1,628.808,104.826,2.0,11.543,1990.598
1,629.008,104.825,2.0,11.603,1991.239
1,629.208,104.825,2.0,11.663,1991.884
1,629.408,104.825,2.0,11.724,1992.532
1,629.608,104.825,2.0,11.786,1993.183
1,629.808,104.825,2.0,11.848,1993.838
1,630.008,104.825,2.0,11.911,1994.496
1,630.208,104.825,2.0,11.974,1995.158
1,630.408,104.825,2.0,12.038,1995.823
1,630.608,104.825,2.0,12.102,1996.492
1,630.808,104.825,2.0,12.167,1997.164
1,631.008,104.825,2.0,12.232,1997.84
1,631.208,104.825,2.0,12.297,1998.519
1,631.408,104.825,2.0,12.363,1999.203
1,631.608,104.825,2.0,12.43,1999.889
1,631.808,104.825,2.0,12.496,2000.58
1,632.008,104.825,2.0,12.564,2001.274
1,632.208,104.825,2.0,12.632,2001.972
1,632.408,104.825,2.0,12.702,2002.674
1,632.608,104.825,2.0,12.772,2003.38
1,632.808,104.825,2.0,12.843,2004.089
1,633.008,104.825,2.0,12.915,2004.803
1,633.208,104.825,2.0,12.988,2005.52
1,633.408,104.824,2.0,13.062,2006.242
1,633.608,104.824,2.0,13.137,2006.968
1,633.808,104.824,2.0,13.212,2007.697
1,634.008,104.824,2.0,13.288,2008.431
1,634.208,104.824,2.0,13.365,2009.17
1,634.408,104.824,2.0,13.443,2009.912
1,634.608,104.824,2.0,13.522,2010.659
1,634.808,104.824,2.0,13.601,2011.41
1,635.008,104.824,2.0,13.68,2012.166
1,635.208,104.824,2.0,13.761,2012.926
1,635.408,104.824,2.0,13.842,2013.69
1,635.608,104.824,2.0,13.924,2014.459
1,635.808,104.824,2.0,14.006,2015.233
1,636.008,104.824,2.0,14.089,2016.011
1,636.208,104.824,2.0,14.173,2016.794
1,636.408,104.824,2.0,14.258,2017.581
1,636.608,104.824,2.0,14.343,2018.373
1,636.808,104.824,2.0,14.429,2019.17
1,637.008,104.824,2.0,14.516,2019.972
1,637.208,104.824,2.0,14.603,2020.778
1,637.408,104.824,2.0,14.691,2021.589
1,637.608,104.824,2.0,14.779,2022.405
1,637.808,104.823,2.0,14.867,2023.227
1,638.008,104.823,2.0,14.956,2024.053
1,638.208,104.823,2.0,15.046,2024.883
1,638.408,104.823,2.0,15.136,2025.719
1,638.608,104.823,2.0,15.226,2026.56
1,638.808,104.823,2.0,15.318,2027.406
1,639.008,104.823,2.0,15.411,2028.257
1,639.208,104.823,2.0,15.504,2029.113
1,639.408,104.823,2.0,15.598,2029.975
1,639.608,104.823,2.0,15.694,2030.841
1,639.808,104.823,2.0,15.789,2031.713
1,640.008,104.823,2.0,15.886,2032.59
1,640.208,104.823,2.0,15.982,2033.473
1,640.408,104.823,2.0,16.08,2034.361
1,640.608,104.823,2.0,16.177,2035.254
1,640.808,104.823,2.0,16.276,2036.153
1,641.008,104.823,2.0,16.374,2037.057
1,641.208,104.823,2.0,16.473,2037.967
1,641.408,104.823,2.0,16.573,2038.882
1,641.608,104.823,2.0,16.673,2039.802
1,641.808,104.823,2.0,16.773,2040.729
1,642.008,104.823,2.0,16.874,2041.661
1,642.208,104.822,2.0,16.975,2042.598
1,642.408,104.822,2.0,17.077,2043.541
1,642.608,104.822,2.0,17.179,2044.49
1,642.808,104.822,2.0,17.282,2045.444
1,643.008,104.822,2.0,17.386,2046.404
1,643.208,104.822,2.0,17.493,2047.37
1,643.408,104.822,2.0,17.604,2048.342
1,643.608,104.822,2.0,17.717,2049.32
1,643.808,104.824,1.8831,17.834,2050.304
1,644.008,104.828,1.6502,17.947,2051.295
1,644.208,104.832,1.4295,18.049,2052.292
1,644.408,104.836,1.2201,18.141,2053.295
1,644.608,104.839,1.0213,18.223,2054.303
1,644.808,104.842,0.8468,18.298,2055.315
1,645.008,104.844,0.7137,18.365,2056.332
1,645.208,104.846,0.5894,18.426,2057.352
1,645.408,104.848,0.4733,18.48,2058.376
1,645.608,104.85,0.3646,18.529,2059.402
1,645.808,104.852,0.2719,18.573,2060.432
1,646.008,104.853,0.1982,18.613,2061.463
1,646.208,104.854,0.1304,18.649,2062.498
1,646.408,104.855,0.0677,18.681,2063.534
1,646.608,104.856,0.0098,18.71,2064.571
1,646.808,104.857,0.0,18.736,2065.611
1,647.008,104.857,0.0,18.762,2066.652
1,647.208,104.857,0.0,18.788,2067.694
1,647.408,104.857,0.0,18.814,2068.738
1,647.608,104.857,0.0,18.84,2069.783
1,647.808,104.857,0.0,18.866,2070.83
1,648.008,104.857,0.0,18.892,2071.878
1,648.208,104.857,0.0,18.917,2072.928
1,648.408,104.857,0.0,18.942,2073.978
1,648.608,104.857,0.0,18.966,2075.031
1,648.808,104.857,0.0,18.99,2076.085
1,649.008,104.857,0.0,19.012,2077.14
1,649.208,104.857,0.0,19.032,2078.196
1,649.408,104.857,0.0,19.051,2079.253
1,649.608,104.857,0.0,19.069,2080.312
1,649.808,104.857,0.0,19.084,2081.371
1,650.008,104.857,0.0,19.098,2082.431
1,650.208,104.857,0.0,19.108,2083.492
1,650.408,104.857,0.0,19.117,2084.554
1,650.608,104.857,0.0,19.123,2085.616
1,650.808,104.857,0.0,19.126,2086.678
1,651.008,104.857,0.0,19.124,2087.741
1,651.208,104.857,0.0,19.119,2088.803
1,651.408,104.857,0.0,19.11,2089.865
1,651.608,104.855,0.0927,19.097,2090.927
1,651.808,104.853,0.2008,19.084,2091.988
1,652.008,104.851,0.3068,19.073,2093.048
1,652.208,104.849,0.4108,19.063,2094.108
1,652.408,104.848,0.518,19.054,2095.167
1,652.608,104.845,0.6494,19.045,2096.225
1,652.808,104.843,0.7794,19.038,2097.283
1,653.008,104.841,0.9082,19.031,2098.341
1,653.208,104.839,1.0359,19.025,2099.398
1,653.408,104.836,1.1786,19.019,2100.455
1,653.608,104.833,1.3415,19.014,2101.512
1,653.808,104.83,1.5036,19.009,2102.568
1,654.008,104.827,1.6651,19.005,2103.624
1,654.208,104.825,1.826,19.001,2104.68
1,654.408,104.822,1.967,18.997,2105.736
1,654.608,104.822,2.0,18.994,2106.791
1,654.808,104.821,2.0,18.984,2107.846
1,655.008,104.821,2.0,18.967,2108.901
1,655.208,104.821,2.0,18.942,2109.955
1,655.408,104.821,2.0,18.91,2111.007
1,655.608,104.821,2.0,18.869,2112.058
1,655.808,104.821,2.0,18.822,2113.106
1,656.008,104.821,2.0,18.766,2114.152
1,656.208,104.821,2.0,18.704,2115.194
1,656.408,104.821,2.0,18.634,2116.233
1,656.608,104.821,2.0,18.556,2117.268
1,656.808,104.821,2.0,18.47,2118.299
1,657.008,104.821,2.0,18.377,2119.325
1,657.208,104.821,2.0,18.277,2120.346
1,657.408,104.821,2.0,18.169,2121.362
1,657.608,104.821,2.0,18.053,2122.371
1,657.808,104.821,2.0,17.931,2123.374
1,658.008,104.821,2.0,17.801,2124.37
1,658.208,104.821,2.0,17.664,2125.359
1,658.408,104.821,2.0,17.52,2126.341
1,658.608,104.821,2.0,17.37,2127.314
1,658.808,104.821,2.0,17.214,2128.279
1,659.008,104.821,2.0,17.052,2129.235
1,659.208,104.82,2.0,16.885,2130.183
1,659.408,104.82,2.0,16.711,2131.121
1,659.608,104.82,2.0,16.532,2132.049
1,659.808,104.82,2.0,16.348,2132.967
1,660.008,104.82,2.0,16.158,2133.876
1,660.208,104.82,2.0,15.964,2134.773
1,660.408,104.82,2.0,15.764,2135.66
1,660.608,104.82,2.0,15.561,2136.536
1,660.808,104.82,2.0,15.354,2137.4
1,661.008,104.82,2.0,15.143,2138.253
1,661.208,104.82,2.0,14.93,2139.095
1,661.408,104.82,2.0,14.713,2139.924
1,661.608,104.82,2.0,14.493,2140.742
1,661.808,104.82,2.0,14.272,2141.547
1,662.008,104.82,2.0,14.048,2142.34
1,662.208,104.82,2.0,13.823,2143.12
1,662.408,104.82,2.0,13.596,2143.888
1,662.608,104.82,2.0,13.368,2144.643
1,662.808,104.82,2.0,13.139,2145.386
1,663.008,104.82,2.0,12.909,2146.116
1,663.208,104.82,2.0,12.679,2146.833
1,663.408,104.82,2.0,12.449,2147.537
1,663.608,104.819,2.0,12.22,2148.229
1,663.808,104.819,2.0,11.991,2148.908
1,664.008,104.819,2.0,11.764,2149.574
1,664.208,104.819,2.0,11.537,2150.228
1,664.408,104.819,2.0,11.311,2150.869
1,664.608,104.819,2.0,11.087,2151.497
1,664.808,104.819,2.0,10.865,2152.113
1,665.008,104.819,2.0,10.645,2152.717
1,665.208,104.819,2.0,10.428,2153.308
1,665.408,104.819,2.0,10.212,2153.887
1,665.608,104.819,2.0,10.0,2154.455
1,665.808,104.819,2.0,9.79,2155.01
1,666.008,104.819,2.0,9.583,2155.554
1,666.208,104.819,2.0,9.38,2156.087
1,666.408,104.819,2.0,9.181,2156.608
1,666.608,104.819,2.0,8.986,2157.118
1,666.808,104.819,2.0,8.794,2157.617
1,667.008,104.819,2.0,8.607,2158.105
1,667.208,104.819,2.0,8.425,2158.584
1,667.408,104.819,2.0,8.247,2159.052
1,667.608,104.819,2.0,8.073,2159.51
1,667.808,104.819,2.0,7.905,2159.958
1,668.008,104.818,2.0,7.741,2160.398
1,668.208,104.818,2.0,7.583,2160.828
1,668.408,104.818,2.0,7.43,2161.249
1,668.608,104.818,2.0,7.283,2161.662
1,668.808,104.818,2.0,7.141,2162.066
1,669.008,104.818,2.0,7.005,2162.463
1,669.208,104.818,2.0,6.874,2162.852
1,669.408,104.818,2.0,6.749,2163.234
1,669.608,104.818,2.0,6.629,2163.609
1,669.808,104.818,2.0,6.515,2163.977
1,670.008,104.818,2.0,6.406,2164.339
1,670.208,104.818,2.0,6.303,2164.695
1,670.408,104.818,2.0,6.205,2165.045
1,670.608,104.818,2.0,6.112,2165.39
1,670.808,104.818,2.0,6.024,2165.729
1,671.008,104.818,2.0,5.941,2166.064
1,671.208,104.818,2.0,5.864,2166.394
1,671.408,104.818,2.0,5.791,2166.72
1,671.608,104.818,2.0,5.722,2167.042
1,671.808,104.818,2.0,5.658,2167.36
1,672.008,104.818,2.0,5.599,2167.674
1,672.208,104.818,2.0,5.543,2167.985
1,672.408,104.817,2.0,5.491,2168.293
1,672.608,104.817,2.0,5.442,2168.598
1,672.808,104.817,2.0,5.397,2168.9
1,673.008,104.817,2.0,5.355,2169.2
1,673.208,104.817,2.0,5.316,2169.498
1,673.408,104.817,2.0,5.279,2169.793
1,673.608,104.817,2.0,5.246,2170.086
1,673.808,104.817,2.0,5.214,2170.378
1,674.008,104.817,2.0,5.186,2170.667
1,674.208,104.817,2.0,5.159,2170.955
1,674.408,104.817,2.0,5.135,2171.242
1,674.608,104.817,2.0,5.112,2171.527
1,674.808,104.817,2.0,5.092,2171.811
1,675.008,104.817,2.0,5.073,2172.094
1,675.208,104.817,2.0,5.055,2172.376
1,675.408,104.817,2.0,5.039,2172.657
1,675.608,104.817,2.0,5.025,2172.937
1,675.808,104.817,2.0,5.011,2173.216
1,676.008,104.817,2.0,4.999,2173.494
1,676.208,104.817,2.0,4.987,2173.772
1,676.408,104.817,2.0,4.976,2174.049
1,676.608,104.817,2.0,4.967,2174.326
1,676.808,104.816,2.0,4.957,2174.602
1,677.008,104.816,2.0,4.949,2174.877
1,677.208,104.816,2.0,4.941,2175.152
1,677.408,104.816,2.0,4.934,2175.426
1,677.608,104.816,2.0,4.928,2175.701
1,677.808,104.816,2.0,4.922,2175.974
1,678.008,104.816,2.0,4.917,2176.248
1,678.208,104.816,2.0,4.912,2176.521
1,678.408,104.816,2.0,4.908,2176.794
1,678.608,104.816,2.0,4.904,2177.066
1,678.808,104.816,2.0,4.901,2177.339
1,679.008,104.816,2.0,4.898,2177.611
1,679.208,104.816,2.0,4.895,2177.883
1,679.408,104.816,2.0,4.893,2178.155
1,679.608,104.816,2.0,4.891,2178.427
1,679.808,104.816,2.0,4.889,2178.699
1,680.008,104.816,2.0,4.887,2178.97
1,680.208,104.816,2.0,4.886,2179.242
1,680.408,104.816,2.0,4.885,2179.513
1,680.608,104.816,2.0,4.884,2179.785
1,680.808,104.816,2.0,4.883,2180.056
1,681.008,104.816,2.0,4.882,2180.327
1,681.208,104.815,2.0,4.881,2180.598
1,681.408,104.815,2.0,4.882,2180.87
1,681.608,104.815,2.0,4.882,2181.141
1,681.808,104.815,2.0,4.883,2181.412
1,682.008,104.815,2.0,4.884,2181.683
1,682.208,104.815,2.0,4.886,2181.955
1,682.408,104.815,2.0,4.888,2182.226
1,682.608,104.815,2.0,4.89,2182.498
1,682.808,104.815,2.0,4.892,2182.769
1,683.008,104.815,2.0,4.894,2183.041
1,683.208,104.815,2.0,4.897,2183.313
1,683.408,104.815,2.0,4.9,2183.585
1,683.608,104.815,2.0,4.903,2183.857
1,683.808,104.815,2.0,4.906,2184.13
1,684.008,104.815,2.0,4.909,2184.402
1,684.208,104.815,2.0,4.912,2184.675
1,684.408,104.815,2.0,4.915,2184.948
1,684.608,104.815,2.0,4.919,2185.221
1,684.808,104.815,2.0,4.922,2185.494
1,685.008,104.815,2.0,4.926,2185.768
1,685.208,104.815,2.0,4.93,2186.041
1,685.408,104.815,2.0,4.934,2186.315
1,685.608,104.814,2.0,4.939,2186.589
1,685.808,104.814,2.0,4.943,2186.864
1,686.008,104.814,2.0,4.948,2187.138
1,686.208,104.814,2.0,4.953,2187.413
1,686.408,104.814,2.0,4.958,2187.688
1,686.608,104.814,2.0,4.963,2187.964
1,686.808,104.814,2.0,4.968,2188.239
1,687.008,104.814,2.0,4.973,2188.515
1,687.208,104.814,2.0,4.978,2188.792
1,687.408,104.814,2.0,4.984,2189.068
1,687.608,104.814,2.0,4.989,2189.345
1,687.808,104.814,2.0,4.994,2189.622
1,688.008,104.814,2.0,5.0,2189.9
1,688.208,104.814,2.0,5.006,2190.178
1,688.408,104.814,2.0,5.012,2190.456
1,688.608,104.814,2.0,5.018,2190.734
1,688.808,104.814,2.0,5.026,2191.013
1,689.008,104.814,2.0,5.033,2191.292
1,689.208,104.814,2.0,5.042,2191.572
1,689.408,104.814,2.0,5.05,2191.852
1,689.608,104.814,2.0,5.059,2192.132
1,689.808,104.814,2.0,5.069,2192.413
1,690.008,104.813,2.0,5.079,2192.695
1,690.208,104.813,2.0,5.089,2192.977
1,690.408,104.813,2.0,5.099,2193.26
1,690.608,104.813,2.0,5.11,2193.543
1,690.808,104.813,2.0,5.121,2193.827
1,691.008,104.813,2.0,5.132,2194.112
1,691.208,104.813,2.0,5.144,2194.397
1,691.408,104.813,2.0,5.155,2194.683
1,691.608,104.813,2.0,5.167,2194.969
1,691.808,104.813,2.0,5.179,2195.256
1,692.008,104.813,2.0,5.192,2195.544
1,692.208,104.813,2.0,5.205,2195.832
1,692.408,104.813,2.0,5.22,2196.121
1,692.608,104.813,2.0,5.234,2196.411
1,692.808,104.813,2.0,5.25,2196.702
1,693.008,104.813,2.0,5.266,2196.994
1,693.208,104.813,2.0,5.282,2197.286
1,693.408,104.813,2.0,5.299,2197.58
1,693.608,104.813,2.0,5.316,2197.874
1,693.808,104.813,2.0,5.334,2198.169
1,694.008,104.813,2.0,5.352,2198.466
1,694.208,104.812,2.0,5.37,2198.763
1,694.408,104.812,2.0,5.389,2199.061
1,694.608,104.812,2.0,5.408,2199.361
1,694.808,104.812,2.0,5.428,2199.661
1,695.008,104.812,2.0,5.448,2199.963
1,695.208,104.812,2.0,5.468,2200.266
1,695.408,104.812,2.0,5.489,2200.569
1,695.608,104.812,2.0,5.509,2200.874
1,695.808,104.812,2.0,5.53,2201.18
1,696.008,104.812,2.0,5.551,2201.488
1,696.208,104.812,2.0,5.572,2201.796
1,696.408,104.812,2.0,5.594,2202.106
1,696.608,104.812,2.0,5.615,2202.416
1,696.808,104.812,2.0,5.637,2202.728
1,697.008,104.812,2.0,5.659,2203.041
1,697.208,104.812,2.0,5.681,2203.356
1,697.408,104.812,2.0,5.704,2203.671
1,697.608,104.812,2.0,5.726,2203.988
1,697.808,104.812,2.0,5.749,2204.306
1,698.008,104.812,2.0,5.772,2204.626
1,698.208,104.812,2.0,5.796,2204.946
1,698.408,104.812,2.0,5.819,2205.268
1,698.608,104.811,2.0,5.843,2205.592
1,698.808,104.811,2.0,5.867,2205.916
1,699.008,104.811,2.0,5.891,2206.242
1,699.208,104.811,2.0,5.916,2206.57
1,699.408,104.811,2.0,5.941,2206.898
1,699.608,104.811,2.0,5.966,2207.228
1,699.808,104.811,2.0,5.991,2207.56
1,700.008,104.811,2.0,6.017,2207.893
1,700.208,104.811,2.0,6.043,2208.227
1,700.408,104.811,2.0,6.069,2208.563
1,700.608,104.811,2.0,6.095,2208.9
1,700.808,104.811,2.0,6.122,2209.238
1,701.008,104.811,2.0,6.149,2209.578
1,701.208,104.811,2.0,6.176,2209.92
1,701.408,104.811,2.0,6.203,2210.263
1,701.608,104.811,2.0,6.231,2210.608
1,701.808,104.811,2.0,6.259,2210.954
1,702.008,104.811,2.0,6.287,2211.302
1,702.208,104.811,2.0,6.314,2211.651
1,702.408,104.811,2.0,6.342,2212.002
1,702.608,104.811,2.0,6.371,2212.354
1,702.808,104.811,2.0,6.399,2212.708
1,703.008,104.81,2.0,6.427,2213.063
1,703.208,104.81,2.0,6.456,2213.421
1,703.408,104.81,2.0,6.485,2213.779
1,703.608,104.81,2.0,6.514,2214.139
1,703.808,104.81,2.0,6.543,2214.501
1,704.008,104.81,2.0,6.572,2214.865
1,704.208,104.81,2.0,6.602,2215.23
1,704.408,104.81,2.0,6.632,2215.597
1,704.608,104.81,2.0,6.662,2215.965
1,704.808,104.81,2.0,6.692,2216.335
1,705.008,104.81,2.0,6.723,2216.707
1,705.208,104.81,2.0,6.754,2217.08
1,705.408,104.81,2.0,6.785,2217.456
1,705.608,104.81,2.0,6.816,2217.833
1,705.808,104.81,2.0,6.848,2218.211
1,706.008,104.81,2.0,6.88,2218.592
1,706.208,104.81,2.0,6.913,2218.974
1,706.408,104.81,2.0,6.945,2219.358
1,706.608,104.81,2.0,6.978,2219.744
1,706.808,104.81,2.0,7.012,2220.131
1,707.008,104.81,2.0,7.045,2220.521
1,707.208,104.81,2.0,7.079,2220.912
1,707.408,104.809,2.0,7.113,2221.306
1,707.608,104.809,2.0,7.147,2221.701
1,707.808,104.809,2.0,7.182,2222.098
1,708.008,104.809,2.0,7.216,2222.497
1,708.208,104.809,2.0,7.251,2222.898
1,708.408,104.809,2.0,7.286,2223.301
1,708.608,104.809,2.0,7.321,2223.705
1,708.808,104.809,2.0,7.356,2224.112
1,709.008,104.809,2.0,7.392,2224.521
1,709.208,104.809,2.0,7.428,2224.931
1,709.408,104.809,2.0,7.464,2225.344
1,709.608,104.809,2.0,7.5,2225.759
1,709.808,104.809,2.0,7.537,2226.175
1,710.008,104.809,2.0,7.573,2226.594
1,710.208,104.809,2.0,7.61,2227.015
1,710.408,104.809,2.0,7.647,2227.438
1,710.608,104.809,2.0,7.685,2227.862
1,710.808,104.809,2.0,7.722,2228.289
1,711.008,104.809,2.0,7.76,2228.718
1,711.208,104.809,2.0,7.798,2229.15
1,711.408,104.809,2.0,7.837,2229.583
1,711.608,104.809,2.0,7.876,2230.018
1,711.808,104.808,2.0,7.915,2230.456
1,712.008,104.808,2.0,7.954,2230.895
1,712.208,104.808,2.0,7.993,2231.337
1,712.408,104.808,2.0,8.033,2231.781
1,712.608,104.808,2.0,8.073,2232.228
1,712.808,104.808,2.0,8.113,2232.676
1,713.008,104.808,2.0,8.153,2233.127
1,713.208,104.808,2.0,8.194,2233.58
1,713.408,104.808,2.0,8.234,2234.035
1,713.608,104.808,2.0,8.276,2234.492
1,713.808,104.808,2.0,8.317,2234.952
1,714.008,104.808,2.0,8.359,2235.414
1,714.208,104.808,2.0,8.4,2235.879
1,714.408,104.808,2.0,8.442,2236.345
1,714.608,104.808,2.0,8.484,2236.814
1,714.808,104.808,2.0,8.525,2237.286
1,715.008,104.808,2.0,8.567,2237.759
1,715.208,104.808,2.0,8.608,2238.235
1,715.408,104.808,2.0,8.65,2238.713
1,715.608,104.808,2.0,8.692,2239.194
1,715.808,104.808,2.0,8.733,2239.677
1,716.008,104.808,2.0,8.775,2240.162
1,716.208,104.807,2.0,8.817,2240.649
1,716.408,104.807,2.0,8.859,2241.139
1,716.608,104.807,2.0,8.902,2241.632
1,716.808,104.807,2.0,8.945,2242.126
1,717.008,104.807,2.0,8.988,2242.623
1,717.208,104.807,2.0,9.032,2243.122
1,717.408,104.807,2.0,9.075,2243.624
1,717.608,104.807,2.0,9.12,2244.128
1,717.808,104.807,2.0,9.164,2244.635
1,718.008,104.807,2.0,9.209,2245.144
1,718.208,104.807,2.0,9.255,2245.656
1,718.408,104.807,2.0,9.3,2246.17
1,718.608,104.807,2.0,9.346,2246.687
1,718.808,104.807,2.0,9.392,2247.206
1,719.008,104.807,2.0,9.438,2247.728
1,719.208,104.807,2.0,9.485,2248.252
1,719.408,104.807,2.0,9.531,2248.779
1,719.608,104.807,2.0,9.578,2249.308
1,719.808,104.807,2.0,9.625,2249.84
1,720.008,104.807,2.0,9.673,2250.375
1,720.208,104.807,2.0,9.721,2250.913
1,720.408,104.807,2.0,9.768,2251.453
1,720.608,104.806,2.0,9.816,2251.995
1,720.808,104.806,2.0,9.865,2252.541
1,721.008,104.806,2.0,9.913,2253.089
1,721.208,104.806,2.0,9.962,2253.639
1,721.408,104.806,2.0,10.011,2254.193
1,721.608,104.806,2.0,10.06,2254.749
1,721.808,104.806,2.0,10.109,2255.308
1,722.008,104.806,2.0,10.159,2255.869
1,722.208,104.806,2.0,10.208,2256.434
1,722.408,104.806,2.0,10.258,2257.001
1,722.608,104.806,2.0,10.307,2257.571
1,722.808,104.806,2.0,10.357,2258.143
1,723.008,104.806,2.0,10.407,2258.719
1,723.208,104.806,2.0,10.457,2259.297
1,723.408,104.806,2.0,10.507,2259.878
1,723.608,104.806,2.0,10.557,2260.462
1,723.808,104.806,2.0,10.608,2261.048
1,724.008,104.806,2.0,10.66,2261.638
1,724.208,104.806,2.0,10.712,2262.23
1,724.408,104.806,2.0,10.766,2262.825
1,724.608,104.806,2.0,10.82,2263.423
1,724.808,104.806,2.0,10.875,2264.024
1,725.008,104.805,2.0,10.93,2264.628
1,725.208,104.805,2.0,10.987,2265.235
1,725.408,104.805,2.0,11.044,2265.846
1,725.608,104.805,2.0,11.103,2266.459
1,725.808,104.805,2.0,11.161,2267.076
1,726.008,104.805,2.0,11.221,2267.696
1,726.208,104.805,2.0,11.281,2268.32
1,726.408,104.805,2.0,11.342,2268.946
1,726.608,104.805,2.0,11.404,2269.576
1,726.808,104.805,2.0,11.467,2270.21
1,727.008,104.805,2.0,11.53,2270.847
1,727.208,104.805,2.0,11.594,2271.488
1,727.408,104.805,2.0,11.659,2272.132
1,727.608,104.805,2.0,11.724,2272.779
1,727.808,104.805,2.0,11.791,2273.431
1,728.008,104.805,2.0,11.858,2274.086
1,728.208,104.805,2.0,11.927,2274.745
1,728.408,104.805,2.0,11.996,2275.407
1,728.608,104.805,2.0,12.065,2276.074
1,728.808,104.805,2.0,12.135,2276.744
1,729.008,104.805,2.0,12.206,2277.418
1,729.208,104.805,2.0,12.276,2278.096
1,729.408,104.804,2.0,12.347,2278.778
1,729.608,104.804,2.0,12.419,2279.464
1,729.808,104.804,2.0,12.491,2280.154
1,730.008,104.804,2.0,12.563,2280.848
1,730.208,104.804,2.0,12.636,2281.546
1,730.408,104.804,2.0,12.708,2282.248
1,730.608,104.804,2.0,12.781,2282.954
1,730.808,104.804,2.0,12.853,2283.664
1,731.008,104.804,2.0,12.926,2284.378
1,731.208,104.804,2.0,12.999,2285.096
1,731.408,104.804,2.0,13.072,2285.818
1,731.608,104.804,2.0,13.145,2286.545
1,731.808,104.804,2.0,13.219,2287.275
1,732.008,104.804,2.0,13.293,2288.009
1,732.208,104.804,2.0,13.367,2288.748
1,732.408,104.804,2.0,13.441,2289.49
1,732.608,104.804,2.0,13.516,2290.237
1,732.808,104.804,2.0,13.591,2290.988
1,733.008,104.804,2.0,13.665,2291.743
1,733.208,104.804,2.0,13.74,2292.502
1,733.408,104.804,2.0,13.815,2293.266
1,733.608,104.804,2.0,13.89,2294.033
1,733.808,104.803,2.0,13.965,2294.805
1,734.008,104.803,2.0,14.04,2295.581
1,734.208,104.803,2.0,14.114,2296.361
1,734.408,104.803,2.0,14.188,2297.145
1,734.608,104.803,2.0,14.262,2297.933
1,734.808,104.803,2.0,14.335,2298.725
1,735.008,104.803,2.0,14.407,2299.522
1,735.208,104.803,2.0,14.479,2300.322
1,735.408,104.803,2.0,14.551,2301.126
1,735.608,104.803,2.0,14.621,2301.935
1,735.808,104.803,2.0,14.691,2302.747
1,736.008,104.803,2.0,14.761,2303.563
1,736.208,104.803,2.0,14.829,2304.383
1,736.408,104.803,2.0,14.897,2305.207
1,736.608,104.803,2.0,14.964,2306.035
1,736.808,104.803,2.0,15.03,2306.866
1,737.008,104.803,2.0,15.095,2307.701
1,737.208,104.803,2.0,15.158,2308.54
1,737.408,104.803,2.0,15.22,2309.382
1,737.608,104.803,2.0,15.281,2310.227
1,737.808,104.803,2.0,15.34,2311.076
1,738.008,104.803,2.0,15.399,2311.928
1,738.208,104.802,2.0,15.456,2312.784
1,738.408,104.802,2.0,15.511,2313.643
1,738.608,104.802,2.0,15.566,2314.504
1,738.808,104.802,2.0,15.62,2315.369
1,739.008,104.802,2.0,15.672,2316.237
1,739.208,104.802,2.0,15.722,2317.108
1,739.408,104.802,2.0,15.77,2317.981
1,739.608,104.802,2.0,15.817,2318.857
1,739.808,104.802,2.0,15.862,2319.736
1,740.008,104.802,2.0,15.905,2320.617
1,740.208,104.802,2.0,15.946,2321.501
1,740.408,104.802,2.0,15.986,2322.387
1,740.608,104.802,2.0,16.024,2323.275
1,740.808,104.802,2.0,16.06,2324.165
1,741.008,104.802,2.0,16.095,2325.057
1,741.208,104.802,2.0,16.127,2325.951
1,741.408,104.802,2.0,16.158,2326.847
1,741.608,104.802,2.0,16.187,2327.745
1,741.808,104.802,2.0,16.214,2328.644
1,742.008,104.802,2.0,16.239,2329.545
1,742.208,104.802,2.0,16.262,2330.447
1,742.408,104.802,2.0,16.284,2331.351
1,742.608,104.801,2.0,16.303,2332.255
1,742.808,104.801,2.0,16.321,2333.161
1,743.008,104.801,2.0,16.336,2334.068
1,743.208,104.801,2.0,16.351,2334.975
1,743.408,104.801,2.0,16.363,2335.884
1,743.608,104.801,2.0,16.373,2336.793
1,743.808,104.801,2.0,16.382,2337.702
1,744.008,104.801,2.0,16.389,2338.612
1,744.208,104.801,2.0,16.394,2339.523
1,744.408,104.801,2.0,16.397,2340.434
1,744.608,104.801,2.0,16.399,2341.345
1,744.808,104.801,2.0,16.401,2342.256
1,745.008,104.801,2.0,16.401,2343.167
1,745.208,104.801,2.0,16.402,2344.078
1,745.408,104.801,2.0,16.402,2344.989
1,745.608,104.801,2.0,16.401,2345.9
1,745.808,104.801,2.0,16.4,2346.812
1,746.008,104.801,2.0,16.398,2347.723
1,746.208,104.801,2.0,16.396,2348.634
1,746.408,104.801,2.0,16.394,2349.545
1,746.608,104.801,2.0,16.392,2350.455
1,746.808,104.801,2.0,16.388,2351.366
1,747.008,104.8,2.0,16.383,2352.276
1,747.208,104.8,2.0,16.376,2353.187
1,747.408,104.8,2.0,16.367,2354.096
1,747.608,104.8,2.0,16.356,2355.006
1,747.808,104.8,2.0,16.343,2355.914
1,748.008,104.8,2.0,16.329,2356.822
1,748.208,104.8,2.0,16.313,2357.729
1,748.408,104.8,2.0,16.295,2358.636
1,748.608,104.8,2.0,16.275,2359.541
1,748.808,104.8,2.0,16.254,2360.445
1,749.008,104.8,2.0,16.231,2361.348
1,749.208,104.8,2.0,16.206,2362.25
1,749.408,104.8,2.0,16.179,2363.15
1,749.608,104.8,2.0,16.151,2364.049
1,749.808,104.8,2.0,16.12,2364.946
1,750.008,104.8,2.0,16.088,2365.842
1,750.208,104.8,2.0,16.055,2366.735
1,750.408,104.8,2.0,16.02,2367.627
1,750.608,104.8,2.0,15.985,2368.517
1,750.808,104.8,2.0,15.948,2369.405
1,751.008,104.8,2.0,15.911,2370.291
1,751.208,104.8,2.0,15.873,2371.175
1,751.408,104.799,2.0,15.833,2372.057
1,751.608,104.799,2.0,15.793,2372.937
1,751.808,104.799,2.0,15.753,2373.814
1,752.008,104.799,2.0,15.711,2374.689
1,752.208,104.799,2.0,15.669,2375.562
1,752.408,104.799,2.0,15.626,2376.433
1,752.608,104.799,2.0,15.583,2377.301
1,752.808,104.799,2.0,15.541,2378.167
1,753.008,104.799,2.0,15.498,2379.03
1,753.208,104.799,2.0,15.455,2379.891
1,753.408,104.799,2.0,15.411,2380.75
1,753.608,104.799,2.0,15.369,2381.606
1,753.808,104.799,2.0,15.327,2382.46
1,754.008,104.799,2.0,15.285,2383.311
1,754.208,104.799,2.0,15.244,2384.16
1,754.408,104.799,2.0,15.203,2385.007
1,754.608,104.799,2.0,15.163,2385.852
1,754.808,104.799,2.0,15.123,2386.694
1,755.008,104.799,2.0,15.084,2387.534
1,755.208,104.799,2.0,15.046,2388.372
1,755.408,104.799,2.0,15.009,2389.208
1,755.608,104.798,2.0,14.972,2390.042
1,755.808,104.798,2.0,14.936,2390.874
1,756.008,104.798,2.0,14.901,2391.703
1,756.208,104.798,2.0,14.868,2392.531
1,756.408,104.798,2.0,14.836,2393.357
1,756.608,104.798,2.0,14.805,2394.182
1,756.808,104.798,2.0,14.776,2395.004
1,757.008,104.798,2.0,14.748,2395.825
1,757.208,104.798,2.0,14.722,2396.644
1,757.408,104.798,2.0,14.697,2397.462
1,757.608,104.798,2.0,14.673,2398.279
1,757.808,104.798,2.0,14.651,2399.094
1,758.008,104.798,2.0,14.63,2399.908
1,758.208,104.798,2.0,14.61,2400.721
1,758.408,104.798,2.0,14.593,2401.532
1,758.608,104.798,2.0,14.577,2402.343
1,758.808,104.798,2.0,14.563,2403.153
1,759.008,104.798,2.0,14.551,2403.962
1,759.208,104.798,2.0,14.54,2404.77
1,759.408,104.798,2.0,14.532,2405.578
1,759.608,104.798,2.0,14.525,2406.385
1,759.808,104.798,2.0,14.52,2407.192
1,760.008,104.797,2.0,14.518,2407.999
1,760.208,104.797,2.0,14.517,2408.805
1,760.408,104.797,2.0,14.518,2409.612
1,760.608,104.797,2.0,14.521,2410.419
1,760.808,104.797,2.0,14.527,2411.225
1,761.008,104.797,2.0,14.535,2412.032
1,761.208,104.797,2.0,14.546,2412.84
1,761.408,104.797,2.0,14.559,2413.648
1,761.608,104.797,2.0,14.575,2414.457
1,761.808,104.797,2.0,14.593,2415.266
1,762.008,104.797,2.0,14.615,2416.077
1,762.208,104.797,2.0,14.638,2416.889
1,762.408,104.797,2.0,14.664,2417.702
1,762.608,104.797,2.0,14.692,2418.517
1,762.808,104.797,2.0,14.723,2419.333
1,763.008,104.797,2.0,14.756,2420.151
1,763.208,104.797,2.0,14.791,2420.971
1,763.408,104.797,2.0,14.828,2421.793
1,763.608,104.797,2.0,14.867,2422.616
1,763.808,104.797,2.0,14.907,2423.442
1,764.008,104.797,2.0,14.949,2424.271
1,764.208,104.797,2.0,14.993,2425.101
1,764.408,104.796,2.0,15.038,2425.934
1,764.608,104.796,2.0,15.085,2426.77
1,764.808,104.796,2.0,15.132,2427.608
1,765.008,104.796,2.0,15.181,2428.448
1,765.208,104.796,2.0,15.232,2429.292
1,765.408,104.796,2.0,15.283,2430.138
1,765.608,104.796,2.0,15.336,2430.987
1,765.808,104.796,2.0,15.39,2431.839
1,766.008,104.796,2.0,15.445,2432.694
1,766.208,104.796,2.0,15.502,2433.552
1,766.408,104.796,2.0,15.56,2434.413
1,766.608,104.796,2.0,15.619,2435.278
1,766.808,104.796,2.0,15.679,2436.145
1,767.008,104.796,2.0,15.74,2437.016
1,767.208,104.796,2.0,15.803,2437.891
1,767.408,104.796,2.0,15.866,2438.769
1,767.608,104.796,2.0,15.93,2439.65
1,767.808,104.796,2.0,15.995,2440.535
1,768.008,104.796,2.0,16.061,2441.424
1,768.208,104.796,2.0,16.128,2442.316
1,768.408,104.796,2.0,16.197,2443.212
1,768.608,104.796,2.0,16.266,2444.112
1,768.808,104.795,2.0,16.337,2445.016
1,769.008,104.795,2.0,16.409,2445.923
1,769.208,104.795,2.0,16.482,2446.835
1,769.408,104.795,2.0,16.555,2447.751
1,769.608,104.795,2.0,16.628,2448.67
1,769.808,104.795,2.0,16.703,2449.594
1,770.008,104.795,2.0,16.777,2450.522
1,770.208,104.795,2.0,16.853,2451.454
1,770.408,104.795,2.0,16.929,2452.39
1,770.608,104.795,2.0,17.006,2453.331
1,770.808,104.795,2.0,17.084,2454.276
1,771.008,104.795,2.0,17.163,2455.225
1,771.208,104.795,2.0,17.243,2456.178
1,771.408,104.795,2.0,17.323,2457.136
1,771.608,104.795,2.0,17.404,2458.098
1,771.808,104.795,2.0,17.485,2459.065
1,772.008,104.795,2.0,17.567,2460.037
1,772.208,104.795,2.0,17.649,2461.013
1,772.408,104.795,2.0,17.732,2461.993
1,772.608,104.795,2.0,17.815,2462.978
1,772.808,104.795,2.0,17.899,2463.968
1,773.008,104.795,2.0,17.982,2464.962
1,773.208,104.794,2.0,18.067,2465.961
1,773.408,104.795,1.9657,18.15,2466.965
1,773.608,104.797,1.8465,18.231,2467.973
1,773.808,104.799,1.7376,18.305,2468.986
1,774.008,104.801,1.6381,18.37,2470.003
1,774.208,104.802,1.5557,18.43,2471.024
1,774.408,104.803,1.4814,18.483,2472.048
1,774.608,104.804,1.4143,18.532,2473.075
1,774.808,104.805,1.3539,18.575,2474.104
1,775.008,104.806,1.3004,18.614,2475.136
1,775.208,104.807,1.2582,18.65,2476.17
1,775.408,104.808,1.221,18.681,2477.206
1,775.608,104.808,1.1884,18.71,2478.244
1,775.808,104.809,1.16,18.736,2479.284
1,776.008,104.809,1.14,18.759,2480.324
1,776.208,104.809,1.1336,18.78,2481.367
1,776.408,104.809,1.1305,18.799,2482.41
1,776.608,104.809,1.1301,18.816,2483.454
1,776.808,104.809,1.1323,18.831,2484.5
1,777.008,104.809,1.142,18.845,2485.546
1,777.208,104.808,1.1584,18.857,2486.593
1,777.408,104.808,1.1768,18.868,2487.64
1,777.608,104.808,1.1969,18.878,2488.689
1,777.808,104.807,1.2186,18.887,2489.737
1,778.008,104.807,1.2503,18.895,2490.787
1,778.208,104.806,1.2862,18.902,2491.836
1,778.408,104.805,1.3233,18.909,2492.886
1,778.608,104.805,1.3614,18.915,2493.937
1,778.808,104.804,1.4004,18.92,2494.988
1,779.008,104.803,1.4306,18.925,2496.039
1,779.208,104.803,1.4615,18.929,2497.09
1,779.408,104.802,1.493,18.932,2498.142
1,779.608,104.802,1.5252,18.936,2499.194
1,779.808,104.801,1.5593,18.939,2500.246
1,780.008,104.8,1.5987,18.941,2501.298
1,780.208,104.8,1.6385,18.944,2502.35
1,780.408,104.799,1.6788,18.946,2503.403
1,780.608,104.798,1.7194,18.948,2504.455
1,780.808,104.798,1.7558,18.949,2505.508
1,781.008,104.797,1.7876,18.951,2506.56
1,781.208,104.796,1.8196,18.952,2507.613
1,781.408,104.796,1.8519,18.953,2508.666
1,781.608,104.795,1.8844,18.954,2509.719
1,781.808,104.795,1.9106,18.955,2510.772
1,782.008,104.794,1.9346,18.956,2511.825
1,782.208,104.794,1.9588,18.956,2512.878
1,782.408,104.793,1.9831,18.957,2513.931
1,782.608,104.793,2.0,18.957,2514.985
1,782.808,104.793,2.0,18.957,2516.038
1,783.008,104.793,2.0,18.956,2517.091
1,783.208,104.793,2.0,18.954,2518.144
1,783.408,104.793,2.0,18.951,2519.197
1,783.608,104.793,2.0,18.947,2520.25
1,783.808,104.793,2.0,18.941,2521.303
1,784.008,104.793,2.0,18.936,2522.355
1,784.208,104.793,2.0,18.929,2523.407
1,784.408,104.792,2.0,18.922,2524.458
1,784.608,104.792,2.0,18.914,2525.51
1,784.808,104.792,2.0,18.906,2526.56
1,785.008,104.792,2.0,18.897,2527.611
1,785.208,104.792,2.0,18.889,2528.661
1,785.408,104.792,2.0,18.88,2529.71
1,785.608,104.792,2.0,18.87,2530.759
1,785.808,104.792,2.0,18.862,2531.807
1,786.008,104.792,2.0,18.853,2532.855
1,786.208,104.792,2.0,18.845,2533.902
1,786.408,104.792,2.0,18.838,2534.949
1,786.608,104.792,2.0,18.831,2535.996
1,786.808,104.792,2.0,18.825,2537.042
1,787.008,104.792,2.0,18.82,2538.088
1,787.208,104.792,2.0,18.816,2539.133
1,787.408,104.792,2.0,18.813,2540.179
1,787.608,104.792,2.0,18.812,2541.224
1,787.808,104.792,2.0,18.811,2542.269
1,788.008,104.792,2.0,18.812,2543.314
1,788.208,104.792,2.0,18.814,2544.359
1,788.408,104.792,2.0,18.818,2545.405
1,788.608,104.792,2.0,18.823,2546.45
1,788.808,104.791,2.0,18.83,2547.496
1,789.008,104.791,2.0,18.838,2548.542
1,789.208,104.792,1.9862,18.849,2549.588
1,789.408,104.792,1.9363,18.86,2550.636
1,789.608,104.793,1.8853,18.87,2551.683
1,789.808,104.794,1.8357,18.879,2552.732
1,790.008,104.795,1.7873,18.888,2553.781
1,790.208,104.796,1.74,18.895,2554.83
1,790.408,104.797,1.6831,18.902,2555.88
1,790.608,104.798,1.625,18.908,2556.93
1,790.808,104.799,1.5677,18.914,2557.98
1,791.008,104.8,1.5112,18.919,2559.031
1,791.208,104.8,1.4552,18.924,2560.082
1,791.408,104.801,1.3991,18.928,2561.133
1,791.608,104.802,1.3436,18.932,2562.185
1,791.808,104.803,1.2885,18.935,2563.237
1,792.008,104.804,1.2339,18.939,2564.289
1,792.208,104.805,1.1801,18.942,2565.341
1,792.408,104.806,1.1275,18.944,2566.393
1,792.608,104.807,1.0752,18.947,2567.446
1,792.808,104.808,1.0232,18.949,2568.498
1,793.008,104.809,0.9715,18.951,2569.551
1,793.208,104.809,0.9268,18.953,2570.604
1,793.408,104.81,0.8873,18.954,2571.657
1,793.608,104.811,0.8481,18.956,2572.71
1,793.808,104.811,0.8091,18.957,2573.763
1,794.008,104.812,0.7702,18.958,2574.816
1,794.208,104.813,0.7321,18.96,2575.869
1,794.408,104.813,0.6942,18.961,2576.922
1,794.608,104.814,0.6564,18.962,2577.976
1,794.808,104.815,0.6187,18.962,2579.029
1,795.008,104.815,0.5802,18.963,2580.083
1,795.208,104.816,0.5312,18.964,2581.136
1,795.408,104.817,0.4822,18.965,2582.19
1,795.608,104.818,0.4333,18.965,2583.243
1,795.808,104.819,0.3845,18.966,2584.297
1,796.008,104.819,0.3402,18.966,2585.351
1,796.208,104.82,0.3051,18.967,2586.404
1,796.408,104.821,0.2701,18.967,2587.458
1,796.608,104.821,0.2352,18.968,2588.512
1,796.808,104.822,0.2003,18.968,2589.566
1,797.008,104.822,0.1997,18.968,2590.619
1,797.208,104.821,0.2231,18.969,2591.673
1,797.408,104.821,0.2466,18.969,2592.727
1,797.608,104.821,0.2702,18.969,2593.781
1,797.808,104.82,0.2938,18.969,2594.835
1,798.008,104.819,0.3842,18.97,2595.889
1,798.208,104.817,0.4872,18.97,2596.942
1,798.408,104.815,0.5902,18.97,2597.996
1,798.608,104.813,0.6932,18.97,2599.05
1,798.808,104.811,0.7925,18.97,2600.104
1,799.008,104.81,0.8571,18.97,2601.158
1,799.208,104.809,0.9218,18.97,2602.212
1,799.408,104.808,0.9865,18.97,2603.266
1,799.608,104.807,1.0512,18.97,2604.32
1,799.808,104.806,1.1126,18.97,2605.373
1,800.008,104.805,1.1678,18.97,2606.427
1,800.208,104.804,1.2231,18.969,2607.481
1,800.408,104.803,1.2784,18.969,2608.535
1,800.608,104.802,1.3337,18.969,2609.589
1,800.808,104.801,1.396,18.969,2610.643
1,801.008,104.799,1.4627,18.969,2611.696
1,801.208,104.798,1.5295,18.968,2612.75
1,801.408,104.797,1.5963,18.968,2613.804
1,801.608,104.796,1.6631,18.968,2614.858
1,801.808,104.795,1.7332,18.967,2615.912
1,802.008,104.793,1.8039,18.967,2616.965
1,802.208,104.792,1.8745,18.967,2618.019
1,802.408,104.791,1.9453,18.966,2619.073
1,802.608,104.79,2.0,18.966,2620.127
1,802.808,104.79,2.0,18.964,2621.18
1,803.008,104.79,2.0,18.958,2622.234
1,803.208,104.79,2.0,18.947,2623.287
1,803.408,104.79,2.0,18.931,2624.34
1,803.608,104.79,2.0,18.91,2625.391
1,803.808,104.79,2.0,18.884,2626.442
1,804.008,104.789,2.0,18.853,2627.491
1,804.208,104.789,2.0,18.817,2628.538
1,804.408,104.789,2.0,18.776,2629.584
1,804.608,104.789,2.0,18.73,2630.627
1,804.808,104.789,2.0,18.678,2631.667
1,805.008,104.789,2.0,18.621,2632.705
1,805.208,104.789,2.0,18.558,2633.74
1,805.408,104.789,2.0,18.49,2634.771
1,805.608,104.789,2.0,18.417,2635.798
1,805.808,104.789,2.0,18.338,2636.821
1,806.008,104.789,2.0,18.254,2637.84
1,806.208,104.789,2.0,18.166,2638.854
1,806.408,104.789,2.0,18.072,2639.863
1,806.608,104.789,2.0,17.973,2640.867
1,806.808,104.789,2.0,17.87,2641.866
1,807.008,104.789,2.0,17.763,2642.858
1,807.208,104.789,2.0,17.652,2643.845
1,807.408,104.789,2.0,17.537,2644.826
1,807.608,104.789,2.0,17.418,2645.8
1,807.808,104.789,2.0,17.296,2646.768
1,808.008,104.789,2.0,17.171,2647.729
1,808.208,104.789,2.0,17.042,2648.683
1,808.408,104.788,2.0,16.911,2649.63
1,808.608,104.788,2.0,16.776,2650.569
1,808.808,104.788,2.0,16.639,2651.501
1,809.008,104.788,2.0,16.5,2652.425
1,809.208,104.788,2.0,16.359,2653.342
1,809.408,104.788,2.0,16.216,2654.251
1,809.608,104.788,2.0,16.071,2655.152
1,809.808,104.788,2.0,15.925,2656.045
1,810.008,104.788,2.0,15.778,2656.929
1,810.208,104.788,2.0,15.63,2657.806
1,810.408,104.788,2.0,15.482,2658.674
1,810.608,104.788,2.0,15.332,2659.534
1,810.808,104.788,2.0,15.183,2660.386
1,811.008,104.788,2.0,15.033,2661.23
1,811.208,104.788,2.0,14.885,2662.065
1,811.408,104.788,2.0,14.737,2662.892
1,811.608,104.788,2.0,14.591,2663.71
1,811.808,104.788,2.0,14.445,2664.521
1,812.008,104.788,2.0,14.301,2665.324
1,812.208,104.788,2.0,14.158,2666.118
1,812.408,104.788,2.0,14.017,2666.905
1,812.608,104.788,2.0,13.878,2667.683
1,812.808,104.787,2.0,13.741,2668.454
1,813.008,104.787,2.0,13.606,2669.218
1,813.208,104.787,2.0,13.473,2669.974
1,813.408,104.787,2.0,13.342,2670.722
1,813.608,104.787,2.0,13.214,2671.463
1,813.808,104.787,2.0,13.089,2672.198
1,814.008,104.787,2.0,12.967,2672.925
1,814.208,104.787,2.0,12.848,2673.645
1,814.408,104.787,2.0,12.732,2674.359
1,814.608,104.787,2.0,12.619,2675.066
1,814.808,104.787,2.0,12.509,2675.767
1,815.008,104.787,2.0,12.402,2676.462
1,815.208,104.787,2.0,12.298,2677.151
1,815.408,104.787,2.0,12.198,2677.835
1,815.608,104.787,2.0,12.101,2678.512
1,815.808,104.787,2.0,12.007,2679.184
1,816.008,104.787,2.0,11.916,2679.851
1,816.208,104.787,2.0,11.828,2680.513
1,816.408,104.787,2.0,11.744,2681.171
1,816.608,104.787,2.0,11.663,2681.823
1,816.808,104.787,2.0,11.585,2682.471
1,817.008,104.787,2.0,11.511,2683.115
1,817.208,104.786,2.0,11.44,2683.754
1,817.408,104.786,2.0,11.372,2684.39
1,817.608,104.786,2.0,11.307,2685.021
1,817.808,104.786,2.0,11.245,2685.65
1,818.008,104.786,2.0,11.186,2686.274
1,818.208,104.786,2.0,11.13,2686.896
1,818.408,104.786,2.0,11.076,2687.514
1,818.608,104.786,2.0,11.025,2688.129
1,818.808,104.786,2.0,10.976,2688.742
1,819.008,104.786,2.0,10.929,2689.352
1,819.208,104.786,2.0,10.885,2689.959
1,819.408,104.786,2.0,10.843,2690.564
1,819.608,104.786,2.0,10.804,2691.166
1,819.808,104.786,2.0,10.767,2691.766
1,820.008,104.786,2.0,10.732,2692.364
1,820.208,104.786,2.0,10.699,2692.961
1,820.408,104.786,2.0,10.668,2693.555
1,820.608,104.786,2.0,10.639,2694.148
1,820.808,104.786,2.0,10.612,2694.739
1,821.008,104.786,2.0,10.587,2695.328
1,821.208,104.786,2.0,10.564,2695.916
1,821.408,104.786,2.0,10.543,2696.503
1,821.608,104.785,2.0,10.524,2697.089
1,821.808,104.785,2.0,10.507,2697.674
1,822.008,104.785,2.0,10.491,2698.257
1,822.208,104.785,2.0,10.477,2698.84
1,822.408,104.785,2.0,10.465,2699.422
1,822.608,104.785,2.0,10.455,2700.004
1,822.808,104.785,2.0,10.446,2700.585
1,823.008,104.785,2.0,10.439,2701.165
1,823.208,104.785,2.0,10.433,2701.745
1,823.408,104.785,2.0,10.429,2702.325
1,823.608,104.785,2.0,10.427,2702.904
1,823.808,104.785,2.0,10.425,2703.483
1,824.008,104.785,2.0,10.426,2704.062
1,824.208,104.785,2.0,10.427,2704.642
1,824.408,104.785,2.0,10.43,2705.221
1,824.608,104.785,2.0,10.434,2705.8
1,824.808,104.785,2.0,10.44,2706.38
1,825.008,104.785,2.0,10.447,2706.96
1,825.208,104.785,2.0,10.455,2707.54
1,825.408,104.785,2.0,10.465,2708.121
1,825.608,104.785,2.0,10.476,2708.703
1,825.808,104.785,2.0,10.488,2709.285
1,826.008,104.784,2.0,10.501,2709.867
1,826.208,104.784,2.0,10.515,2710.451
1,826.408,104.784,2.0,10.531,2711.035
1,826.608,104.784,2.0,10.549,2711.62
1,826.808,104.784,2.0,10.567,2712.206
1,827.008,104.784,2.0,10.588,2712.793
1,827.208,104.784,2.0,10.609,2713.381
1,827.408,104.784,2.0,10.633,2713.971
1,827.608,104.784,2.0,10.657,2714.561
1,827.808,104.784,2.0,10.683,2715.153
1,828.008,104.784,2.0,10.71,2715.747
1,828.208,104.784,2.0,10.739,2716.342
1,828.408,104.784,2.0,10.768,2716.938
1,828.608,104.784,2.0,10.799,2717.537
1,828.808,104.784,2.0,10.831,2718.137
1,829.008,104.784,2.0,10.865,2718.738
1,829.208,104.784,2.0,10.899,2719.342
1,829.408,104.784,2.0,10.935,2719.948
1,829.608,104.784,2.0,10.972,2720.555
1,829.808,104.784,2.0,11.01,2721.165
1,830.008,104.784,2.0,11.05,2721.776
1,830.208,104.784,2.0,11.091,2722.39
1,830.408,104.783,2.0,11.134,2723.006
1,830.608,104.783,2.0,11.177,2723.625
1,830.808,104.783,2.0,11.223,2724.246
1,831.008,104.783,2.0,11.269,2724.869
1,831.208,104.783,2.0,11.317,2725.495
1,831.408,104.783,2.0,11.366,2726.124
1,831.608,104.783,2.0,11.416,2726.756
1,831.808,104.783,2.0,11.467,2727.39
1,832.008,104.783,2.0,11.519,2728.027
1,832.208,104.783,2.0,11.572,2728.667
1,832.408,104.783,2.0,11.627,2729.31
1,832.608,104.783,2.0,11.682,2729.956
1,832.808,104.783,2.0,11.738,2730.605
1,833.008,104.783,2.0,11.794,2731.257
1,833.208,104.783,2.0,11.852,2731.912
1,833.408,104.783,2.0,11.91,2732.57
1,833.608,104.783,2.0,11.968,2733.232
1,833.808,104.783,2.0,12.028,2733.897
1,834.008,104.783,2.0,12.088,2734.565
1,834.208,104.783,2.0,12.149,2735.237
1,834.408,104.783,2.0,12.21,2735.912
1,834.608,104.782,2.0,12.271,2736.59
1,834.808,104.782,2.0,12.332,2737.272
1,835.008,104.782,2.0,12.393,2737.957
1,835.208,104.782,2.0,12.454,2738.645
1,835.408,104.782,2.0,12.516,2739.337
1,835.608,104.782,2.0,12.577,2740.033
1,835.808,104.782,2.0,12.638,2740.731
1,836.008,104.782,2.0,12.7,2741.433
1,836.208,104.782,2.0,12.761,2742.139
1,836.408,104.782,2.0,12.821,2742.848
1,836.608,104.782,2.0,12.882,2743.56
1,836.808,104.782,2.0,12.943,2744.276
1,837.008,104.782,2.0,13.003,2744.995
1,837.208,104.782,2.0,13.064,2745.717
1,837.408,104.782,2.0,13.123,2746.443
1,837.608,104.782,2.0,13.182,2747.172
1,837.808,104.782,2.0,13.24,2747.904
1,838.008,104.782,2.0,13.297,2748.64
1,838.208,104.782,2.0,13.354,2749.379
1,838.408,104.782,2.0,13.41,2750.121
1,838.608,104.782,2.0,13.465,2750.866
1,838.808,104.782,2.0,13.519,2751.614
1,839.008,104.781,2.0,13.572,2752.365
1,839.208,104.781,2.0,13.624,2753.119
1,839.408,104.781,2.0,13.675,2753.876
1,839.608,104.781,2.0,13.725,2754.635
1,839.808,104.781,2.0,13.773,2755.398
1,840.008,104.781,2.0,13.821,2756.163
1,840.208,104.781,2.0,13.868,2756.931
1,840.408,104.781,2.0,13.913,2757.701
1,840.608,104.781,2.0,13.958,2758.474
1,840.808,104.781,2.0,14.002,2759.25
1,841.008,104.781,2.0,14.045,2760.028
1,841.208,104.781,2.0,14.087,2760.808
1,841.408,104.781,2.0,14.128,2761.591
1,841.608,104.781,2.0,14.167,2762.375
1,841.808,104.781,2.0,14.206,2763.162
1,842.008,104.781,2.0,14.243,2763.952
1,842.208,104.781,2.0,14.279,2764.743
1,842.408,104.781,2.0,14.314,2765.536
1,842.608,104.781,2.0,14.347,2766.331
1,842.808,104.781,2.0,14.38,2767.128
1,843.008,104.781,2.0,14.412,2767.927
1,843.208,104.781,2.0,14.443,2768.728
1,843.408,104.78,2.0,14.473,2769.53
1,843.608,104.78,2.0,14.502,2770.334
1,843.808,104.78,2.0,14.53,2771.14
1,844.008,104.78,2.0,14.558,2771.947
1,844.208,104.78,2.0,14.586,2772.756
1,844.408,104.78,2.0,14.613,2773.566
1,844.608,104.78,2.0,14.641,2774.378
1,844.808,104.78,2.0,14.668,2775.192
1,845.008,104.78,2.0,14.695,2776.006
1,845.208,104.78,2.0,14.721,2776.823
1,845.408,104.78,2.0,14.747,2777.641
1,845.608,104.78,2.0,14.773,2778.46
1,845.808,104.78,2.0,14.798,2779.281
1,846.008,104.78,2.0,14.823,2780.103
1,846.208,104.78,2.0,14.848,2780.926
1,846.408,104.78,2.0,14.873,2781.751
1,846.608,104.78,2.0,14.898,2782.578
1,846.808,104.78,2.0,14.922,2783.405
1,847.008,104.78,2.0,14.947,2784.234
1,847.208,104.78,2.0,14.971,2785.065
1,847.408,104.78,2.0,14.995,2785.896
1,847.608,104.78,2.0,15.019,2786.729
1,847.808,104.779,2.0,15.042,2787.564
1,848.008,104.779,2.0,15.065,2788.399
1,848.208,104.779,2.0,15.088,2789.236
1,848.408,104.779,2.0,15.11,2790.075
1,848.608,104.779,2.0,15.132,2790.914
1,848.808,104.779,2.0,15.153,2791.755
1,849.008,104.779,2.0,15.174,2792.596
1,849.208,104.779,2.0,15.194,2793.439
1,849.408,104.779,2.0,15.214,2794.284
1,849.608,104.779,2.0,15.233,2795.129
1,849.808,104.779,2.0,15.252,2795.975
1,850.008,104.779,2.0,15.271,2796.822
1,850.208,104.779,2.0,15.289,2797.671
1,850.408,104.779,2.0,15.307,2798.52
1,850.608,104.779,2.0,15.324,2799.37
1,850.808,104.779,2.0,15.341,2800.222
1,851.008,104.779,2.0,15.358,2801.074
1,851.208,104.779,2.0,15.374,2801.927
1,851.408,104.779,2.0,15.389,2802.781
1,851.608,104.779,2.0,15.402,2803.636
1,851.808,104.779,2.0,15.415,2804.492
1,852.008,104.779,2.0,15.427,2805.348
1,852.208,104.778,2.0,15.437,2806.206
1,852.408,104.778,2.0,15.447,2807.063
1,852.608,104.778,2.0,15.455,2807.921
1,852.808,104.778,2.0,15.461,2808.78
1,853.008,104.778,2.0,15.466,2809.639
1,853.208,104.778,2.0,15.47,2810.498
1,853.408,104.778,2.0,15.473,2811.358
1,853.608,104.778,2.0,15.474,2812.217
1,853.808,104.778,2.0,15.474,2813.077
1,854.008,104.778,2.0,15.473,2813.937
1,854.208,104.778,2.0,15.47,2814.796
1,854.408,104.778,2.0,15.466,2815.656
1,854.608,104.778,2.0,15.46,2816.515
1,854.808,104.778,2.0,15.452,2817.374
1,855.008,104.778,2.0,15.442,2818.232
1,855.208,104.778,2.0,15.43,2819.09
1,855.408,104.778,2.0,15.416,2819.947
1,855.608,104.778,2.0,15.399,2820.804
1,855.808,104.778,2.0,15.381,2821.659
1,856.008,104.778,2.0,15.361,2822.514
1,856.208,104.778,2.0,15.338,2823.367
1,856.408,104.778,2.0,15.314,2824.219
1,856.608,104.777,2.0,15.288,2825.07
1,856.808,104.777,2.0,15.259,2825.919
1,857.008,104.777,2.0,15.228,2826.767
1,857.208,104.777,2.0,15.195,2827.613
1,857.408,104.777,2.0,15.16,2828.457
1,857.608,104.777,2.0,15.123,2829.299
1,857.808,104.777,2.0,15.084,2830.14
1,858.008,104.777,2.0,15.043,2830.978
1,858.208,104.777,2.0,15.0,2831.813
1,858.408,104.777,2.0,14.955,2832.647
1,858.608,104.777,2.0,14.908,2833.477
1,858.808,104.777,2.0,14.859,2834.306
1,859.008,104.777,2.0,14.808,2835.131
1,859.208,104.777,2.0,14.756,2835.954
1,859.408,104.777,2.0,14.703,2836.774
1,859.608,104.777,2.0,14.65,2837.59
1,859.808,104.777,2.0,14.597,2838.404
1,860.008,104.777,2.0,14.544,2839.215
1,860.208,104.777,2.0,14.49,2840.023
1,860.408,104.777,2.0,14.436,2840.828
1,860.608,104.777,2.0,14.383,2841.63
1,860.808,104.777,2.0,14.331,2842.429
1,861.008,104.776,2.0,14.279,2843.225
1,861.208,104.776,2.0,14.227,2844.019
1,861.408,104.776,2.0,14.177,2844.809
1,861.608,104.776,2.0,14.127,2845.597
1,861.808,104.776,2.0,14.077,2846.382
1,862.008,104.776,2.0,14.028,2847.164
1,862.208,104.776,2.0,13.979,2847.943
1,862.408,104.776,2.0,13.93,2848.72
1,862.608,104.776,2.0,13.881,2849.493
1,862.808,104.776,2.0,13.833,2850.265
1,863.008,104.776,2.0,13.785,2851.033
1,863.208,104.776,2.0,13.738,2851.799
1,863.408,104.776,2.0,13.692,2852.562
1,863.608,104.776,2.0,13.646,2853.323
1,863.808,104.776,2.0,13.601,2854.081
1,864.008,104.776,2.0,13.557,2854.837
1,864.208,104.776,2.0,13.513,2855.59
1,864.408,104.776,2.0,13.47,2856.34
1,864.608,104.776,2.0,13.428,2857.089
1,864.808,104.776,2.0,13.386,2857.835
1,865.008,104.776,2.0,13.345,2858.579
1,865.208,104.776,2.0,13.304,2859.32
1,865.408,104.775,2.0,13.263,2860.059
1,865.608,104.775,2.0,13.223,2860.796
1,865.808,104.775,2.0,13.183,2861.53
1,866.008,104.775,2.0,13.144,2862.263
1,866.208,104.775,2.0,13.105,2862.993
1,866.408,104.775,2.0,13.066,2863.721
1,866.608,104.775,2.0,13.027,2864.447
1,866.808,104.775,2.0,12.989,2865.171
1,867.008,104.775,2.0,12.951,2865.892
1,867.208,104.775,2.0,12.914,2866.612
1,867.408,104.775,2.0,12.877,2867.329
1,867.608,104.775,2.0,12.842,2868.045
1,867.808,104.775,2.0,12.807,2868.758
1,868.008,104.775,2.0,12.773,2869.469
1,868.208,104.775,2.0,12.739,2870.179
1,868.408,104.775,2.0,12.707,2870.887
1,868.608,104.775,2.0,12.674,2871.593
1,868.808,104.775,2.0,12.643,2872.297
1,869.008,104.775,2.0,12.611,2872.999
1,869.208,104.775,2.0,12.581,2873.7
1,869.408,104.775,2.0,12.55,2874.399
1,869.608,104.775,2.0,12.521,2875.096
1,869.808,104.774,2.0,12.491,2875.792
1,870.008,104.774,2.0,12.463,2876.486
1,870.208,104.774,2.0,12.435,2877.178
1,870.408,104.774,2.0,12.409,2877.869
1,870.608,104.774,2.0,12.383,2878.558
1,870.808,104.774,2.0,12.357,2879.246
1,871.008,104.774,2.0,12.333,2879.933
1,871.208,104.774,2.0,12.309,2880.618
1,871.408,104.774,2.0,12.286,2881.302
1,871.608,104.774,2.0,12.264,2881.984
1,871.808,104.774,2.0,12.243,2882.666
1,872.008,104.774,2.0,12.222,2883.346
1,872.208,104.774,2.0,12.202,2884.025
1,872.408,104.774,2.0,12.183,2884.703
1,872.608,104.774,2.0,12.165,2885.379
1,872.808,104.774,2.0,12.147,2886.055
1,873.008,104.774,2.0,12.13,2886.73
1,873.208,104.774,2.0,12.114,2887.404
1,873.408,104.774,2.0,12.099,2888.077
1,873.608,104.774,2.0,12.085,2888.749
1,873.808,104.774,2.0,12.071,2889.421
1,874.008,104.774,2.0,12.058,2890.091
1,874.208,104.773,2.0,12.046,2890.761
1,874.408,104.773,2.0,12.035,2891.43
1,874.608,104.773,2.0,12.025,2892.099
1,874.808,104.773,2.0,12.017,2892.767
1,875.008,104.773,2.0,12.01,2893.435
1,875.208,104.773,2.0,12.003,2894.102
1,875.408,104.773,2.0,11.998,2894.769
1,875.608,104.773,2.0,11.995,2895.435
1,875.808,104.773,2.0,11.992,2896.102
1,876.008,104.773,2.0,11.992,2896.768
1,876.208,104.773,2.0,11.993,2897.434
1,876.408,104.773,2.0,11.997,2898.1
1,876.608,104.773,2.0,12.002,2898.767
1,876.808,104.773,2.0,12.008,2899.434
1,877.008,104.773,2.0,12.017,2900.101
1,877.208,104.773,2.0,12.027,2900.768
1,877.408,104.773,2.0,12.04,2901.436
1,877.608,104.773,2.0,12.056,2902.105
1,877.808,104.773,2.0,12.074,2902.775
1,878.008,104.773,2.0,12.095,2903.446
1,878.208,104.773,2.0,12.119,2904.118
1,878.408,104.773,2.0,12.145,2904.791
1,878.608,104.772,2.0,12.173,2905.466
1,878.808,104.772,2.0,12.205,2906.142
1,879.008,104.772,2.0,12.239,2906.82
1,879.208,104.772,2.0,12.276,2907.5
1,879.408,104.772,2.0,12.316,2908.182
1,879.608,104.772,2.0,12.359,2908.866
1,879.808,104.772,2.0,12.405,2909.553
1,880.008,104.772,2.0,12.453,2910.242
1,880.208,104.772,2.0,12.505,2910.934
1,880.408,104.772,2.0,12.559,2911.629
1,880.608,104.772,2.0,12.615,2912.326
1,880.808,104.772,2.0,12.674,2913.027
1,881.008,104.772,2.0,12.735,2913.731
1,881.208,104.772,2.0,12.799,2914.439
1,881.408,104.772,2.0,12.866,2915.15
1,881.608,104.772,2.0,12.935,2915.865
1,881.808,104.772,2.0,13.005,2916.583
1,882.008,104.772,2.0,13.077,2917.306
1,882.208,104.772,2.0,13.151,2918.032
1,882.408,104.772,2.0,13.226,2918.763
1,882.608,104.772,2.0,13.303,2919.498
1,882.808,104.772,2.0,13.381,2920.237
1,883.008,104.771,2.0,13.461,2920.98
1,883.208,104.771,2.0,13.542,2921.728
1,883.408,104.771,2.0,13.624,2922.48
1,883.608,104.771,2.0,13.707,2923.237
1,883.808,104.771,2.0,13.791,2923.999
1,884.008,104.771,2.0,13.875,2924.765
1,884.208,104.771,2.0,13.961,2925.536
1,884.408,104.771,2.0,14.049,2926.311
1,884.608,104.771,2.0,14.138,2927.092
1,884.808,104.771,2.0,14.229,2927.877
1,885.008,104.771,2.0,14.322,2928.668
1,885.208,104.771,2.0,14.416,2929.463
1,885.408,104.771,2.0,14.513,2930.264
1,885.608,104.771,2.0,14.611,2931.07
1,885.808,104.771,2.0,14.71,2931.882
1,886.008,104.771,2.0,14.812,2932.699
1,886.208,104.771,2.0,14.915,2933.522
1,886.408,104.771,2.0,15.02,2934.351
1,886.608,104.771,2.0,15.126,2935.185
1,886.808,104.771,2.0,15.235,2936.026
1,887.008,104.771,2.0,15.346,2936.872
1,887.208,104.771,2.0,15.46,2937.725
1,887.408,104.77,2.0,15.576,2938.583
1,887.608,104.77,2.0,15.695,2939.449
1,887.808,104.77,2.0,15.816,2940.321
1,888.008,104.77,2.0,15.943,2941.199
1,888.208,104.77,2.0,16.077,2942.085
1,888.408,104.77,2.0,16.22,2942.978
1,888.608,104.77,2.0,16.371,2943.879
1,888.808,104.77,2.0,16.531,2944.789
1,889.008,104.77,2.0,16.7,2945.707
1,889.208,104.77,2.0,16.875,2946.635
1,889.408,104.77,2.0,17.055,2947.573
1,889.608,104.775,1.6862,17.243,2948.52
1,889.808,104.781,1.3346,17.415,2949.478
1,890.008,104.787,1.0104,17.57,2950.446
1,890.208,104.792,0.716,17.71,2951.422
1,890.408,104.797,0.4361,17.836,2952.406
1,890.608,104.802,0.1702,17.949,2953.396
1,890.808,104.805,0.0,18.052,2954.394
1,891.008,104.805,0.0,18.149,2955.396
1,891.208,104.805,0.0,18.253,2956.405
1,891.408,104.805,0.0,18.363,2957.419
1,891.608,104.805,0.0,18.48,2958.439
1,891.808,104.805,0.0,18.603,2959.466
1,892.008,104.805,0.0,18.733,2960.499
1,892.208,104.805,0.0,18.869,2961.54
1,892.408,104.805,0.0,19.012,2962.588
1,892.608,104.805,0.0,19.162,2963.644
1,892.808,104.805,0.0,19.318,2964.709
1,893.008,104.805,0.0,19.481,2965.782
1,893.208,104.805,0.0,19.651,2966.864
1,893.408,104.805,0.0,19.826,2967.956
1,893.608,104.805,0.0,20.008,2969.058
1,893.808,104.805,0.0,20.196,2970.169
1,894.008,104.805,0.0,20.391,2971.291
1,894.208,104.805,0.0,20.59,2972.424
1,894.408,104.805,0.0,20.796,2973.568
1,894.608,104.805,0.0,21.006,2974.723
1,894.808,104.805,0.0,21.222,2975.89
1,895.008,104.805,0.0,21.443,2977.069
1,895.208,104.805,0.0,21.667,2978.261
1,895.408,104.805,0.0,21.895,2979.464
1,895.608,104.805,0.0,22.128,2980.681
1,895.808,104.805,0.0,22.362,2981.91
1,896.008,104.805,0.0,22.597,2983.152
1,896.208,104.805,0.0,22.833,2984.408
1,896.408,104.805,0.0,23.069,2985.676
1,896.608,104.805,0.0,23.303,2986.958
1,896.808,104.805,0.0,23.536,2988.252
1,897.008,104.805,0.0,23.766,2989.56
1,897.208,104.805,0.0,23.993,2990.88
1,897.408,104.805,0.0,24.217,2992.213
1,897.608,104.805,0.0,24.436,2993.559
1,897.808,104.805,0.0,24.649,2994.916
1,898.008,104.805,0.0,24.858,2996.286
1,898.208,104.805,0.0,25.06,2997.667
1,898.408,104.805,0.0,25.254,2999.059
1,898.608,104.805,0.0,25.441,3000.462
1,898.808,104.805,0.0,25.62,3001.875
1,899.008,104.805,0.0,25.789,3003.299
1,899.208,104.805,0.0,25.949,3004.731
1,899.408,104.805,0.0,26.1,3006.173
1,899.608,104.805,0.0,26.239,3007.623
1,899.808,104.805,0.0,26.368,3009.081
1,900.008,104.805,0.0,26.485,3010.546
1,900.208,104.805,0.0,26.59,3012.017
1,900.408,104.805,0.0,26.683,3013.494
1,900.608,104.805,0.0,26.763,3014.977
1,900.808,104.805,0.0,26.831,3016.463
1,901.008,104.805,0.0,26.886,3017.954
1,901.208,104.805,0.0,26.926,3019.448
1,901.408,104.805,0.0,26.954,3020.944
1,901.608,104.805,0.0,26.967,3022.441
1,901.808,104.805,0.0,26.965,3023.939
1,902.008,104.805,0.0,26.949,3025.437
1,902.208,104.805,0.0,26.919,3026.934
1,902.408,104.805,0.0,26.872,3028.43
1,902.608,104.805,0.0,26.81,3029.923
1,902.808,104.805,0.0,26.732,3031.412
1,903.008,104.805,0.0,26.637,3032.897
1,903.208,104.805,0.0,26.526,3034.377
1,903.408,104.805,0.0,26.399,3035.851
1,903.608,104.805,0.0,26.254,3037.317
1,903.808,104.805,0.0,26.093,3038.776
1,904.008,104.805,0.0,25.914,3040.226
1,904.208,104.805,0.0,25.719,3041.665
1,904.408,104.805,0.0,25.508,3043.094
1,904.608,104.805,0.0,25.28,3044.511
1,904.808,104.805,0.0,25.036,3045.916
1,905.008,104.805,0.0,24.776,3047.307
1,905.208,104.805,0.0,24.501,3048.683
1,905.408,104.805,0.0,24.212,3050.044
1,905.608,104.805,0.0,23.908,3051.389
1,905.808,104.805,0.0,23.592,3052.718
1,906.008,104.805,0.0,23.264,3054.028
1,906.208,104.805,0.0,22.924,3055.321
1,906.408,104.804,0.0084,22.573,3056.594
1,906.608,104.79,0.8577,22.213,3057.848
1,906.808,104.777,1.6146,21.888,3059.082
1,907.008,104.77,2.0,21.596,3060.298
1,907.208,104.77,2.0,21.317,3061.498
1,907.408,104.77,2.0,21.034,3062.682
1,907.608,104.77,2.0,20.745,3063.851
1,907.808,104.77,2.0,20.451,3065.003
1,908.008,104.77,2.0,20.153,3066.14
1,908.208,104.77,2.0,19.863,3067.259
1,908.408,104.769,2.0,19.579,3068.363
1,908.608,104.769,2.0,19.303,3069.45
1,908.808,104.769,2.0,19.033,3070.523
1,909.008,104.769,2.0,18.772,3071.58
1,909.208,104.769,2.0,18.52,3072.623
1,909.408,104.769,2.0,18.278,3073.652
1,909.608,104.769,2.0,18.044,3074.667
1,909.808,104.769,2.0,17.819,3075.67
1,910.008,104.769,2.0,17.598,3076.66
1,910.208,104.769,2.0,17.379,3077.637
1,910.408,104.769,2.0,17.162,3078.603
1,910.608,104.769,2.0,16.946,3079.556
1,910.808,104.769,2.0,16.732,3080.498
1,911.008,104.769,2.0,16.519,3081.427
1,911.208,104.769,2.0,16.309,3082.345
1,911.408,104.769,2.0,16.101,3083.251
1,911.608,104.769,2.0,15.895,3084.146
1,911.808,104.769,2.0,15.691,3085.029
1,912.008,104.769,2.0,15.489,3085.901
1,912.208,104.769,2.0,15.29,3086.761
1,912.408,104.769,2.0,15.094,3087.611
1,912.608,104.769,2.0,14.9,3088.449
1,912.808,104.768,2.0,14.708,3089.277
1,913.008,104.768,2.0,14.519,3090.094
1,913.208,104.768,2.0,14.333,3090.901
1,913.408,104.768,2.0,14.151,3091.697
1,913.608,104.768,2.0,13.971,3092.483
1,913.808,104.768,2.0,13.795,3093.259
1,914.008,104.768,2.0,13.622,3094.026
1,914.208,104.768,2.0,13.453,3094.782
1,914.408,104.768,2.0,13.287,3095.53
1,914.608,104.768,2.0,13.125,3096.268
1,914.808,104.768,2.0,12.966,3096.997
1,915.008,104.768,2.0,12.812,3097.717
1,915.208,104.768,2.0,12.661,3098.429
1,915.408,104.768,2.0,12.514,3099.133
1,915.608,104.768,2.0,12.371,3099.828
1,915.808,104.768,2.0,12.232,3100.515
1,916.008,104.768,2.0,12.097,3101.195
1,916.208,104.768,2.0,11.966,3101.867
1,916.408,104.768,2.0,11.84,3102.532
1,916.608,104.768,2.0,11.718,3103.189
1,916.808,104.768,2.0,11.599,3103.84
1,917.008,104.768,2.0,11.485,3104.485
1,917.208,104.767,2.0,11.375,3105.123
1,917.408,104.767,2.0,11.269,3105.755
1,917.608,104.767,2.0,11.167,3106.381
1,917.808,104.767,2.0,11.068,3107.001
1,918.008,104.767,2.0,10.974,3107.616
1,918.208,104.767,2.0,10.883,3108.226
1,918.408,104.767,2.0,10.796,3108.83
1,918.608,104.767,2.0,10.712,3109.43
1,918.808,104.767,2.0,10.632,3110.025
1,919.008,104.767,2.0,10.555,3110.616
1,919.208,104.767,2.0,10.483,3111.202
1,919.408,104.767,2.0,10.414,3111.785
1,919.608,104.767,2.0,10.349,3112.363
1,919.808,104.767,2.0,10.288,3112.938
1,920.008,104.767,2.0,10.231,3113.51
1,920.208,104.767,2.0,10.177,3114.078
1,920.408,104.767,2.0,10.126,3114.643
1,920.608,104.767,2.0,10.079,3115.206
1,920.808,104.767,2.0,10.036,3115.766
1,921.008,104.767,2.0,9.995,3116.324
1,921.208,104.767,2.0,9.958,3116.879
1,921.408,104.766,2.0,9.924,3117.432
1,921.608,104.766,2.0,9.893,3117.983
1,921.808,104.766,2.0,9.864,3118.533
1,922.008,104.766,2.0,9.839,3119.081
1,922.208,104.766,2.0,9.816,3119.628
1,922.408,104.766,2.0,9.796,3120.173
1,922.608,104.766,2.0,9.779,3120.717
1,922.808,104.766,2.0,9.764,3121.26
1,923.008,104.766,2.0,9.752,3121.803
1,923.208,104.766,2.0,9.741,3122.345
1,923.408,104.766,2.0,9.733,3122.886
1,923.608,104.766,2.0,9.727,3123.427
1,923.808,104.766,2.0,9.723,3123.967
1,924.008,104.766,2.0,9.721,3124.507
1,924.208,104.766,2.0,9.721,3125.047
1,924.408,104.766,2.0,9.724,3125.587
1,924.608,104.766,2.0,9.727,3126.128
1,924.808,104.766,2.0,9.733,3126.668
1,925.008,104.766,2.0,9.74,3127.209
1,925.208,104.766,2.0,9.748,3127.75
1,925.408,104.766,2.0,9.758,3128.291
1,925.608,104.766,2.0,9.77,3128.833
1,925.808,104.765,2.0,9.783,3129.376
1,926.008,104.765,2.0,9.797,3129.92
1,926.208,104.765,2.0,9.813,3130.464
1,926.408,104.765,2.0,9.83,3131.009
1,926.608,104.765,2.0,9.848,3131.555
1,926.808,104.765,2.0,9.867,3132.102
1,927.008,104.765,2.0,9.887,3132.651
1,927.208,104.765,2.0,9.909,3133.2
1,927.408,104.765,2.0,9.931,3133.75
1,927.608,104.765,2.0,9.954,3134.302
1,927.808,104.765,2.0,9.978,3134.855
1,928.008,104.765,2.0,10.004,3135.409
1,928.208,104.765,2.0,10.029,3135.965
1,928.408,104.765,2.0,10.056,3136.522
1,928.608,104.765,2.0,10.083,3137.081
1,928.808,104.765,2.0,10.11,3137.641
1,929.008,104.765,2.0,10.138,3138.203
1,929.208,104.765,2.0,10.167,3138.766
1,929.408,104.765,2.0,10.196,3139.331
1,929.608,104.765,2.0,10.225,3139.897
1,929.808,104.765,2.0,10.255,3140.465
1,930.008,104.765,2.0,10.286,3141.035
1,930.208,104.764,2.0,10.317,3141.607
1,930.408,104.764,2.0,10.349,3142.18
1,930.608,104.764,2.0,10.382,3142.755
1,930.808,104.764,2.0,10.415,3143.331
1,931.008,104.764,2.0,10.449,3143.91
1,931.208,104.764,2.0,10.483,3144.49
1,931.408,104.764,2.0,10.518,3145.073
1,931.608,104.764,2.0,10.554,3145.657
1,931.808,104.764,2.0,10.59,3146.244
1,932.008,104.764,2.0,10.626,3146.832
1,932.208,104.764,2.0,10.663,3147.422
1,932.408,104.764,2.0,10.701,3148.015
1,932.608,104.764,2.0,10.739,3148.609
1,932.808,104.764,2.0,10.777,3149.206
1,933.008,104.764,2.0,10.816,3149.804
1,933.208,104.764,2.0,10.856,3150.405
1,933.408,104.764,2.0,10.896,3151.008
1,933.608,104.764,2.0,10.938,3151.614
1,933.808,104.764,2.0,10.98,3152.221
1,934.008,104.764,2.0,11.024,3152.831
1,934.208,104.764,2.0,11.069,3153.444
1,934.408,104.764,2.0,11.115,3154.059
1,934.608,104.763,2.0,11.162,3154.676
1,934.808,104.763,2.0,11.21,3155.296
1,935.008,104.763,2.0,11.259,3155.919
1,935.208,104.763,2.0,11.309,3156.545
1,935.408,104.763,2.0,11.361,3157.173
1,935.608,104.763,2.0,11.414,3157.804
1,935.808,104.763,2.0,11.468,3158.438
1,936.008,104.763,2.0,11.523,3159.075
1,936.208,104.763,2.0,11.579,3159.715
1,936.408,104.763,2.0,11.637,3160.359
1,936.608,104.763,2.0,11.696,3161.005
1,936.808,104.763,2.0,11.756,3161.655
1,937.008,104.763,2.0,11.818,3162.308
1,937.208,104.763,2.0,11.88,3162.965
1,937.408,104.763,2.0,11.945,3163.625
1,937.608,104.763,2.0,12.01,3164.288
1,937.808,104.763,2.0,12.077,3164.956
1,938.008,104.763,2.0,12.146,3165.626
1,938.208,104.763,2.0,12.215,3166.301
1,938.408,104.763,2.0,12.286,3166.98
1,938.608,104.763,2.0,12.358,3167.662
1,938.808,104.763,2.0,12.431,3168.349
1,939.008,104.762,2.0,12.505,3169.04
1,939.208,104.762,2.0,12.58,3169.734
1,939.408,104.762,2.0,12.657,3170.433
1,939.608,104.762,2.0,12.735,3171.136
1,939.808,104.762,2.0,12.813,3171.844
1,940.008,104.762,2.0,12.893,3172.556
1,940.208,104.762,2.0,12.974,3173.272
1,940.408,104.762,2.0,13.057,3173.993
1,940.608,104.762,2.0,13.14,3174.718
1,940.808,104.762,2.0,13.224,3175.448
1,941.008,104.762,2.0,13.31,3176.183
1,941.208,104.762,2.0,13.396,3176.922
1,941.408,104.762,2.0,13.482,3177.666
1,941.608,104.762,2.0,13.569,3178.415
1,941.808,104.762,2.0,13.657,3179.169
1,942.008,104.762,2.0,13.746,3179.928
1,942.208,104.762,2.0,13.835,3180.692
1,942.408,104.762,2.0,13.925,3181.46
1,942.608,104.762,2.0,14.015,3182.234
1,942.808,104.762,2.0,14.106,3183.013
1,943.008,104.762,2.0,14.198,3183.796
1,943.208,104.762,2.0,14.29,3184.585
1,943.408,104.761,2.0,14.382,3185.379
1,943.608,104.761,2.0,14.475,3186.178
1,943.808,104.761,2.0,14.569,3186.982
1,944.008,104.761,2.0,14.663,3187.791
1,944.208,104.761,2.0,14.757,3188.606
1,944.408,104.761,2.0,14.852,3189.426
1,944.608,104.761,2.0,14.948,3190.251
1,944.808,104.761,2.0,15.044,3191.081
1,945.008,104.761,2.0,15.14,3191.917
1,945.208,104.761,2.0,15.237,3192.758
1,945.408,104.761,2.0,15.335,3193.605
1,945.608,104.761,2.0,15.434,3194.457
1,945.808,104.761,2.0,15.533,3195.314
1,946.008,104.761,2.0,15.632,3196.177
1,946.208,104.761,2.0,15.732,3197.046
1,946.408,104.761,2.0,15.831,3197.92
1,946.608,104.761,2.0,15.931,3198.799
1,946.808,104.761,2.0,16.031,3199.684
1,947.008,104.761,2.0,16.131,3200.575
1,947.208,104.761,2.0,16.232,3201.471
1,947.408,104.761,2.0,16.332,3202.373
1,947.608,104.761,2.0,16.433,3203.28
1,947.808,104.76,2.0,16.534,3204.193
1,948.008,104.76,2.0,16.636,3205.112
1,948.208,104.76,2.0,16.738,3206.036
1,948.408,104.76,2.0,16.839,3206.966
1,948.608,104.76,2.0,16.94,3207.901
1,948.808,104.76,2.0,17.041,3208.842
1,949.008,104.76,2.0,17.142,3209.789
1,949.208,104.76,2.0,17.242,3210.741
1,949.408,104.76,2.0,17.342,3211.699
1,949.608,104.76,2.0,17.443,3212.663
1,949.808,104.76,2.0,17.545,3213.632
1,950.008,104.76,2.0,17.646,3214.606
1,950.208,104.76,2.0,17.749,3215.587
1,950.408,104.76,2.0,17.851,3216.573
1,950.608,104.761,1.9535,17.954,3217.565
1,950.808,104.763,1.7906,18.055,3218.562
1,951.008,104.766,1.6397,18.146,3219.565
1,951.208,104.768,1.5085,18.228,3220.573
1,951.408,104.77,1.3942,18.302,3221.586
1,951.608,104.772,1.2896,18.368,3222.603
1,951.808,104.774,1.1938,18.428,3223.623
1,952.008,104.775,1.106,18.482,3224.647
1,952.208,104.776,1.0477,18.531,3225.674
1,952.408,104.777,1.008,18.574,3226.703
1,952.608,104.777,0.9746,18.614,3227.735
1,952.808,104.778,0.9469,18.649,3228.769
1,953.008,104.778,0.9246,18.681,3229.805
1,953.208,104.778,0.9286,18.71,3230.843
1,953.408,104.778,0.942,18.736,3231.882
1,953.608,104.778,0.9595,18.759,3232.923
1,953.808,104.777,0.9806,18.78,3233.966
1,954.008,104.777,1.0047,18.799,3235.009
1,954.208,104.777,1.008,18.816,3236.053
1,954.408,104.776,1.0138,18.831,3237.099
1,954.608,104.776,1.022,18.845,3238.145
1,954.808,104.776,1.0323,18.858,3239.192
1,955.008,104.776,1.0441,18.869,3240.239
1,955.208,104.776,1.0561,18.879,3241.288
1,955.408,104.775,1.0698,18.888,3242.336
1,955.608,104.775,1.0848,18.896,3243.386
1,955.808,104.775,1.1011,18.903,3244.436
1,956.008,104.774,1.1208,18.91,3245.486
1,956.208,104.774,1.1441,18.915,3246.536
1,956.408,104.774,1.1684,18.921,3247.587
1,956.608,104.773,1.1936,18.925,3248.638
1,956.808,104.773,1.2195,18.93,3249.69
1,957.008,104.772,1.2553,18.933,3250.741
1,957.208,104.771,1.2957,18.937,3251.793
1,957.408,104.77,1.3366,18.94,3252.845
1,957.608,104.77,1.3781,18.943,3253.897
1,957.808,104.769,1.42,18.945,3254.95
1,958.008,104.768,1.4633,18.947,3256.002
1,958.208,104.767,1.5071,18.949,3257.055
1,958.408,104.767,1.5512,18.951,3258.108
1,958.608,104.766,1.5956,18.952,3259.16
1,958.808,104.765,1.6446,18.953,3260.213
1,959.008,104.764,1.7109,18.955,3261.266
1,959.208,104.763,1.7774,18.956,3262.319
1,959.408,104.761,1.8442,18.956,3263.372
1,959.608,104.76,1.9111,18.957,3264.426
1,959.808,104.759,1.98,18.958,3265.479
1,960.008,104.758,2.0,18.958,3266.532
1,960.208,104.758,2.0,18.955,3267.585
1,960.408,104.758,2.0,18.948,3268.638
1,960.608,104.758,2.0,18.936,3269.691
1,960.808,104.758,2.0,18.92,3270.743
1,961.008,104.758,2.0,18.899,3271.794
1,961.208,104.758,2.0,18.873,3272.844
1,961.408,104.758,2.0,18.842,3273.892
1,961.608,104.758,2.0,18.806,3274.939
1,961.808,104.758,2.0,18.764,3275.984
1,962.008,104.758,2.0,18.719,3277.026
1,962.208,104.758,2.0,18.669,3278.066
1,962.408,104.758,2.0,18.614,3279.104
1,962.608,104.758,2.0,18.555,3280.138
1,962.808,104.758,2.0,18.492,3281.169
1,963.008,104.758,2.0,18.425,3282.196
1,963.208,104.758,2.0,18.353,3283.219
1,963.408,104.758,2.0,18.277,3284.239
1,963.608,104.758,2.0,18.197,3285.254
1,963.808,104.758,2.0,18.113,3286.265
1,964.008,104.758,2.0,18.027,3287.272
1,964.208,104.758,2.0,17.937,3288.273
1,964.408,104.757,2.0,17.846,3289.27
1,964.608,104.757,2.0,17.751,3290.261
1,964.808,104.757,2.0,17.654,3291.247
1,965.008,104.757,2.0,17.556,3292.228
1,965.208,104.757,2.0,17.454,3293.203
1,965.408,104.757,2.0,17.351,3294.173
1,965.608,104.757,2.0,17.246,3295.137
1,965.808,104.757,2.0,17.139,3296.095
1,966.008,104.757,2.0,17.031,3297.047
1,966.208,104.757,2.0,16.923,3297.994
1,966.408,104.757,2.0,16.813,3298.934
1,966.608,104.757,2.0,16.703,3299.868
1,966.808,104.757,2.0,16.593,3300.796
1,967.008,104.757,2.0,16.482,3301.718
1,967.208,104.757,2.0,16.37,3302.633
1,967.408,104.757,2.0,16.258,3303.543
1,967.608,104.757,2.0,16.145,3304.446
1,967.808,104.757,2.0,16.031,3305.343
1,968.008,104.757,2.0,15.917,3306.233
1,968.208,104.757,2.0,15.803,3307.118
1,968.408,104.757,2.0,15.688,3307.996
1,968.608,104.756,2.0,15.572,3308.867
1,968.808,104.756,2.0,15.456,3309.732
1,969.008,104.756,2.0,15.34,3310.591
1,969.208,104.756,2.0,15.223,3311.443
1,969.408,104.756,2.0,15.106,3312.289
1,969.608,104.756,2.0,14.989,3313.128
1,969.808,104.756,2.0,14.871,3313.961
1,970.008,104.756,2.0,14.754,3314.787
1,970.208,104.756,2.0,14.636,3315.607
1,970.408,104.756,2.0,14.517,3316.42
1,970.608,104.756,2.0,14.398,3317.226
1,970.808,104.756,2.0,14.278,3318.026
1,971.008,104.756,2.0,14.158,3318.819
1,971.208,104.756,2.0,14.038,3319.606
1,971.408,104.756,2.0,13.917,3320.386
1,971.608,104.756,2.0,13.795,3321.159
1,971.808,104.756,2.0,13.673,3321.925
1,972.008,104.756,2.0,13.551,3322.685
1,972.208,104.756,2.0,13.428,3323.438
1,972.408,104.756,2.0,13.305,3324.184
1,972.608,104.756,2.0,13.182,3324.923
1,972.808,104.756,2.0,13.058,3325.655
1,973.008,104.755,2.0,12.934,3326.381
1,973.208,104.755,2.0,12.811,3327.099
1,973.408,104.755,2.0,12.688,3327.811
1,973.608,104.755,2.0,12.565,3328.516
1,973.808,104.755,2.0,12.443,3329.214
1,974.008,104.755,2.0,12.321,3329.905
1,974.208,104.755,2.0,12.2,3330.59
1,974.408,104.755,2.0,12.08,3331.268
1,974.608,104.755,2.0,11.962,3331.939
1,974.808,104.755,2.0,11.844,3332.603
1,975.008,104.755,2.0,11.728,3333.261
1,975.208,104.755,2.0,11.614,3333.913
1,975.408,104.755,2.0,11.501,3334.558
1,975.608,104.755,2.0,11.389,3335.197
1,975.808,104.755,2.0,11.279,3335.83
1,976.008,104.755,2.0,11.171,3336.456
1,976.208,104.755,2.0,11.066,3337.077
1,976.408,104.755,2.0,10.962,3337.692
1,976.608,104.755,2.0,10.861,3338.301
1,976.808,104.755,2.0,10.762,3338.904
1,977.008,104.755,2.0,10.665,3339.502
1,977.208,104.755,2.0,10.571,3340.095
1,977.408,104.754,2.0,10.479,3340.682
1,977.608,104.754,2.0,10.39,3341.264
1,977.808,104.754,2.0,10.304,3341.841
1,978.008,104.754,2.0,10.221,3342.414
1,978.208,104.754,2.0,10.141,3342.981
1,978.408,104.754,2.0,10.064,3343.545
1,978.608,104.754,2.0,9.99,3344.104
1,978.808,104.754,2.0,9.919,3344.659
1,979.008,104.754,2.0,9.851,3345.21
1,979.208,104.754,2.0,9.786,3345.757
1,979.408,104.754,2.0,9.724,3346.301
1,979.608,104.754,2.0,9.666,3346.841
1,979.808,104.754,2.0,9.611,3347.378
1,980.008,104.754,2.0,9.559,3347.912
1,980.208,104.754,2.0,9.511,3348.443
1,980.408,104.754,2.0,9.466,3348.972
1,980.608,104.754,2.0,9.424,3349.497
1,980.808,104.754,2.0,9.385,3350.021
1,981.008,104.754,2.0,9.349,3350.542
1,981.208,104.754,2.0,9.316,3351.062
1,981.408,104.754,2.0,9.287,3351.579
1,981.608,104.754,2.0,9.261,3352.095
1,981.808,104.753,2.0,9.239,3352.61
1,982.008,104.753,2.0,9.22,3353.123
1,982.208,104.753,2.0,9.203,3353.635
1,982.408,104.753,2.0,9.19,3354.147
1,982.608,104.753,2.0,9.18,3354.657
1,982.808,104.753,2.0,9.172,3355.167
1,983.008,104.753,2.0,9.167,3355.677
1,983.208,104.753,2.0,9.165,3356.186
1,983.408,104.753,2.0,9.166,3356.695
1,983.608,104.753,2.0,9.169,3357.204
1,983.808,104.753,2.0,9.175,3357.714
1,984.008,104.753,2.0,9.183,3358.223
1,984.208,104.753,2.0,9.194,3358.734
1,984.408,104.753,2.0,9.207,3359.244
1,984.608,104.753,2.0,9.222,3359.756
1,984.808,104.753,2.0,9.24,3360.268
1,985.008,104.753,2.0,9.26,3360.782
1,985.208,104.753,2.0,9.282,3361.296
1,985.408,104.753,2.0,9.306,3361.812
1,985.608,104.753,2.0,9.333,3362.329
1,985.808,104.753,2.0,9.361,3362.847
1,986.008,104.753,2.0,9.392,3363.367
1,986.208,104.752,2.0,9.424,3363.889
1,986.408,104.752,2.0,9.459,3364.413
1,986.608,104.752,2.0,9.495,3364.938
1,986.808,104.752,2.0,9.534,3365.466
1,987.008,104.752,2.0,9.574,3365.995
1,987.208,104.752,2.0,9.615,3366.527
1,987.408,104.752,2.0,9.658,3367.061
1,987.608,104.752,2.0,9.702,3367.598
1,987.808,104.752,2.0,9.748,3368.137
1,988.008,104.752,2.0,9.795,3368.678
1,988.208,104.752,2.0,9.843,3369.222
1,988.408,104.752,2.0,9.893,3369.769
1,988.608,104.752,2.0,9.944,3370.319
1,988.808,104.752,2.0,9.996,3370.871
1,989.008,104.752,2.0,10.049,3371.427
1,989.208,104.752,2.0,10.102,3371.985
1,989.408,104.752,2.0,10.156,3372.546
1,989.608,104.752,2.0,10.211,3373.11
1,989.808,104.752,2.0,10.266,3373.678
1,990.008,104.752,2.0,10.323,3374.248
1,990.208,104.752,2.0,10.379,3374.822
1,990.408,104.752,2.0,10.437,3375.398
1,990.608,104.751,2.0,10.495,3375.978
1,990.808,104.751,2.0,10.554,3376.561
1,991.008,104.751,2.0,10.613,3377.147
1,991.208,104.751,2.0,10.673,3377.737
1,991.408,104.751,2.0,10.734,3378.33
1,991.608,104.751,2.0,10.795,3378.926
1,991.808,104.751,2.0,10.857,3379.526
1,992.008,104.751,2.0,10.92,3380.129
1,992.208,104.751,2.0,10.983,3380.736
1,992.408,104.751,2.0,11.047,3381.346
1,992.608,104.751,2.0,11.111,3381.96
1,992.808,104.751,2.0,11.176,3382.577
1,993.008,104.751,2.0,11.241,3383.198
1,993.208,104.751,2.0,11.306,3383.822
1,993.408,104.751,2.0,11.372,3384.45
1,993.608,104.751,2.0,11.438,3385.082
1,993.808,104.751,2.0,11.505,3385.718
1,994.008,104.751,2.0,11.572,3386.357
1,994.208,104.751,2.0,11.639,3387.0
1,994.408,104.751,2.0,11.706,3387.646
1,994.608,104.751,2.0,11.773,3388.297
1,994.808,104.751,2.0,11.841,3388.951
1,995.008,104.75,2.0,11.909,3389.609
1,995.208,104.75,2.0,11.977,3390.27
1,995.408,104.75,2.0,12.045,3390.936
1,995.608,104.75,2.0,12.114,3391.605
1,995.808,104.75,2.0,12.183,3392.278
1,996.008,104.75,2.0,12.253,3392.955
1,996.208,104.75,2.0,12.324,3393.635
1,996.408,104.75,2.0,12.396,3394.32
1,996.608,104.75,2.0,12.468,3395.009
1,996.808,104.75,2.0,12.54,3395.701
1,997.008,104.75,2.0,12.614,3396.398
1,997.208,104.75,2.0,12.688,3397.099
1,997.408,104.75,2.0,12.763,3397.804
1,997.608,104.75,2.0,12.839,3398.513
1,997.808,104.75,2.0,12.915,3399.226
1,998.008,104.75,2.0,12.993,3399.943
1,998.208,104.75,2.0,13.071,3400.665
1,998.408,104.75,2.0,13.15,3401.391
1,998.608,104.75,2.0,13.23,3402.122
1,998.808,104.75,2.0,13.31,3402.857
1,999.008,104.75,2.0,13.391,3403.596
1,999.208,104.75,2.0,13.473,3404.34
1,999.408,104.749,2.0,13.556,3405.089
1,999.608,104.749,2.0,13.64,3405.842
1,999.808,104.749,2.0,13.724,3406.6
1,1000.008,104.749,2.0,13.808,3407.362
1,1000.208,104.749,2.0,13.893,3408.129
1,1000.408,104.749,2.0,13.978,3408.901
1,1000.608,104.749,2.0,14.063,3409.678
1,1000.808,104.749,2.0,14.149,3410.459
1,1001.008,104.749,2.0,14.235,3411.245
1,1001.208,104.749,2.0,14.321,3412.036
1,1001.408,104.749,2.0,14.407,3412.832
1,1001.608,104.749,2.0,14.493,3413.632
1,1001.808,104.749,2.0,14.579,3414.437
1,1002.008,104.749,2.0,14.664,3415.247
1,1002.208,104.749,2.0,14.75,3416.062
1,1002.408,104.749,2.0,14.834,3416.881
1,1002.608,104.749,2.0,14.917,3417.705
1,1002.808,104.749,2.0,15.0,3418.534
1,1003.008,104.749,2.0,15.081,3419.367
1,1003.208,104.749,2.0,15.161,3420.205
1,1003.408,104.749,2.0,15.24,3421.048
1,1003.608,104.749,2.0,15.318,3421.894
1,1003.808,104.748,2.0,15.393,3422.745
1,1004.008,104.748,2.0,15.466,3423.6
1,1004.208,104.748,2.0,15.538,3424.46
1,1004.408,104.748,2.0,15.608,3425.323
1,1004.608,104.748,2.0,15.676,3426.19
1,1004.808,104.748,2.0,15.741,3427.061
1,1005.008,104.748,2.0,15.804,3427.935
1,1005.208,104.748,2.0,15.864,3428.813
1,1005.408,104.748,2.0,15.922,3429.695
1,1005.608,104.748,2.0,15.978,3430.579
1,1005.808,104.748,2.0,16.03,3431.467
1,1006.008,104.748,2.0,16.08,3432.358
1,1006.208,104.748,2.0,16.127,3433.251
1,1006.408,104.748,2.0,16.17,3434.147
1,1006.608,104.748,2.0,16.211,3435.045
1,1006.808,104.748,2.0,16.249,3435.946
1,1007.008,104.748,2.0,16.284,3436.848
1,1007.208,104.748,2.0,16.317,3437.753
1,1007.408,104.748,2.0,16.347,3438.66
1,1007.608,104.748,2.0,16.374,3439.568
1,1007.808,104.748,2.0,16.398,3440.477
1,1008.008,104.748,2.0,16.42,3441.388
1,1008.208,104.747,2.0,16.44,3442.301
1,1008.408,104.747,2.0,16.458,3443.214
1,1008.608,104.747,2.0,16.474,3444.128
1,1008.808,104.747,2.0,16.487,3445.044
1,1009.008,104.747,2.0,16.499,3445.96
1,1009.208,104.747,2.0,16.51,3446.876
1,1009.408,104.747,2.0,16.519,3447.793
1,1009.608,104.747,2.0,16.527,3448.711
1,1009.808,104.747,2.0,16.533,3449.629
1,1010.008,104.747,2.0,16.538,3450.548
1,1010.208,104.747,2.0,16.543,3451.466
1,1010.408,104.747,2.0,16.548,3452.386
1,1010.608,104.747,2.0,16.553,3453.305
1,1010.808,104.747,2.0,16.559,3454.224
1,1011.008,104.747,2.0,16.564,3455.144
1,1011.208,104.747,2.0,16.57,3456.065
1,1011.408,104.747,2.0,16.577,3456.985
1,1011.608,104.747,2.0,16.584,3457.906
1,1011.808,104.747,2.0,16.592,3458.828
1,1012.008,104.747,2.0,16.601,3459.749
1,1012.208,104.747,2.0,16.61,3460.672
1,1012.408,104.747,2.0,16.621,3461.594
1,1012.608,104.746,2.0,16.632,3462.518
1,1012.808,104.746,2.0,16.644,3463.442
1,1013.008,104.746,2.0,16.658,3464.366
1,1013.208,104.746,2.0,16.672,3465.292
1,1013.408,104.746,2.0,16.688,3466.218
1,1013.608,104.746,2.0,16.705,3467.145
1,1013.808,104.746,2.0,16.724,3468.073
1,1014.008,104.746,2.0,16.745,3469.002
1,1014.208,104.746,2.0,16.767,3469.933
1,1014.408,104.746,2.0,16.791,3470.864
1,1014.608,104.746,2.0,16.816,3471.797
1,1014.808,104.746,2.0,16.842,3472.731
1,1015.008,104.746,2.0,16.869,3473.667
1,1015.208,104.746,2.0,16.897,3474.604
1,1015.408,104.746,2.0,16.926,3475.543
1,1015.608,104.746,2.0,16.956,3476.483
1,1015.808,104.746,2.0,16.988,3477.425
1,1016.008,104.746,2.0,17.022,3478.369
1,1016.208,104.746,2.0,17.057,3479.315
1,1016.408,104.746,2.0,17.094,3480.262
1,1016.608,104.746,2.0,17.133,3481.212
1,1016.808,104.746,2.0,17.173,3482.164
1,1017.008,104.745,2.0,17.214,3483.118
1,1017.208,104.745,2.0,17.256,3484.074
1,1017.408,104.745,2.0,17.301,3485.033
1,1017.608,104.745,2.0,17.346,3485.994
1,1017.808,104.745,2.0,17.393,3486.958
1,1018.008,104.745,2.0,17.441,3487.924
1,1018.208,104.745,2.0,17.491,3488.893
1,1018.408,104.745,2.0,17.543,3489.865
1,1018.608,104.745,2.0,17.596,3490.839
1,1018.808,104.745,2.0,17.651,3491.817
1,1019.008,104.745,2.0,17.709,3492.797
1,1019.208,104.745,2.0,17.769,3493.781
1,1019.408,104.745,2.0,17.832,3494.768
1,1019.608,104.745,2.0,17.898,3495.759
1,1019.808,104.745,2.0,17.966,3496.753
1,1020.008,104.745,2.0,18.037,3497.751
1,1020.208,104.745,2.0,18.111,3498.753
1,1020.408,104.745,1.9682,18.187,3499.76
1,1020.608,104.748,1.7881,18.265,3500.77
1,1020.808,104.751,1.6117,18.334,3501.785
1,1021.008,104.754,1.4435,18.397,3502.803
1,1021.208,104.757,1.2829,18.454,3503.825
1,1021.408,104.76,1.1293,18.506,3504.851
1,1021.608,104.764,0.8866,18.552,3505.879
1,1021.808,104.768,0.6328,18.594,3506.909
1,1022.008,104.773,0.3837,18.631,3507.942
1,1022.208,104.777,0.1388,18.665,3508.977
1,1022.408,104.779,0.0,18.696,3510.014
1,1022.608,104.779,0.0,18.73,3511.053
1,1022.808,104.779,0.0,18.771,3512.094
1,1023.008,104.779,0.0,18.82,3513.136
1,1023.208,104.779,0.0,18.876,3514.182
1,1023.408,104.779,0.0,18.94,3515.231
1,1023.608,104.779,0.0,19.011,3516.283
1,1023.808,104.779,0.0,19.087,3517.339
1,1024.008,104.779,0.0,19.167,3518.399
1,1024.208,104.779,0.0,19.253,3519.464
1,1024.408,104.779,0.0,19.343,3520.534
1,1024.608,104.779,0.0,19.437,3521.608
1,1024.808,104.779,0.0,19.535,3522.688
1,1025.008,104.779,0.0,19.635,3523.774
1,1025.208,104.779,0.0,19.739,3524.864
1,1025.408,104.779,0.0,19.846,3525.961
1,1025.608,104.779,0.0,19.954,3527.064
1,1025.808,104.779,0.0,20.062,3528.172
1,1026.008,104.779,0.0,20.172,3529.287
1,1026.208,104.779,0.0,20.282,3530.407
1,1026.408,104.779,0.0,20.393,3531.534
1,1026.608,104.779,0.0,20.502,3532.667
1,1026.808,104.779,0.0,20.61,3533.806
1,1027.008,104.779,0.0,20.717,3534.951
1,1027.208,104.779,0.0,20.822,3536.102
1,1027.408,104.779,0.0,20.924,3537.259
1,1027.608,104.779,0.0,21.023,3538.421
1,1027.808,104.779,0.0,21.118,3539.589
1,1028.008,104.779,0.0,21.211,3540.762
1,1028.208,104.779,0.0,21.299,3541.941
1,1028.408,104.779,0.0,21.383,3543.124
1,1028.608,104.779,0.0,21.462,3544.312
1,1028.808,104.779,0.0,21.537,3545.504
1,1029.008,104.779,0.0,21.607,3546.701
1,1029.208,104.779,0.0,21.672,3547.901
1,1029.408,104.779,0.0,21.732,3549.105
1,1029.608,104.779,0.0,21.786,3550.313
1,1029.808,104.779,0.0,21.835,3551.523
1,1030.008,104.779,0.0,21.879,3552.736
1,1030.208,104.779,0.0,21.917,3553.951
1,1030.408,104.779,0.0,21.95,3555.169
1,1030.608,104.779,0.0,21.977,3556.389
1,1030.808,104.779,0.0,21.997,3557.609
1,1031.008,104.779,0.0,22.012,3558.832
1,1031.208,104.779,0.0,22.021,3560.054
1,1031.408,104.779,0.0,22.023,3561.278
1,1031.608,104.779,0.0,22.019,3562.501
1,1031.808,104.779,0.0,22.01,3563.725
1,1032.008,104.779,0.0,21.994,3564.947
1,1032.208,104.779,0.0,21.972,3566.169
1,1032.408,104.779,0.0,21.944,3567.39
1,1032.608,104.779,0.0,21.909,3568.609
1,1032.808,104.779,0.0,21.868,3569.826
1,1033.008,104.779,0.0,21.821,3571.041
1,1033.208,104.779,0.0,21.767,3572.253
1,1033.408,104.779,0.0,21.706,3573.463
1,1033.608,104.779,0.0,21.638,3574.668
1,1033.808,104.779,0.0,21.564,3575.871
1,1034.008,104.779,0.0,21.483,3577.069
1,1034.208,104.779,0.0,21.394,3578.262
1,1034.408,104.779,0.0,21.298,3579.451
1,1034.608,104.779,0.0,21.196,3580.634
1,1034.808,104.779,0.0,21.085,3581.811
1,1035.008,104.779,0.0,20.968,3582.983
1,1035.208,104.779,0.0,20.843,3584.148
1,1035.408,104.779,0.0,20.711,3585.306
1,1035.608,104.779,0.0,20.571,3586.456
1,1035.808,104.777,0.1449,20.425,3587.599
1,1036.008,104.77,0.5149,20.28,3588.734
1,1036.208,104.764,0.8552,20.149,3589.86
1,1036.408,104.759,1.1613,20.031,3590.98
1,1036.608,104.754,1.4436,19.925,3592.093
1,1036.808,104.749,1.706,19.829,3593.2
1,1037.008,104.745,1.9508,19.742,3594.301
1,1037.208,104.744,2.0,19.664,3595.398
1,1037.408,104.744,2.0,19.585,3596.49
1,1037.608,104.744,2.0,19.506,3597.579
1,1037.808,104.744,2.0,19.426,3598.662
1,1038.008,104.744,2.0,19.345,3599.741
1,1038.208,104.744,2.0,19.265,3600.816
1,1038.408,104.744,2.0,19.183,3601.886
1,1038.608,104.744,2.0,19.101,3602.952
1,1038.808,104.744,2.0,19.019,3604.013
1,1039.008,104.744,2.0,18.935,3605.07
1,1039.208,104.744,2.0,18.852,3606.122
1,1039.408,104.744,2.0,18.766,3607.169
1,1039.608,104.744,2.0,18.679,3608.212
1,1039.808,104.744,2.0,18.59,3609.249
1,1040.008,104.744,2.0,18.5,3610.282
1,1040.208,104.744,2.0,18.408,3611.31
1,1040.408,104.744,2.0,18.315,3612.333
1,1040.608,104.743,2.0,18.222,3613.35
1,1040.808,104.743,2.0,18.127,3614.362
1,1041.008,104.743,2.0,18.032,3615.37
1,1041.208,104.743,2.0,17.936,3616.371
1,1041.408,104.743,2.0,17.839,3617.368
1,1041.608,104.743,2.0,17.741,3618.359
1,1041.808,104.743,2.0,17.642,3619.344
1,1042.008,104.743,2.0,17.543,3620.325
1,1042.208,104.743,2.0,17.442,3621.299
1,1042.408,104.743,2.0,17.342,3622.268
1,1042.608,104.743,2.0,17.241,3623.232
1,1042.808,104.743,2.0,17.14,3624.189
1,1043.008,104.743,2.0,17.038,3625.142
1,1043.208,104.743,2.0,16.937,3626.088
1,1043.408,104.743,2.0,16.836,3627.029
1,1043.608,104.743,2.0,16.734,3627.964
1,1043.808,104.743,2.0,16.633,3628.894
1,1044.008,104.743,2.0,16.532,3629.818
1,1044.208,104.743,2.0,16.43,3630.737
1,1044.408,104.743,2.0,16.33,3631.649
1,1044.608,104.743,2.0,16.23,3632.557
1,1044.808,104.743,2.0,16.132,3633.458
1,1045.008,104.742,2.0,16.035,3634.355
1,1045.208,104.742,2.0,15.938,3635.245
1,1045.408,104.742,2.0,15.843,3636.131
1,1045.608,104.742,2.0,15.748,3637.011
1,1045.808,104.742,2.0,15.654,3637.886
1,1046.008,104.742,2.0,15.561,3638.756
1,1046.208,104.742,2.0,15.469,3639.62
1,1046.408,104.742,2.0,15.378,3640.479
1,1046.608,104.742,2.0,15.288,3641.334
1,1046.808,104.742,2.0,15.199,3642.183
1,1047.008,104.742,2.0,15.111,3643.028
1,1047.208,104.742,2.0,15.024,3643.867
1,1047.408,104.742,2.0,14.938,3644.702
1,1047.608,104.742,2.0,14.854,3645.532
1,1047.808,104.742,2.0,14.77,3646.357
1,1048.008,104.742,2.0,14.688,3647.177
1,1048.208,104.742,2.0,14.607,3647.993
1,1048.408,104.742,2.0,14.528,3648.805
1,1048.608,104.742,2.0,14.449,3649.612
1,1048.808,104.742,2.0,14.372,3650.415
1,1049.008,104.742,2.0,14.297,3651.213
1,1049.208,104.742,2.0,14.223,3652.007
1,1049.408,104.741,2.0,14.151,3652.798
1,1049.608,104.741,2.0,14.081,3653.584
1,1049.808,104.741,2.0,14.012,3654.366
1,1050.008,104.741,2.0,13.946,3655.144
1,1050.208,104.741,2.0,13.88,3655.919
1,1050.408,104.741,2.0,13.817,3656.69
1,1050.608,104.741,2.0,13.755,3657.458
1,1050.808,104.741,2.0,13.695,3658.222
1,1051.008,104.741,2.0,13.637,3658.983
1,1051.208,104.741,2.0,13.58,3659.741
1,1051.408,104.741,2.0,13.525,3660.495
1,1051.608,104.741,2.0,13.471,3661.246
1,1051.808,104.741,2.0,13.42,3661.995
1,1052.008,104.741,2.0,13.369,3662.74
1,1052.208,104.741,2.0,13.321,3663.483
1,1052.408,104.741,2.0,13.274,3664.223
1,1052.608,104.741,2.0,13.228,3664.961
1,1052.808,104.741,2.0,13.185,3665.695
1,1053.008,104.741,2.0,13.143,3666.428
1,1053.208,104.741,2.0,13.102,3667.158
1,1053.408,104.741,2.0,13.064,3667.886
1,1053.608,104.741,2.0,13.027,3668.612
1,1053.808,104.74,2.0,12.992,3669.335
1,1054.008,104.74,2.0,12.958,3670.057
1,1054.208,104.74,2.0,12.926,3670.777
1,1054.408,104.74,2.0,12.895,3671.495
1,1054.608,104.74,2.0,12.864,3672.212
1,1054.808,104.74,2.0,12.833,3672.926
1,1055.008,104.74,2.0,12.803,3673.639
1,1055.208,104.74,2.0,12.773,3674.35
2,1055.408,104.74,2.0,12.744,3675.06
2,1055.608,104.74,2.0,12.726,3675.768
2,1055.808,104.74,2.0,12.709,3676.475
2,1056.008,104.74,2.0,12.693,3677.181
2,1056.208,104.74,2.0,12.679,3677.886
2,1056.408,104.74,2.0,12.667,3678.591
2,1056.608,104.74,2.0,12.657,3679.294
2,1056.808,104.74,2.0,12.647,3679.998
2,1057.008,104.74,2.0,12.64,3680.7
2,1057.208,104.74,2.0,12.634,3681.402
2,1057.408,104.74,2.0,12.629,3682.104
2,1057.608,104.74,2.0,12.626,3682.806
2,1057.808,104.74,2.0,12.625,3683.507
2,1058.008,104.74,2.0,12.625,3684.209
2,1058.208,104.739,2.0,12.627,3684.91
2,1058.408,104.739,2.0,12.63,3685.612
2,1058.608,104.739,2.0,12.635,3686.313
2,1058.808,104.739,2.0,12.641,3687.015
2,1059.008,104.739,2.0,12.649,3687.718
2,1059.208,104.739,2.0,12.659,3688.42
2,1059.408,104.739,2.0,12.669,3689.124
2,1059.608,104.739,2.0,12.682,3689.827
2,1059.808,104.739,2.0,12.695,3690.532
2,1060.008,104.739,2.0,12.711,3691.237
2,1060.208,104.739,2.0,12.728,3691.943
2,1060.408,104.739,2.0,12.747,3692.651
2,1060.608,104.739,2.0,12.767,3693.359
2,1060.808,104.739,2.0,12.79,3694.068
2,1061.008,104.739,2.0,12.813,3694.779
2,1061.208,104.739,2.0,12.839,3695.49
2,1061.408,104.739,2.0,12.866,3696.204
2,1061.608,104.739,2.0,12.896,3696.918
2,1061.808,104.739,2.0,12.928,3697.635
2,1062.008,104.739,2.0,12.962,3698.353
2,1062.208,104.739,2.0,12.998,3699.073
2,1062.408,104.739,2.0,13.036,3699.795
2,1062.608,104.738,2.0,13.076,3700.519
2,1062.808,104.738,2.0,13.119,3701.246
2,1063.008,104.738,2.0,13.163,3701.975
2,1063.208,104.738,2.0,13.21,3702.706
2,1063.408,104.738,2.0,13.259,3703.44
2,1063.608,104.738,2.0,13.31,3704.177
2,1063.808,104.738,2.0,13.363,3704.916
2,1064.008,104.738,2.0,13.419,3705.658
2,1064.208,104.738,2.0,13.476,3706.404
2,1064.408,104.738,2.0,13.536,3707.153
2,1064.608,104.738,2.0,13.597,3707.905
2,1064.808,104.738,2.0,13.661,3708.66
2,1065.008,104.738,2.0,13.726,3709.419
2,1065.208,104.738,2.0,13.794,3710.181
2,1065.408,104.738,2.0,13.863,3710.948
2,1065.608,104.738,2.0,13.935,3711.718
2,1065.808,104.738,2.0,14.008,3712.492
2,1066.008,104.738,2.0,14.083,3713.27
2,1066.208,104.738,2.0,14.16,3714.053
2,1066.408,104.738,2.0,14.239,3714.839
2,1066.608,104.738,2.0,14.32,3715.63
2,1066.808,104.738,2.0,14.402,3716.426
2,1067.008,104.737,2.0,14.487,3717.226
2,1067.208,104.737,2.0,14.573,3718.031
2,1067.408,104.737,2.0,14.66,3718.841
2,1067.608,104.737,2.0,14.75,3719.655
2,1067.808,104.737,2.0,14.842,3720.474
2,1068.008,104.737,2.0,14.935,3721.299
2,1068.208,104.737,2.0,15.03,3722.129
2,1068.408,104.737,2.0,15.126,3722.964
2,1068.608,104.737,2.0,15.224,3723.804
2,1068.808,104.737,2.0,15.323,3724.65
2,1069.008,104.737,2.0,15.424,3725.501
2,1069.208,104.737,2.0,15.526,3726.358
2,1069.408,104.737,2.0,15.63,3727.22
2,1069.608,104.737,2.0,15.734,3728.089
2,1069.808,104.737,2.0,15.84,3728.963
2,1070.008,104.737,2.0,15.947,3729.843
2,1070.208,104.737,2.0,16.056,3730.729
2,1070.408,104.737,2.0,16.165,3731.621
2,1070.608,104.737,2.0,16.275,3732.519
2,1070.808,104.737,2.0,16.386,3733.423
2,1071.008,104.737,2.0,16.499,3734.333
2,1071.208,104.737,2.0,16.612,3735.25
2,1071.408,104.736,2.0,16.727,3736.173
2,1071.608,104.736,2.0,16.846,3737.102
2,1071.808,104.736,2.0,16.971,3738.038
2,1072.008,104.736,2.0,17.099,3738.981
2,1072.208,104.736,2.0,17.232,3739.931
2,1072.408,104.736,2.0,17.37,3740.888
2,1072.608,104.736,2.0,17.511,3741.853
2,1072.808,104.74,1.7553,17.655,3742.826
2,1073.008,104.745,1.5085,17.786,3743.807
2,1073.208,104.749,1.2756,17.904,3744.795
2,1073.408,104.752,1.1072,18.01,3745.79
2,1073.608,104.754,0.9655,18.106,3746.79
2,1073.808,104.756,0.8362,18.192,3747.796
2,1074.008,104.758,0.7182,18.27,3748.807
2,1074.208,104.76,0.6108,18.34,3749.822
2,1074.408,104.762,0.5207,18.403,3750.841
2,1074.608,104.763,0.4412,18.46,3751.863
2,1074.808,104.764,0.3698,18.511,3752.889
2,1075.008,104.765,0.3057,18.557,3753.917
2,1075.208,104.766,0.2484,18.598,3754.948
2,1075.408,104.767,0.2063,18.636,3755.981
2,1075.608,104.768,0.1702,18.669,3757.017
2,1075.808,104.768,0.1392,18.699,3758.054
2,1076.008,104.769,0.1128,18.727,3759.093
2,1076.208,104.769,0.0924,18.751,3760.133
2,1076.408,104.769,0.0887,18.773,3761.175
2,1076.608,104.769,0.0884,18.793,3762.218
2,1076.808,104.769,0.0913,18.811,3763.262
2,1077.008,104.769,0.097,18.827,3764.307
2,1077.208,104.769,0.1093,18.841,3765.353
2,1077.408,104.768,0.1322,18.854,3766.399
2,1077.608,104.768,0.1572,18.866,3767.447
2,1077.808,104.767,0.184,18.877,3768.495
2,1078.008,104.767,0.2125,18.886,3769.544
2,1078.208,104.766,0.2516,18.895,3770.593
2,1078.408,104.765,0.299,18.902,3771.643
2,1078.608,104.765,0.3476,18.909,3772.693
2,1078.808,104.764,0.3974,18.915,3773.743
2,1079.008,104.763,0.4482,18.921,3774.794
2,1079.208,104.762,0.5068,18.926,3775.845
2,1079.408,104.761,0.568,18.93,3776.897
2,1079.608,104.76,0.6299,18.934,3777.948
2,1079.808,104.759,0.6925,18.938,3779.0
2,1080.008,104.757,0.7577,18.941,3780.052
2,1080.208,104.756,0.8616,18.944,3781.105
2,1080.408,104.754,0.9661,18.947,3782.157
2,1080.608,104.752,1.0711,18.949,3783.21
2,1080.808,104.75,1.1766,18.951,3784.262
2,1081.008,104.748,1.2757,18.953,3785.315
2,1081.208,104.747,1.3596,18.954,3786.368
2,1081.408,104.745,1.4438,18.955,3787.421
2,1081.608,104.744,1.5283,18.956,3788.474
2,1081.808,104.742,1.6131,18.957,3789.527
2,1082.008,104.741,1.682,18.958,3790.581
2,1082.208,104.74,1.7381,18.959,3791.634
2,1082.408,104.739,1.7944,18.959,3792.687
2,1082.608,104.738,1.8508,18.96,3793.74
2,1082.808,104.737,1.9073,18.96,3794.794
2,1083.008,104.736,1.9615,18.96,3795.847
2,1083.208,104.735,2.0,18.96,3796.9
2,1083.408,104.735,2.0,18.96,3797.954
2,1083.608,104.735,2.0,18.955,3799.007
2,1083.808,104.735,2.0,18.948,3800.06
2,1084.008,104.735,2.0,18.937,3801.113
2,1084.208,104.735,2.0,18.923,3802.165
2,1084.408,104.735,2.0,18.906,3803.216
2,1084.608,104.735,2.0,18.886,3804.266
2,1084.808,104.735,2.0,18.864,3805.316
2,1085.008,104.735,2.0,18.838,3806.364
2,1085.208,104.735,2.0,18.81,3807.41
2,1085.408,104.735,2.0,18.78,3808.455
2,1085.608,104.735,2.0,18.748,3809.499
2,1085.808,104.735,2.0,18.713,3810.54
2,1086.008,104.735,2.0,18.677,3811.58
2,1086.208,104.735,2.0,18.639,3812.617
2,1086.408,104.735,2.0,18.599,3813.653
2,1086.608,104.734,2.0,18.557,3814.686
2,1086.808,104.734,2.0,18.514,3815.717
2,1087.008,104.734,2.0,18.47,3816.746
2,1087.208,104.734,2.0,18.425,3817.772
2,1087.408,104.734,2.0,18.379,3818.795
2,1087.608,104.734,2.0,18.332,3819.816
2,1087.808,104.734,2.0,18.285,3820.835
2,1088.008,104.734,2.0,18.238,3821.851
2,1088.208,104.734,2.0,18.19,3822.864
2,1088.408,104.734,2.0,18.143,3823.874
2,1088.608,104.734,2.0,18.096,3824.882
2,1088.808,104.734,2.0,18.05,3825.888
2,1089.008,104.734,2.0,18.004,3826.891
2,1089.208,104.734,2.0,17.96,3827.891
2,1089.408,104.734,2.0,17.916,3828.889
2,1089.608,104.734,2.0,17.874,3829.884
2,1089.808,104.734,2.0,17.834,3830.877
2,1090.008,104.734,2.0,17.795,3831.868
2,1090.208,104.734,2.0,17.758,3832.856
2,1090.408,104.734,2.0,17.722,3833.843
2,1090.608,104.734,2.0,17.688,3834.827
2,1090.808,104.733,2.0,17.656,3835.81
2,1091.008,104.733,2.0,17.627,3836.791
2,1091.208,104.733,2.0,17.6,3837.77
2,1091.408,104.733,2.0,17.577,3838.748
2,1091.608,104.733,2.0,17.556,3839.725
2,1091.808,104.733,2.0,17.537,3840.7
2,1092.008,104.733,2.0,17.522,3841.674
2,1092.208,104.733,2.0,17.509,3842.648
2,1092.408,104.733,2.0,17.499,3843.62
2,1092.608,104.733,2.0,17.492,3844.593
2,1092.808,104.733,2.0,17.487,3845.564
2,1093.008,104.733,2.0,17.486,3846.536
2,1093.208,104.733,2.0,17.488,3847.507
2,1093.408,104.733,2.0,17.493,3848.479
2,1093.608,104.733,2.0,17.501,3849.451
2,1093.808,104.733,2.0,17.513,3850.423
2,1094.008,104.733,2.0,17.528,3851.396
2,1094.208,104.733,2.0,17.546,3852.37
2,1094.408,104.733,2.0,17.567,3853.344
2,1094.608,104.733,2.0,17.59,3854.32
2,1094.808,104.733,2.0,17.617,3855.298
2,1095.008,104.733,2.0,17.646,3856.276
2,1095.208,104.732,2.0,17.678,3857.257
2,1095.408,104.732,2.0,17.713,3858.239
2,1095.608,104.732,2.0,17.751,3859.223
2,1095.808,104.732,2.0,17.791,3860.209
2,1096.008,104.732,2.0,17.835,3861.197
2,1096.208,104.732,2.0,17.881,3862.188
2,1096.408,104.732,2.0,17.931,3863.182
2,1096.608,104.732,2.0,17.984,3864.178
2,1096.808,104.732,2.0,18.039,3865.177
2,1097.008,104.732,2.0,18.098,3866.179
2,1097.208,104.732,2.0,18.159,3867.185
2,1097.408,104.732,2.0,18.222,3868.193
2,1097.608,104.732,2.0,18.287,3869.206
2,1097.808,104.734,1.8639,18.354,3870.222
2,1098.008,104.737,1.7202,18.415,3871.241
2,1098.208,104.739,1.584,18.47,3872.264
2,1098.408,104.741,1.4547,18.519,3873.29
2,1098.608,104.743,1.3316,18.564,3874.319
2,1098.808,104.745,1.2087,18.604,3875.351
2,1099.008,104.748,1.0805,18.641,3876.384
2,1099.208,104.75,0.9569,18.673,3877.42
2,1099.408,104.752,0.8377,18.703,3878.457
2,1099.608,104.754,0.7223,18.73,3879.496
2,1099.808,104.757,0.5688,18.754,3880.537
2,1100.008,104.76,0.3792,18.775,3881.579
2,1100.208,104.763,0.1922,18.795,3882.622
2,1100.408,104.766,0.0078,18.813,3883.666
2,1100.608,104.766,0.0,18.828,3884.711
2,1100.808,104.766,0.0,18.854,3885.757
2,1101.008,104.766,0.0,18.885,3886.804
2,1101.208,104.766,0.0,18.922,3887.854
2,1101.408,104.766,0.0,18.965,3888.905
2,1101.608,104.766,0.0,19.012,3889.959
2,1101.808,104.766,0.0,19.065,3891.015
2,1102.008,104.766,0.0,19.121,3892.074
2,1102.208,104.766,0.0,19.181,3893.136
2,1102.408,104.766,0.0,19.245,3894.202
2,1102.608,104.766,0.0,19.312,3895.271
2,1102.808,104.766,0.0,19.383,3896.344
2,1103.008,104.766,0.0,19.456,3897.421
2,1103.208,104.766,0.0,19.531,3898.502
2,1103.408,104.766,0.0,19.609,3899.587
2,1103.608,104.766,0.0,19.689,3900.676
2,1103.808,104.766,0.0,19.771,3901.77
2,1104.008,104.766,0.0,19.854,3902.868
2,1104.208,104.766,0.0,19.938,3903.971
2,1104.408,104.766,0.0,20.023,3905.079
2,1104.608,104.766,0.0,20.109,3906.191
2,1104.808,104.766,0.0,20.195,3907.309
2,1105.008,104.766,0.0,20.279,3908.43
2,1105.208,104.766,0.0,20.363,3909.557
2,1105.408,104.766,0.0,20.446,3910.688
2,1105.608,104.766,0.0,20.527,3911.824
2,1105.808,104.766,0.0,20.606,3912.965
2,1106.008,104.766,0.0,20.681,3914.109
2,1106.208,104.766,0.0,20.753,3915.258
2,1106.408,104.766,0.0,20.822,3916.411
2,1106.608,104.766,0.0,20.887,3917.568
2,1106.808,104.766,0.0,20.946,3918.729
2,1107.008,104.766,0.0,21.002,3919.892
2,1107.208,104.766,0.0,21.052,3921.059
2,1107.408,104.766,0.0,21.097,3922.229
2,1107.608,104.766,0.0,21.137,3923.401
2,1107.808,104.766,0.0,21.17,3924.575
2,1108.008,104.766,0.0,21.198,3925.751
2,1108.208,104.766,0.0,21.22,3926.929
2,1108.408,104.766,0.0,21.236,3928.108
2,1108.608,104.766,0.0,21.246,3929.287
2,1108.808,104.766,0.0,21.25,3930.468
2,1109.008,104.766,0.0,21.247,3931.648
2,1109.208,104.766,0.0,21.237,3932.829
2,1109.408,104.766,0.0,21.22,3934.008
2,1109.608,104.766,0.0,21.196,3935.187
2,1109.808,104.766,0.0,21.165,3936.365
2,1110.008,104.766,0.0,21.126,3937.541
2,1110.208,104.766,0.0,21.08,3938.714
2,1110.408,104.766,0.0,21.027,3939.886
2,1110.608,104.766,0.0,20.966,3941.054
2,1110.808,104.766,0.0,20.897,3942.219
2,1111.008,104.766,0.0,20.82,3943.379
2,1111.208,104.766,0.0,20.734,3944.536
2,1111.408,104.766,0.0,20.64,3945.688
2,1111.608,104.766,0.0,20.536,3946.835
2,1111.808,104.766,0.0,20.424,3947.976
2,1112.008,104.766,0.0,20.302,3949.11
2,1112.208,104.76,0.3393,20.172,3950.238
2,1112.408,104.754,0.7049,20.052,3951.359
2,1112.608,104.748,1.0461,19.944,3952.473
2,1112.808,104.743,1.3659,19.846,3953.581
2,1113.008,104.737,1.6669,19.758,3954.683
2,1113.208,104.733,1.9055,19.679,3955.781
2,1113.408,104.731,2.0,19.607,3956.874
2,1113.608,104.731,2.0,19.536,3957.964
2,1113.808,104.731,2.0,19.459,3959.049
2,1114.008,104.731,2.0,19.378,3960.13
2,1114.208,104.731,2.0,19.291,3961.207
2,1114.408,104.731,2.0,19.201,3962.278
2,1114.608,104.731,2.0,19.107,3963.345
2,1114.808,104.731,2.0,19.01,3964.407
2,1115.008,104.731,2.0,18.91,3965.463
2,1115.208,104.731,2.0,18.804,3966.513
2,1115.408,104.731,2.0,18.694,3967.558
2,1115.608,104.731,2.0,18.578,3968.596
2,1115.808,104.731,2.0,18.457,3969.629
2,1116.008,104.731,2.0,18.33,3970.654
2,1116.208,104.731,2.0,18.199,3971.672
2,1116.408,104.731,2.0,18.063,3972.683
2,1116.608,104.731,2.0,17.921,3973.687
2,1116.808,104.731,2.0,17.775,3974.682
2,1117.008,104.731,2.0,17.625,3975.67
2,1117.208,104.731,2.0,17.47,3976.649
2,1117.408,104.731,2.0,17.312,3977.62
2,1117.608,104.73,2.0,17.15,3978.581
2,1117.808,104.73,2.0,16.986,3979.534
2,1118.008,104.73,2.0,16.818,3980.478
2,1118.208,104.73,2.0,16.647,3981.412
2,1118.408,104.73,2.0,16.474,3982.337
2,1118.608,104.73,2.0,16.298,3983.252
2,1118.808,104.73,2.0,16.121,3984.158
2,1119.008,104.73,2.0,15.941,3985.053
2,1119.208,104.73,2.0,15.76,3985.939
2,1119.408,104.73,2.0,15.577,3986.814
2,1119.608,104.73,2.0,15.395,3987.68
2,1119.808,104.73,2.0,15.212,3988.535
2,1120.008,104.73,2.0,15.028,3989.38
2,1120.208,104.73,2.0,14.845,3990.215
2,1120.408,104.73,2.0,14.661,3991.04
2,1120.608,104.73,2.0,14.478,3991.854
2,1120.808,104.73,2.0,14.296,3992.659
2,1121.008,104.73,2.0,14.114,3993.453
2,1121.208,104.73,2.0,13.933,3994.237
2,1121.408,104.73,2.0,13.753,3995.011
2,1121.608,104.73,2.0,13.574,3995.775
2,1121.808,104.73,2.0,13.397,3996.529
2,1122.008,104.729,2.0,13.222,3997.274
2,1122.208,104.729,2.0,13.049,3998.008
2,1122.408,104.729,2.0,12.878,3998.733
2,1122.608,104.729,2.0,12.709,3999.448
2,1122.808,104.729,2.0,12.542,4000.155
2,1123.008,104.729,2.0,12.378,4000.851
2,1123.208,104.729,2.0,12.215,4001.539
2,1123.408,104.729,2.0,12.055,4002.218
2,1123.608,104.729,2.0,11.898,4002.887
2,1123.808,104.729,2.0,11.743,4003.548
2,1124.008,104.729,2.0,11.591,4004.201
2,1124.208,104.729,2.0,11.441,4004.845
2,1124.408,104.729,2.0,11.293,4005.48
2,1124.608,104.729,2.0,11.149,4006.108
2,1124.808,104.729,2.0,11.007,4006.727
2,1125.008,104.729,2.0,10.869,4007.339
2,1125.208,104.729,2.0,10.734,4007.942
2,1125.408,104.729,2.0,10.603,4008.539
2,1125.608,104.729,2.0,10.474,4009.128
2,1125.808,104.729,2.0,10.349,4009.71
2,1126.008,104.729,2.0,10.226,4010.285
2,1126.208,104.729,2.0,10.107,4010.853
2,1126.408,104.728,2.0,9.991,4011.414
2,1126.608,104.728,2.0,9.878,4011.969
2,1126.808,104.728,2.0,9.769,4012.518
2,1127.008,104.728,2.0,9.662,4013.061
2,1127.208,104.728,2.0,9.559,4013.598
2,1127.408,104.728,2.0,9.459,4014.129
2,1127.608,104.728,2.0,9.362,4014.654
2,1127.808,104.728,2.0,9.268,4015.174
2,1128.008,104.728,2.0,9.177,4015.689
2,1128.208,104.728,2.0,9.089,4016.199
2,1128.408,104.728,2.0,9.005,4016.704
2,1128.608,104.728,2.0,8.923,4017.204
2,1128.808,104.728,2.0,8.845,4017.7
2,1129.008,104.728,2.0,8.77,4018.191
2,1129.208,104.728,2.0,8.697,4018.679
2,1129.408,104.728,2.0,8.628,4019.162
2,1129.608,104.728,2.0,8.561,4019.641
2,1129.808,104.728,2.0,8.497,4020.117
2,1130.008,104.728,2.0,8.436,4020.589
2,1130.208,104.728,2.0,8.378,4021.057
2,1130.408,104.728,2.0,8.323,4021.523
2,1130.608,104.728,2.0,8.271,4021.985
2,1130.808,104.727,2.0,8.222,4022.445
2,1131.008,104.727,2.0,8.176,4022.902
2,1131.208,104.727,2.0,8.132,4023.356
2,1131.408,104.727,2.0,8.091,4023.808
2,1131.608,104.727,2.0,8.053,4024.257
2,1131.808,104.727,2.0,8.016,4024.704
2,1132.008,104.727,2.0,7.983,4025.15
2,1132.208,104.727,2.0,7.951,4025.593
2,1132.408,104.727,2.0,7.922,4026.035
2,1132.608,104.727,2.0,7.896,4026.475
2,1132.808,104.727,2.0,7.871,4026.914
2,1133.008,104.727,2.0,7.849,4027.351
2,1133.208,104.727,2.0,7.83,4027.787
2,1133.408,104.727,2.0,7.812,4028.222
2,1133.608,104.727,2.0,7.796,4028.656
2,1133.808,104.727,2.0,7.782,4029.089
2,1134.008,104.727,2.0,7.77,4029.522
2,1134.208,104.727,2.0,7.76,4029.953
2,1134.408,104.727,2.0,7.751,4030.384
2,1134.608,104.727,2.0,7.745,4030.815
2,1134.808,104.727,2.0,7.74,4031.245
2,1135.008,104.727,2.0,7.736,4031.675
2,1135.208,104.726,2.0,7.734,4032.105
2,1135.408,104.726,2.0,7.734,4032.535
2,1135.608,104.726,2.0,7.736,4032.964
2,1135.808,104.726,2.0,7.738,4033.394
2,1136.008,104.726,2.0,7.742,4033.824
2,1136.208,104.726,2.0,7.748,4034.254
2,1136.408,104.726,2.0,7.755,4034.685
2,1136.608,104.726,2.0,7.762,4035.115
2,1136.808,104.726,2.0,7.772,4035.547
2,1137.008,104.726,2.0,7.782,4035.978
2,1137.208,104.726,2.0,7.793,4036.411
2,1137.408,104.726,2.0,7.806,4036.844
2,1137.608,104.726,2.0,7.82,4037.277
2,1137.808,104.726,2.0,7.835,4037.712
2,1138.008,104.726,2.0,7.85,4038.147
2,1138.208,104.726,2.0,7.867,4038.583
2,1138.408,104.726,2.0,7.885,4039.02
2,1138.608,104.726,2.0,7.904,4039.458
2,1138.808,104.726,2.0,7.923,4039.897
2,1139.008,104.726,2.0,7.944,4040.338
2,1139.208,104.726,2.0,7.965,4040.779
2,1139.408,104.725,2.0,7.987,4041.221
2,1139.608,104.725,2.0,8.011,4041.665
2,1139.808,104.725,2.0,8.035,4042.11
2,1140.008,104.725,2.0,8.06,4042.557
2,1140.208,104.725,2.0,8.086,4043.004
2,1140.408,104.725,2.0,8.112,4043.453
2,1140.608,104.725,2.0,8.14,4043.904
2,1140.808,104.725,2.0,8.168,4044.356
2,1141.008,104.725,2.0,8.197,4044.81
2,1141.208,104.725,2.0,8.227,4045.266
2,1141.408,104.725,2.0,8.258,4045.723
2,1141.608,104.725,2.0,8.29,4046.181
2,1141.808,104.725,2.0,8.323,4046.642
2,1142.008,104.725,2.0,8.357,4047.104
2,1142.208,104.725,2.0,8.392,4047.569
2,1142.408,104.725,2.0,8.428,4048.035
2,1142.608,104.725,2.0,8.465,4048.503
2,1142.808,104.725,2.0,8.503,4048.973
2,1143.008,104.725,2.0,8.542,4049.446
2,1143.208,104.725,2.0,8.581,4049.92
2,1143.408,104.725,2.0,8.622,4050.397
2,1143.608,104.725,2.0,8.664,4050.876
2,1143.808,104.724,2.0,8.707,4051.357
2,1144.008,104.724,2.0,8.75,4051.841
2,1144.208,104.724,2.0,8.795,4052.327
2,1144.408,104.724,2.0,8.841,4052.816
2,1144.608,104.724,2.0,8.888,4053.307
2,1144.808,104.724,2.0,8.936,4053.801
2,1145.008,104.724,2.0,8.985,4054.297
2,1145.208,104.724,2.0,9.036,4054.797
2,1145.408,104.724,2.0,9.087,4055.298
2,1145.608,104.724,2.0,9.139,4055.803
2,1145.808,104.724,2.0,9.192,4056.311
2,1146.008,104.724,2.0,9.246,4056.822
2,1146.208,104.724,2.0,9.301,4057.335
2,1146.408,104.724,2.0,9.357,4057.852
2,1146.608,104.724,2.0,9.414,4058.372
2,1146.808,104.724,2.0,9.473,4058.895
2,1147.008,104.724,2.0,9.532,4059.421
2,1147.208,104.724,2.0,9.592,4059.951
2,1147.408,104.724,2.0,9.653,4060.484
2,1147.608,104.724,2.0,9.715,4061.02
2,1147.808,104.724,2.0,9.778,4061.56
2,1148.008,104.724,2.0,9.842,4062.103
2,1148.208,104.723,2.0,9.907,4062.65
2,1148.408,104.723,2.0,9.973,4063.2
2,1148.608,104.723,2.0,10.039,4063.754
2,1148.808,104.723,2.0,10.107,4064.312
2,1149.008,104.723,2.0,10.176,4064.873
2,1149.208,104.723,2.0,10.246,4065.439
2,1149.408,104.723,2.0,10.316,4066.008
2,1149.608,104.723,2.0,10.387,4066.581
2,1149.808,104.723,2.0,10.46,4067.158
2,1150.008,104.723,2.0,10.533,4067.739
2,1150.208,104.723,2.0,10.607,4068.324
2,1150.408,104.723,2.0,10.681,4068.914
2,1150.608,104.723,2.0,10.757,4069.507
2,1150.808,104.723,2.0,10.834,4070.105
2,1151.008,104.723,2.0,10.911,4070.706
2,1151.208,104.723,2.0,10.989,4071.313
2,1151.408,104.723,2.0,11.067,4071.923
2,1151.608,104.723,2.0,11.146,4072.538
2,1151.808,104.723,2.0,11.224,4073.157
2,1152.008,104.723,2.0,11.303,4073.781
2,1152.208,104.723,2.0,11.383,4074.409
2,1152.408,104.723,2.0,11.463,4075.041
2,1152.608,104.722,2.0,11.543,4075.678
2,1152.808,104.722,2.0,11.624,4076.319
2,1153.008,104.722,2.0,11.704,4076.965
2,1153.208,104.722,2.0,11.785,4077.615
2,1153.408,104.722,2.0,11.867,4078.27
2,1153.608,104.722,2.0,11.948,4078.929
2,1153.808,104.722,2.0,12.03,4079.593
2,1154.008,104.722,2.0,12.112,4080.261
2,1154.208,104.722,2.0,12.194,4080.934
2,1154.408,104.722,2.0,12.276,4081.612
2,1154.608,104.722,2.0,12.358,4082.294
2,1154.808,104.722,2.0,12.439,4082.98
2,1155.008,104.722,2.0,12.52,4083.671
2,1155.208,104.722,2.0,12.601,4084.367
2,1155.408,104.722,2.0,12.682,4085.067
2,1155.608,104.722,2.0,12.763,4085.771
2,1155.808,104.722,2.0,12.843,4086.48
2,1156.008,104.722,2.0,12.923,4087.194
2,1156.208,104.722,2.0,13.002,4087.912
2,1156.408,104.722,2.0,13.08,4088.634
2,1156.608,104.722,2.0,13.159,4089.361
2,1156.808,104.722,2.0,13.236,4090.092
2,1157.008,104.721,2.0,13.314,4090.827
2,1157.208,104.721,2.0,13.391,4091.567
2,1157.408,104.721,2.0,13.468,4092.311
2,1157.608,104.721,2.0,13.544,4093.059
2,1157.808,104.721,2.0,13.62,4093.812
2,1158.008,104.721,2.0,13.696,4094.568
2,1158.208,104.721,2.0,13.772,4095.329
2,1158.408,104.721,2.0,13.847,4096.094
2,1158.608,104.721,2.0,13.922,4096.863
2,1158.808,104.721,2.0,13.996,4097.637
2,1159.008,104.721,2.0,14.071,4098.414
2,1159.208,104.721,2.0,14.144,4099.196
2,1159.408,104.721,2.0,14.218,4099.982
2,1159.608,104.721,2.0,14.291,4100.772
2,1159.808,104.721,2.0,14.365,4101.566
2,1160.008,104.721,2.0,14.438,4102.364
2,1160.208,104.721,2.0,14.512,4103.166
2,1160.408,104.721,2.0,14.585,4103.972
2,1160.608,104.721,2.0,14.659,4104.782
2,1160.808,104.721,2.0,14.733,4105.597
2,1161.008,104.721,2.0,14.807,4106.415
2,1161.208,104.721,2.0,14.882,4107.238
2,1161.408,104.72,2.0,14.957,4108.065
2,1161.608,104.72,2.0,15.032,4108.896
2,1161.808,104.72,2.0,15.107,4109.731
2,1162.008,104.72,2.0,15.183,4110.57
2,1162.208,104.72,2.0,15.259,4111.414
2,1162.408,104.72,2.0,15.334,4112.261
2,1162.608,104.72,2.0,15.41,4113.113
2,1162.808,104.72,2.0,15.485,4113.969
2,1163.008,104.72,2.0,15.56,4114.83
2,1163.208,104.72,2.0,15.636,4115.694
2,1163.408,104.72,2.0,15.71,4116.563
2,1163.608,104.72,2.0,15.783,4117.436
2,1163.808,104.72,2.0,15.855,4118.312
2,1164.008,104.72,2.0,15.926,4119.193
2,1164.208,104.72,2.0,15.996,4120.078
2,1164.408,104.72,2.0,16.066,4120.967
2,1164.608,104.72,2.0,16.133,4121.859
2,1164.808,104.72,2.0,16.199,4122.756
2,1165.008,104.72,2.0,16.263,4123.655
2,1165.208,104.72,2.0,16.326,4124.559
2,1165.408,104.72,2.0,16.387,4125.466
2,1165.608,104.72,2.0,16.445,4126.376
2,1165.808,104.719,2.0,16.501,4127.29
2,1166.008,104.719,2.0,16.555,4128.207
2,1166.208,104.719,2.0,16.606,4129.126
2,1166.408,104.719,2.0,16.654,4130.049
2,1166.608,104.719,2.0,16.699,4130.974
2,1166.808,104.719,2.0,16.741,4131.902
2,1167.008,104.719,2.0,16.778,4132.832
2,1167.208,104.719,2.0,16.812,4133.764
2,1167.408,104.719,2.0,16.841,4134.698
2,1167.608,104.719,2.0,16.867,4135.634
2,1167.808,104.719,2.0,16.89,4136.571
2,1168.008,104.719,2.0,16.908,4137.509
2,1168.208,104.719,2.0,16.923,4138.448
2,1168.408,104.719,2.0,16.935,4139.389
2,1168.608,104.719,2.0,16.943,4140.329
2,1168.808,104.719,2.0,16.948,4141.271
2,1169.008,104.719,2.0,16.949,4142.212
2,1169.208,104.719,2.0,16.946,4143.154
2,1169.408,104.719,2.0,16.939,4144.095
2,1169.608,104.719,2.0,16.929,4145.036
2,1169.808,104.719,2.0,16.915,4145.977
2,1170.008,104.719,2.0,16.898,4146.917
2,1170.208,104.718,2.0,16.879,4147.855
2,1170.408,104.718,2.0,16.857,4148.793
2,1170.608,104.718,2.0,16.832,4149.73
2,1170.808,104.718,2.0,16.804,4150.665
2,1171.008,104.718,2.0,16.775,4151.598
2,1171.208,104.718,2.0,16.745,4152.53
2,1171.408,104.718,2.0,16.713,4153.46
2,1171.608,104.718,2.0,16.679,4154.389
2,1171.808,104.718,2.0,16.644,4155.316
2,1172.008,104.718,2.0,16.608,4156.24
2,1172.208,104.718,2.0,16.572,4157.163
2,1172.408,104.718,2.0,16.536,4158.084
2,1172.608,104.718,2.0,16.5,4159.002
2,1172.808,104.718,2.0,16.464,4159.919
2,1173.008,104.718,2.0,16.428,4160.834
2,1173.208,104.718,2.0,16.393,4161.746
2,1173.408,104.718,2.0,16.358,4162.657
2,1173.608,104.718,2.0,16.324,4163.566
2,1173.808,104.718,2.0,16.291,4164.473
2,1174.008,104.718,2.0,16.259,4165.378
2,1174.208,104.718,2.0,16.227,4166.281
2,1174.408,104.718,2.0,16.197,4167.183
2,1174.608,104.717,2.0,16.169,4168.082
2,1174.808,104.717,2.0,16.142,4168.981
2,1175.008,104.717,2.0,16.116,4169.877
2,1175.208,104.717,2.0,16.092,4170.773
2,1175.408,104.717,2.0,16.07,4171.667
2,1175.608,104.717,2.0,16.049,4172.56
2,1175.808,104.717,2.0,16.029,4173.451
2,1176.008,104.717,2.0,16.012,4174.342
2,1176.208,104.717,2.0,15.995,4175.231
2,1176.408,104.717,2.0,15.981,4176.12
2,1176.608,104.717,2.0,15.967,4177.008
2,1176.808,104.717,2.0,15.956,4177.895
2,1177.008,104.717,2.0,15.945,4178.781
2,1177.208,104.717,2.0,15.937,4179.667
2,1177.408,104.717,2.0,15.929,4180.552
2,1177.608,104.717,2.0,15.923,4181.437
2,1177.808,104.717,2.0,15.918,4182.322
2,1178.008,104.717,2.0,15.915,4183.206
2,1178.208,104.717,2.0,15.913,4184.09
2,1178.408,104.717,2.0,15.911,4184.975
2,1178.608,104.717,2.0,15.911,4185.858
2,1178.808,104.717,2.0,15.912,4186.742
2,1179.008,104.716,2.0,15.914,4187.626
2,1179.208,104.716,2.0,15.917,4188.511
2,1179.408,104.716,2.0,15.921,4189.395
2,1179.608,104.716,2.0,15.926,4190.279
2,1179.808,104.716,2.0,15.932,4191.164
2,1180.008,104.716,2.0,15.939,4192.049
2,1180.208,104.716,2.0,15.947,4192.935
2,1180.408,104.716,2.0,15.957,4193.821
2,1180.608,104.716,2.0,15.967,4194.707
2,1180.808,104.716,2.0,15.979,4195.594
2,1181.008,104.716,2.0,15.992,4196.482
2,1181.208,104.716,2.0,16.007,4197.371
2,1181.408,104.716,2.0,16.023,4198.26
2,1181.608,104.716,2.0,16.04,4199.15
2,1181.808,104.716,2.0,16.06,4200.041
2,1182.008,104.716,2.0,16.08,4200.933
2,1182.208,104.716,2.0,16.103,4201.827
2,1182.408,104.716,2.0,16.127,4202.721
2,1182.608,104.716,2.0,16.153,4203.617
2,1182.808,104.716,2.0,16.181,4204.515
2,1183.008,104.716,2.0,16.21,4205.413
2,1183.208,104.716,2.0,16.241,4206.314
2,1183.408,104.715,2.0,16.274,4207.216
2,1183.608,104.715,2.0,16.307,4208.12
2,1183.808,104.715,2.0,16.342,4209.026
2,1184.008,104.715,2.0,16.379,4209.934
2,1184.208,104.715,2.0,16.416,4210.844
2,1184.408,104.715,2.0,16.454,4211.756
2,1184.608,104.715,2.0,16.493,4212.67
2,1184.808,104.715,2.0,16.532,4213.587
2,1185.008,104.715,2.0,16.572,4214.505
2,1185.208,104.715,2.0,16.613,4215.426
2,1185.408,104.715,2.0,16.654,4216.349
2,1185.608,104.715,2.0,16.694,4217.274
2,1185.808,104.715,2.0,16.733,4218.201
2,1186.008,104.715,2.0,16.772,4219.131
2,1186.208,104.715,2.0,16.81,4220.063
2,1186.408,104.715,2.0,16.847,4220.997
2,1186.608,104.715,2.0,16.882,4221.933
2,1186.808,104.715,2.0,16.916,4222.87
2,1187.008,104.715,2.0,16.948,4223.81
2,1187.208,104.715,2.0,16.979,4224.752
2,1187.408,104.715,2.0,17.008,4225.695
2,1187.608,104.715,2.0,17.034,4226.64
2,1187.808,104.714,2.0,17.056,4227.586
2,1188.008,104.714,2.0,17.076,4228.534
2,1188.208,104.714,2.0,17.092,4229.482
2,1188.408,104.714,2.0,17.105,4230.432
2,1188.608,104.714,2.0,17.114,4231.382
2,1188.808,104.714,2.0,17.119,4232.333
2,1189.008,104.714,2.0,17.118,4233.284
2,1189.208,104.714,2.0,17.113,4234.235
2,1189.408,104.714,2.0,17.104,4235.186
2,1189.608,104.714,2.0,17.089,4236.136
2,1189.808,104.714,2.0,17.069,4237.086
2,1190.008,104.714,2.0,17.043,4238.034
2,1190.208,104.714,2.0,17.011,4238.981
2,1190.408,104.714,2.0,16.974,4239.926
2,1190.608,104.714,2.0,16.931,4240.869
2,1190.808,104.714,2.0,16.882,4241.809
2,1191.008,104.714,2.0,16.828,4242.747
2,1191.208,104.714,2.0,16.767,4243.682
2,1191.408,104.714,2.0,16.701,4244.614
2,1191.608,104.714,2.0,16.629,4245.541
2,1191.808,104.714,2.0,16.552,4246.465
2,1192.008,104.714,2.0,16.469,4247.385
2,1192.208,104.713,2.0,16.38,4248.3
2,1192.408,104.713,2.0,16.287,4249.21
2,1192.608,104.713,2.0,16.188,4250.115
2,1192.808,104.713,2.0,16.084,4251.014
2,1193.008,104.713,2.0,15.976,4251.907
2,1193.208,104.713,2.0,15.863,4252.795
2,1193.408,104.713,2.0,15.745,4253.676
2,1193.608,104.713,2.0,15.624,4254.551
2,1193.808,104.713,2.0,15.498,4255.419
2,1194.008,104.713,2.0,15.369,4256.28
2,1194.208,104.713,2.0,15.236,4257.134
2,1194.408,104.713,2.0,15.101,4257.98
2,1194.608,104.713,2.0,14.962,4258.819
2,1194.808,104.713,2.0,14.821,4259.65
2,1195.008,104.713,2.0,14.677,4260.474
2,1195.208,104.713,2.0,14.531,4261.289
2,1195.408,104.713,2.0,14.383,4262.096
2,1195.608,104.713,2.0,14.234,4262.895
2,1195.808,104.713,2.0,14.083,4263.686
2,1196.008,104.713,2.0,13.93,4264.469
2,1196.208,104.713,2.0,13.777,4265.243
2,1196.408,104.713,2.0,13.622,4266.008
2,1196.608,104.712,2.0,13.466,4266.765
2,1196.808,104.712,2.0,13.31,4267.513
2,1197.008,104.712,2.0,13.153,4268.252
2,1197.208,104.712,2.0,12.996,4268.983
2,1197.408,104.712,2.0,12.839,4269.705
2,1197.608,104.712,2.0,12.681,4270.418
2,1197.808,104.712,2.0,12.523,4271.123
2,1198.008,104.712,2.0,12.365,4271.818
2,1198.208,104.712,2.0,12.207,4272.505
2,1198.408,104.712,2.0,12.049,4273.184
2,1198.608,104.712,2.0,11.892,4273.853
2,1198.808,104.712,2.0,11.735,4274.514
2,1199.008,104.712,2.0,11.579,4275.166
2,1199.208,104.712,2.0,11.423,4275.809
2,1199.408,104.712,2.0,11.268,4276.443
2,1199.608,104.712,2.0,11.115,4277.069
2,1199.808,104.712,2.0,10.963,4277.687
2,1200.008,104.712,2.0,10.813,4278.296
2,1200.208,104.712,2.0,10.663,4278.897
2,1200.408,104.712,2.0,10.516,4279.489
2,1200.608,104.712,2.0,10.37,4280.073
2,1200.808,104.711,2.0,10.226,4280.649
2,1201.008,104.711,2.0,10.083,4281.218
2,1201.208,104.711,2.0,9.943,4281.778
2,1201.408,104.711,2.0,9.805,4282.33
2,1201.608,104.711,2.0,9.669,4282.875
2,1201.808,104.711,2.0,9.535,4283.412
2,1202.008,104.711,2.0,9.403,4283.942
2,1202.208,104.711,2.0,9.274,4284.464
2,1202.408,104.711,2.0,9.147,4284.979
2,1202.608,104.711,2.0,9.023,4285.488
2,1202.808,104.711,2.0,8.902,4285.989
2,1203.008,104.711,2.0,8.784,4286.483
2,1203.208,104.711,2.0,8.67,4286.971
2,1203.408,104.711,2.0,8.558,4287.453
2,1203.608,104.711,2.0,8.451,4287.928
2,1203.808,104.711,2.0,8.346,4288.398
2,1204.008,104.711,2.0,8.245,4288.862
2,1204.208,104.711,2.0,8.147,4289.32
2,1204.408,104.711,2.0,8.052,4289.772
2,1204.608,104.711,2.0,7.96,4290.22
2,1204.808,104.711,2.0,7.872,4290.662
2,1205.008,104.711,2.0,7.788,4291.099
2,1205.208,104.71,2.0,7.708,4291.532
2,1205.408,104.71,2.0,7.631,4291.96
2,1205.608,104.71,2.0,7.558,4292.384
2,1205.808,104.71,2.0,7.488,4292.804
2,1206.008,104.71,2.0,7.422,4293.22
2,1206.208,104.71,2.0,7.359,4293.632
2,1206.408,104.71,2.0,7.299,4294.041
2,1206.608,104.71,2.0,7.243,4294.447
2,1206.808,104.71,2.0,7.189,4294.849
2,1207.008,104.71,2.0,7.138,4295.248
2,1207.208,104.71,2.0,7.091,4295.645
2,1207.408,104.71,2.0,7.047,4296.039
2,1207.608,104.71,2.0,7.007,4296.43
2,1207.808,104.71,2.0,6.97,4296.82
2,1208.008,104.71,2.0,6.936,4297.207
2,1208.208,104.71,2.0,6.905,4297.592
2,1208.408,104.71,2.0,6.877,4297.976
2,1208.608,104.71,2.0,6.851,4298.358
2,1208.808,104.71,2.0,6.828,4298.738
2,1209.008,104.71,2.0,6.808,4299.118
2,1209.208,104.71,2.0,6.79,4299.496
2,1209.408,104.71,2.0,6.774,4299.873
2,1209.608,104.709,2.0,6.76,4300.249
2,1209.808,104.709,2.0,6.749,4300.625
2,1210.008,104.709,2.0,6.74,4301.0
2,1210.208,104.709,2.0,6.734,4301.374
2,1210.408,104.709,2.0,6.73,4301.749
2,1210.608,104.709,2.0,6.729,4302.122
2,1210.808,104.709,2.0,6.729,4302.496
2,1211.008,104.709,2.0,6.732,4302.87
2,1211.208,104.709,2.0,6.736,4303.244
2,1211.408,104.709,2.0,6.742,4303.618
2,1211.608,104.709,2.0,6.75,4303.993
2,1211.808,104.709,2.0,6.76,4304.368
2,1212.008,104.709,2.0,6.771,4304.743
2,1212.208,104.709,2.0,6.784,4305.12
2,1212.408,104.709,2.0,6.798,4305.496
2,1212.608,104.709,2.0,6.814,4305.874
2,1212.808,104.709,2.0,6.831,4306.253
2,1213.008,104.709,2.0,6.851,4306.632
2,1213.208,104.709,2.0,6.872,4307.013
2,1213.408,104.709,2.0,6.895,4307.395
2,1213.608,104.709,2.0,6.919,4307.778
2,1213.808,104.709,2.0,6.945,4308.162
2,1214.008,104.708,2.0,6.972,4308.548
2,1214.208,104.708,2.0,7.0,4308.935
2,1214.408,104.708,2.0,7.03,4309.324
2,1214.608,104.708,2.0,7.061,4309.715
2,1214.808,104.708,2.0,7.093,4310.107
2,1215.008,104.708,2.0,7.126,4310.501
2,1215.208,104.708,2.0,7.161,4310.897
2,1215.408,104.708,2.0,7.197,4311.295
2,1215.608,104.708,2.0,7.234,4311.694
2,1215.808,104.708,2.0,7.273,4312.096
2,1216.008,104.708,2.0,7.313,4312.5
2,1216.208,104.708,2.0,7.354,4312.907
2,1216.408,104.708,2.0,7.397,4313.315
2,1216.608,104.708,2.0,7.441,4313.726
2,1216.808,104.708,2.0,7.486,4314.14
2,1217.008,104.708,2.0,7.532,4314.555
2,1217.208,104.708,2.0,7.579,4314.974
2,1217.408,104.708,2.0,7.627,4315.395
2,1217.608,104.708,2.0,7.677,4315.819
2,1217.808,104.708,2.0,7.728,4316.245
2,1218.008,104.708,2.0,7.781,4316.674
2,1218.208,104.708,2.0,7.834,4317.107
2,1218.408,104.707,2.0,7.89,4317.542
2,1218.608,104.707,2.0,7.946,4317.98
2,1218.808,104.707,2.0,8.004,4318.422
2,1219.008,104.707,2.0,8.063,4318.866
2,1219.208,104.707,2.0,8.123,4319.314
2,1219.408,104.707,2.0,8.185,4319.766
2,1219.608,104.707,2.0,8.248,4320.22
2,1219.808,104.707,2.0,8.313,4320.679
2,1220.008,104.707,2.0,8.378,4321.14
2,1220.208,104.707,2.0,8.446,4321.606
2,1220.408,104.707,2.0,8.515,4322.075
2,1220.608,104.707,2.0,8.585,4322.548
2,1220.808,104.707,2.0,8.656,4323.025
2,1221.008,104.707,2.0,8.729,4323.506
2,1221.208,104.707,2.0,8.804,4323.991
2,1221.408,104.707,2.0,8.88,4324.48
2,1221.608,104.707,2.0,8.958,4324.973
2,1221.808,104.707,2.0,9.037,4325.471
2,1222.008,104.707,2.0,9.118,4325.973
2,1222.208,104.707,2.0,9.2,4326.48
2,1222.408,104.707,2.0,9.284,4326.991
2,1222.608,104.707,2.0,9.369,4327.507
2,1222.808,104.706,2.0,9.455,4328.027
2,1223.008,104.706,2.0,9.543,4328.552
2,1223.208,104.706,2.0,9.633,4329.082
2,1223.408,104.706,2.0,9.724,4329.618
2,1223.608,104.706,2.0,9.817,4330.158
2,1223.808,104.706,2.0,9.912,4330.703
2,1224.008,104.706,2.0,10.008,4331.254
2,1224.208,104.706,2.0,10.105,4331.81
2,1224.408,104.706,2.0,10.203,4332.371
2,1224.608,104.706,2.0,10.303,4332.938
2,1224.808,104.706,2.0,10.404,4333.511
2,1225.008,104.706,2.0,10.507,4334.089
2,1225.208,104.706,2.0,10.611,4334.672
2,1225.408,104.706,2.0,10.717,4335.262
2,1225.608,104.706,2.0,10.824,4335.857
2,1225.808,104.706,2.0,10.932,4336.459
2,1226.008,104.706,2.0,11.04,4337.066
2,1226.208,104.706,2.0,11.15,4337.679
2,1226.408,104.706,2.0,11.26,4338.299
2,1226.608,104.706,2.0,11.372,4338.924
2,1226.808,104.706,2.0,11.484,4339.556
2,1227.008,104.706,2.0,11.598,4340.194
2,1227.208,104.705,2.0,11.712,4340.838
2,1227.408,104.705,2.0,11.827,4341.489
2,1227.608,104.705,2.0,11.942,4342.146
2,1227.808,104.705,2.0,12.058,4342.81
2,1228.008,104.705,2.0,12.174,4343.479
2,1228.208,104.705,2.0,12.291,4344.156
2,1228.408,104.705,2.0,12.408,4344.839
2,1228.608,104.705,2.0,12.526,4345.528
2,1228.808,104.705,2.0,12.644,4346.224
2,1229.008,104.705,2.0,12.762,4346.926
2,1229.208,104.705,2.0,12.881,4347.635
2,1229.408,104.705,2.0,12.999,4348.351
2,1229.608,104.705,2.0,13.118,4349.073
2,1229.808,104.705,2.0,13.238,4349.802
2,1230.008,104.705,2.0,13.357,4350.537
2,1230.208,104.705,2.0,13.476,4351.279
2,1230.408,104.705,2.0,13.595,4352.028
2,1230.608,104.705,2.0,13.714,4352.783
2,1230.808,104.705,2.0,13.832,4353.545
2,1231.008,104.705,2.0,13.95,4354.314
2,1231.208,104.705,2.0,14.068,4355.089
2,1231.408,104.705,2.0,14.186,4355.87
2,1231.608,104.704,2.0,14.303,4356.658
2,1231.808,104.704,2.0,14.42,4357.453
2,1232.008,104.704,2.0,14.538,4358.254
2,1232.208,104.704,2.0,14.655,4359.062
2,1232.408,104.704,2.0,14.772,4359.876
2,1232.608,104.704,2.0,14.889,4360.697
2,1232.808,104.704,2.0,15.005,4361.524
2,1233.008,104.704,2.0,15.12,4362.357
2,1233.208,104.704,2.0,15.235,4363.197
2,1233.408,104.704,2.0,15.35,4364.044
2,1233.608,104.704,2.0,15.463,4364.896
2,1233.808,104.704,2.0,15.576,4365.756
2,1234.008,104.704,2.0,15.688,4366.621
2,1234.208,104.704,2.0,15.798,4367.492
2,1234.408,104.704,2.0,15.908,4368.37
2,1234.608,104.704,2.0,16.016,4369.254
2,1234.808,104.704,2.0,16.123,4370.144
2,1235.008,104.704,2.0,16.229,4371.039
2,1235.208,104.704,2.0,16.333,4371.941
2,1235.408,104.704,2.0,16.435,4372.848
2,1235.608,104.704,2.0,16.535,4373.761
2,1235.808,104.704,2.0,16.633,4374.68
2,1236.008,104.703,2.0,16.729,4375.604
2,1236.208,104.703,2.0,16.823,4376.534
2,1236.408,104.703,2.0,16.914,4377.468
2,1236.608,104.703,2.0,17.002,4378.408
2,1236.808,104.703,2.0,17.088,4379.352
2,1237.008,104.703,2.0,17.171,4380.302
2,1237.208,104.703,2.0,17.25,4381.256
2,1237.408,104.703,2.0,17.326,4382.214
2,1237.608,104.703,2.0,17.398,4383.177
2,1237.808,104.703,2.0,17.466,4384.143
2,1238.008,104.703,2.0,17.53,4385.113
2,1238.208,104.703,2.0,17.59,4386.087
2,1238.408,104.703,2.0,17.646,4387.065
2,1238.608,104.703,2.0,17.698,4388.045
2,1238.808,104.703,2.0,17.745,4389.028
2,1239.008,104.703,2.0,17.788,4390.014
2,1239.208,104.703,2.0,17.826,4391.002
2,1239.408,104.703,2.0,17.861,4391.992
2,1239.608,104.703,2.0,17.891,4392.985
2,1239.808,104.703,2.0,17.917,4393.979
2,1240.008,104.703,2.0,17.939,4394.974
2,1240.208,104.703,2.0,17.957,4395.971
2,1240.408,104.702,2.0,17.97,4396.968
2,1240.608,104.702,2.0,17.979,4397.967
2,1240.808,104.702,2.0,17.983,4398.965
2,1241.008,104.702,2.0,17.982,4399.965
2,1241.208,104.702,2.0,17.977,4400.964
2,1241.408,104.702,2.0,17.968,4401.962
2,1241.608,104.702,2.0,17.954,4402.96
2,1241.808,104.702,2.0,17.936,4403.958
2,1242.008,104.702,2.0,17.914,4404.954
2,1242.208,104.702,2.0,17.887,4405.95
2,1242.408,104.702,2.0,17.857,4406.943
2,1242.608,104.702,2.0,17.822,4407.935
2,1242.808,104.702,2.0,17.784,4408.925
2,1243.008,104.702,2.0,17.742,4409.913
2,1243.208,104.702,2.0,17.696,4410.899
2,1243.408,104.702,2.0,17.646,4411.882
2,1243.608,104.702,2.0,17.592,4412.862
2,1243.808,104.702,2.0,17.534,4413.84
2,1244.008,104.702,2.0,17.473,4414.814
2,1244.208,104.702,2.0,17.408,4415.785
2,1244.408,104.702,2.0,17.339,4416.752
2,1244.608,104.702,2.0,17.267,4417.715
2,1244.808,104.701,2.0,17.191,4418.674
2,1245.008,104.701,2.0,17.112,4419.629
2,1245.208,104.701,2.0,17.03,4420.58
2,1245.408,104.701,2.0,16.944,4421.526
2,1245.608,104.701,2.0,16.855,4422.468
2,1245.808,104.701,2.0,16.763,4423.404
2,1246.008,104.701,2.0,16.667,4424.335
2,1246.208,104.701,2.0,16.568,4425.261
2,1246.408,104.701,2.0,16.466,4426.182
2,1246.608,104.701,2.0,16.361,4427.096
2,1246.808,104.701,2.0,16.254,4428.005
2,1247.008,104.701,2.0,16.143,4428.908
2,1247.208,104.701,2.0,16.03,4429.805
2,1247.408,104.701,2.0,15.913,4430.696
2,1247.608,104.701,2.0,15.795,4431.58
2,1247.808,104.701,2.0,15.676,4432.457
2,1248.008,104.701,2.0,15.555,4433.328
2,1248.208,104.701,2.0,15.432,4434.192
2,1248.408,104.701,2.0,15.309,4435.05
2,1248.608,104.701,2.0,15.184,4435.9
2,1248.808,104.701,2.0,15.058,4436.744
2,1249.008,104.701,2.0,14.932,4437.58
2,1249.208,104.7,2.0,14.805,4438.41
2,1249.408,104.7,2.0,14.677,4439.232
2,1249.608,104.7,2.0,14.55,4440.048
2,1249.808,104.7,2.0,14.421,4440.856
2,1250.008,104.7,2.0,14.294,4441.657
2,1250.208,104.7,2.0,14.166,4442.451
2,1250.408,104.7,2.0,14.038,4443.238
2,1250.608,104.7,2.0,13.911,4444.018
2,1250.808,104.7,2.0,13.784,4444.791
2,1251.008,104.7,2.0,13.658,4445.557
2,1251.208,104.7,2.0,13.532,4446.316
2,1251.408,104.7,2.0,13.408,4447.067
2,1251.608,104.7,2.0,13.284,4447.812
2,1251.808,104.7,2.0,13.161,4448.55
2,1252.008,104.7,2.0,13.04,4449.281
2,1252.208,104.7,2.0,12.919,4450.006
2,1252.408,104.7,2.0,12.799,4450.724
2,1252.608,104.7,2.0,12.681,4451.435
2,1252.808,104.7,2.0,12.564,4452.139
2,1253.008,104.7,2.0,12.448,4452.837
2,1253.208,104.7,2.0,12.334,4453.529
2,1253.408,104.7,2.0,12.221,4454.214
2,1253.608,104.699,2.0,12.109,4454.893
2,1253.808,104.699,2.0,11.999,4455.566
2,1254.008,104.699,2.0,11.89,4456.232
2,1254.208,104.699,2.0,11.783,4456.893
2,1254.408,104.699,2.0,11.677,4457.547
2,1254.608,104.699,2.0,11.574,4458.196
2,1254.808,104.699,2.0,11.471,4458.839
2,1255.008,104.699,2.0,11.371,4459.476
2,1255.208,104.699,2.0,11.272,4460.108
2,1255.408,104.699,2.0,11.174,4460.734
2,1255.608,104.699,2.0,11.079,4461.355
2,1255.808,104.699,2.0,10.985,4461.971
2,1256.008,104.699,2.0,10.893,4462.581
2,1256.208,104.699,2.0,10.803,4463.186
2,1256.408,104.699,2.0,10.715,4463.786
2,1256.608,104.699,2.0,10.629,4464.382
2,1256.808,104.699,2.0,10.545,4464.972
2,1257.008,104.699,2.0,10.462,4465.558
2,1257.208,104.699,2.0,10.381,4466.139
2,1257.408,104.699,2.0,10.303,4466.716
2,1257.608,104.699,2.0,10.227,4467.288
2,1257.808,104.699,2.0,10.153,4467.856
2,1258.008,104.698,2.0,10.08,4468.42
2,1258.208,104.698,2.0,10.01,4468.98
2,1258.408,104.698,2.0,9.942,4469.537
2,1258.608,104.698,2.0,9.876,4470.089
2,1258.808,104.698,2.0,9.811,4470.638
2,1259.008,104.698,2.0,9.749,4471.183
2,1259.208,104.698,2.0,9.688,4471.724
2,1259.408,104.698,2.0,9.629,4472.262
2,1259.608,104.698,2.0,9.572,4472.797
2,1259.808,104.698,2.0,9.517,4473.329
2,1260.008,104.698,2.0,9.463,4473.858
2,1260.208,104.698,2.0,9.411,4474.384
2,1260.408,104.698,2.0,9.361,4474.907
2,1260.608,104.698,2.0,9.312,4475.427
2,1260.808,104.698,2.0,9.265,4475.944
2,1261.008,104.698,2.0,9.22,4476.459
2,1261.208,104.698,2.0,9.177,4476.971
2,1261.408,104.698,2.0,9.135,4477.481
2,1261.608,104.698,2.0,9.095,4477.988
2,1261.808,104.698,2.0,9.056,4478.493
2,1262.008,104.698,2.0,9.019,4478.997
2,1262.208,104.697,2.0,8.983,4479.498
2,1262.408,104.697,2.0,8.949,4479.997
2,1262.608,104.697,2.0,8.916,4480.494
2,1262.808,104.697,2.0,8.885,4480.989
2,1263.008,104.697,2.0,8.856,4481.483
2,1263.208,104.697,2.0,8.829,4481.975
2,1263.408,104.697,2.0,8.803,4482.465
2,1263.608,104.697,2.0,8.779,4482.954
2,1263.808,104.697,2.0,8.756,4483.442
2,1264.008,104.697,2.0,8.735,4483.929
2,1264.208,104.697,2.0,8.715,4484.414
2,1264.408,104.697,2.0,8.697,4484.898
2,1264.608,104.697,2.0,8.68,4485.381
2,1264.808,104.697,2.0,8.664,4485.863
2,1265.008,104.697,2.0,8.65,4486.345
2,1265.208,104.697,2.0,8.638,4486.825
2,1265.408,104.697,2.0,8.627,4487.305
2,1265.608,104.697,2.0,8.617,4487.784
2,1265.808,104.697,2.0,8.609,4488.263
2,1266.008,104.697,2.0,8.602,4488.741
2,1266.208,104.697,2.0,8.596,4489.219
2,1266.408,104.697,2.0,8.591,4489.697
2,1266.608,104.696,2.0,8.588,4490.174
2,1266.808,104.696,2.0,8.586,4490.651
2,1267.008,104.696,2.0,8.585,4491.128
2,1267.208,104.696,2.0,8.586,4491.605
2,1267.408,104.696,2.0,8.588,4492.082
2,1267.608,104.696,2.0,8.591,4492.559
2,1267.808,104.696,2.0,8.596,4493.037
2,1268.008,104.696,2.0,8.601,4493.514
2,1268.208,104.696,2.0,8.608,4493.992
2,1268.408,104.696,2.0,8.617,4494.47
2,1268.608,104.696,2.0,8.626,4494.949
2,1268.808,104.696,2.0,8.636,4495.428
2,1269.008,104.696,2.0,8.648,4495.908
2,1269.208,104.696,2.0,8.661,4496.388
2,1269.408,104.696,2.0,8.676,4496.87
2,1269.608,104.696,2.0,8.692,4497.352
2,1269.808,104.696,2.0,8.71,4497.834
2,1270.008,104.696,2.0,8.728,4498.318
2,1270.208,104.696,2.0,8.748,4498.803
2,1270.408,104.696,2.0,8.769,4499.289
2,1270.608,104.696,2.0,8.792,4499.776
2,1270.808,104.696,2.0,8.815,4500.265
2,1271.008,104.695,2.0,8.84,4500.755
2,1271.208,104.695,2.0,8.866,4501.246
2,1271.408,104.695,2.0,8.893,4501.738
2,1271.608,104.695,2.0,8.921,4502.232
2,1271.808,104.695,2.0,8.95,4502.728
2,1272.008,104.695,2.0,8.981,4503.225
2,1272.208,104.695,2.0,9.012,4503.724
2,1272.408,104.695,2.0,9.044,4504.225
2,1272.608,104.695,2.0,9.078,4504.727
2,1272.808,104.695,2.0,9.112,4505.232
2,1273.008,104.695,2.0,9.148,4505.738
2,1273.208,104.695,2.0,9.184,4506.246
2,1273.408,104.695,2.0,9.221,4506.756
2,1273.608,104.695,2.0,9.259,4507.268
2,1273.808,104.695,2.0,9.298,4507.783
2,1274.008,104.695,2.0,9.338,4508.299
2,1274.208,104.695,2.0,9.379,4508.818
2,1274.408,104.695,2.0,9.42,4509.339
2,1274.608,104.695,2.0,9.463,4509.863
2,1274.808,104.695,2.0,9.506,4510.388
2,1275.008,104.695,2.0,9.55,4510.916
2,1275.208,104.695,2.0,9.594,4511.447
2,1275.408,104.694,2.0,9.639,4511.98
2,1275.608,104.694,2.0,9.685,4512.515
2,1275.808,104.694,2.0,9.731,4513.053
2,1276.008,104.694,2.0,9.778,4513.594
2,1276.208,104.694,2.0,9.825,4514.137
2,1276.408,104.694,2.0,9.873,4514.683
2,1276.608,104.694,2.0,9.921,4515.232
2,1276.808,104.694,2.0,9.97,4515.783
2,1277.008,104.694,2.0,10.019,4516.337
2,1277.208,104.694,2.0,10.067,4516.893
2,1277.408,104.694,2.0,10.115,4517.453
2,1277.608,104.694,2.0,10.163,4518.014
2,1277.808,104.694,2.0,10.21,4518.579
2,1278.008,104.694,2.0,10.258,4519.146
2,1278.208,104.694,2.0,10.305,4519.716
2,1278.408,104.694,2.0,10.352,4520.289
2,1278.608,104.694,2.0,10.399,4520.864
2,1278.808,104.694,2.0,10.445,4521.442
2,1279.008,104.694,2.0,10.492,4522.022
2,1279.208,104.694,2.0,10.537,4522.605
2,1279.408,104.694,2.0,10.583,4523.19
2,1279.608,104.694,2.0,10.628,4523.778
2,1279.808,104.693,2.0,10.673,4524.368
2,1280.008,104.693,2.0,10.717,4524.961
2,1280.208,104.693,2.0,10.762,4525.557
2,1280.408,104.693,2.0,10.805,4526.155
2,1280.608,104.693,2.0,10.849,4526.755
2,1280.808,104.693,2.0,10.891,4527.358
2,1281.008,104.693,2.0,10.933,4527.963
2,1281.208,104.693,2.0,10.974,4528.57
2,1281.408,104.693,2.0,11.015,4529.18
2,1281.608,104.693,2.0,11.056,4529.792
2,1281.808,104.693,2.0,11.095,4530.406
2,1282.008,104.693,2.0,11.134,4531.022
2,1282.208,104.693,2.0,11.172,4531.641
2,1282.408,104.693,2.0,11.209,4532.262
2,1282.608,104.693,2.0,11.245,4532.884
2,1282.808,104.693,2.0,11.279,4533.509
2,1283.008,104.693,2.0,11.313,4534.136
2,1283.208,104.693,2.0,11.346,4534.764
2,1283.408,104.693,2.0,11.377,4535.394
2,1283.608,104.693,2.0,11.408,4536.027
2,1283.808,104.693,2.0,11.439,4536.66
2,1284.008,104.693,2.0,11.468,4537.296
2,1284.208,104.692,2.0,11.498,4537.933
2,1284.408,104.692,2.0,11.526,4538.572
2,1284.608,104.692,2.0,11.554,4539.212
2,1284.808,104.692,2.0,11.582,4539.854
2,1285.008,104.692,2.0,11.609,4540.497
2,1285.208,104.692,2.0,11.636,4541.142
2,1285.408,104.692,2.0,11.661,4541.789
2,1285.608,104.692,2.0,11.687,4542.437
2,1285.808,104.692,2.0,11.711,4543.086
2,1286.008,104.692,2.0,11.735,4543.737
2,1286.208,104.692,2.0,11.758,4544.388
2,1286.408,104.692,2.0,11.781,4545.042
2,1286.608,104.692,2.0,11.803,4545.696
2,1286.808,104.692,2.0,11.824,4546.352
2,1287.008,104.692,2.0,11.844,4547.009
2,1287.208,104.692,2.0,11.864,4547.667
2,1287.408,104.692,2.0,11.883,4548.326
2,1287.608,104.692,2.0,11.902,4548.986
2,1287.808,104.692,2.0,11.919,4549.647
2,1288.008,104.692,2.0,11.936,4550.31
2,1288.208,104.692,2.0,11.953,4550.973
2,1288.408,104.692,2.0,11.968,4551.637
2,1288.608,104.691,2.0,11.984,4552.302
2,1288.808,104.691,2.0,11.998,4552.967
2,1289.008,104.691,2.0,12.013,4553.634
2,1289.208,104.691,2.0,12.026,4554.301
2,1289.408,104.691,2.0,12.04,4554.969
2,1289.608,104.691,2.0,12.052,4555.638
2,1289.808,104.691,2.0,12.064,4556.308
2,1290.008,104.691,2.0,12.076,4556.978
2,1290.208,104.691,2.0,12.086,4557.649
2,1290.408,104.691,2.0,12.096,4558.32
2,1290.608,104.691,2.0,12.105,4558.992
2,1290.808,104.691,2.0,12.113,4559.665
2,1291.008,104.691,2.0,12.121,4560.338
2,1291.208,104.691,2.0,12.128,4561.011
2,1291.408,104.691,2.0,12.135,4561.685
2,1291.608,104.691,2.0,12.141,4562.359
2,1291.808,104.691,2.0,12.146,4563.034
2,1292.008,104.691,2.0,12.151,4563.708
2,1292.208,104.691,2.0,12.155,4564.384
2,1292.408,104.691,2.0,12.159,4565.059
2,1292.608,104.691,2.0,12.162,4565.734
2,1292.808,104.691,2.0,12.165,4566.41
2,1293.008,104.69,2.0,12.166,4567.086
2,1293.208,104.69,2.0,12.167,4567.762
2,1293.408,104.69,2.0,12.166,4568.438
2,1293.608,104.69,2.0,12.165,4569.114
2,1293.808,104.69,2.0,12.163,4569.789
2,1294.008,104.69,2.0,12.161,4570.465
2,1294.208,104.69,2.0,12.157,4571.141
2,1294.408,104.69,2.0,12.154,4571.816
2,1294.608,104.69,2.0,12.15,4572.491
2,1294.808,104.69,2.0,12.145,4573.166
2,1295.008,104.69,2.0,12.14,4573.841
2,1295.208,104.69,2.0,12.135,4574.516
2,1295.408,104.69,2.0,12.13,4575.19
2,1295.608,104.69,2.0,12.124,4575.864
2,1295.808,104.69,2.0,12.117,4576.537
2,1296.008,104.69,2.0,12.11,4577.21
2,1296.208,104.69,2.0,12.102,4577.883
2,1296.408,104.69,2.0,12.093,4578.555
2,1296.608,104.69,2.0,12.083,4579.227
2,1296.808,104.69,2.0,12.073,4579.898
2,1297.008,104.69,2.0,12.062,4580.569
2,1297.208,104.69,2.0,12.051,4581.239
2,1297.408,104.689,2.0,12.04,4581.909
2,1297.608,104.689,2.0,12.029,4582.578
2,1297.808,104.689,2.0,12.019,4583.246
2,1298.008,104.689,2.0,12.008,4583.914
2,1298.208,104.689,2.0,11.997,4584.581
2,1298.408,104.689,2.0,11.986,4585.247
2,1298.608,104.689,2.0,11.976,4585.913
2,1298.808,104.689,2.0,11.964,4586.579
2,1299.008,104.689,2.0,11.953,4587.243
2,1299.208,104.689,2.0,11.941,4587.907
2,1299.408,104.689,2.0,11.929,4588.571
2,1299.608,104.689,2.0,11.916,4589.233
2,1299.808,104.689,2.0,11.903,4589.895
2,1300.008,104.689,2.0,11.889,4590.557
2,1300.208,104.689,2.0,11.876,4591.217
2,1300.408,104.689,2.0,11.863,4591.877
2,1300.608,104.689,2.0,11.851,4592.536
2,1300.808,104.689,2.0,11.839,4593.194
2,1301.008,104.689,2.0,11.827,4593.852
2,1301.208,104.689,2.0,11.816,4594.509
2,1301.408,104.689,2.0,11.805,4595.166
2,1301.608,104.689,2.0,11.794,4595.821
2,1301.808,104.688,2.0,11.784,4596.477
2,1302.008,104.688,2.0,11.774,4597.131
2,1302.208,104.688,2.0,11.764,4597.785
2,1302.408,104.688,2.0,11.755,4598.439
2,1302.608,104.688,2.0,11.746,4599.092
2,1302.808,104.688,2.0,11.737,4599.745
2,1303.008,104.688,2.0,11.728,4600.397
2,1303.208,104.688,2.0,11.721,4601.048
2,1303.408,104.688,2.0,11.714,4601.699
2,1303.608,104.688,2.0,11.707,4602.35
2,1303.808,104.688,2.0,11.702,4603.0
2,1304.008,104.688,2.0,11.697,4603.651
2,1304.208,104.688,2.0,11.694,4604.3
2,1304.408,104.688,2.0,11.691,4604.95
2,1304.608,104.688,2.0,11.688,4605.6
2,1304.808,104.688,2.0,11.687,4606.249
2,1305.008,104.688,2.0,11.686,4606.898
2,1305.208,104.688,2.0,11.687,4607.547
2,1305.408,104.688,2.0,11.688,4608.197
2,1305.608,104.688,2.0,11.69,4608.846
2,1305.808,104.688,2.0,11.693,4609.495
2,1306.008,104.688,2.0,11.696,4610.145
2,1306.208,104.687,2.0,11.701,4610.795
2,1306.408,104.687,2.0,11.706,4611.445
2,1306.608,104.687,2.0,11.712,4612.095
2,1306.808,104.687,2.0,11.719,4612.746
2,1307.008,104.687,2.0,11.726,4613.397
2,1307.208,104.687,2.0,11.734,4614.048
2,1307.408,104.687,2.0,11.743,4614.7
2,1307.608,104.687,2.0,11.752,4615.353
2,1307.808,104.687,2.0,11.762,4616.005
2,1308.008,104.687,2.0,11.773,4616.659
2,1308.208,104.687,2.0,11.785,4617.313
2,1308.408,104.687,2.0,11.798,4617.968
2,1308.608,104.687,2.0,11.812,4618.623
2,1308.808,104.687,2.0,11.826,4619.279
2,1309.008,104.687,2.0,11.841,4619.936
2,1309.208,104.687,2.0,11.857,4620.594
2,1309.408,104.687,2.0,11.874,4621.253
2,1309.608,104.687,2.0,11.892,4621.913
2,1309.808,104.687,2.0,11.911,4622.573
2,1310.008,104.687,2.0,11.93,4623.235
2,1310.208,104.687,2.0,11.95,4623.898
2,1310.408,104.687,2.0,11.97,4624.562
2,1310.608,104.686,2.0,11.992,4625.227
2,1310.808,104.686,2.0,12.014,4625.893
2,1311.008,104.686,2.0,12.037,4626.56
2,1311.208,104.686,2.0,12.06,4627.229
2,1311.408,104.686,2.0,12.084,4627.899
2,1311.608,104.686,2.0,12.109,4628.57
2,1311.808,104.686,2.0,12.134,4629.243
2,1312.008,104.686,2.0,12.16,4629.917
2,1312.208,104.686,2.0,12.186,4630.593
2,1312.408,104.686,2.0,12.213,4631.27
2,1312.608,104.686,2.0,12.242,4631.948
2,1312.808,104.686,2.0,12.271,4632.628
2,1313.008,104.686,2.0,12.302,4633.31
2,1313.208,104.686,2.0,12.334,4633.994
2,1313.408,104.686,2.0,12.366,4634.679
2,1313.608,104.686,2.0,12.4,4635.366
2,1313.808,104.686,2.0,12.434,4636.055
2,1314.008,104.686,2.0,12.47,4636.745
2,1314.208,104.686,2.0,12.506,4637.438
2,1314.408,104.686,2.0,12.544,4638.133
2,1314.608,104.686,2.0,12.582,4638.83
2,1314.808,104.686,2.0,12.622,4639.529
2,1315.008,104.685,2.0,12.662,4640.23
2,1315.208,104.685,2.0,12.703,4640.934
2,1315.408,104.685,2.0,12.745,4641.639
2,1315.608,104.685,2.0,12.787,4642.347
2,1315.808,104.685,2.0,12.83,4643.058
2,1316.008,104.685,2.0,12.873,4643.77
2,1316.208,104.685,2.0,12.916,4644.486
2,1316.408,104.685,2.0,12.96,4645.203
2,1316.608,104.685,2.0,13.004,4645.923
2,1316.808,104.685,2.0,13.048,4646.646
2,1317.008,104.685,2.0,13.093,4647.371
2,1317.208,104.685,2.0,13.137,4648.098
2,1317.408,104.685,2.0,13.181,4648.828
2,1317.608,104.685,2.0,13.225,4649.56
2,1317.808,104.685,2.0,13.27,4650.295
2,1318.008,104.685,2.0,13.314,4651.032
2,1318.208,104.685,2.0,13.357,4651.772
2,1318.408,104.685,2.0,13.4,4652.514
2,1318.608,104.685,2.0,13.442,4653.258
2,1318.808,104.685,2.0,13.483,4654.005
2,1319.008,104.685,2.0,13.524,4654.754
2,1319.208,104.685,2.0,13.565,4655.505
2,1319.408,104.684,2.0,13.604,4656.259
2,1319.608,104.684,2.0,13.642,4657.015
2,1319.808,104.684,2.0,13.679,4657.773
2,1320.008,104.684,2.0,13.715,4658.533
2,1320.208,104.684,2.0,13.749,4659.294
2,1320.408,104.684,2.0,13.782,4660.058
2,1320.608,104.684,2.0,13.814,4660.824
2,1320.808,104.684,2.0,13.844,4661.591
2,1321.008,104.684,2.0,13.872,4662.36
2,1321.208,104.684,2.0,13.898,4663.131
2,1321.408,104.684,2.0,13.923,4663.903
2,1321.608,104.684,2.0,13.946,4664.677
2,1321.808,104.684,2.0,13.967,4665.452
2,1322.008,104.684,2.0,13.987,4666.228
2,1322.208,104.684,2.0,14.005,4667.005
2,1322.408,104.684,2.0,14.021,4667.783
2,1322.608,104.684,2.0,14.035,4668.562
2,1322.808,104.684,2.0,14.047,4669.341
2,1323.008,104.684,2.0,14.057,4670.122
2,1323.208,104.684,2.0,14.066,4670.903
2,1323.408,104.684,2.0,14.072,4671.684
2,1323.608,104.684,2.0,14.077,4672.466
2,1323.808,104.683,2.0,14.079,4673.248
2,1324.008,104.683,2.0,14.078,4674.03
2,1324.208,104.683,2.0,14.076,4674.812
2,1324.408,104.683,2.0,14.071,4675.594
2,1324.608,104.683,2.0,14.065,4676.376
2,1324.808,104.683,2.0,14.057,4677.157
2,1325.008,104.683,2.0,14.048,4677.938
2,1325.208,104.683,2.0,14.036,4678.719
2,1325.408,104.683,2.0,14.024,4679.498
2,1325.608,104.683,2.0,14.009,4680.278
2,1325.808,104.683,2.0,13.993,4681.056
2,1326.008,104.683,2.0,13.975,4681.833
2,1326.208,104.683,2.0,13.954,4682.61
2,1326.408,104.683,2.0,13.931,4683.385
2,1326.608,104.683,2.0,13.906,4684.159
2,1326.808,104.683,2.0,13.879,4684.931
2,1327.008,104.683,2.0,13.85,4685.702
2,1327.208,104.683,2.0,13.819,4686.472
2,1327.408,104.683,2.0,13.787,4687.239
2,1327.608,104.683,2.0,13.754,4688.005
2,1327.808,104.683,2.0,13.719,4688.77
2,1328.008,104.682,2.0,13.683,4689.532
2,1328.208,104.682,2.0,13.646,4690.292
2,1328.408,104.682,2.0,13.608,4691.05
2,1328.608,104.682,2.0,13.569,4691.806
2,1328.808,104.682,2.0,13.529,4692.56
2,1329.008,104.682,2.0,13.488,4693.311
2,1329.208,104.682,2.0,13.446,4694.061
2,1329.408,104.682,2.0,13.403,4694.808
2,1329.608,104.682,2.0,13.359,4695.552
2,1329.808,104.682,2.0,13.314,4696.295
2,1330.008,104.682,2.0,13.268,4697.034
2,1330.208,104.682,2.0,13.222,4697.771
2,1330.408,104.682,2.0,13.174,4698.506
2,1330.608,104.682,2.0,13.125,4699.238
2,1330.808,104.682,2.0,13.076,4699.967
2,1331.008,104.682,2.0,13.025,4700.693
2,1331.208,104.682,2.0,12.974,4701.417
2,1331.408,104.682,2.0,12.923,4702.138
2,1331.608,104.682,2.0,12.871,4702.856
2,1331.808,104.682,2.0,12.818,4703.571
2,1332.008,104.682,2.0,12.765,4704.283
2,1332.208,104.682,2.0,12.712,4704.992
2,1332.408,104.681,2.0,12.658,4705.698
2,1332.608,104.681,2.0,12.604,4706.402
2,1332.808,104.681,2.0,12.549,4707.102
2,1333.008,104.681,2.0,12.493,4707.799
2,1333.208,104.681,2.0,12.438,4708.493
2,1333.408,104.681,2.0,12.381,4709.184
2,1333.608,104.681,2.0,12.325,4709.872
2,1333.808,104.681,2.0,12.268,4710.557
2,1334.008,104.681,2.0,12.211,4711.238
2,1334.208,104.681,2.0,12.153,4711.916
2,1334.408,104.681,2.0,12.096,4712.592
2,1334.608,104.681,2.0,12.038,4713.264
2,1334.808,104.681,2.0,11.98,4713.932
2,1335.008,104.681,2.0,11.922,4714.598
2,1335.208,104.681,2.0,11.864,4715.26
2,1335.408,104.681,2.0,11.806,4715.919
2,1335.608,104.681,2.0,11.748,4716.575
2,1335.808,104.681,2.0,11.689,4717.228
2,1336.008,104.681,2.0,11.631,4717.877
2,1336.208,104.681,2.0,11.572,4718.523
2,1336.408,104.681,2.0,11.514,4719.166
2,1336.608,104.681,2.0,11.455,4719.806
2,1336.808,104.68,2.0,11.396,4720.442
2,1337.008,104.68,2.0,11.338,4721.076
2,1337.208,104.68,2.0,11.279,4721.705
2,1337.408,104.68,2.0,11.22,4722.332
2,1337.608,104.68,2.0,11.161,4722.955
2,1337.808,104.68,2.0,11.101,4723.575
2,1338.008,104.68,2.0,11.042,4724.192
2,1338.208,104.68,2.0,10.982,4724.806
2,1338.408,104.68,2.0,10.923,4725.416
2,1338.608,104.68,2.0,10.863,4726.023
2,1338.808,104.68,2.0,10.804,4726.626
2,1339.008,104.68,2.0,10.745,4727.226
2,1339.208,104.68,2.0,10.687,4727.823
2,1339.408,104.68,2.0,10.629,4728.417
2,1339.608,104.68,2.0,10.571,4729.007
2,1339.808,104.68,2.0,10.513,4729.595
2,1340.008,104.68,2.0,10.456,4730.179
2,1340.208,104.68,2.0,10.399,4730.76
2,1340.408,104.68,2.0,10.343,4731.337
2,1340.608,104.68,2.0,10.289,4731.912
2,1340.808,104.68,2.0,10.235,4732.484
2,1341.008,104.68,2.0,10.181,4733.052
2,1341.208,104.679,2.0,10.129,4733.618
2,1341.408,104.679,2.0,10.078,4734.181
2,1341.608,104.679,2.0,10.027,4734.74
2,1341.808,104.679,2.0,9.978,4735.297
2,1342.008,104.679,2.0,9.929,4735.852
2,1342.208,104.679,2.0,9.882,4736.403
2,1342.408,104.679,2.0,9.836,4736.952
2,1342.608,104.679,2.0,9.791,4737.499
2,1342.808,104.679,2.0,9.747,4738.043
2,1343.008,104.679,2.0,9.705,4738.584
2,1343.208,104.679,2.0,9.663,4739.123
2,1343.408,104.679,2.0,9.623,4739.66
2,1343.608,104.679,2.0,9.584,4740.195
2,1343.808,104.679,2.0,9.546,4740.727
2,1344.008,104.679,2.0,9.51,4741.258
2,1344.208,104.679,2.0,9.475,4741.786
2,1344.408,104.679,2.0,9.442,4742.312
2,1344.608,104.679,2.0,9.41,4742.837
2,1344.808,104.679,2.0,9.379,4743.36
2,1345.008,104.679,2.0,9.349,4743.881
2,1345.208,104.679,2.0,9.321,4744.4
2,1345.408,104.679,2.0,9.294,4744.918
2,1345.608,104.678,2.0,9.269,4745.434
2,1345.808,104.678,2.0,9.244,4745.949
2,1346.008,104.678,2.0,9.22,4746.463
2,1346.208,104.678,2.0,9.198,4746.975
2,1346.408,104.678,2.0,9.176,4747.486
2,1346.608,104.678,2.0,9.155,4747.996
2,1346.808,104.678,2.0,9.134,4748.504
2,1347.008,104.678,2.0,9.115,4749.012
2,1347.208,104.678,2.0,9.096,4749.518
2,1347.408,104.678,2.0,9.079,4750.024
2,1347.608,104.678,2.0,9.062,4750.528
2,1347.808,104.678,2.0,9.045,4751.031
2,1348.008,104.678,2.0,9.03,4751.534
2,1348.208,104.678,2.0,9.016,4752.036
2,1348.408,104.678,2.0,9.002,4752.537
2,1348.608,104.678,2.0,8.989,4753.037
2,1348.808,104.678,2.0,8.977,4753.536
2,1349.008,104.678,2.0,8.966,4754.035
2,1349.208,104.678,2.0,8.955,4754.533
2,1349.408,104.678,2.0,8.945,4755.03
2,1349.608,104.678,2.0,8.936,4755.527
2,1349.808,104.678,2.0,8.927,4756.024
2,1350.008,104.677,2.0,8.918,4756.52
2,1350.208,104.677,2.0,8.91,4757.015
2,1350.408,104.677,2.0,8.902,4757.51
2,1350.608,104.677,2.0,8.894,4758.005
2,1350.808,104.677,2.0,8.887,4758.499
2,1351.008,104.677,2.0,8.88,4758.992
2,1351.208,104.677,2.0,8.874,4759.486
2,1351.408,104.677,2.0,8.867,4759.979
2,1351.608,104.677,2.0,8.861,4760.471
2,1351.808,104.677,2.0,8.855,4760.964
2,1352.008,104.677,2.0,8.85,4761.456
2,1352.208,104.677,2.0,8.844,4761.947
2,1352.408,104.677,2.0,8.839,4762.439
2,1352.608,104.677,2.0,8.834,4762.93
2,1352.808,104.677,2.0,8.83,4763.421
2,1353.008,104.677,2.0,8.825,4763.911
2,1353.208,104.677,2.0,8.821,4764.401
2,1353.408,104.677,2.0,8.816,4764.891
2,1353.608,104.677,2.0,8.812,4765.381
2,1353.808,104.677,2.0,8.808,4765.871
2,1354.008,104.677,2.0,8.804,4766.36
2,1354.208,104.677,2.0,8.8,4766.849
2,1354.408,104.676,2.0,8.795,4767.338
2,1354.608,104.676,2.0,8.79,4767.827
2,1354.808,104.676,2.0,8.785,4768.315
2,1355.008,104.676,2.0,8.78,4768.803
2,1355.208,104.676,2.0,8.775,4769.291
2,1355.408,104.676,2.0,8.77,4769.778
2,1355.608,104.676,2.0,8.764,4770.266
2,1355.808,104.676,2.0,8.759,4770.753
2,1356.008,104.676,2.0,8.754,4771.239
2,1356.208,104.676,2.0,8.749,4771.725
2,1356.408,104.676,2.0,8.744,4772.211
2,1356.608,104.676,2.0,8.739,4772.697
2,1356.808,104.676,2.0,8.735,4773.183
2,1357.008,104.676,2.0,8.73,4773.668
2,1357.208,104.676,2.0,8.726,4774.153
2,1357.408,104.676,2.0,8.722,4774.638
2,1357.608,104.676,2.0,8.718,4775.122
2,1357.808,104.676,2.0,8.714,4775.607
2,1358.008,104.676,2.0,8.711,4776.091
2,1358.208,104.676,2.0,8.708,4776.575
2,1358.408,104.676,2.0,8.706,4777.059
2,1358.608,104.676,2.0,8.703,4777.542
2,1358.808,104.675,2.0,8.702,4778.026
2,1359.008,104.675,2.0,8.7,4778.509
2,1359.208,104.675,2.0,8.699,4778.992
2,1359.408,104.675,2.0,8.698,4779.476
2,1359.608,104.675,2.0,8.697,4779.959
2,1359.808,104.675,2.0,8.697,4780.442
2,1360.008,104.675,2.0,8.697,4780.925
2,1360.208,104.675,2.0,8.697,4781.408
2,1360.408,104.675,2.0,8.699,4781.892
2,1360.608,104.675,2.0,8.7,4782.375
2,1360.808,104.675,2.0,8.702,4782.858
2,1361.008,104.675,2.0,8.705,4783.342
2,1361.208,104.675,2.0,8.707,4783.825
2,1361.408,104.675,2.0,8.711,4784.309
2,1361.608,104.675,2.0,8.715,4784.793
2,1361.808,104.675,2.0,8.719,4785.277
2,1362.008,104.675,2.0,8.723,4785.761
2,1362.208,104.675,2.0,8.728,4786.246
2,1362.408,104.675,2.0,8.734,4786.731
2,1362.608,104.675,2.0,8.74,4787.216
2,1362.808,104.675,2.0,8.747,4787.702
2,1363.008,104.675,2.0,8.754,4788.188
2,1363.208,104.674,2.0,8.761,4788.674
2,1363.408,104.674,2.0,8.769,4789.161
2,1363.608,104.674,2.0,8.777,4789.648
2,1363.808,104.674,2.0,8.786,4790.135
2,1364.008,104.674,2.0,8.795,4790.624
2,1364.208,104.674,2.0,8.804,4791.112
2,1364.408,104.674,2.0,8.814,4791.601
2,1364.608,104.674,2.0,8.823,4792.091
2,1364.808,104.674,2.0,8.833,4792.581
2,1365.008,104.674,2.0,8.843,4793.072
2,1365.208,104.674,2.0,8.853,4793.563
2,1365.408,104.674,2.0,8.863,4794.055
2,1365.608,104.674,2.0,8.873,4794.547
2,1365.808,104.674,2.0,8.884,4795.04
2,1366.008,104.674,2.0,8.895,4795.534
2,1366.208,104.674,2.0,8.905,4796.028
2,1366.408,104.674,2.0,8.916,4796.523
2,1366.608,104.674,2.0,8.927,4797.018
2,1366.808,104.674,2.0,8.937,4797.514
2,1367.008,104.674,2.0,8.948,4798.01
2,1367.208,104.674,2.0,8.959,4798.508
2,1367.408,104.674,2.0,8.969,4799.005
2,1367.608,104.673,2.0,8.98,4799.504
2,1367.808,104.673,2.0,8.991,4800.002
2,1368.008,104.673,2.0,9.002,4800.502
2,1368.208,104.673,2.0,9.013,4801.002
2,1368.408,104.673,2.0,9.023,4801.503
2,1368.608,104.673,2.0,9.034,4802.004
2,1368.808,104.673,2.0,9.044,4802.506
2,1369.008,104.673,2.0,9.054,4803.008
2,1369.208,104.673,2.0,9.065,4803.511
2,1369.408,104.673,2.0,9.075,4804.015
2,1369.608,104.673,2.0,9.085,4804.519
2,1369.808,104.673,2.0,9.094,4805.024
2,1370.008,104.673,2.0,9.104,4805.529
2,1370.208,104.673,2.0,9.113,4806.035
2,1370.408,104.673,2.0,9.122,4806.541
2,1370.608,104.673,2.0,9.129,4807.048
2,1370.808,104.673,2.0,9.136,4807.555
2,1371.008,104.673,2.0,9.143,4808.063
2,1371.208,104.673,2.0,9.149,4808.571
2,1371.408,104.673,2.0,9.154,4809.079
2,1371.608,104.673,2.0,9.159,4809.587
2,1371.808,104.673,2.0,9.163,4810.096
2,1372.008,104.672,2.0,9.167,4810.605
2,1372.208,104.672,2.0,9.17,4811.115
2,1372.408,104.672,2.0,9.172,4811.624
2,1372.608,104.672,2.0,9.173,4812.134
2,1372.808,104.672,2.0,9.173,4812.643
2,1373.008,104.672,2.0,9.173,4813.153
2,1373.208,104.672,2.0,9.171,4813.663
2,1373.408,104.672,2.0,9.169,4814.172
2,1373.608,104.672,2.0,9.167,4814.681
2,1373.808,104.672,2.0,9.163,4815.191
2,1374.008,104.672,2.0,9.159,4815.7
2,1374.208,104.672,2.0,9.154,4816.209
2,1374.408,104.672,2.0,9.148,4816.717
2,1374.608,104.672,2.0,9.141,4817.225
2,1374.808,104.672,2.0,9.133,4817.733
2,1375.008,104.672,2.0,9.125,4818.241
2,1375.208,104.672,2.0,9.116,4818.748
2,1375.408,104.672,2.0,9.106,4819.254
2,1375.608,104.672,2.0,9.096,4819.76
2,1375.808,104.672,2.0,9.084,4820.265
2,1376.008,104.672,2.0,9.073,4820.77
2,1376.208,104.672,2.0,9.06,4821.274
2,1376.408,104.671,2.0,9.048,4821.777
2,1376.608,104.671,2.0,9.034,4822.28
2,1376.808,104.671,2.0,9.02,4822.782
2,1377.008,104.671,2.0,9.006,4823.283
2,1377.208,104.671,2.0,8.992,4823.783
2,1377.408,104.671,2.0,8.977,4824.283
2,1377.608,104.671,2.0,8.961,4824.782
2,1377.808,104.671,2.0,8.945,4825.279
2,1378.008,104.671,2.0,8.929,4825.776
2,1378.208,104.671,2.0,8.913,4826.272
2,1378.408,104.671,2.0,8.897,4826.768
2,1378.608,104.671,2.0,8.881,4827.262
2,1378.808,104.671,2.0,8.865,4827.755
2,1379.008,104.671,2.0,8.849,4828.248
2,1379.208,104.671,2.0,8.834,4828.739
2,1379.408,104.671,2.0,8.818,4829.23
2,1379.608,104.671,2.0,8.802,4829.72
2,1379.808,104.671,2.0,8.786,4830.209
2,1380.008,104.671,2.0,8.77,4830.697
2,1380.208,104.671,2.0,8.755,4831.184
2,1380.408,104.671,2.0,8.741,4831.671
2,1380.608,104.671,2.0,8.727,4832.156
2,1380.808,104.67,2.0,8.713,4832.641
2,1381.008,104.67,2.0,8.7,4833.125
2,1381.208,104.67,2.0,8.687,4833.609
2,1381.408,104.67,2.0,8.675,4834.091
2,1381.608,104.67,2.0,8.663,4834.573
2,1381.808,104.67,2.0,8.652,4835.055
2,1382.008,104.67,2.0,8.641,4835.535
2,1382.208,104.67,2.0,8.631,4836.015
2,1382.408,104.67,2.0,8.622,4836.495
2,1382.608,104.67,2.0,8.613,4836.974
2,1382.808,104.67,2.0,8.605,4837.452
2,1383.008,104.67,2.0,8.598,4837.93
2,1383.208,104.67,2.0,8.592,4838.408
2,1383.408,104.67,2.0,8.586,4838.885
2,1383.608,104.67,2.0,8.58,4839.362
2,1383.808,104.67,2.0,8.576,4839.839
2,1384.008,104.67,2.0,8.572,4840.315
2,1384.208,104.67,2.0,8.568,4840.792
2,1384.408,104.67,2.0,8.566,4841.268
2,1384.608,104.67,2.0,8.564,4841.744
2,1384.808,104.67,2.0,8.563,4842.219
2,1385.008,104.67,2.0,8.563,4842.695
2,1385.208,104.669,2.0,8.564,4843.171
2,1385.408,104.669,2.0,8.565,4843.647
2,1385.608,104.669,2.0,8.567,4844.122
2,1385.808,104.669,2.0,8.569,4844.598
2,1386.008,104.669,2.0,8.573,4845.074
2,1386.208,104.669,2.0,8.577,4845.551
2,1386.408,104.669,2.0,8.581,4846.027
2,1386.608,104.669,2.0,8.586,4846.504
2,1386.808,104.669,2.0,8.591,4846.981
2,1387.008,104.669,2.0,8.597,4847.458
2,1387.208,104.669,2.0,8.603,4847.936
2,1387.408,104.669,2.0,8.609,4848.414
2,1387.608,104.669,2.0,8.616,4848.892
2,1387.808,104.669,2.0,8.623,4849.371
2,1388.008,104.669,2.0,8.631,4849.85
2,1388.208,104.669,2.0,8.639,4850.329
2,1388.408,104.669,2.0,8.647,4850.809
2,1388.608,104.669,2.0,8.656,4851.289
2,1388.808,104.669,2.0,8.665,4851.77
2,1389.008,104.669,2.0,8.675,4852.252
2,1389.208,104.669,2.0,8.685,4852.734
2,1389.408,104.668,2.0,8.695,4853.216
2,1389.608,104.668,2.0,8.706,4853.699
2,1389.808,104.668,2.0,8.717,4854.183
2,1390.008,104.668,2.0,8.729,4854.667
2,1390.208,104.668,2.0,8.741,4855.152
2,1390.408,104.668,2.0,8.753,4855.638
2,1390.608,104.668,2.0,8.764,4856.124
2,1390.808,104.668,2.0,8.776,4856.611
2,1391.008,104.668,2.0,8.787,4857.098
2,1391.208,104.668,2.0,8.797,4857.587
2,1391.408,104.668,2.0,8.808,4858.075
2,1391.608,104.668,2.0,8.818,4858.565
2,1391.808,104.668,2.0,8.828,4859.055
2,1392.008,104.668,2.0,8.838,4859.545
2,1392.208,104.668,2.0,8.847,4860.036
2,1392.408,104.668,2.0,8.857,4860.527
2,1392.608,104.668,2.0,8.866,4861.02
2,1392.808,104.668,2.0,8.874,4861.512
2,1393.008,104.668,2.0,8.883,4862.005
2,1393.208,104.668,2.0,8.891,4862.499
2,1393.408,104.668,2.0,8.899,4862.993
2,1393.608,104.668,2.0,8.907,4863.487
2,1393.808,104.667,2.0,8.914,4863.982
2,1394.008,104.667,2.0,8.921,4864.477
2,1394.208,104.667,2.0,8.928,4864.973
2,1394.408,104.667,2.0,8.935,4865.469
2,1394.608,104.667,2.0,8.941,4865.965
2,1394.808,104.667,2.0,8.947,4866.462
2,1395.008,104.667,2.0,8.952,4866.959
2,1395.208,104.667,2.0,8.957,4867.456
2,1395.408,104.667,2.0,8.961,4867.954
2,1395.608,104.667,2.0,8.966,4868.452
2,1395.808,104.667,2.0,8.969,4868.95
2,1396.008,104.667,2.0,8.972,4869.448
2,1396.208,104.667,2.0,8.975,4869.946
2,1396.408,104.667,2.0,8.978,4870.445
2,1396.608,104.667,2.0,8.98,4870.944
2,1396.808,104.667,2.0,8.982,4871.443
2,1397.008,104.667,2.0,8.984,4871.942
2,1397.208,104.667,2.0,8.986,4872.441
2,1397.408,104.667,2.0,8.988,4872.94
2,1397.608,104.667,2.0,8.989,4873.439
2,1397.808,104.667,2.0,8.991,4873.939
2,1398.008,104.667,2.0,8.992,4874.438
2,1398.208,104.666,2.0,8.993,4874.938
2,1398.408,104.666,2.0,8.994,4875.437
2,1398.608,104.666,2.0,8.995,4875.937
2,1398.808,104.666,2.0,8.996,4876.437
2,1399.008,104.666,2.0,8.997,4876.936
2,1399.208,104.666,2.0,8.998,4877.436
2,1399.408,104.666,2.0,8.999,4877.936
2,1399.608,104.666,2.0,9.0,4878.436
2,1399.808,104.666,2.0,9.001,4878.936
2,1400.008,104.666,2.0,9.002,4879.436
2,1400.208,104.666,2.0,9.003,4879.936
2,1400.408,104.666,2.0,9.004,4880.436
2,1400.608,104.666,2.0,9.005,4880.937
2,1400.808,104.666,2.0,9.007,4881.437
2,1401.008,104.666,2.0,9.009,4881.937
2,1401.208,104.666,2.0,9.011,4882.438
2,1401.408,104.666,2.0,9.014,4882.938
2,1401.608,104.666,2.0,9.017,4883.439
2,1401.808,104.666,2.0,9.02,4883.94
2,1402.008,104.666,2.0,9.024,4884.441
2,1402.208,104.666,2.0,9.028,4884.942
2,1402.408,104.666,2.0,9.032,4885.444
2,1402.608,104.665,2.0,9.036,4885.946
2,1402.808,104.665,2.0,9.041,4886.448
2,1403.008,104.665,2.0,9.046,4886.95
2,1403.208,104.665,2.0,9.052,4887.453
2,1403.408,104.665,2.0,9.058,4887.956
2,1403.608,104.665,2.0,9.065,4888.459
2,1403.808,104.665,2.0,9.072,4888.962
2,1404.008,104.665,2.0,9.079,4889.466
2,1404.208,104.665,2.0,9.086,4889.971
2,1404.408,104.665,2.0,9.094,4890.476
2,1404.608,104.665,2.0,9.102,4890.981
2,1404.808,104.665,2.0,9.111,4891.486
2,1405.008,104.665,2.0,9.12,4891.993
2,1405.208,104.665,2.0,9.13,4892.499
2,1405.408,104.665,2.0,9.14,4893.007
2,1405.608,104.665,2.0,9.151,4893.514
2,1405.808,104.665,2.0,9.162,4894.023
2,1406.008,104.665,2.0,9.174,4894.532
2,1406.208,104.665,2.0,9.186,4895.041
2,1406.408,104.665,2.0,9.198,4895.552
2,1406.608,104.665,2.0,9.211,4896.063
2,1406.808,104.665,2.0,9.224,4896.574
2,1407.008,104.664,2.0,9.238,4897.087
2,1407.208,104.664,2.0,9.252,4897.6
2,1407.408,104.664,2.0,9.267,4898.114
2,1407.608,104.664,2.0,9.282,4898.629
2,1407.808,104.664,2.0,9.298,4899.145
2,1408.008,104.664,2.0,9.314,4899.661
2,1408.208,104.664,2.0,9.331,4900.179
2,1408.408,104.664,2.0,9.348,4900.697
2,1408.608,104.664,2.0,9.365,4901.216
2,1408.808,104.664,2.0,9.383,4901.737
2,1409.008,104.664,2.0,9.401,4902.258
2,1409.208,104.664,2.0,9.42,4902.78
2,1409.408,104.664,2.0,9.439,4903.304
2,1409.608,104.664,2.0,9.458,4903.828
2,1409.808,104.664,2.0,9.477,4904.353
2,1410.008,104.664,2.0,9.497,4904.88
2,1410.208,104.664,2.0,9.517,4905.407
2,1410.408,104.664,2.0,9.538,4905.936
2,1410.608,104.664,2.0,9.558,4906.466
2,1410.808,104.664,2.0,9.579,4906.997
2,1411.008,104.664,2.0,9.599,4907.529
2,1411.208,104.664,2.0,9.62,4908.063
2,1411.408,104.663,2.0,9.64,4908.597
2,1411.608,104.663,2.0,9.661,4909.133
2,1411.808,104.663,2.0,9.682,4909.669
2,1412.008,104.663,2.0,9.703,4910.207
2,1412.208,104.663,2.0,9.724,4910.746
2,1412.408,104.663,2.0,9.745,4911.286
2,1412.608,104.663,2.0,9.766,4911.828
2,1412.808,104.663,2.0,9.786,4912.37
2,1413.008,104.663,2.0,9.807,4912.914
2,1413.208,104.663,2.0,9.828,4913.459
2,1413.408,104.663,2.0,9.849,4914.005
2,1413.608,104.663,2.0,9.869,4914.552
2,1413.808,104.663,2.0,9.89,4915.1
2,1414.008,104.663,2.0,9.911,4915.65
2,1414.208,104.663,2.0,9.931,4916.2
2,1414.408,104.663,2.0,9.951,4916.752
2,1414.608,104.663,2.0,9.97,4917.305
2,1414.808,104.663,2.0,9.989,4917.859
2,1415.008,104.663,2.0,10.007,4918.414
2,1415.208,104.663,2.0,10.026,4918.97
2,1415.408,104.663,2.0,10.043,4919.527
2,1415.608,104.663,2.0,10.061,4920.085
2,1415.808,104.662,2.0,10.078,4920.644
2,1416.008,104.662,2.0,10.095,4921.203
2,1416.208,104.662,2.0,10.111,4921.764
2,1416.408,104.662,2.0,10.127,4922.326
2,1416.608,104.662,2.0,10.142,4922.889
2,1416.808,104.662,2.0,10.157,4923.452
2,1417.008,104.662,2.0,10.172,4924.016
2,1417.208,104.662,2.0,10.186,4924.581
2,1417.408,104.662,2.0,10.2,4925.147
2,1417.608,104.662,2.0,10.213,4925.714
2,1417.808,104.662,2.0,10.226,4926.281
2,1418.008,104.662,2.0,10.239,4926.85
2,1418.208,104.662,2.0,10.251,4927.418
2,1418.408,104.662,2.0,10.263,4927.988
2,1418.608,104.662,2.0,10.274,4928.558
2,1418.808,104.662,2.0,10.285,4929.129
2,1419.008,104.662,2.0,10.296,4929.7
2,1419.208,104.662,2.0,10.306,4930.272
2,1419.408,104.662,2.0,10.316,4930.845
2,1419.608,104.662,2.0,10.326,4931.418
2,1419.808,104.662,2.0,10.335,4931.992
2,1420.008,104.662,2.0,10.344,4932.566
2,1420.208,104.661,2.0,10.352,4933.14
2,1420.408,104.661,2.0,10.36,4933.715
2,1420.608,104.661,2.0,10.368,4934.291
2,1420.808,104.661,2.0,10.376,4934.867
2,1421.008,104.661,2.0,10.383,4935.444
2,1421.208,104.661,2.0,10.39,4936.02
2,1421.408,104.661,2.0,10.397,4936.598
2,1421.608,104.661,2.0,10.403,4937.175
2,1421.808,104.661,2.0,10.409,4937.753
2,1422.008,104.661,2.0,10.415,4938.332
2,1422.208,104.661,2.0,10.42,4938.91
2,1422.408,104.661,2.0,10.425,4939.489
2,1422.608,104.661,2.0,10.43,4940.068
2,1422.808,104.661,2.0,10.434,4940.648
2,1423.008,104.661,2.0,10.439,4941.227
2,1423.208,104.661,2.0,10.443,4941.807
2,1423.408,104.661,2.0,10.448,4942.387
2,1423.608,104.661,2.0,10.452,4942.968
2,1423.808,104.661,2.0,10.456,4943.549
2,1424.008,104.661,2.0,10.461,4944.129
2,1424.208,104.661,2.0,10.465,4944.711
2,1424.408,104.661,2.0,10.47,4945.292
2,1424.608,104.66,2.0,10.474,4945.874
2,1424.808,104.66,2.0,10.478,4946.456
2,1425.008,104.66,2.0,10.482,4947.038
2,1425.208,104.66,2.0,10.485,4947.62
2,1425.408,104.66,2.0,10.488,4948.202
2,1425.608,104.66,2.0,10.49,4948.785
2,1425.808,104.66,2.0,10.492,4949.368
2,1426.008,104.66,2.0,10.494,4949.951
2,1426.208,104.66,2.0,10.496,4950.534
2,1426.408,104.66,2.0,10.497,4951.117
2,1426.608,104.66,2.0,10.498,4951.7
2,1426.808,104.66,2.0,10.499,4952.283
2,1427.008,104.66,2.0,10.5,4952.867
2,1427.208,104.66,2.0,10.501,4953.45
2,1427.408,104.66,2.0,10.501,4954.033
2,1427.608,104.66,2.0,10.502,4954.617
2,1427.808,104.66,2.0,10.502,4955.2
2,1428.008,104.66,2.0,10.502,4955.784
2,1428.208,104.66,2.0,10.502,4956.367
2,1428.408,104.66,2.0,10.502,4956.951
2,1428.608,104.66,2.0,10.501,4957.534
2,1428.808,104.66,2.0,10.5,4958.117
2,1429.008,104.659,2.0,10.5,4958.701
2,1429.208,104.659,2.0,10.499,4959.284
2,1429.408,104.659,2.0,10.498,4959.867
2,1429.608,104.659,2.0,10.496,4960.45
2,1429.808,104.659,2.0,10.495,4961.034
2,1430.008,104.659,2.0,10.493,4961.617
2,1430.208,104.659,2.0,10.49,4962.2
2,1430.408,104.659,2.0,10.487,4962.782
2,1430.608,104.659,2.0,10.484,4963.365
2,1430.808,104.659,2.0,10.48,4963.947
2,1431.008,104.659,2.0,10.476,4964.53
2,1431.208,104.659,2.0,10.472,4965.112
2,1431.408,104.659,2.0,10.467,4965.693
2,1431.608,104.659,2.0,10.462,4966.275
2,1431.808,104.659,2.0,10.456,4966.856
2,1432.008,104.659,2.0,10.45,4967.437
2,1432.208,104.659,2.0,10.444,4968.018
2,1432.408,104.659,2.0,10.438,4968.598
2,1432.608,104.659,2.0,10.431,4969.178
2,1432.808,104.659,2.0,10.424,4969.757
2,1433.008,104.659,2.0,10.417,4970.336
2,1433.208,104.659,2.0,10.41,4970.915
2,1433.408,104.658,2.0,10.402,4971.493
2,1433.608,104.658,2.0,10.393,4972.071
2,1433.808,104.658,2.0,10.385,4972.649
2,1434.008,104.658,2.0,10.376,4973.226
2,1434.208,104.658,2.0,10.366,4973.802
2,1434.408,104.658,2.0,10.357,4974.378
2,1434.608,104.658,2.0,10.347,4974.953
2,1434.808,104.658,2.0,10.337,4975.528
2,1435.008,104.658,2.0,10.326,4976.102
2,1435.208,104.658,2.0,10.315,4976.676
2,1435.408,104.658,2.0,10.304,4977.249
2,1435.608,104.658,2.0,10.292,4977.822
2,1435.808,104.658,2.0,10.28,4978.393
2,1436.008,104.658,2.0,10.268,4978.965
2,1436.208,104.658,2.0,10.255,4979.535
2,1436.408,104.658,2.0,10.242,4980.105
2,1436.608,104.658,2.0,10.229,4980.674
2,1436.808,104.658,2.0,10.215,4981.242
2,1437.008,104.658,2.0,10.201,4981.81
2,1437.208,104.658,2.0,10.187,4982.376
2,1437.408,104.658,2.0,10.173,4982.942
2,1437.608,104.658,2.0,10.159,4983.507
2,1437.808,104.657,2.0,10.144,4984.072
2,1438.008,104.657,2.0,10.129,4984.635
2,1438.208,104.657,2.0,10.114,4985.198
2,1438.408,104.657,2.0,10.099,4985.76
2,1438.608,104.657,2.0,10.083,4986.321
2,1438.808,104.657,2.0,10.067,4986.881
2,1439.008,104.657,2.0,10.051,4987.441
2,1439.208,104.657,2.0,10.035,4987.999
2,1439.408,104.657,2.0,10.019,4988.556
2,1439.608,104.657,2.0,10.002,4989.113
2,1439.808,104.657,2.0,9.985,4989.669
2,1440.008,104.657,2.0,9.967,4990.223
2,1440.208,104.657,2.0,9.95,4990.777
2,1440.408,104.657,2.0,9.933,4991.33
2,1440.608,104.657,2.0,9.915,4991.882
2,1440.808,104.657,2.0,9.898,4992.433
2,1441.008,104.657,2.0,9.88,4992.982
2,1441.208,104.657,2.0,9.862,4993.531
2,1441.408,104.657,2.0,9.845,4994.079
2,1441.608,104.657,2.0,9.827,4994.626
2,1441.808,104.657,2.0,9.809,4995.172
2,1442.008,104.657,2.0,9.791,4995.717
2,1442.208,104.656,2.0,9.773,4996.261
2,1442.408,104.656,2.0,9.755,4996.804
2,1442.608,104.656,2.0,9.737,4997.346
2,1442.808,104.656,2.0,9.719,4997.887
2,1443.008,104.656,2.0,9.7,4998.427
2,1443.208,104.656,2.0,9.682,4998.966
2,1443.408,104.656,2.0,9.663,4999.504
2,1443.608,104.656,2.0,9.644,5000.04
2,1443.808,104.656,2.0,9.625,5000.576
2,1444.008,104.656,2.0,9.606,5001.111
2,1444.208,104.656,2.0,9.588,5001.645
2,1444.408,104.656,2.0,9.569,5002.177
2,1444.608,104.656,2.0,9.551,5002.709
2,1444.808,104.656,2.0,9.533,5003.24
2,1445.008,104.656,2.0,9.516,5003.769
2,1445.208,104.656,2.0,9.498,5004.298
2,1445.408,104.656,2.0,9.481,5004.826
2,1445.608,104.656,2.0,9.464,5005.352
2,1445.808,104.656,2.0,9.447,5005.878
2,1446.008,104.656,2.0,9.43,5006.403
2,1446.208,104.656,2.0,9.413,5006.927
2,1446.408,104.656,2.0,9.397,5007.45
2,1446.608,104.655,2.0,9.381,5007.972
2,1446.808,104.655,2.0,9.365,5008.493
2,1447.008,104.655,2.0,9.349,5009.013
2,1447.208,104.655,2.0,9.334,5009.533
2,1447.408,104.655,2.0,9.318,5010.051
2,1447.608,104.655,2.0,9.303,5010.569
2,1447.808,104.655,2.0,9.288,5011.086
2,1448.008,104.655,2.0,9.274,5011.602
2,1448.208,104.655,2.0,9.259,5012.117
2,1448.408,104.655,2.0,9.245,5012.631
2,1448.608,104.655,2.0,9.231,5013.145
2,1448.808,104.655,2.0,9.218,5013.658
2,1449.008,104.655,2.0,9.204,5014.17
2,1449.208,104.655,2.0,9.191,5014.681
2,1449.408,104.655,2.0,9.178,5015.192
2,1449.608,104.655,2.0,9.165,5015.702
2,1449.808,104.655,2.0,9.153,5016.211
2,1450.008,104.655,2.0,9.142,5016.719
2,1450.208,104.655,2.0,9.131,5017.227
2,1450.408,104.655,2.0,9.12,5017.734
2,1450.608,104.655,2.0,9.11,5018.241
2,1450.808,104.654,2.0,9.101,5018.747
2,1451.008,104.654,2.0,9.091,5019.253
2,1451.208,104.654,2.0,9.083,5019.758
2,1451.408,104.654,2.0,9.074,5020.263
2,1451.608,104.654,2.0,9.067,5020.767
2,1451.808,104.654,2.0,9.06,5021.27
2,1452.008,104.654,2.0,9.054,5021.774
2,1452.208,104.654,2.0,9.048,5022.277
2,1452.408,104.654,2.0,9.043,5022.779
2,1452.608,104.654,2.0,9.039,5023.282
2,1452.808,104.654,2.0,9.036,5023.784
2,1453.008,104.654,2.0,9.033,5024.286
2,1453.208,104.654,2.0,9.03,5024.788
2,1453.408,104.654,2.0,9.029,5025.289
2,1453.608,104.654,2.0,9.028,5025.791
2,1453.808,104.654,2.0,9.027,5026.293
2,1454.008,104.654,2.0,9.027,5026.794
2,1454.208,104.654,2.0,9.028,5027.296
2,1454.408,104.654,2.0,9.029,5027.797
2,1454.608,104.654,2.0,9.03,5028.299
2,1454.808,104.654,2.0,9.032,5028.8
2,1455.008,104.654,2.0,9.035,5029.302
2,1455.208,104.653,2.0,9.038,5029.804
2,1455.408,104.653,2.0,9.041,5030.306
2,1455.608,104.653,2.0,9.045,5030.809
2,1455.808,104.653,2.0,9.05,5031.311
2,1456.008,104.653,2.0,9.055,5031.814
2,1456.208,104.653,2.0,9.061,5032.317
2,1456.408,104.653,2.0,9.068,5032.82
2,1456.608,104.653,2.0,9.075,5033.324
2,1456.808,104.653,2.0,9.083,5033.828
2,1457.008,104.653,2.0,9.091,5034.333
2,1457.208,104.653,2.0,9.1,5034.838
2,1457.408,104.653,2.0,9.109,5035.343
2,1457.608,104.653,2.0,9.119,5035.85
2,1457.808,104.653,2.0,9.13,5036.356
2,1458.008,104.653,2.0,9.143,5036.863
2,1458.208,104.653,2.0,9.156,5037.371
2,1458.408,104.653,2.0,9.17,5037.88
2,1458.608,104.653,2.0,9.185,5038.389
2,1458.808,104.653,2.0,9.201,5038.9
2,1459.008,104.653,2.0,9.218,5039.411
2,1459.208,104.653,2.0,9.236,5039.923
2,1459.408,104.653,2.0,9.254,5040.436
2,1459.608,104.652,2.0,9.274,5040.95
2,1459.808,104.652,2.0,9.294,5041.465
2,1460.008,104.652,2.0,9.315,5041.982
2,1460.208,104.652,2.0,9.337,5042.499
2,1460.408,104.652,2.0,9.359,5043.018
2,1460.608,104.652,2.0,9.383,5043.538
2,1460.808,104.652,2.0,9.407,5044.059
2,1461.008,104.652,2.0,9.431,5044.582
2,1461.208,104.652,2.0,9.457,5045.106
2,1461.408,104.652,2.0,9.483,5045.631
2,1461.608,104.652,2.0,9.509,5046.158
2,1461.808,104.652,2.0,9.537,5046.686
2,1462.008,104.652,2.0,9.564,5047.216
2,1462.208,104.652,2.0,9.592,5047.747
2,1462.408,104.652,2.0,9.621,5048.28
2,1462.608,104.652,2.0,9.65,5048.815
2,1462.808,104.652,2.0,9.68,5049.351
2,1463.008,104.652,2.0,9.71,5049.889
2,1463.208,104.652,2.0,9.74,5050.428
2,1463.408,104.652,2.0,9.771,5050.969
2,1463.608,104.652,2.0,9.803,5051.512
2,1463.808,104.652,2.0,9.834,5052.057
2,1464.008,104.651,2.0,9.866,5052.603
2,1464.208,104.651,2.0,9.899,5053.151
2,1464.408,104.651,2.0,9.931,5053.701
2,1464.608,104.651,2.0,9.964,5054.253
2,1464.808,104.651,2.0,9.998,5054.807
2,1465.008,104.651,2.0,10.032,5055.362
2,1465.208,104.651,2.0,10.066,5055.919
2,1465.408,104.651,2.0,10.1,5056.478
2,1465.608,104.651,2.0,10.134,5057.04
2,1465.808,104.651,2.0,10.169,5057.603
2,1466.008,104.651,2.0,10.203,5058.168
2,1466.208,104.651,2.0,10.238,5058.734
2,1466.408,104.651,2.0,10.274,5059.303
2,1466.608,104.651,2.0,10.309,5059.874
2,1466.808,104.651,2.0,10.345,5060.447
2,1467.008,104.651,2.0,10.38,5061.021
2,1467.208,104.651,2.0,10.416,5061.598
2,1467.408,104.651,2.0,10.451,5062.177
2,1467.608,104.651,2.0,10.485,5062.757
2,1467.808,104.651,2.0,10.52,5063.34
2,1468.008,104.651,2.0,10.555,5063.924
2,1468.208,104.651,2.0,10.589,5064.511
2,1468.408,104.65,2.0,10.623,5065.099
2,1468.608,104.65,2.0,10.657,5065.689
2,1468.808,104.65,2.0,10.691,5066.281
2,1469.008,104.65,2.0,10.726,5066.875
2,1469.208,104.65,2.0,10.76,5067.471
2,1469.408,104.65,2.0,10.794,5068.069
2,1469.608,104.65,2.0,10.828,5068.668
2,1469.808,104.65,2.0,10.862,5069.27
2,1470.008,104.65,2.0,10.896,5069.873
2,1470.208,104.65,2.0,10.931,5070.479
2,1470.408,104.65,2.0,10.965,5071.086
2,1470.608,104.65,2.0,10.999,5071.695
2,1470.808,104.65,2.0,11.033,5072.306
2,1471.008,104.65,2.0,11.066,5072.919
2,1471.208,104.65,2.0,11.1,5073.534
2,1471.408,104.65,2.0,11.133,5074.151
2,1471.608,104.65,2.0,11.166,5074.769
2,1471.808,104.65,2.0,11.199,5075.389
2,1472.008,104.65,2.0,11.233,5076.012
2,1472.208,104.65,2.0,11.266,5076.636
2,1472.408,104.65,2.0,11.3,5077.262
2,1472.608,104.65,2.0,11.334,5077.889
2,1472.808,104.649,2.0,11.368,5078.519
2,1473.008,104.649,2.0,11.403,5079.151
2,1473.208,104.649,2.0,11.437,5079.784
2,1473.408,104.649,2.0,11.472,5080.419
2,1473.608,104.649,2.0,11.508,5081.057
2,1473.808,104.649,2.0,11.544,5081.696
2,1474.008,104.649,2.0,11.58,5082.337
2,1474.208,104.649,2.0,11.616,5082.981
2,1474.408,104.649,2.0,11.653,5083.626
2,1474.608,104.649,2.0,11.691,5084.273
2,1474.808,104.649,2.0,11.728,5084.923
2,1475.008,104.649,2.0,11.767,5085.575
2,1475.208,104.649,2.0,11.805,5086.228
2,1475.408,104.649,2.0,11.845,5086.884
2,1475.608,104.649,2.0,11.884,5087.542
2,1475.808,104.649,2.0,11.925,5088.202
2,1476.008,104.649,2.0,11.966,5088.865
2,1476.208,104.649,2.0,12.008,5089.53
2,1476.408,104.649,2.0,12.05,5090.197
2,1476.608,104.649,2.0,12.092,5090.866
2,1476.808,104.649,2.0,12.136,5091.538
2,1477.008,104.649,2.0,12.181,5092.212
2,1477.208,104.648,2.0,12.226,5092.889
2,1477.408,104.648,2.0,12.272,5093.568
2,1477.608,104.648,2.0,12.319,5094.25
2,1477.808,104.648,2.0,12.367,5094.934
2,1478.008,104.648,2.0,12.416,5095.621
2,1478.208,104.648,2.0,12.466,5096.311
2,1478.408,104.648,2.0,12.517,5097.004
2,1478.608,104.648,2.0,12.568,5097.699
2,1478.808,104.648,2.0,12.62,5098.397
2,1479.008,104.648,2.0,12.674,5099.098
2,1479.208,104.648,2.0,12.728,5099.803
2,1479.408,104.648,2.0,12.783,5100.51
2,1479.608,104.648,2.0,12.839,5101.22
2,1479.808,104.648,2.0,12.895,5101.933
2,1480.008,104.648,2.0,12.952,5102.649
2,1480.208,104.648,2.0,13.009,5103.369
2,1480.408,104.648,2.0,13.067,5104.092
2,1480.608,104.648,2.0,13.125,5104.818
2,1480.808,104.648,2.0,13.184,5105.547
2,1481.008,104.648,2.0,13.243,5106.279
2,1481.208,104.648,2.0,13.303,5107.015
2,1481.408,104.648,2.0,13.362,5107.754
2,1481.608,104.647,2.0,13.423,5108.496
2,1481.808,104.647,2.0,13.483,5109.242
2,1482.008,104.647,2.0,13.543,5109.991
2,1482.208,104.647,2.0,13.604,5110.744
2,1482.408,104.647,2.0,13.665,5111.499
2,1482.608,104.647,2.0,13.726,5112.259
2,1482.808,104.647,2.0,13.787,5113.021
2,1483.008,104.647,2.0,13.848,5113.787
2,1483.208,104.647,2.0,13.909,5114.556
2,1483.408,104.647,2.0,13.97,5115.329
2,1483.608,104.647,2.0,14.031,5116.105
2,1483.808,104.647,2.0,14.091,5116.885
2,1484.008,104.647,2.0,14.152,5117.668
2,1484.208,104.647,2.0,14.211,5118.454
2,1484.408,104.647,2.0,14.27,5119.243
2,1484.608,104.647,2.0,14.329,5120.036
2,1484.808,104.647,2.0,14.388,5120.832
2,1485.008,104.647,2.0,14.446,5121.631
2,1485.208,104.647,2.0,14.505,5122.434
2,1485.408,104.647,2.0,14.563,5123.24
2,1485.608,104.647,2.0,14.621,5124.049
2,1485.808,104.647,2.0,14.679,5124.861
2,1486.008,104.646,2.0,14.738,5125.677
2,1486.208,104.646,2.0,14.795,5126.495
2,1486.408,104.646,2.0,14.852,5127.317
2,1486.608,104.646,2.0,14.909,5128.143
2,1486.808,104.646,2.0,14.965,5128.971
2,1487.008,104.646,2.0,15.021,5129.802
2,1487.208,104.646,2.0,15.076,5130.637
2,1487.408,104.646,2.0,15.131,5131.474
2,1487.608,104.646,2.0,15.186,5132.315
2,1487.808,104.646,2.0,15.241,5133.159
2,1488.008,104.646,2.0,15.295,5134.005
2,1488.208,104.646,2.0,15.35,5134.855
2,1488.408,104.646,2.0,15.404,5135.708
2,1488.608,104.646,2.0,15.458,5136.564
2,1488.808,104.646,2.0,15.512,5137.422
2,1489.008,104.646,2.0,15.566,5138.284
2,1489.208,104.646,2.0,15.62,5139.149
2,1489.408,104.646,2.0,15.674,5140.017
2,1489.608,104.646,2.0,15.728,5140.888
2,1489.808,104.646,2.0,15.781,5141.761
2,1490.008,104.646,2.0,15.834,5142.638
2,1490.208,104.646,2.0,15.886,5143.518
2,1490.408,104.645,2.0,15.938,5144.4
2,1490.608,104.645,2.0,15.99,5145.286
2,1490.808,104.645,2.0,16.042,5146.174
2,1491.008,104.645,2.0,16.093,5147.065
2,1491.208,104.645,2.0,16.144,5147.959
2,1491.408,104.645,2.0,16.195,5148.856
2,1491.608,104.645,2.0,16.245,5149.756
2,1491.808,104.645,2.0,16.296,5150.659
2,1492.008,104.645,2.0,16.345,5151.564
2,1492.208,104.645,2.0,16.394,5152.472
2,1492.408,104.645,2.0,16.442,5153.383
2,1492.608,104.645,2.0,16.489,5154.296
2,1492.808,104.645,2.0,16.535,5155.212
2,1493.008,104.645,2.0,16.581,5156.131
2,1493.208,104.645,2.0,16.625,5157.052
2,1493.408,104.645,2.0,16.669,5157.976
2,1493.608,104.645,2.0,16.711,5158.902
2,1493.808,104.645,2.0,16.752,5159.83
2,1494.008,104.645,2.0,16.791,5160.761
2,1494.208,104.645,2.0,16.83,5161.693
2,1494.408,104.645,2.0,16.867,5162.628
2,1494.608,104.645,2.0,16.902,5163.566
2,1494.808,104.644,2.0,16.936,5164.505
2,1495.008,104.644,2.0,16.969,5165.445
2,1495.208,104.644,2.0,17.0,5166.388
2,1495.408,104.644,2.0,17.03,5167.333
2,1495.608,104.644,2.0,17.057,5168.279
2,1495.808,104.644,2.0,17.084,5169.226
2,1496.008,104.644,2.0,17.108,5170.175
2,1496.208,104.644,2.0,17.131,5171.126
2,1496.408,104.644,2.0,17.152,5172.078
2,1496.608,104.644,2.0,17.171,5173.031
2,1496.808,104.644,2.0,17.187,5173.984
2,1497.008,104.644,2.0,17.202,5174.939
2,1497.208,104.644,2.0,17.215,5175.895
2,1497.408,104.644,2.0,17.225,5176.851
2,1497.608,104.644,2.0,17.234,5177.808
2,1497.808,104.644,2.0,17.24,5178.766
2,1498.008,104.644,2.0,17.245,5179.724
2,1498.208,104.644,2.0,17.247,5180.682
2,1498.408,104.644,2.0,17.248,5181.64
2,1498.608,104.644,2.0,17.246,5182.598
2,1498.808,104.644,2.0,17.243,5183.556
2,1499.008,104.644,2.0,17.237,5184.514
2,1499.208,104.643,2.0,17.229,5185.472
2,1499.408,104.643,2.0,17.219,5186.429
2,1499.608,104.643,2.0,17.207,5187.385
2,1499.808,104.643,2.0,17.193,5188.341
2,1500.008,104.643,2.0,17.177,5189.297
2,1500.208,104.643,2.0,17.159,5190.251
2,1500.408,104.643,2.0,17.139,5191.204
2,1500.608,104.643,2.0,17.116,5192.156
2,1500.808,104.643,2.0,17.091,5193.107
2,1501.008,104.643,2.0,17.063,5194.057
2,1501.208,104.643,2.0,17.033,5195.005
2,1501.408,104.643,2.0,17.0,5195.951
2,1501.608,104.643,2.0,16.966,5196.895
2,1501.808,104.643,2.0,16.929,5197.838
2,1502.008,104.643,2.0,16.89,5198.778
2,1502.208,104.643,2.0,16.848,5199.717
2,1502.408,104.643,2.0,16.805,5200.653
2,1502.608,104.643,2.0,16.759,5201.586
2,1502.808,104.643,2.0,16.71,5202.517
2,1503.008,104.643,2.0,16.659,5203.446
2,1503.208,104.643,2.0,16.605,5204.371
2,1503.408,104.643,2.0,16.549,5205.294
2,1503.608,104.642,2.0,16.49,5206.213
2,1503.808,104.642,2.0,16.429,5207.129
2,1504.008,104.642,2.0,16.366,5208.042
2,1504.208,104.642,2.0,16.301,5208.951
2,1504.408,104.642,2.0,16.234,5209.857
2,1504.608,104.642,2.0,16.165,5210.759
2,1504.808,104.642,2.0,16.094,5211.657
2,1505.008,104.642,2.0,16.021,5212.551
2,1505.208,104.642,2.0,15.946,5213.441
2,1505.408,104.642,2.0,15.869,5214.327
2,1505.608,104.642,2.0,15.79,5215.208
2,1505.808,104.642,2.0,15.709,5216.086
2,1506.008,104.642,2.0,15.627,5216.958
2,1506.208,104.642,2.0,15.544,5217.827
2,1506.408,104.642,2.0,15.459,5218.69
2,1506.608,104.642,2.0,15.373,5219.549
2,1506.808,104.642,2.0,15.286,5220.403
2,1507.008,104.642,2.0,15.198,5221.252
2,1507.208,104.642,2.0,15.11,5222.097
2,1507.408,104.642,2.0,15.02,5222.936
2,1507.608,104.642,2.0,14.93,5223.77
2,1507.808,104.642,2.0,14.84,5224.6
2,1508.008,104.641,2.0,14.748,5225.424
2,1508.208,104.641,2.0,14.657,5226.244
2,1508.408,104.641,2.0,14.566,5227.058
2,1508.608,104.641,2.0,14.476,5227.867
2,1508.808,104.641,2.0,14.386,5228.671
2,1509.008,104.641,2.0,14.296,5229.471
2,1509.208,104.641,2.0,14.208,5230.265
2,1509.408,104.641,2.0,14.119,5231.054
2,1509.608,104.641,2.0,14.032,5231.839
2,1509.808,104.641,2.0,13.946,5232.618
2,1510.008,104.641,2.0,13.86,5233.393
2,1510.208,104.641,2.0,13.776,5234.163
2,1510.408,104.641,2.0,13.692,5234.928
2,1510.608,104.641,2.0,13.61,5235.689
2,1510.808,104.641,2.0,13.528,5236.445
2,1511.008,104.641,2.0,13.448,5237.197
2,1511.208,104.641,2.0,13.369,5237.944
2,1511.408,104.641,2.0,13.291,5238.686
2,1511.608,104.641,2.0,13.215,5239.425
2,1511.808,104.641,2.0,13.14,5240.159
2,1512.008,104.641,2.0,13.066,5240.889
2,1512.208,104.64,2.0,12.993,5241.615
2,1512.408,104.64,2.0,12.92,5242.337
2,1512.608,104.64,2.0,12.849,5243.054
2,1512.808,104.64,2.0,12.778,5243.768
2,1513.008,104.64,2.0,12.708,5244.478
2,1513.208,104.64,2.0,12.639,5245.184
2,1513.408,104.64,2.0,12.57,5245.886
2,1513.608,104.64,2.0,12.503,5246.585
2,1513.808,104.64,2.0,12.437,5247.279
2,1514.008,104.64,2.0,12.372,5247.97
2,1514.208,104.64,2.0,12.308,5248.658
2,1514.408,104.64,2.0,12.244,5249.341
2,1514.608,104.64,2.0,12.182,5250.022
2,1514.808,104.64,2.0,12.121,5250.698
2,1515.008,104.64,2.0,12.06,5251.372
2,1515.208,104.64,2.0,12.0,5252.042
2,1515.408,104.64,2.0,11.94,5252.708
2,1515.608,104.64,2.0,11.88,5253.372
2,1515.808,104.64,2.0,11.821,5254.032
2,1516.008,104.64,2.0,11.762,5254.688
2,1516.208,104.64,2.0,11.703,5255.342
2,1516.408,104.64,2.0,11.644,5255.992
2,1516.608,104.639,2.0,11.586,5256.639
2,1516.808,104.639,2.0,11.527,5257.283
2,1517.008,104.639,2.0,11.468,5257.923
2,1517.208,104.639,2.0,11.41,5258.56
2,1517.408,104.639,2.0,11.351,5259.194
2,1517.608,104.639,2.0,11.293,5259.825
2,1517.808,104.639,2.0,11.234,5260.452
2,1518.008,104.639,2.0,11.176,5261.076
2,1518.208,104.639,2.0,11.117,5261.697
2,1518.408,104.639,2.0,11.059,5262.315
2,1518.608,104.639,2.0,11.0,5262.929
2,1518.808,104.639,2.0,10.941,5263.54
2,1519.008,104.639,2.0,10.882,5264.148
2,1519.208,104.639,2.0,10.823,5264.753
2,1519.408,104.639,2.0,10.764,5265.354
2,1519.608,104.639,2.0,10.705,5265.952
2,1519.808,104.639,2.0,10.647,5266.547
2,1520.008,104.639,2.0,10.589,5267.138
2,1520.208,104.639,2.0,10.531,5267.726
2,1520.408,104.639,2.0,10.473,5268.311
2,1520.608,104.639,2.0,10.416,5268.893
2,1520.808,104.639,2.0,10.359,5269.472
2,1521.008,104.638,2.0,10.303,5270.047
2,1521.208,104.638,2.0,10.247,5270.62
2,1521.408,104.638,2.0,10.192,5271.189
2,1521.608,104.638,2.0,10.137,5271.755
2,1521.808,104.638,2.0,10.083,5272.318
2,1522.008,104.638,2.0,10.029,5272.879
2,1522.208,104.638,2.0,9.977,5273.436
2,1522.408,104.638,2.0,9.924,5273.99
2,1522.608,104.638,2.0,9.873,5274.541
2,1522.808,104.638,2.0,9.822,5275.09
2,1523.008,104.638,2.0,9.772,5275.635
2,1523.208,104.638,2.0,9.723,5276.178
2,1523.408,104.638,2.0,9.675,5276.719
2,1523.608,104.638,2.0,9.628,5277.256
2,1523.808,104.638,2.0,9.583,5277.791
2,1524.008,104.638,2.0,9.538,5278.323
2,1524.208,104.638,2.0,9.495,5278.853
2,1524.408,104.638,2.0,9.452,5279.381
2,1524.608,104.638,2.0,9.41,5279.906
2,1524.808,104.638,2.0,9.37,5280.429
2,1525.008,104.638,2.0,9.33,5280.949
2,1525.208,104.638,2.0,9.292,5281.468
2,1525.408,104.637,2.0,9.254,5281.984
2,1525.608,104.637,2.0,9.217,5282.498
2,1525.808,104.637,2.0,9.181,5283.01
2,1526.008,104.637,2.0,9.146,5283.52
2,1526.208,104.637,2.0,9.112,5284.028
2,1526.408,104.637,2.0,9.079,5284.534
2,1526.608,104.637,2.0,9.047,5285.039
2,1526.808,104.637,2.0,9.015,5285.541
2,1527.008,104.637,2.0,8.985,5286.042
2,1527.208,104.637,2.0,8.957,5286.541
2,1527.408,104.637,2.0,8.93,5287.039
2,1527.608,104.637,2.0,8.905,5287.535
2,1527.808,104.637,2.0,8.881,5288.03
2,1528.008,104.637,2.0,8.859,5288.523
2,1528.208,104.637,2.0,8.838,5289.015
2,1528.408,104.637,2.0,8.818,5289.506
2,1528.608,104.637,2.0,8.8,5289.996
2,1528.808,104.637,2.0,8.783,5290.485
2,1529.008,104.637,2.0,8.768,5290.973
2,1529.208,104.637,2.0,8.753,5291.46
2,1529.408,104.637,2.0,8.739,5291.946
2,1529.608,104.637,2.0,8.727,5292.432
2,1529.808,104.636,2.0,8.715,5292.917
2,1530.008,104.636,2.0,8.704,5293.401
2,1530.208,104.636,2.0,8.695,5293.885
2,1530.408,104.636,2.0,8.686,5294.368
2,1530.608,104.636,2.0,8.678,5294.85
2,1530.808,104.636,2.0,8.671,5295.332
2,1531.008,104.636,2.0,8.665,5295.814
2,1531.208,104.636,2.0,8.66,5296.295
2,1531.408,104.636,2.0,8.655,5296.776
2,1531.608,104.636,2.0,8.652,5297.257
2,1531.808,104.636,2.0,8.649,5297.738
2,1532.008,104.636,2.0,8.647,5298.218
2,1532.208,104.636,2.0,8.646,5298.699
2,1532.408,104.636,2.0,8.645,5299.179
2,1532.608,104.636,2.0,8.646,5299.66
2,1532.808,104.636,2.0,8.647,5300.14
2,1533.008,104.636,2.0,8.648,5300.62
2,1533.208,104.636,2.0,8.65,5301.101
2,1533.408,104.636,2.0,8.652,5301.581
2,1533.608,104.636,2.0,8.655,5302.062
2,1533.808,104.636,2.0,8.658,5302.543
2,1534.008,104.636,2.0,8.661,5303.024
2,1534.208,104.635,2.0,8.664,5303.505
2,1534.408,104.635,2.0,8.668,5303.986
2,1534.608,104.635,2.0,8.672,5304.468
2,1534.808,104.635,2.0,8.676,5304.95
2,1535.008,104.635,2.0,8.681,5305.432
2,1535.208,104.635,2.0,8.686,5305.914
2,1535.408,104.635,2.0,8.69,5306.396
2,1535.608,104.635,2.0,8.695,5306.879
2,1535.808,104.635,2.0,8.699,5307.362
2,1536.008,104.635,2.0,8.704,5307.846
2,1536.208,104.635,2.0,8.708,5308.329
2,1536.408,104.635,2.0,8.712,5308.813
2,1536.608,104.635,2.0,8.716,5309.297
2,1536.808,104.635,2.0,8.72,5309.781
2,1537.008,104.635,2.0,8.724,5310.265
2,1537.208,104.635,2.0,8.728,5310.75
2,1537.408,104.635,2.0,8.732,5311.235
2,1537.608,104.635,2.0,8.735,5311.72
2,1537.808,104.635,2.0,8.738,5312.205
2,1538.008,104.635,2.0,8.741,5312.691
2,1538.208,104.635,2.0,8.744,5313.177
2,1538.408,104.635,2.0,8.746,5313.662
2,1538.608,104.634,2.0,8.748,5314.148
2,1538.808,104.634,2.0,8.75,5314.634
2,1539.008,104.634,2.0,8.751,5315.12
2,1539.208,104.634,2.0,8.753,5315.607
2,1539.408,104.634,2.0,8.754,5316.093
2,1539.608,104.634,2.0,8.755,5316.579
2,1539.808,104.634,2.0,8.756,5317.065
2,1540.008,104.634,2.0,8.756,5317.552
2,1540.208,104.634,2.0,8.756,5318.038
2,1540.408,104.634,2.0,8.756,5318.525
2,1540.608,104.634,2.0,8.756,5319.011
2,1540.808,104.634,2.0,8.756,5319.498
2,1541.008,104.634,2.0,8.755,5319.984
2,1541.208,104.634,2.0,8.754,5320.471
2,1541.408,104.634,2.0,8.753,5320.957
2,1541.608,104.634,2.0,8.752,5321.443
2,1541.808,104.634,2.0,8.75,5321.929
2,1542.008,104.634,2.0,8.748,5322.415
2,1542.208,104.634,2.0,8.746,5322.902
2,1542.408,104.634,2.0,8.744,5323.387
2,1542.608,104.634,2.0,8.742,5323.873
2,1542.808,104.634,2.0,8.739,5324.359
2,1543.008,104.633,2.0,8.736,5324.844
2,1543.208,104.633,2.0,8.733,5325.33
2,1543.408,104.633,2.0,8.73,5325.815
2,1543.608,104.633,2.0,8.727,5326.3
2,1543.808,104.633,2.0,8.724,5326.785
2,1544.008,104.633,2.0,8.721,5327.269
2,1544.208,104.633,2.0,8.717,5327.754
2,1544.408,104.633,2.0,8.714,5328.238
2,1544.608,104.633,2.0,8.71,5328.722
2,1544.808,104.633,2.0,8.707,5329.206
2,1545.008,104.633,2.0,8.703,5329.69
2,1545.208,104.633,2.0,8.699,5330.173
2,1545.408,104.633,2.0,8.696,5330.657
2,1545.608,104.633,2.0,8.692,5331.14
2,1545.808,104.633,2.0,8.689,5331.623
2,1546.008,104.633,2.0,8.685,5332.105
2,1546.208,104.633,2.0,8.682,5332.588
2,1546.408,104.633,2.0,8.679,5333.07
2,1546.608,104.633,2.0,8.676,5333.552
2,1546.808,104.633,2.0,8.673,5334.034
2,1547.008,104.633,2.0,8.67,5334.516
2,1547.208,104.633,2.0,8.667,5334.998
2,1547.408,104.632,2.0,8.664,5335.479
2,1547.608,104.632,2.0,8.662,5335.961
2,1547.808,104.632,2.0,8.66,5336.442
2,1548.008,104.632,2.0,8.659,5336.923
2,1548.208,104.632,2.0,8.659,5337.404
2,1548.408,104.632,2.0,8.659,5337.885
2,1548.608,104.632,2.0,8.659,5338.366
2,1548.808,104.632,2.0,8.66,5338.847
2,1549.008,104.632,2.0,8.661,5339.328
2,1549.208,104.632,2.0,8.663,5339.809
2,1549.408,104.632,2.0,8.665,5340.291
2,1549.608,104.632,2.0,8.667,5340.772
2,1549.808,104.632,2.0,8.671,5341.254
2,1550.008,104.632,2.0,8.675,5341.735
2,1550.208,104.632,2.0,8.68,5342.217
2,1550.408,104.632,2.0,8.685,5342.699
2,1550.608,104.632,2.0,8.691,5343.182
2,1550.808,104.632,2.0,8.698,5343.665
2,1551.008,104.632,2.0,8.705,5344.148
2,1551.208,104.632,2.0,8.712,5344.632
2,1551.408,104.632,2.0,8.721,5345.116
2,1551.608,104.632,2.0,8.73,5345.6
2,1551.808,104.631,2.0,8.739,5346.085
2,1552.008,104.631,2.0,8.749,5346.571
2,1552.208,104.631,2.0,8.759,5347.057
2,1552.408,104.631,2.0,8.77,5347.543
2,1552.608,104.631,2.0,8.781,5348.03
2,1552.808,104.631,2.0,8.793,5348.518
2,1553.008,104.631,2.0,8.806,5349.007
2,1553.208,104.631,2.0,8.818,5349.496
2,1553.408,104.631,2.0,8.831,5349.986
2,1553.608,104.631,2.0,8.845,5350.477
2,1553.808,104.631,2.0,8.859,5350.968
2,1554.008,104.631,2.0,8.873,5351.46
2,1554.208,104.631,2.0,8.888,5351.953
2,1554.408,104.631,2.0,8.903,5352.447
2,1554.608,104.631,2.0,8.919,5352.942
2,1554.808,104.631,2.0,8.935,5353.437
2,1555.008,104.631,2.0,8.951,5353.933
2,1555.208,104.631,2.0,8.967,5354.431
2,1555.408,104.631,2.0,8.984,5354.929
2,1555.608,104.631,2.0,9.002,5355.428
2,1555.808,104.631,2.0,9.019,5355.928
2,1556.008,104.631,2.0,9.037,5356.429
2,1556.208,104.63,2.0,9.056,5356.931
2,1556.408,104.63,2.0,9.074,5357.434
2,1556.608,104.63,2.0,9.094,5357.938
2,1556.808,104.63,2.0,9.113,5358.444
2,1557.008,104.63,2.0,9.133,5358.95
2,1557.208,104.63,2.0,9.153,5359.457
2,1557.408,104.63,2.0,9.173,5359.966
2,1557.608,104.63,2.0,9.194,5360.475
2,1557.808,104.63,2.0,9.215,5360.986
2,1558.008,104.63,2.0,9.236,5361.498
2,1558.208,104.63,2.0,9.258,5362.011
2,1558.408,104.63,2.0,9.28,5362.526
2,1558.608,104.63,2.0,9.302,5363.041
2,1558.808,104.63,2.0,9.324,5363.558
2,1559.008,104.63,2.0,9.346,5364.076
2,1559.208,104.63,2.0,9.369,5364.595
2,1559.408,104.63,2.0,9.392,5365.116
2,1559.608,104.63,2.0,9.415,5365.637
2,1559.808,104.63,2.0,9.439,5366.161
2,1560.008,104.63,2.0,9.464,5366.685
2,1560.208,104.63,2.0,9.489,5367.211
2,1560.408,104.63,2.0,9.514,5367.738
2,1560.608,104.629,2.0,9.54,5368.266
2,1560.808,104.629,2.0,9.567,5368.796
2,1561.008,104.629,2.0,9.594,5369.328
2,1561.208,104.629,2.0,9.622,5369.861
2,1561.408,104.629,2.0,9.65,5370.395
2,1561.608,104.629,2.0,9.68,5370.932
2,1561.808,104.629,2.0,9.71,5371.469
2,1562.008,104.629,2.0,9.741,5372.009
2,1562.208,104.629,2.0,9.773,5372.55
2,1562.408,104.629,2.0,9.806,5373.093
2,1562.608,104.629,2.0,9.84,5373.638
2,1562.808,104.629,2.0,9.875,5374.184
2,1563.008,104.629,2.0,9.91,5374.733
2,1563.208,104.629,2.0,9.947,5375.283
2,1563.408,104.629,2.0,9.985,5375.836
2,1563.608,104.629,2.0,10.023,5376.391
2,1563.808,104.629,2.0,10.063,5376.948
2,1564.008,104.629,2.0,10.104,5377.507
2,1564.208,104.629,2.0,10.146,5378.068
2,1564.408,104.629,2.0,10.188,5378.632
2,1564.608,104.629,2.0,10.232,5379.198
2,1564.808,104.629,2.0,10.277,5379.766
2,1565.008,104.628,2.0,10.323,5380.337
2,1565.208,104.628,2.0,10.369,5380.911
2,1565.408,104.628,2.0,10.417,5381.487
2,1565.608,104.628,2.0,10.467,5382.065
2,1565.808,104.628,2.0,10.517,5382.647
2,1566.008,104.628,2.0,10.569,5383.231
2,1566.208,104.628,2.0,10.621,5383.818
2,1566.408,104.628,2.0,10.675,5384.408
2,1566.608,104.628,2.0,10.73,5385.001
2,1566.808,104.628,2.0,10.786,5385.598
2,1567.008,104.628,2.0,10.844,5386.197
2,1567.208,104.628,2.0,10.903,5386.799
2,1567.408,104.628,2.0,10.963,5387.405
2,1567.608,104.628,2.0,11.024,5388.014
2,1567.808,104.628,2.0,11.086,5388.626
2,1568.008,104.628,2.0,11.15,5389.242
2,1568.208,104.628,2.0,11.215,5389.862
2,1568.408,104.628,2.0,11.281,5390.485
2,1568.608,104.628,2.0,11.348,5391.111
2,1568.808,104.628,2.0,11.417,5391.742
2,1569.008,104.628,2.0,11.486,5392.376
2,1569.208,104.628,2.0,11.556,5393.014
2,1569.408,104.627,2.0,11.627,5393.656
2,1569.608,104.627,2.0,11.7,5394.302
2,1569.808,104.627,2.0,11.773,5394.952
2,1570.008,104.627,2.0,11.848,5395.606
2,1570.208,104.627,2.0,11.923,5396.265
2,1570.408,104.627,2.0,12.0,5396.927
2,1570.608,104.627,2.0,12.078,5397.594
2,1570.808,104.627,2.0,12.156,5398.265
2,1571.008,104.627,2.0,12.236,5398.94
2,1571.208,104.627,2.0,12.318,5399.62
2,1571.408,104.627,2.0,12.4,5400.304
2,1571.608,104.627,2.0,12.483,5400.993
2,1571.808,104.627,2.0,12.568,5401.686
2,1572.008,104.627,2.0,12.653,5402.385
2,1572.208,104.627,2.0,12.74,5403.088
2,1572.408,104.627,2.0,12.828,5403.795
2,1572.608,104.627,2.0,12.916,5404.508
2,1572.808,104.627,2.0,13.006,5405.226
2,1573.008,104.627,2.0,13.097,5405.948
2,1573.208,104.627,2.0,13.189,5406.676
2,1573.408,104.627,2.0,13.282,5407.408
2,1573.608,104.627,2.0,13.376,5408.146
2,1573.808,104.626,2.0,13.472,5408.89
2,1574.008,104.626,2.0,13.568,5409.638
2,1574.208,104.626,2.0,13.665,5410.392
2,1574.408,104.626,2.0,13.764,5411.151
2,1574.608,104.626,2.0,13.864,5411.916
2,1574.808,104.626,2.0,13.965,5412.686
2,1575.008,104.626,2.0,14.067,5413.462
2,1575.208,104.626,2.0,14.171,5414.243
2,1575.408,104.626,2.0,14.275,5415.03
2,1575.608,104.626,2.0,14.381,5415.823
2,1575.808,104.626,2.0,14.488,5416.622
2,1576.008,104.626,2.0,14.595,5417.427
2,1576.208,104.626,2.0,14.703,5418.238
2,1576.408,104.626,2.0,14.811,5419.055
2,1576.608,104.626,2.0,14.92,5419.878
2,1576.808,104.626,2.0,15.03,5420.707
2,1577.008,104.626,2.0,15.141,5421.542
2,1577.208,104.626,2.0,15.253,5422.383
2,1577.408,104.626,2.0,15.365,5423.23
2,1577.608,104.626,2.0,15.479,5424.084
2,1577.808,104.626,2.0,15.593,5424.944
2,1578.008,104.625,2.0,15.709,5425.81
2,1578.208,104.625,2.0,15.826,5426.683
2,1578.408,104.625,2.0,15.944,5427.562
2,1578.608,104.625,2.0,16.065,5428.448
2,1578.808,104.625,2.0,16.187,5429.34
2,1579.008,104.625,2.0,16.31,5430.24
2,1579.208,104.625,2.0,16.437,5431.146
2,1579.408,104.625,2.0,16.568,5432.059
2,1579.608,104.625,2.0,16.704,5432.979
2,1579.808,104.625,2.0,16.846,5433.907
2,1580.008,104.625,2.0,16.993,5434.843
2,1580.208,104.625,2.0,17.145,5435.787
2,1580.408,104.625,2.0,17.298,5436.74
2,1580.608,104.626,1.9212,17.453,5437.701
2,1580.808,104.63,1.6766,17.604,5438.67
2,1581.008,104.634,1.4479,17.74,5439.648
2,1581.208,104.638,1.2649,17.863,5440.634
2,1581.408,104.64,1.114,17.973,5441.626
2,1581.608,104.643,0.9771,18.073,5442.625
2,1581.808,104.645,0.853,18.162,5443.629
2,1582.008,104.647,0.7409,18.243,5444.638
2,1582.208,104.648,0.6615,18.316,5445.651
2,1582.408,104.649,0.6044,18.381,5446.669
2,1582.608,104.65,0.557,18.44,5447.69
2,1582.808,104.65,0.5182,18.493,5448.714
2,1583.008,104.651,0.4873,18.541,5449.742
2,1583.208,104.651,0.4828,18.584,5450.772
2,1583.408,104.651,0.4913,18.623,5451.804
2,1583.608,104.651,0.506,18.657,5452.839
2,1583.808,104.65,0.5261,18.689,5453.875
2,1584.008,104.65,0.5512,18.717,5454.914
2,1584.208,104.649,0.6048,18.742,5455.953
2,1584.408,104.648,0.6647,18.765,5456.995
2,1584.608,104.647,0.7284,18.786,5458.037
2,1584.808,104.645,0.7954,18.804,5459.081
2,1585.008,104.644,0.8715,18.821,5460.126
2,1585.208,104.642,0.9944,18.836,5461.171
2,1585.408,104.64,1.1198,18.849,5462.218
2,1585.608,104.638,1.2477,18.861,5463.265
2,1585.808,104.635,1.3777,18.871,5464.313
2,1586.008,104.633,1.4929,18.881,5465.361
2,1586.208,104.632,1.5781,18.889,5466.41
2,1586.408,104.63,1.6646,18.897,5467.459
2,1586.608,104.629,1.7526,18.904,5468.509
2,1586.808,104.627,1.8417,18.91,5469.559
2,1587.008,104.626,1.9162,18.915,5470.61
2,1587.208,104.624,1.9804,18.92,5471.661
2,1587.408,104.624,2.0,18.924,5472.712
2,1587.608,104.624,2.0,18.925,5473.763
2,1587.808,104.624,2.0,18.921,5474.815
2,1588.008,104.624,2.0,18.913,5475.866
2,1588.208,104.624,2.0,18.901,5476.917
2,1588.408,104.624,2.0,18.885,5477.967
2,1588.608,104.624,2.0,18.864,5479.016
2,1588.808,104.624,2.0,18.839,5480.064
2,1589.008,104.624,2.0,18.81,5481.11
2,1589.208,104.624,2.0,18.777,5482.155
2,1589.408,104.624,2.0,18.74,5483.199
2,1589.608,104.624,2.0,18.699,5484.24
2,1589.808,104.624,2.0,18.654,5485.278
2,1590.008,104.623,2.0,18.605,5486.315
2,1590.208,104.623,2.0,18.553,5487.348
2,1590.408,104.623,2.0,18.497,5488.379
2,1590.608,104.623,2.0,18.438,5489.407
2,1590.808,104.623,2.0,18.375,5490.431
2,1591.008,104.623,2.0,18.309,5491.452
2,1591.208,104.623,2.0,18.241,5492.469
2,1591.408,104.623,2.0,18.169,5493.483
2,1591.608,104.623,2.0,18.095,5494.492
2,1591.808,104.623,2.0,18.018,5495.497
2,1592.008,104.623,2.0,17.938,5496.498
2,1592.208,104.623,2.0,17.856,5497.495
2,1592.408,104.623,2.0,17.771,5498.487
2,1592.608,104.623,2.0,17.684,5499.474
2,1592.808,104.623,2.0,17.594,5500.456
2,1593.008,104.623,2.0,17.502,5501.434
2,1593.208,104.623,2.0,17.409,5502.406
2,1593.408,104.623,2.0,17.313,5503.373
2,1593.608,104.623,2.0,17.216,5504.335
2,1593.808,104.623,2.0,17.116,5505.292
2,1594.008,104.623,2.0,17.016,5506.243
2,1594.208,104.623,2.0,16.914,5507.188
2,1594.408,104.622,2.0,16.81,5508.128
2,1594.608,104.622,2.0,16.706,5509.061
2,1594.808,104.622,2.0,16.601,5509.99
2,1595.008,104.622,2.0,16.494,5510.912
2,1595.208,104.622,2.0,16.387,5511.828
2,1595.408,104.622,2.0,16.28,5512.739
2,1595.608,104.622,2.0,16.172,5513.643
2,1595.808,104.622,2.0,16.064,5514.541
2,1596.008,104.622,2.0,15.956,5515.434
2,1596.208,104.622,2.0,15.847,5516.32
2,1596.408,104.622,2.0,15.739,5517.201
2,1596.608,104.622,2.0,15.631,5518.075
2,1596.808,104.622,2.0,15.524,5518.944
2,1597.008,104.622,2.0,15.416,5519.806
2,1597.208,104.622,2.0,15.309,5520.662
2,1597.408,104.622,2.0,15.202,5521.513
2,1597.608,104.622,2.0,15.096,5522.358
2,1597.808,104.622,2.0,14.99,5523.196
2,1598.008,104.622,2.0,14.885,5524.029
2,1598.208,104.622,2.0,14.78,5524.856
2,1598.408,104.622,2.0,14.675,5525.677
2,1598.608,104.622,2.0,14.572,5526.492
2,1598.808,104.621,2.0,14.469,5527.302
2,1599.008,104.621,2.0,14.367,5528.106
2,1599.208,104.621,2.0,14.266,5528.904
2,1599.408,104.621,2.0,14.166,5529.696
2,1599.608,104.621,2.0,14.067,5530.483
2,1599.808,104.621,2.0,13.969,5531.265
2,1600.008,104.621,2.0,13.873,5532.041
2,1600.208,104.621,2.0,13.777,5532.812
2,1600.408,104.621,2.0,13.682,5533.577
2,1600.608,104.621,2.0,13.589,5534.337
2,1600.808,104.621,2.0,13.497,5535.092
2,1601.008,104.621,2.0,13.406,5535.842
2,1601.208,104.621,2.0,13.316,5536.587
2,1601.408,104.621,2.0,13.228,5537.327
2,1601.608,104.621,2.0,13.14,5538.061
2,1601.808,104.621,2.0,13.053,5538.791
2,1602.008,104.621,2.0,12.968,5539.517
2,1602.208,104.621,2.0,12.883,5540.237
2,1602.408,104.621,2.0,12.8,5540.953
2,1602.608,104.621,2.0,12.718,5541.664
2,1602.808,104.621,2.0,12.637,5542.37
2,1603.008,104.621,2.0,12.557,5543.073
2,1603.208,104.62,2.0,12.478,5543.77
2,1603.408,104.62,2.0,12.4,5544.463
2,1603.608,104.62,2.0,12.324,5545.152
2,1603.808,104.62,2.0,12.248,5545.837
2,1604.008,104.62,2.0,12.174,5546.517
2,1604.208,104.62,2.0,12.1,5547.194
2,1604.408,104.62,2.0,12.028,5547.866
2,1604.608,104.62,2.0,11.957,5548.534
2,1604.808,104.62,2.0,11.887,5549.198
2,1605.008,104.62,2.0,11.819,5549.859
2,1605.208,104.62,2.0,11.751,5550.515
2,1605.408,104.62,2.0,11.684,5551.168
2,1605.608,104.62,2.0,11.618,5551.817
2,1605.808,104.62,2.0,11.553,5552.463
2,1606.008,104.62,2.0,11.489,5553.105
2,1606.208,104.62,2.0,11.425,5553.743
2,1606.408,104.62,2.0,11.362,5554.378
2,1606.608,104.62,2.0,11.3,5555.009
2,1606.808,104.62,2.0,11.239,5555.637
2,1607.008,104.62,2.0,11.179,5556.261
2,1607.208,104.62,2.0,11.119,5556.882
2,1607.408,104.62,2.0,11.061,5557.5
2,1607.608,104.619,2.0,11.004,5558.114
2,1607.808,104.619,2.0,10.948,5558.726
2,1608.008,104.619,2.0,10.893,5559.334
2,1608.208,104.619,2.0,10.839,5559.939
2,1608.408,104.619,2.0,10.786,5560.541
2,1608.608,104.619,2.0,10.733,5561.141
2,1608.808,104.619,2.0,10.682,5561.737
2,1609.008,104.619,2.0,10.632,5562.33
2,1609.208,104.619,2.0,10.583,5562.921
2,1609.408,104.619,2.0,10.534,5563.509
2,1609.608,104.619,2.0,10.487,5564.094
2,1609.808,104.619,2.0,10.44,5564.677
2,1610.008,104.619,2.0,10.394,5565.257
2,1610.208,104.619,2.0,10.349,5565.834
2,1610.408,104.619,2.0,10.305,5566.409
2,1610.608,104.619,2.0,10.262,5566.982
2,1610.808,104.619,2.0,10.22,5567.552
2,1611.008,104.619,2.0,10.179,5568.12
2,1611.208,104.619,2.0,10.138,5568.685
2,1611.408,104.619,2.0,10.098,5569.248
2,1611.608,104.619,2.0,10.06,5569.809
2,1611.808,104.619,2.0,10.022,5570.368
2,1612.008,104.618,2.0,9.984,5570.925
2,1612.208,104.618,2.0,9.949,5571.48
2,1612.408,104.618,2.0,9.914,5572.032
2,1612.608,104.618,2.0,9.88,5572.583
2,1612.808,104.618,2.0,9.847,5573.132
2,1613.008,104.618,2.0,9.815,5573.679
2,1613.208,104.618,2.0,9.785,5574.224
2,1613.408,104.618,2.0,9.755,5574.768
2,1613.608,104.618,2.0,9.726,5575.31
2,1613.808,104.618,2.0,9.698,5575.85
2,1614.008,104.618,2.0,9.671,5576.389
2,1614.208,104.618,2.0,9.645,5576.926
2,1614.408,104.618,2.0,9.62,5577.462
2,1614.608,104.618,2.0,9.595,5577.997
2,1614.808,104.618,2.0,9.571,5578.53
2,1615.008,104.618,2.0,9.548,5579.061
2,1615.208,104.618,2.0,9.526,5579.592
2,1615.408,104.618,2.0,9.504,5580.121
2,1615.608,104.618,2.0,9.483,5580.649
2,1615.808,104.618,2.0,9.463,5581.176
2,1616.008,104.618,2.0,9.443,5581.702
2,1616.208,104.618,2.0,9.424,5582.226
2,1616.408,104.617,2.0,9.405,5582.75
2,1616.608,104.617,2.0,9.387,5583.272
2,1616.808,104.617,2.0,9.37,5583.794
2,1617.008,104.617,2.0,9.354,5584.314
2,1617.208,104.617,2.0,9.337,5584.834
2,1617.408,104.617,2.0,9.322,5585.353
2,1617.608,104.617,2.0,9.306,5585.871
2,1617.808,104.617,2.0,9.291,5586.388
2,1618.008,104.617,2.0,9.276,5586.904
2,1618.208,104.617,2.0,9.262,5587.419
2,1618.408,104.617,2.0,9.247,5587.934
2,1618.608,104.617,2.0,9.232,5588.447
2,1618.808,104.617,2.0,9.218,5588.96
2,1619.008,104.617,2.0,9.204,5589.472
2,1619.208,104.617,2.0,9.19,5589.984
2,1619.408,104.617,2.0,9.176,5590.494
2,1619.608,104.617,2.0,9.162,5591.004
2,1619.808,104.617,2.0,9.148,5591.513
2,1620.008,104.617,2.0,9.134,5592.021
2,1620.208,104.617,2.0,9.12,5592.529
2,1620.408,104.617,2.0,9.106,5593.035
2,1620.608,104.617,2.0,9.092,5593.541
2,1620.808,104.616,2.0,9.079,5594.047
2,1621.008,104.616,2.0,9.065,5594.551
2,1621.208,104.616,2.0,9.051,5595.054
2,1621.408,104.616,2.0,9.037,5595.557
2,1621.608,104.616,2.0,9.023,5596.059
2,1621.808,104.616,2.0,9.01,5596.561
2,1622.008,104.616,2.0,8.996,5597.061
2,1622.208,104.616,2.0,8.983,5597.561
2,1622.408,104.616,2.0,8.97,5598.06
2,1622.608,104.616,2.0,8.958,5598.558
2,1622.808,104.616,2.0,8.945,5599.056
2,1623.008,104.616,2.0,8.933,5599.553
2,1623.208,104.616,2.0,8.921,5600.049
2,1623.408,104.616,2.0,8.909,5600.545
2,1623.608,104.616,2.0,8.897,5601.04
2,1623.808,104.616,2.0,8.885,5601.534
2,1624.008,104.616,2.0,8.874,5602.028
2,1624.208,104.616,2.0,8.863,5602.521
2,1624.408,104.616,2.0,8.852,5603.013
2,1624.608,104.616,2.0,8.841,5603.505
2,1624.808,104.616,2.0,8.83,5603.996
2,1625.008,104.616,2.0,8.82,5604.487
2,1625.208,104.615,2.0,8.81,5604.977
2,1625.408,104.615,2.0,8.8,5605.466
2,1625.608,104.615,2.0,8.79,5605.955
2,1625.808,104.615,2.0,8.78,5606.443
2,1626.008,104.615,2.0,8.771,5606.931
2,1626.208,104.615,2.0,8.762,5607.418
2,1626.408,104.615,2.0,8.754,5607.905
2,1626.608,104.615,2.0,8.746,5608.391
2,1626.808,104.615,2.0,8.738,5608.877
2,1627.008,104.615,2.0,8.73,5609.363
2,1627.208,104.615,2.0,8.723,5609.848
2,1627.408,104.615,2.0,8.716,5610.332
2,1627.608,104.615,2.0,8.709,5610.816
2,1627.808,104.615,2.0,8.703,5611.3
2,1628.008,104.615,2.0,8.698,5611.784
2,1628.208,104.615,2.0,8.693,5612.267
2,1628.408,104.615,2.0,8.689,5612.75
2,1628.608,104.615,2.0,8.686,5613.233
2,1628.808,104.615,2.0,8.683,5613.715
2,1629.008,104.615,2.0,8.681,5614.198
2,1629.208,104.615,2.0,8.679,5614.68
2,1629.408,104.615,2.0,8.678,5615.162
2,1629.608,104.614,2.0,8.677,5615.644
2,1629.808,104.614,2.0,8.677,5616.126
2,1630.008,104.614,2.0,8.678,5616.608
2,1630.208,104.614,2.0,8.68,5617.091
2,1630.408,104.614,2.0,8.682,5617.573
2,1630.608,104.614,2.0,8.685,5618.055
2,1630.808,104.614,2.0,8.689,5618.538
2,1631.008,104.614,2.0,8.693,5619.02
2,1631.208,104.614,2.0,8.698,5619.503
2,1631.408,104.614,2.0,8.703,5619.986
2,1631.608,104.614,2.0,8.709,5620.47
2,1631.808,104.614,2.0,8.716,5620.954
2,1632.008,104.614,2.0,8.723,5621.438
2,1632.208,104.614,2.0,8.731,5621.923
2,1632.408,104.614,2.0,8.739,5622.408
2,1632.608,104.614,2.0,8.748,5622.893
2,1632.808,104.614,2.0,8.758,5623.379
2,1633.008,104.614,2.0,8.768,5623.866
2,1633.208,104.614,2.0,8.779,5624.353
2,1633.408,104.614,2.0,8.79,5624.841
2,1633.608,104.614,2.0,8.802,5625.329
2,1633.808,104.614,2.0,8.815,5625.818
2,1634.008,104.613,2.0,8.828,5626.308
2,1634.208,104.613,2.0,8.843,5626.798
2,1634.408,104.613,2.0,8.858,5627.289
2,1634.608,104.613,2.0,8.874,5627.781
2,1634.808,104.613,2.0,8.891,5628.274
2,1635.008,104.613,2.0,8.908,5628.768
2,1635.208,104.613,2.0,8.927,5629.263
2,1635.408,104.613,2.0,8.946,5629.759
2,1635.608,104.613,2.0,8.966,5630.256
2,1635.808,104.613,2.0,8.986,5630.754
2,1636.008,104.613,2.0,9.008,5631.253
2,1636.208,104.613,2.0,9.03,5631.754
2,1636.408,104.613,2.0,9.052,5632.256
2,1636.608,104.613,2.0,9.076,5632.758
2,1636.808,104.613,2.0,9.1,5633.263
2,1637.008,104.613,2.0,9.125,5633.768
2,1637.208,104.613,2.0,9.15,5634.275
2,1637.408,104.613,2.0,9.176,5634.783
2,1637.608,104.613,2.0,9.203,5635.293
2,1637.808,104.613,2.0,9.23,5635.804
2,1638.008,104.613,2.0,9.258,5636.317
2,1638.208,104.613,2.0,9.287,5636.832
2,1638.408,104.612,2.0,9.317,5637.348
2,1638.608,104.612,2.0,9.348,5637.865
2,1638.808,104.612,2.0,9.379,5638.384
2,1639.008,104.612,2.0,9.411,5638.906
2,1639.208,104.612,2.0,9.444,5639.428
2,1639.408,104.612,2.0,9.478,5639.953
2,1639.608,104.612,2.0,9.512,5640.48
2,1639.808,104.612,2.0,9.548,5641.008
2,1640.008,104.612,2.0,9.584,5641.539
2,1640.208,104.612,2.0,9.621,5642.071
2,1640.408,104.612,2.0,9.658,5642.605
2,1640.608,104.612,2.0,9.697,5643.142
2,1640.808,104.612,2.0,9.736,5643.681
2,1641.008,104.612,2.0,9.776,5644.222
2,1641.208,104.612,2.0,9.817,5644.765
2,1641.408,104.612,2.0,9.858,5645.31
2,1641.608,104.612,2.0,9.9,5645.858
2,1641.808,104.612,2.0,9.944,5646.408
2,1642.008,104.612,2.0,9.987,5646.96
2,1642.208,104.612,2.0,10.032,5647.515
2,1642.408,104.612,2.0,10.077,5648.072
2,1642.608,104.611,2.0,10.124,5648.632
2,1642.808,104.611,2.0,10.171,5649.195
2,1643.008,104.611,2.0,10.218,5649.76
2,1643.208,104.611,2.0,10.267,5650.327
2,1643.408,104.611,2.0,10.316,5650.898
2,1643.608,104.611,2.0,10.366,5651.471
2,1643.808,104.611,2.0,10.416,5652.047
2,1644.008,104.611,2.0,10.467,5652.625
2,1644.208,104.611,2.0,10.518,5653.207
2,1644.408,104.611,2.0,10.57,5653.791
2,1644.608,104.611,2.0,10.622,5654.378
2,1644.808,104.611,2.0,10.675,5654.969
2,1645.008,104.611,2.0,10.728,5655.562
2,1645.208,104.611,2.0,10.782,5656.158
2,1645.408,104.611,2.0,10.837,5656.757
2,1645.608,104.611,2.0,10.892,5657.359
2,1645.808,104.611,2.0,10.947,5657.964
2,1646.008,104.611,2.0,11.003,5658.572
2,1646.208,104.611,2.0,11.06,5659.183
2,1646.408,104.611,2.0,11.117,5659.798
2,1646.608,104.611,2.0,11.175,5660.415
2,1646.808,104.611,2.0,11.233,5661.036
2,1647.008,104.61,2.0,11.291,5661.66
2,1647.208,104.61,2.0,11.35,5662.287
2,1647.408,104.61,2.0,11.409,5662.918
2,1647.608,104.61,2.0,11.469,5663.552
2,1647.808,104.61,2.0,11.528,5664.189
2,1648.008,104.61,2.0,11.588,5664.829
2,1648.208,104.61,2.0,11.649,5665.473
2,1648.408,104.61,2.0,11.71,5666.12
2,1648.608,104.61,2.0,11.771,5666.771
2,1648.808,104.61,2.0,11.834,5667.425
2,1649.008,104.61,2.0,11.896,5668.082
2,1649.208,104.61,2.0,11.959,5668.743
2,1649.408,104.61,2.0,12.023,5669.408
2,1649.608,104.61,2.0,12.088,5670.076
2,1649.808,104.61,2.0,12.153,5670.747
2,1650.008,104.61,2.0,12.218,5671.422
2,1650.208,104.61,2.0,12.284,5672.101
2,1650.408,104.61,2.0,12.35,5672.784
2,1650.608,104.61,2.0,12.417,5673.47
2,1650.808,104.61,2.0,12.484,5674.16
2,1651.008,104.61,2.0,12.551,5674.853
2,1651.208,104.61,2.0,12.619,5675.55
2,1651.408,104.609,2.0,12.688,5676.251
2,1651.608,104.609,2.0,12.758,5676.956
2,1651.808,104.609,2.0,12.828,5677.665
2,1652.008,104.609,2.0,12.9,5678.378
2,1652.208,104.609,2.0,12.972,5679.094
2,1652.408,104.609,2.0,13.046,5679.815
2,1652.608,104.609,2.0,13.12,5680.54
2,1652.808,104.609,2.0,13.196,5681.269
2,1653.008,104.609,2.0,13.272,5682.002
2,1653.208,104.609,2.0,13.348,5682.739
2,1653.408,104.609,2.0,13.426,5683.481
2,1653.608,104.609,2.0,13.504,5684.227
2,1653.808,104.609,2.0,13.583,5684.977
2,1654.008,104.609,2.0,13.663,5685.732
2,1654.208,104.609,2.0,13.744,5686.491
2,1654.408,104.609,2.0,13.825,5687.254
2,1654.608,104.609,2.0,13.907,5688.022
2,1654.808,104.609,2.0,13.99,5688.795
2,1655.008,104.609,2.0,14.073,5689.572
2,1655.208,104.609,2.0,14.157,5690.354
2,1655.408,104.609,2.0,14.242,5691.14
2,1655.608,104.609,2.0,14.327,5691.932
2,1655.808,104.608,2.0,14.413,5692.728
2,1656.008,104.608,2.0,14.5,5693.528
2,1656.208,104.608,2.0,14.588,5694.334
2,1656.408,104.608,2.0,14.676,5695.144
2,1656.608,104.608,2.0,14.765,5695.96
2,1656.808,104.608,2.0,14.854,5696.78
2,1657.008,104.608,2.0,14.944,5697.605
2,1657.208,104.608,2.0,15.034,5698.435
2,1657.408,104.608,2.0,15.125,5699.271
2,1657.608,104.608,2.0,15.216,5700.111
2,1657.808,104.608,2.0,15.308,5700.956
2,1658.008,104.608,2.0,15.4,5701.807
2,1658.208,104.608,2.0,15.494,5702.662
2,1658.408,104.608,2.0,15.588,5703.523
2,1658.608,104.608,2.0,15.683,5704.389
2,1658.808,104.608,2.0,15.78,5705.26
2,1659.008,104.608,2.0,15.877,5706.137
2,1659.208,104.608,2.0,15.974,5707.019
2,1659.408,104.608,2.0,16.072,5707.906
2,1659.608,104.608,2.0,16.171,5708.799
2,1659.808,104.608,2.0,16.27,5709.698
2,1660.008,104.608,2.0,16.369,5710.601
2,1660.208,104.607,2.0,16.469,5711.511
2,1660.408,104.607,2.0,16.57,5712.426
2,1660.608,104.607,2.0,16.671,5713.346
2,1660.808,104.607,2.0,16.772,5714.272
2,1661.008,104.607,2.0,16.874,5715.204
2,1661.208,104.607,2.0,16.976,5716.142
2,1661.408,104.607,2.0,17.079,5717.085
2,1661.608,104.607,2.0,17.182,5718.034
2,1661.808,104.607,2.0,17.286,5718.988
2,1662.008,104.607,2.0,17.39,5719.948
2,1662.208,104.607,2.0,17.494,5720.915
2,1662.408,104.607,2.0,17.601,5721.886
2,1662.608,104.607,2.0,17.712,5722.864
2,1662.808,104.608,1.9445,17.826,5723.848
2,1663.008,104.612,1.7217,17.94,5724.839
2,1663.208,104.615,1.502,18.042,5725.835
2,1663.408,104.619,1.2917,18.134,5726.838
2,1663.608,104.623,1.0921,18.218,5727.845
2,1663.808,104.626,0.9024,18.293,5728.857
2,1664.008,104.629,0.7217,18.36,5729.873
2,1664.208,104.631,0.5907,18.421,5730.893
2,1664.408,104.633,0.4738,18.476,5731.917
2,1664.608,104.635,0.3644,18.526,5732.943
2,1664.808,104.637,0.2618,18.57,5733.973
2,1665.008,104.639,0.1656,18.61,5735.004
2,1665.208,104.64,0.0971,18.646,5736.038
2,1665.408,104.641,0.0339,18.679,5737.074
2,1665.608,104.641,0.0,18.708,5738.112
2,1665.808,104.641,0.0,18.736,5739.151
2,1666.008,104.641,0.0,18.765,5740.192
2,1666.208,104.641,0.0,18.794,5741.234
2,1666.408,104.641,0.0,18.823,5742.279
2,1666.608,104.641,0.0,18.853,5743.324
2,1666.808,104.641,0.0,18.882,5744.372
2,1667.008,104.641,0.0,18.912,5745.421
2,1667.208,104.641,0.0,18.941,5746.471
2,1667.408,104.641,0.0,18.97,5747.524
2,1667.608,104.641,0.0,18.998,5748.578
2,1667.808,104.641,0.0,19.026,5749.633
2,1668.008,104.641,0.0,19.053,5750.69
2,1668.208,104.641,0.0,19.079,5751.748
2,1668.408,104.641,0.0,19.103,5752.808
2,1668.608,104.641,0.0,19.126,5753.87
2,1668.808,104.641,0.0,19.147,5754.932
2,1669.008,104.641,0.0,19.167,5755.996
2,1669.208,104.641,0.0,19.184,5757.061
2,1669.408,104.641,0.0,19.199,5758.127
2,1669.608,104.641,0.0,19.212,5759.193
2,1669.808,104.641,0.0,19.222,5760.261
2,1670.008,104.641,0.0,19.229,5761.328
2,1670.208,104.641,0.0,19.233,5762.397
2,1670.408,104.641,0.0,19.232,5763.465
2,1670.608,104.641,0.0,19.227,5764.534
2,1670.808,104.641,0.0,19.219,5765.602
2,1671.008,104.641,0.0,19.205,5766.67
2,1671.208,104.641,0.0467,19.186,5767.737
2,1671.408,104.638,0.1702,19.165,5768.802
2,1671.608,104.636,0.2899,19.146,5769.867
2,1671.808,104.634,0.4333,19.128,5770.931
2,1672.008,104.631,0.5776,19.112,5771.993
2,1672.208,104.629,0.7192,19.098,5773.055
2,1672.408,104.626,0.8583,19.085,5774.116
2,1672.608,104.624,1.0015,19.074,5775.177
2,1672.808,104.621,1.1739,19.063,5776.236
2,1673.008,104.618,1.3445,19.054,5777.295
2,1673.208,104.615,1.5137,19.045,5778.354
2,1673.408,104.612,1.6815,19.037,5779.412
2,1673.608,104.609,1.8356,19.03,5780.47
2,1673.808,104.607,1.9731,19.023,5781.527
2,1674.008,104.606,2.0,19.017,5782.584
2,1674.208,104.606,2.0,19.005,5783.64
2,1674.408,104.606,2.0,18.985,5784.696
2,1674.608,104.606,2.0,18.957,5785.751
2,1674.808,104.606,2.0,18.921,5786.804
2,1675.008,104.606,2.0,18.878,5787.855
2,1675.208,104.606,2.0,18.827,5788.904
2,1675.408,104.606,2.0,18.769,5789.95
2,1675.608,104.606,2.0,18.703,5790.992
2,1675.808,104.606,2.0,18.63,5792.031
2,1676.008,104.606,2.0,18.549,5793.066
2,1676.208,104.606,2.0,18.46,5794.097
2,1676.408,104.606,2.0,18.364,5795.123
2,1676.608,104.606,2.0,18.26,5796.143
2,1676.808,104.606,2.0,18.149,5797.157
2,1677.008,104.606,2.0,18.03,5798.165
2,1677.208,104.606,2.0,17.904,5799.167
2,1677.408,104.606,2.0,17.771,5800.162
2,1677.608,104.606,2.0,17.631,5801.149
2,1677.808,104.605,2.0,17.485,5802.129
2,1678.008,104.605,2.0,17.332,5803.1
2,1678.208,104.605,2.0,17.173,5804.063
2,1678.408,104.605,2.0,17.009,5805.017
2,1678.608,104.605,2.0,16.839,5805.962
2,1678.808,104.605,2.0,16.663,5806.897
2,1679.008,104.605,2.0,16.481,5807.823
2,1679.208,104.605,2.0,16.295,5808.739
2,1679.408,104.605,2.0,16.103,5809.644
2,1679.608,104.605,2.0,15.906,5810.539
2,1679.808,104.605,2.0,15.704,5811.422
2,1680.008,104.605,2.0,15.5,5812.295
2,1680.208,104.605,2.0,15.291,5813.156
2,1680.408,104.605,2.0,15.08,5814.005
2,1680.608,104.605,2.0,14.865,5814.843
2,1680.808,104.605,2.0,14.647,5815.669
2,1681.008,104.605,2.0,14.427,5816.483
2,1681.208,104.605,2.0,14.204,5817.284
2,1681.408,104.605,2.0,13.98,5818.073
2,1681.608,104.605,2.0,13.755,5818.85
2,1681.808,104.605,2.0,13.527,5819.614
2,1682.008,104.605,2.0,13.299,5820.366
2,1682.208,104.604,2.0,13.07,5821.104
2,1682.408,104.604,2.0,12.84,5821.831
2,1682.608,104.604,2.0,12.611,5822.544
2,1682.808,104.604,2.0,12.382,5823.244
2,1683.008,104.604,2.0,12.154,5823.932
2,1683.208,104.604,2.0,11.926,5824.608
2,1683.408,104.604,2.0,11.699,5825.27
2,1683.608,104.604,2.0,11.473,5825.92
2,1683.808,104.604,2.0,11.249,5826.557
2,1684.008,104.604,2.0,11.026,5827.182
2,1684.208,104.604,2.0,10.805,5827.795
2,1684.408,104.604,2.0,10.587,5828.395
2,1684.608,104.604,2.0,10.371,5828.983
2,1684.808,104.604,2.0,10.157,5829.56
2,1685.008,104.604,2.0,9.946,5830.124
2,1685.208,104.604,2.0,9.737,5830.676
2,1685.408,104.604,2.0,9.533,5831.217
2,1685.608,104.604,2.0,9.331,5831.747
2,1685.808,104.604,2.0,9.134,5832.265
2,1686.008,104.604,2.0,8.941,5832.773
2,1686.208,104.604,2.0,8.752,5833.27
2,1686.408,104.604,2.0,8.567,5833.756
2,1686.608,104.603,2.0,8.386,5834.232
2,1686.808,104.603,2.0,8.21,5834.698
2,1687.008,104.603,2.0,8.038,5835.154
2,1687.208,104.603,2.0,7.872,5835.6
2,1687.408,104.603,2.0,7.711,5836.038
2,1687.608,104.603,2.0,7.555,5836.466
2,1687.808,104.603,2.0,7.404,5836.886
2,1688.008,104.603,2.0,7.259,5837.297
2,1688.208,104.603,2.0,7.119,5837.7
2,1688.408,104.603,2.0,6.985,5838.096
2,1688.608,104.603,2.0,6.857,5838.484
2,1688.808,104.603,2.0,6.733,5838.865
2,1689.008,104.603,2.0,6.616,5839.239
2,1689.208,104.603,2.0,6.503,5839.606
2,1689.408,104.603,2.0,6.396,5839.968
2,1689.608,104.603,2.0,6.294,5840.323
2,1689.808,104.603,2.0,6.198,5840.673
2,1690.008,104.603,2.0,6.107,5841.017
2,1690.208,104.603,2.0,6.021,5841.356
2,1690.408,104.603,2.0,5.94,5841.691
2,1690.608,104.603,2.0,5.864,5842.021
2,1690.808,104.602,2.0,5.792,5842.347
2,1691.008,104.602,2.0,5.725,5842.668
2,1691.208,104.602,2.0,5.662,5842.986
2,1691.408,104.602,2.0,5.604,5843.301
2,1691.608,104.602,2.0,5.549,5843.612
2,1691.808,104.602,2.0,5.497,5843.921
2,1692.008,104.602,2.0,5.45,5844.226
2,1692.208,104.602,2.0,5.405,5844.529
2,1692.408,104.602,2.0,5.364,5844.829
2,1692.608,104.602,2.0,5.325,5845.127
2,1692.808,104.602,2.0,5.29,5845.423
2,1693.008,104.602,2.0,5.257,5845.717
2,1693.208,104.602,2.0,5.226,5846.009
2,1693.408,104.602,2.0,5.198,5846.299
2,1693.608,104.602,2.0,5.172,5846.588
2,1693.808,104.602,2.0,5.149,5846.875
2,1694.008,104.602,2.0,5.127,5847.161
2,1694.208,104.602,2.0,5.107,5847.446
2,1694.408,104.602,2.0,5.088,5847.73
2,1694.608,104.602,2.0,5.071,5848.012
2,1694.808,104.602,2.0,5.055,5848.294
2,1695.008,104.602,2.0,5.041,5848.575
2,1695.208,104.601,2.0,5.028,5848.855
2,1695.408,104.601,2.0,5.015,5849.134
2,1695.608,104.601,2.0,5.004,5849.413
2,1695.808,104.601,2.0,4.993,5849.691
2,1696.008,104.601,2.0,4.984,5849.968
2,1696.208,104.601,2.0,4.975,5850.245
2,1696.408,104.601,2.0,4.967,5850.522
2,1696.608,104.601,2.0,4.959,5850.798
2,1696.808,104.601,2.0,4.953,5851.073
2,1697.008,104.601,2.0,4.947,5851.348
2,1697.208,104.601,2.0,4.941,5851.623
2,1697.408,104.601,2.0,4.936,5851.898
2,1697.608,104.601,2.0,4.932,5852.172
2,1697.808,104.601,2.0,4.928,5852.446
2,1698.008,104.601,2.0,4.925,5852.72
2,1698.208,104.601,2.0,4.922,5852.993
2,1698.408,104.601,2.0,4.919,5853.267
2,1698.608,104.601,2.0,4.916,5853.54
2,1698.808,104.601,2.0,4.914,5853.813
2,1699.008,104.601,2.0,4.912,5854.086
2,1699.208,104.601,2.0,4.911,5854.359
2,1699.408,104.601,2.0,4.909,5854.632
2,1699.608,104.6,2.0,4.908,5854.905
2,1699.808,104.6,2.0,4.906,5855.177
2,1700.008,104.6,2.0,4.906,5855.45
2,1700.208,104.6,2.0,4.905,5855.722
2,1700.408,104.6,2.0,4.906,5855.995
2,1700.608,104.6,2.0,4.906,5856.267
2,1700.808,104.6,2.0,4.907,5856.54
2,1701.008,104.6,2.0,4.908,5856.813
2,1701.208,104.6,2.0,4.91,5857.085
2,1701.408,104.6,2.0,4.911,5857.358
2,1701.608,104.6,2.0,4.913,5857.631
2,1701.808,104.6,2.0,4.916,5857.904
2,1702.008,104.6,2.0,4.918,5858.177
2,1702.208,104.6,2.0,4.921,5858.45
2,1702.408,104.6,2.0,4.923,5858.723
2,1702.608,104.6,2.0,4.926,5858.997
2,1702.808,104.6,2.0,4.929,5859.271
2,1703.008,104.6,2.0,4.932,5859.545
2,1703.208,104.6,2.0,4.936,5859.819
2,1703.408,104.6,2.0,4.939,5860.093
2,1703.608,104.6,2.0,4.943,5860.367
2,1703.808,104.6,2.0,4.946,5860.642
2,1704.008,104.599,2.0,4.95,5860.917
2,1704.208,104.599,2.0,4.954,5861.192
2,1704.408,104.599,2.0,4.959,5861.467
2,1704.608,104.599,2.0,4.963,5861.742
2,1704.808,104.599,2.0,4.968,5862.018
2,1705.008,104.599,2.0,4.972,5862.294
2,1705.208,104.599,2.0,4.977,5862.57
2,1705.408,104.599,2.0,4.982,5862.847
2,1705.608,104.599,2.0,4.987,5863.124
2,1705.808,104.599,2.0,4.993,5863.401
2,1706.008,104.599,2.0,4.998,5863.678
2,1706.208,104.599,2.0,5.003,5863.956
2,1706.408,104.599,2.0,5.009,5864.234
2,1706.608,104.599,2.0,5.014,5864.512
2,1706.808,104.599,2.0,5.02,5864.79
2,1707.008,104.599,2.0,5.025,5865.069
2,1707.208,104.599,2.0,5.031,5865.348
2,1707.408,104.599,2.0,5.038,5865.628
2,1707.608,104.599,2.0,5.045,5865.908
2,1707.808,104.599,2.0,5.052,5866.188
2,1708.008,104.599,2.0,5.06,5866.469
2,1708.208,104.599,2.0,5.069,5866.75
2,1708.408,104.598,2.0,5.078,5867.031
2,1708.608,104.598,2.0,5.087,5867.314
2,1708.808,104.598,2.0,5.097,5867.596
2,1709.008,104.598,2.0,5.107,5867.879
2,1709.208,104.598,2.0,5.118,5868.163
2,1709.408,104.598,2.0,5.129,5868.447
2,1709.608,104.598,2.0,5.14,5868.732
2,1709.808,104.598,2.0,5.151,5869.018
2,1710.008,104.598,2.0,5.162,5869.304
2,1710.208,104.598,2.0,5.174,5869.591
2,1710.408,104.598,2.0,5.186,5869.878
2,1710.608,104.598,2.0,5.198,5870.166
2,1710.808,104.598,2.0,5.211,5870.455
2,1711.008,104.598,2.0,5.224,5870.745
2,1711.208,104.598,2.0,5.238,5871.035
2,1711.408,104.598,2.0,5.253,5871.326
2,1711.608,104.598,2.0,5.268,5871.618
2,1711.808,104.598,2.0,5.284,5871.91
2,1712.008,104.598,2.0,5.3,5872.204
2,1712.208,104.598,2.0,5.317,5872.498
2,1712.408,104.598,2.0,5.334,5872.794
2,1712.608,104.598,2.0,5.352,5873.09
2,1712.808,104.597,2.0,5.37,5873.387
2,1713.008,104.597,2.0,5.389,5873.686
2,1713.208,104.597,2.0,5.408,5873.985
2,1713.408,104.597,2.0,5.427,5874.286
2,1713.608,104.597,2.0,5.447,5874.587
2,1713.808,104.597,2.0,5.467,5874.89
2,1714.008,104.597,2.0,5.487,5875.193
2,1714.208,104.597,2.0,5.508,5875.498
2,1714.408,104.597,2.0,5.529,5875.804
2,1714.608,104.597,2.0,5.55,5876.111
2,1714.808,104.597,2.0,5.571,5876.42
2,1715.008,104.597,2.0,5.592,5876.729
2,1715.208,104.597,2.0,5.614,5877.04
2,1715.408,104.597,2.0,5.636,5877.352
2,1715.608,104.597,2.0,5.658,5877.665
2,1715.808,104.597,2.0,5.68,5877.979
2,1716.008,104.597,2.0,5.702,5878.295
2,1716.208,104.597,2.0,5.725,5878.611
2,1716.408,104.597,2.0,5.748,5878.93
2,1716.608,104.597,2.0,5.771,5879.249
2,1716.808,104.597,2.0,5.794,5879.569
2,1717.008,104.597,2.0,5.818,5879.891
2,1717.208,104.596,2.0,5.842,5880.215
2,1717.408,104.596,2.0,5.866,5880.539
2,1717.608,104.596,2.0,5.89,5880.865
2,1717.808,104.596,2.0,5.915,5881.192
2,1718.008,104.596,2.0,5.939,5881.521
2,1718.208,104.596,2.0,5.964,5881.851
2,1718.408,104.596,2.0,5.99,5882.182
2,1718.608,104.596,2.0,6.015,5882.515
2,1718.808,104.596,2.0,6.041,5882.849
2,1719.008,104.596,2.0,6.067,5883.185
2,1719.208,104.596,2.0,6.094,5883.522
2,1719.408,104.596,2.0,6.12,5883.86
2,1719.608,104.596,2.0,6.147,5884.2
2,1719.808,104.596,2.0,6.175,5884.542
2,1720.008,104.596,2.0,6.202,5884.885
2,1720.208,104.596,2.0,6.23,5885.229
2,1720.408,104.596,2.0,6.258,5885.576
2,1720.608,104.596,2.0,6.286,5885.923
2,1720.808,104.596,2.0,6.314,5886.272
2,1721.008,104.596,2.0,6.342,5886.623
2,1721.208,104.596,2.0,6.371,5886.976
2,1721.408,104.596,2.0,6.399,5887.329
2,1721.608,104.595,2.0,6.428,5887.685
2,1721.808,104.595,2.0,6.457,5888.042
2,1722.008,104.595,2.0,6.486,5888.401
2,1722.208,104.595,2.0,6.515,5888.761
2,1722.408,104.595,2.0,6.544,5889.123
2,1722.608,104.595,2.0,6.574,5889.487
2,1722.808,104.595,2.0,6.603,5889.852
2,1723.008,104.595,2.0,6.633,5890.219
2,1723.208,104.595,2.0,6.664,5890.587
2,1723.408,104.595,2.0,6.694,5890.957
2,1723.608,104.595,2.0,6.725,5891.329
2,1723.808,104.595,2.0,6.756,5891.703
2,1724.008,104.595,2.0,6.787,5892.078
2,1724.208,104.595,2.0,6.819,5892.455
2,1724.408,104.595,2.0,6.851,5892.834
2,1724.608,104.595,2.0,6.883,5893.215
2,1724.808,104.595,2.0,6.915,5893.597
2,1725.008,104.595,2.0,6.948,5893.981
2,1725.208,104.595,2.0,6.981,5894.367
2,1725.408,104.595,2.0,7.015,5894.755
2,1725.608,104.595,2.0,7.049,5895.145
2,1725.808,104.595,2.0,7.083,5895.536
2,1726.008,104.594,2.0,7.117,5895.93
2,1726.208,104.594,2.0,7.152,5896.325
2,1726.408,104.594,2.0,7.186,5896.723
2,1726.608,104.594,2.0,7.221,5897.122
2,1726.808,104.594,2.0,7.256,5897.523
2,1727.008,104.594,2.0,7.291,5897.926
2,1727.208,104.594,2.0,7.326,5898.331
2,1727.408,104.594,2.0,7.362,5898.738
2,1727.608,104.594,2.0,7.398,5899.147
2,1727.808,104.594,2.0,7.434,5899.558
2,1728.008,104.594,2.0,7.47,5899.971
2,1728.208,104.594,2.0,7.507,5900.386
2,1728.408,104.594,2.0,7.544,5900.803
2,1728.608,104.594,2.0,7.581,5901.222
2,1728.808,104.594,2.0,7.618,5901.644
2,1729.008,104.594,2.0,7.656,5902.067
2,1729.208,104.594,2.0,7.693,5902.492
2,1729.408,104.594,2.0,7.731,5902.92
2,1729.608,104.594,2.0,7.77,5903.349
2,1729.808,104.594,2.0,7.808,5903.781
2,1730.008,104.594,2.0,7.847,5904.214
2,1730.208,104.594,2.0,7.886,5904.65
2,1730.408,104.593,2.0,7.925,5905.088
2,1730.608,104.593,2.0,7.965,5905.529
2,1730.808,104.593,2.0,8.005,5905.971
2,1731.008,104.593,2.0,8.045,5906.416
2,1731.208,104.593,2.0,8.085,5906.863
2,1731.408,104.593,2.0,8.125,5907.312
2,1731.608,104.593,2.0,8.166,5907.763
2,1731.808,104.593,2.0,8.207,5908.217
2,1732.008,104.593,2.0,8.248,5908.673
2,1732.208,104.593,2.0,8.289,5909.131
2,1732.408,104.593,2.0,8.331,5909.592
2,1732.608,104.593,2.0,8.373,5910.055
2,1732.808,104.593,2.0,8.416,5910.52
2,1733.008,104.593,2.0,8.458,5910.987
2,1733.208,104.593,2.0,8.5,5911.457
2,1733.408,104.593,2.0,8.542,5911.929
2,1733.608,104.593,2.0,8.585,5912.404
2,1733.808,104.593,2.0,8.627,5912.881
2,1734.008,104.593,2.0,8.669,5913.36
2,1734.208,104.593,2.0,8.711,5913.842
2,1734.408,104.593,2.0,8.753,5914.326
2,1734.608,104.593,2.0,8.796,5914.812
2,1734.808,104.592,2.0,8.838,5915.301
2,1735.008,104.592,2.0,8.881,5915.792
2,1735.208,104.592,2.0,8.924,5916.285
2,1735.408,104.592,2.0,8.967,5916.781
2,1735.608,104.592,2.0,9.011,5917.279
2,1735.808,104.592,2.0,9.055,5917.78
2,1736.008,104.592,2.0,9.099,5918.283
2,1736.208,104.592,2.0,9.144,5918.788
2,1736.408,104.592,2.0,9.189,5919.296
2,1736.608,104.592,2.0,9.234,5919.807
2,1736.808,104.592,2.0,9.28,5920.32
2,1737.008,104.592,2.0,9.326,5920.835
2,1737.208,104.592,2.0,9.373,5921.353
2,1737.408,104.592,2.0,9.419,5921.874
2,1737.608,104.592,2.0,9.466,5922.397
2,1737.808,104.592,2.0,9.513,5922.923
2,1738.008,104.592,2.0,9.56,5923.452
2,1738.208,104.592,2.0,9.607,5923.983
2,1738.408,104.592,2.0,9.655,5924.517
2,1738.608,104.592,2.0,9.703,5925.053
2,1738.808,104.592,2.0,9.751,5925.592
2,1739.008,104.592,2.0,9.8,5926.134
2,1739.208,104.591,2.0,9.849,5926.678
2,1739.408,104.591,2.0,9.897,5927.225
2,1739.608,104.591,2.0,9.946,5927.775
2,1739.808,104.591,2.0,9.996,5928.328
2,1740.008,104.591,2.0,10.045,5928.883
2,1740.208,104.591,2.0,10.095,5929.441
2,1740.408,104.591,2.0,10.145,5930.002
2,1740.608,104.591,2.0,10.195,5930.566
2,1740.808,104.591,2.0,10.245,5931.132
2,1741.008,104.591,2.0,10.296,5931.701
2,1741.208,104.591,2.0,10.346,5932.273
2,1741.408,104.591,2.0,10.396,5932.848
2,1741.608,104.591,2.0,10.447,5933.426
2,1741.808,104.591,2.0,10.498,5934.006
2,1742.008,104.591,2.0,10.548,5934.589
2,1742.208,104.591,2.0,10.599,5935.175
2,1742.408,104.591,2.0,10.651,5935.764
2,1742.608,104.591,2.0,10.703,5936.356
2,1742.808,104.591,2.0,10.756,5936.95
2,1743.008,104.591,2.0,10.809,5937.548
2,1743.208,104.591,2.0,10.864,5938.148
2,1743.408,104.591,2.0,10.919,5938.752
2,1743.608,104.59,2.0,10.975,5939.359
2,1743.808,104.59,2.0,11.032,5939.968
2,1744.008,104.59,2.0,11.09,5940.581
2,1744.208,104.59,2.0,11.149,5941.197
2,1744.408,104.59,2.0,11.208,5941.817
2,1744.608,104.59,2.0,11.268,5942.439
2,1744.808,104.59,2.0,11.329,5943.065
2,1745.008,104.59,2.0,11.391,5943.695
2,1745.208,104.59,2.0,11.453,5944.328
2,1745.408,104.59,2.0,11.516,5944.964
2,1745.608,104.59,2.0,11.58,5945.604
2,1745.808,104.59,2.0,11.645,5946.247
2,1746.008,104.59,2.0,11.71,5946.894
2,1746.208,104.59,2.0,11.776,5947.545
2,1746.408,104.59,2.0,11.843,5948.199
2,1746.608,104.59,2.0,11.911,5948.857
2,1746.808,104.59,2.0,11.98,5949.518
2,1747.008,104.59,2.0,12.05,5950.184
2,1747.208,104.59,2.0,12.12,5950.853
2,1747.408,104.59,2.0,12.191,5951.527
2,1747.608,104.59,2.0,12.262,5952.204
2,1747.808,104.59,2.0,12.334,5952.885
2,1748.008,104.589,2.0,12.406,5953.571
2,1748.208,104.589,2.0,12.478,5954.26
2,1748.408,104.589,2.0,12.551,5954.953
2,1748.608,104.589,2.0,12.624,5955.65
2,1748.808,104.589,2.0,12.697,5956.352
2,1749.008,104.589,2.0,12.771,5957.057
2,1749.208,104.589,2.0,12.844,5957.766
2,1749.408,104.589,2.0,12.918,5958.48
2,1749.608,104.589,2.0,12.992,5959.198
2,1749.808,104.589,2.0,13.065,5959.919
2,1750.008,104.589,2.0,13.139,5960.645
2,1750.208,104.589,2.0,13.214,5961.375
2,1750.408,104.589,2.0,13.288,5962.109
2,1750.608,104.589,2.0,13.363,5962.848
2,1750.808,104.589,2.0,13.438,5963.59
2,1751.008,104.589,2.0,13.513,5964.337
2,1751.208,104.589,2.0,13.589,5965.087
2,1751.408,104.589,2.0,13.665,5965.842
2,1751.608,104.589,2.0,13.74,5966.601
2,1751.808,104.589,2.0,13.816,5967.365
2,1752.008,104.589,2.0,13.892,5968.132
2,1752.208,104.588,2.0,13.968,5968.904
2,1752.408,104.588,2.0,14.044,5969.68
2,1752.608,104.588,2.0,14.12,5970.46
2,1752.808,104.588,2.0,14.195,5971.245
2,1753.008,104.588,2.0,14.271,5972.033
2,1753.208,104.588,2.0,14.345,5972.826
2,1753.408,104.588,2.0,14.419,5973.623
2,1753.608,104.588,2.0,14.493,5974.424
2,1753.808,104.588,2.0,14.566,5975.229
2,1754.008,104.588,2.0,14.639,5976.039
2,1754.208,104.588,2.0,14.711,5976.852
2,1754.408,104.588,2.0,14.782,5977.669
2,1754.608,104.588,2.0,14.852,5978.49
2,1754.808,104.588,2.0,14.922,5979.315
2,1755.008,104.588,2.0,14.991,5980.144
2,1755.208,104.588,2.0,15.059,5980.977
2,1755.408,104.588,2.0,15.126,5981.814
2,1755.608,104.588,2.0,15.192,5982.654
2,1755.808,104.588,2.0,15.256,5983.498
2,1756.008,104.588,2.0,15.319,5984.346
2,1756.208,104.588,2.0,15.381,5985.197
2,1756.408,104.588,2.0,15.442,5986.051
2,1756.608,104.587,2.0,15.502,5986.909
2,1756.808,104.587,2.0,15.56,5987.771
2,1757.008,104.587,2.0,15.617,5988.635
2,1757.208,104.587,2.0,15.672,5989.503
2,1757.408,104.587,2.0,15.727,5990.373
2,1757.608,104.587,2.0,15.78,5991.247
2,1757.808,104.587,2.0,15.831,5992.124
2,1758.008,104.587,2.0,15.881,5993.003
2,1758.208,104.587,2.0,15.928,5993.885
2,1758.408,104.587,2.0,15.974,5994.77
2,1758.608,104.587,2.0,16.018,5995.658
2,1758.808,104.587,2.0,16.061,5996.548
2,1759.008,104.587,2.0,16.101,5997.44
2,1759.208,104.587,2.0,16.14,5998.334
2,1759.408,104.587,2.0,16.177,5999.231
2,1759.608,104.587,2.0,16.213,6000.13
2,1759.808,104.587,2.0,16.246,6001.031
2,1760.008,104.587,2.0,16.278,6001.933
2,1760.208,104.587,2.0,16.308,6002.837
2,1760.408,104.587,2.0,16.336,6003.743
2,1760.608,104.587,2.0,16.361,6004.651
2,1760.808,104.587,2.0,16.385,6005.56
2,1761.008,104.586,2.0,16.407,6006.47
2,1761.208,104.586,2.0,16.427,6007.382
2,1761.408,104.586,2.0,16.446,6008.294
2,1761.608,104.586,2.0,16.462,6009.208
2,1761.808,104.586,2.0,16.477,6010.123
2,1762.008,104.586,2.0,16.49,6011.038
2,1762.208,104.586,2.0,16.501,6011.954
2,1762.408,104.586,2.0,16.51,6012.871
2,1762.608,104.586,2.0,16.518,6013.788
2,1762.808,104.586,2.0,16.523,6014.706
2,1763.008,104.586,2.0,16.527,6015.624
2,1763.208,104.586,2.0,16.53,6016.542
2,1763.408,104.586,2.0,16.532,6017.46
2,1763.608,104.586,2.0,16.534,6018.379
2,1763.808,104.586,2.0,16.535,6019.297
2,1764.008,104.586,2.0,16.535,6020.216
2,1764.208,104.586,2.0,16.535,6021.134
2,1764.408,104.586,2.0,16.535,6022.053
2,1764.608,104.586,2.0,16.534,6022.972
2,1764.808,104.586,2.0,16.533,6023.89
2,1765.008,104.586,2.0,16.532,6024.809
2,1765.208,104.586,2.0,16.53,6025.727
2,1765.408,104.585,2.0,16.526,6026.646
2,1765.608,104.585,2.0,16.521,6027.564
2,1765.808,104.585,2.0,16.514,6028.482
2,1766.008,104.585,2.0,16.505,6029.399
2,1766.208,104.585,2.0,16.495,6030.316
2,1766.408,104.585,2.0,16.482,6031.232
2,1766.608,104.585,2.0,16.468,6032.148
2,1766.808,104.585,2.0,16.452,6033.063
2,1767.008,104.585,2.0,16.434,6033.977
2,1767.208,104.585,2.0,16.414,6034.89
2,1767.408,104.585,2.0,16.393,6035.802
2,1767.608,104.585,2.0,16.37,6036.712
2,1767.808,104.585,2.0,16.345,6037.622
2,1768.008,104.585,2.0,16.318,6038.53
2,1768.208,104.585,2.0,16.289,6039.436
2,1768.408,104.585,2.0,16.259,6040.341
2,1768.608,104.585,2.0,16.226,6041.245
2,1768.808,104.585,2.0,16.193,6042.146
2,1769.008,104.585,2.0,16.159,6043.046
2,1769.208,104.585,2.0,16.123,6043.944
2,1769.408,104.585,2.0,16.087,6044.839
2,1769.608,104.585,2.0,16.05,6045.733
2,1769.808,104.584,2.0,16.011,6046.625
2,1770.008,104.584,2.0,15.972,6047.514
2,1770.208,104.584,2.0,15.932,6048.401
2,1770.408,104.584,2.0,15.891,6049.287
2,1770.608,104.584,2.0,15.85,6050.169
2,1770.808,104.584,2.0,15.807,6051.05
2,1771.008,104.584,2.0,15.765,6051.928
2,1771.208,104.584,2.0,15.723,6052.804
2,1771.408,104.584,2.0,15.68,6053.677
2,1771.608,104.584,2.0,15.637,6054.549
2,1771.808,104.584,2.0,15.594,6055.417
2,1772.008,104.584,2.0,15.552,6056.284
2,1772.208,104.584,2.0,15.51,6057.148
2,1772.408,104.584,2.0,15.468,6058.009
2,1772.608,104.584,2.0,15.427,6058.869
2,1772.808,104.584,2.0,15.386,6059.726
2,1773.008,104.584,2.0,15.346,6060.58
2,1773.208,104.584,2.0,15.306,6061.433
2,1773.408,104.584,2.0,15.267,6062.283
2,1773.608,104.584,2.0,15.229,6063.132
2,1773.808,104.584,2.0,15.191,6063.978
2,1774.008,104.584,2.0,15.154,6064.822
2,1774.208,104.583,2.0,15.118,6065.663
2,1774.408,104.583,2.0,15.083,6066.503
2,1774.608,104.583,2.0,15.05,6067.341
2,1774.808,104.583,2.0,15.017,6068.177
2,1775.008,104.583,2.0,14.986,6069.012
2,1775.208,104.583,2.0,14.957,6069.844
2,1775.408,104.583,2.0,14.929,6070.675
2,1775.608,104.583,2.0,14.902,6071.505
2,1775.808,104.583,2.0,14.877,6072.333
2,1776.008,104.583,2.0,14.853,6073.159
2,1776.208,104.583,2.0,14.83,6073.984
2,1776.408,104.583,2.0,14.809,6074.808
2,1776.608,104.583,2.0,14.789,6075.631
2,1776.808,104.583,2.0,14.771,6076.452
2,1777.008,104.583,2.0,14.755,6077.273
2,1777.208,104.583,2.0,14.741,6078.093
2,1777.408,104.583,2.0,14.728,6078.912
2,1777.608,104.583,2.0,14.718,6079.73
2,1777.808,104.583,2.0,14.709,6080.548
2,1778.008,104.583,2.0,14.702,6081.365
2,1778.208,104.583,2.0,14.697,6082.182
2,1778.408,104.583,2.0,14.694,6082.998
2,1778.608,104.582,2.0,14.694,6083.814
2,1778.808,104.582,2.0,14.695,6084.631
2,1779.008,104.582,2.0,14.698,6085.447
2,1779.208,104.582,2.0,14.703,6086.264
2,1779.408,104.582,2.0,14.711,6087.08
2,1779.608,104.582,2.0,14.722,6087.898
2,1779.808,104.582,2.0,14.735,6088.716
2,1780.008,104.582,2.0,14.751,6089.534
2,1780.208,104.582,2.0,14.77,6090.354
2,1780.408,104.582,2.0,14.791,6091.174
2,1780.608,104.582,2.0,14.815,6091.996
2,1780.808,104.582,2.0,14.841,6092.819
2,1781.008,104.582,2.0,14.87,6093.644
2,1781.208,104.582,2.0,14.901,6094.47
2,1781.408,104.582,2.0,14.934,6095.297
2,1781.608,104.582,2.0,14.969,6096.127
2,1781.808,104.582,2.0,15.007,6096.959
2,1782.008,104.582,2.0,15.046,6097.792
2,1782.208,104.582,2.0,15.086,6098.628
2,1782.408,104.582,2.0,15.129,6099.466
2,1782.608,104.582,2.0,15.173,6100.307
2,1782.808,104.582,2.0,15.218,6101.15
2,1783.008,104.581,2.0,15.265,6101.995
2,1783.208,104.581,2.0,15.313,6102.843
2,1783.408,104.581,2.0,15.363,6103.694
2,1783.608,104.581,2.0,15.414,6104.548
2,1783.808,104.581,2.0,15.466,6105.404
2,1784.008,104.581,2.0,15.519,6106.263
2,1784.208,104.581,2.0,15.573,6107.125
2,1784.408,104.581,2.0,15.629,6107.991
2,1784.608,104.581,2.0,15.687,6108.859
2,1784.808,104.581,2.0,15.745,6109.73
2,1785.008,104.581,2.0,15.805,6110.605
2,1785.208,104.581,2.0,15.866,6111.483
2,1785.408,104.581,2.0,15.928,6112.365
2,1785.608,104.581,2.0,15.99,6113.249
2,1785.808,104.581,2.0,16.054,6114.138
2,1786.008,104.581,2.0,16.119,6115.03
2,1786.208,104.581,2.0,16.184,6115.925
2,1786.408,104.581,2.0,16.251,6116.824
2,1786.608,104.581,2.0,16.32,6117.727
2,1786.808,104.581,2.0,16.389,6118.634
2,1787.008,104.581,2.0,16.459,6119.544
2,1787.208,104.581,2.0,16.531,6120.459
2,1787.408,104.58,2.0,16.604,6121.377
2,1787.608,104.58,2.0,16.677,6122.299
2,1787.808,104.58,2.0,16.751,6123.226
2,1788.008,104.58,2.0,16.825,6124.157
2,1788.208,104.58,2.0,16.9,6125.091
2,1788.408,104.58,2.0,16.975,6126.03
2,1788.608,104.58,2.0,17.052,6126.973
2,1788.808,104.58,2.0,17.129,6127.921
2,1789.008,104.58,2.0,17.207,6128.872
2,1789.208,104.58,2.0,17.286,6129.828
2,1789.408,104.58,2.0,17.366,6130.789
2,1789.608,104.58,2.0,17.447,6131.753
2,1789.808,104.58,2.0,17.528,6132.723
2,1790.008,104.58,2.0,17.609,6133.696
2,1790.208,104.58,2.0,17.692,6134.675
2,1790.408,104.58,2.0,17.774,6135.658
2,1790.608,104.58,2.0,17.858,6136.645
2,1790.808,104.58,2.0,17.941,6137.637
2,1791.008,104.58,2.0,18.025,6138.634
2,1791.208,104.58,2.0,18.109,6139.635
2,1791.408,104.582,1.8797,18.194,6140.641
2,1791.608,104.584,1.7657,18.271,6141.652
2,1791.808,104.585,1.6615,18.34,6142.667
2,1792.008,104.587,1.5663,18.403,6143.686
2,1792.208,104.588,1.4794,18.459,6144.708
2,1792.408,104.59,1.4062,18.51,6145.734
2,1792.608,104.591,1.3425,18.555,6146.762
2,1792.808,104.592,1.2851,18.596,6147.793
2,1793.008,104.593,1.2336,18.633,6148.826
2,1793.208,104.593,1.1873,18.667,6149.861
2,1793.408,104.594,1.1515,18.697,6150.898
2,1793.608,104.594,1.121,18.724,6151.937
2,1793.808,104.595,1.0945,18.748,6152.977
2,1794.008,104.595,1.0715,18.77,6154.019
2,1794.208,104.596,1.0527,18.79,6155.062
2,1794.408,104.596,1.051,18.808,6156.106
2,1794.608,104.596,1.052,18.824,6157.151
2,1794.808,104.595,1.0554,18.839,6158.196
2,1795.008,104.595,1.061,18.852,6159.243
2,1795.208,104.595,1.0713,18.863,6160.29
2,1795.408,104.595,1.0906,18.874,6161.338
2,1795.608,104.594,1.1115,18.883,6162.387
2,1795.808,104.594,1.1339,18.892,6163.436
2,1796.008,104.594,1.1577,18.899,6164.485
2,1796.208,104.593,1.1885,18.906,6165.535
2,1796.408,104.592,1.2262,18.912,6166.586
2,1796.608,104.592,1.2648,18.918,6167.636
2,1796.808,104.591,1.3044,18.923,6168.687
2,1797.008,104.59,1.3448,18.927,6169.739
2,1797.208,104.59,1.3785,18.931,6170.79
2,1797.408,104.589,1.4104,18.935,6171.842
2,1797.608,104.588,1.4429,18.938,6172.894
2,1797.808,104.588,1.4759,18.941,6173.946
2,1798.008,104.587,1.5094,18.943,6174.998
2,1798.208,104.586,1.5495,18.946,6176.051
2,1798.408,104.586,1.59,18.948,6177.103
2,1798.608,104.585,1.6309,18.949,6178.156
2,1798.808,104.584,1.6721,18.951,6179.209
2,1799.008,104.583,1.7112,18.952,6180.261
2,1799.208,104.583,1.7434,18.953,6181.314
2,1799.408,104.582,1.7759,18.954,6182.367
2,1799.608,104.582,1.8086,18.955,6183.42
2,1799.808,104.581,1.8414,18.956,6184.473
2,1800.008,104.58,1.87,18.957,6185.526
2,1800.208,104.58,1.8943,18.957,6186.58
2,1800.408,104.58,1.9188,18.958,6187.633
2,1800.608,104.579,1.9433,18.958,6188.686
2,1800.808,104.579,1.9679,18.959,6189.739
2,1801.008,104.578,1.9866,18.959,6190.793
2,1801.208,104.578,2.0,18.959,6191.846
2,1801.408,104.578,2.0,18.959,6192.899
2,1801.608,104.578,2.0,18.958,6193.952
2,1801.808,104.578,2.0,18.956,6195.006
2,1802.008,104.578,2.0,18.953,6196.059
2,1802.208,104.578,2.0,18.949,6197.112
2,1802.408,104.578,2.0,18.945,6198.164
2,1802.608,104.578,2.0,18.94,6199.217
2,1802.808,104.578,2.0,18.934,6200.269
2,1803.008,104.578,2.0,18.927,6201.321
2,1803.208,104.577,2.0,18.921,6202.373
2,1803.408,104.577,2.0,18.914,6203.424
2,1803.608,104.577,2.0,18.907,6204.474
2,1803.808,104.577,2.0,18.899,6205.525
2,1804.008,104.577,2.0,18.892,6206.575
2,1804.208,104.577,2.0,18.885,6207.624
2,1804.408,104.577,2.0,18.879,6208.674
2,1804.608,104.577,2.0,18.873,6209.722
2,1804.808,104.577,2.0,18.867,6210.771
2,1805.008,104.577,2.0,18.863,6211.819
2,1805.208,104.577,2.0,18.859,6212.867
2,1805.408,104.577,2.0,18.857,6213.915
2,1805.608,104.577,2.0,18.856,6214.962
2,1805.808,104.577,2.0,18.855,6216.01
2,1806.008,104.577,2.0,18.856,6217.057
2,1806.208,104.577,2.0,18.858,6218.105
2,1806.408,104.577,2.0,18.862,6219.153
2,1806.608,104.577,2.0,18.867,6220.2
2,1806.808,104.577,2.0,18.873,6221.249
2,1807.008,104.577,1.9733,18.881,6222.297
2,1807.208,104.578,1.9319,18.889,6223.346
2,1807.408,104.578,1.8915,18.896,6224.395
2,1807.608,104.579,1.8493,18.903,6225.445
2,1807.808,104.58,1.8041,18.909,6226.495
2,1808.008,104.581,1.7598,18.914,6227.546
2,1808.208,104.581,1.7161,18.919,6228.597
2,1808.408,104.582,1.6731,18.924,6229.648
2,1808.608,104.583,1.6223,18.928,6230.699
2,1808.808,104.584,1.5677,18.931,6231.751
2,1809.008,104.585,1.5135,18.935,6232.802
2,1809.208,104.586,1.4598,18.938,6233.854
2,1809.408,104.586,1.4064,18.941,6234.906
2,1809.608,104.587,1.3527,18.943,6235.959
2,1809.808,104.588,1.2992,18.946,6237.011
2,1810.008,104.589,1.246,18.948,6238.064
2,1810.208,104.59,1.1931,18.95,6239.116
2,1810.408,104.591,1.1405,18.952,6240.169
2,1810.608,104.592,1.0893,18.953,6241.222
2,1810.808,104.593,1.0382,18.955,6242.275
2,1811.008,104.594,0.9873,18.956,6243.328
2,1811.208,104.594,0.9365,18.957,6244.381
2,1811.408,104.595,0.8908,18.959,6245.434
2,1811.608,104.596,0.8522,18.96,6246.487
2,1811.808,104.596,0.8137,18.961,6247.541
2,1812.008,104.597,0.7753,18.962,6248.594
2,1812.208,104.598,0.7371,18.962,6249.648
2,1812.408,104.598,0.6993,18.963,6250.701
2,1812.608,104.599,0.6619,18.964,6251.755
2,1812.808,104.6,0.6245,18.965,6252.808
2,1813.008,104.6,0.5872,18.965,6253.862
2,1813.208,104.601,0.55,18.966,6254.915
2,1813.408,104.602,0.5022,18.966,6255.969
2,1813.608,104.603,0.4534,18.967,6257.023
2,1813.808,104.603,0.4047,18.967,6258.076
2,1814.008,104.604,0.3561,18.967,6259.13
2,1814.208,104.605,0.3098,18.968,6260.184
2,1814.408,104.606,0.2749,18.968,6261.238
2,1814.608,104.606,0.2401,18.968,6262.291
2,1814.808,104.607,0.2052,18.969,6263.345
2,1815.008,104.607,0.1704,18.969,6264.399
2,1815.208,104.608,0.1607,18.969,6265.453
2,1815.408,104.607,0.1844,18.969,6266.507
2,1815.608,104.607,0.2081,18.97,6267.56
2,1815.808,104.606,0.2318,18.97,6268.614
2,1816.008,104.606,0.2556,18.97,6269.668
2,1816.208,104.605,0.3338,18.97,6270.722
2,1816.408,104.603,0.4371,18.97,6271.776
2,1816.608,104.601,0.5403,18.97,6272.83
2,1816.808,104.599,0.6437,18.97,6273.884
2,1817.008,104.597,0.7471,18.97,6274.938
2,1817.208,104.596,0.8142,18.97,6275.992
2,1817.408,104.595,0.879,18.97,6277.046
2,1817.608,104.594,0.9439,18.97,6278.099
2,1817.808,104.593,1.0088,18.97,6279.153
2,1818.008,104.592,1.0718,18.97,6280.207
2,1818.208,104.591,1.1272,18.97,6281.261
2,1818.408,104.59,1.1827,18.97,6282.315
2,1818.608,104.589,1.2381,18.969,6283.369
2,1818.808,104.588,1.2936,18.969,6284.423
2,1819.008,104.587,1.3542,18.969,6285.477
2,1819.208,104.585,1.4211,18.969,6286.53
2,1819.408,104.584,1.488,18.969,6287.584
2,1819.608,104.583,1.555,18.968,6288.638
2,1819.808,104.582,1.622,18.968,6289.692
2,1820.008,104.581,1.6916,18.968,6290.746
2,1820.208,104.579,1.7624,18.967,6291.799
2,1820.408,104.578,1.8333,18.967,6292.853
2,1820.608,104.577,1.9042,18.967,6293.907
2,1820.808,104.575,1.9751,18.966,6294.961
2,1821.008,104.575,2.0,18.966,6296.014
2,1821.208,104.575,2.0,18.962,6297.068
2,1821.408,104.575,2.0,18.953,6298.121
2,1821.608,104.575,2.0,18.94,6299.174
2,1821.808,104.575,2.0,18.922,6300.226
2,1822.008,104.575,2.0,18.898,6301.278
2,1822.208,104.575,2.0,18.87,6302.328
2,1822.408,104.575,2.0,18.836,6303.376
2,1822.608,104.575,2.0,18.798,6304.422
2,1822.808,104.575,2.0,18.754,6305.467
2,1823.008,104.575,2.0,18.705,6306.509
2,1823.208,104.574,2.0,18.65,6307.548
2,1823.408,104.574,2.0,18.59,6308.584
2,1823.608,104.574,2.0,18.524,6309.617
2,1823.808,104.574,2.0,18.453,6310.646
2,1824.008,104.574,2.0,18.377,6311.671
2,1824.208,104.574,2.0,18.295,6312.692
2,1824.408,104.574,2.0,18.209,6313.708
2,1824.608,104.574,2.0,18.117,6314.72
2,1824.808,104.574,2.0,18.021,6315.726
2,1825.008,104.574,2.0,17.92,6316.728
2,1825.208,104.574,2.0,17.815,6317.723
2,1825.408,104.574,2.0,17.706,6318.713
2,1825.608,104.574,2.0,17.593,6319.697
2,1825.808,104.574,2.0,17.476,6320.674
2,1826.008,104.574,2.0,17.356,6321.645
2,1826.208,104.574,2.0,17.232,6322.609
2,1826.408,104.574,2.0,17.105,6323.566
2,1826.608,104.574,2.0,16.975,6324.517
2,1826.808,104.574,2.0,16.842,6325.46
2,1827.008,104.574,2.0,16.707,6326.395
2,1827.208,104.574,2.0,16.569,6327.324
2,1827.408,104.574,2.0,16.43,6328.244
2,1827.608,104.573,2.0,16.288,6329.157
2,1827.808,104.573,2.0,16.145,6330.062
2,1828.008,104.573,2.0,15.999,6330.959
2,1828.208,104.573,2.0,15.853,6331.848
2,1828.408,104.573,2.0,15.707,6332.728
2,1828.608,104.573,2.0,15.559,6333.601
2,1828.808,104.573,2.0,15.411,6334.465
2,1829.008,104.573,2.0,15.263,6335.321
2,1829.208,104.573,2.0,15.114,6336.169
2,1829.408,104.573,2.0,14.966,6337.009
2,1829.608,104.573,2.0,14.82,6337.841
2,1829.808,104.573,2.0,14.674,6338.664
2,1830.008,104.573,2.0,14.529,6339.479
2,1830.208,104.573,2.0,14.385,6340.286
2,1830.408,104.573,2.0,14.243,6341.085
2,1830.608,104.573,2.0,14.103,6341.877
2,1830.808,104.573,2.0,13.964,6342.66
2,1831.008,104.573,2.0,13.828,6343.436
2,1831.208,104.573,2.0,13.693,6344.204
2,1831.408,104.573,2.0,13.561,6344.965
2,1831.608,104.573,2.0,13.43,6345.718
2,1831.808,104.573,2.0,13.302,6346.464
2,1832.008,104.572,2.0,13.178,6347.203
2,1832.208,104.572,2.0,13.056,6347.935
2,1832.408,104.572,2.0,12.937,6348.661
2,1832.608,104.572,2.0,12.822,6349.38
2,1832.808,104.572,2.0,12.709,6350.092
2,1833.008,104.572,2.0,12.598,6350.798
2,1833.208,104.572,2.0,12.492,6351.498
2,1833.408,104.572,2.0,12.388,6352.192
2,1833.608,104.572,2.0,12.288,6352.88
2,1833.808,104.572,2.0,12.191,6353.563
2,1834.008,104.572,2.0,12.097,6354.24
2,1834.208,104.572,2.0,12.007,6354.912
2,1834.408,104.572,2.0,11.919,6355.579
2,1834.608,104.572,2.0,11.835,6356.241
2,1834.808,104.572,2.0,11.754,6356.899
2,1835.008,104.572,2.0,11.677,6357.552
2,1835.208,104.572,2.0,11.603,6358.201
2,1835.408,104.572,2.0,11.532,6358.845
2,1835.608,104.572,2.0,11.464,6359.486
2,1835.808,104.572,2.0,11.399,6360.123
2,1836.008,104.572,2.0,11.337,6360.756
2,1836.208,104.572,2.0,11.278,6361.386
2,1836.408,104.571,2.0,11.222,6362.012
2,1836.608,104.571,2.0,11.168,6362.636
2,1836.808,104.571,2.0,11.116,6363.256
2,1837.008,104.571,2.0,11.067,6363.874
2,1837.208,104.571,2.0,11.021,6364.489
2,1837.408,104.571,2.0,10.977,6365.101
2,1837.608,104.571,2.0,10.935,6365.711
2,1837.808,104.571,2.0,10.895,6366.318
2,1838.008,104.571,2.0,10.858,6366.923
2,1838.208,104.571,2.0,10.823,6367.527
2,1838.408,104.571,2.0,10.79,6368.128
2,1838.608,104.571,2.0,10.759,6368.727
2,1838.808,104.571,2.0,10.73,6369.325
2,1839.008,104.571,2.0,10.703,6369.921
2,1839.208,104.571,2.0,10.678,6370.516
2,1839.408,104.571,2.0,10.655,6371.109
2,1839.608,104.571,2.0,10.634,6371.701
2,1839.808,104.571,2.0,10.615,6372.292
2,1840.008,104.571,2.0,10.598,6372.882
2,1840.208,104.571,2.0,10.582,6373.47
2,1840.408,104.571,2.0,10.568,6374.058
2,1840.608,104.571,2.0,10.556,6374.645
2,1840.808,104.57,2.0,10.546,6375.232
2,1841.008,104.57,2.0,10.537,6375.818
2,1841.208,104.57,2.0,10.53,6376.403
2,1841.408,104.57,2.0,10.524,6376.988
2,1841.608,104.57,2.0,10.52,6377.573
2,1841.808,104.57,2.0,10.518,6378.157
2,1842.008,104.57,2.0,10.517,6378.742
2,1842.208,104.57,2.0,10.517,6379.326
2,1842.408,104.57,2.0,10.518,6379.91
2,1842.608,104.57,2.0,10.521,6380.495
2,1842.808,104.57,2.0,10.526,6381.079
2,1843.008,104.57,2.0,10.531,6381.664
2,1843.208,104.57,2.0,10.539,6382.249
2,1843.408,104.57,2.0,10.547,6382.834
2,1843.608,104.57,2.0,10.557,6383.42
2,1843.808,104.57,2.0,10.568,6384.007
2,1844.008,104.57,2.0,10.58,6384.594
2,1844.208,104.57,2.0,10.593,6385.182
2,1844.408,104.57,2.0,10.608,6385.77
2,1844.608,104.57,2.0,10.624,6386.36
2,1844.808,104.57,2.0,10.642,6386.95
2,1845.008,104.57,2.0,10.662,6387.541
2,1845.208,104.569,2.0,10.682,6388.133
2,1845.408,104.569,2.0,10.705,6388.727
2,1845.608,104.569,2.0,10.728,6389.321
2,1845.808,104.569,2.0,10.753,6389.917
2,1846.008,104.569,2.0,10.78,6390.515
2,1846.208,104.569,2.0,10.807,6391.114
2,1846.408,104.569,2.0,10.836,6391.714
2,1846.608,104.569,2.0,10.866,6392.316
2,1846.808,104.569,2.0,10.898,6392.92
2,1847.008,104.569,2.0,10.931,6393.525
2,1847.208,104.569,2.0,10.965,6394.133
2,1847.408,104.569,2.0,11.0,6394.742
2,1847.608,104.569,2.0,11.036,6395.353
2,1847.808,104.569,2.0,11.074,6395.966
2,1848.008,104.569,2.0,11.113,6396.581
2,1848.208,104.569,2.0,11.154,6397.199
2,1848.408,104.569,2.0,11.196,6397.818
2,1848.608,104.569,2.0,11.239,6398.44
2,1848.808,104.569,2.0,11.284,6399.065
2,1849.008,104.569,2.0,11.33,6399.691
2,1849.208,104.569,2.0,11.378,6400.321
2,1849.408,104.569,2.0,11.427,6400.953
2,1849.608,104.568,2.0,11.476,6401.588
2,1849.808,104.568,2.0,11.527,6402.225
2,1850.008,104.568,2.0,11.579,6402.866
2,1850.208,104.568,2.0,11.632,6403.509
2,1850.408,104.568,2.0,11.686,6404.155
2,1850.608,104.568,2.0,11.741,6404.805
2,1850.808,104.568,2.0,11.797,6405.457
2,1851.008,104.568,2.0,11.853,6406.112
2,1851.208,104.568,2.0,11.911,6406.771
2,1851.408,104.568,2.0,11.969,6407.432
2,1851.608,104.568,2.0,12.028,6408.097
2,1851.808,104.568,2.0,12.087,6408.766
2,1852.008,104.568,2.0,12.147,6409.437
2,1852.208,104.568,2.0,12.208,6410.112
2,1852.408,104.568,2.0,12.27,6410.79
2,1852.608,104.568,2.0,12.331,6411.472
2,1852.808,104.568,2.0,12.392,6412.157
2,1853.008,104.568,2.0,12.454,6412.845
2,1853.208,104.568,2.0,12.515,6413.537
2,1853.408,104.568,2.0,12.577,6414.233
2,1853.608,104.568,2.0,12.639,6414.931
2,1853.808,104.567,2.0,12.7,6415.633
2,1854.008,104.567,2.0,12.762,6416.339
2,1854.208,104.567,2.0,12.823,6417.048
2,1854.408,104.567,2.0,12.885,6417.76
2,1854.608,104.567,2.0,12.946,6418.476
2,1854.808,104.567,2.0,13.007,6419.195
2,1855.008,104.567,2.0,13.068,6419.918
2,1855.208,104.567,2.0,13.128,6420.644
2,1855.408,104.567,2.0,13.188,6421.373
2,1855.608,104.567,2.0,13.248,6422.106
2,1855.808,104.567,2.0,13.306,6422.842
2,1856.008,104.567,2.0,13.364,6423.581
2,1856.208,104.567,2.0,13.421,6424.324
2,1856.408,104.567,2.0,13.478,6425.069
2,1856.608,104.567,2.0,13.534,6425.818
2,1856.808,104.567,2.0,13.588,6426.57
2,1857.008,104.567,2.0,13.642,6427.325
2,1857.208,104.567,2.0,13.694,6428.083
2,1857.408,104.567,2.0,13.746,6428.844
2,1857.608,104.567,2.0,13.796,6429.607
2,1857.808,104.567,2.0,13.845,6430.374
2,1858.008,104.567,2.0,13.893,6431.143
2,1858.208,104.566,2.0,13.94,6431.915
2,1858.408,104.566,2.0,13.986,6432.689
2,1858.608,104.566,2.0,14.032,6433.466
2,1858.808,104.566,2.0,14.076,6434.246
2,1859.008,104.566,2.0,14.12,6435.028
2,1859.208,104.566,2.0,14.162,6435.812
2,1859.408,104.566,2.0,14.203,6436.599
2,1859.608,104.566,2.0,14.243,6437.388
2,1859.808,104.566,2.0,14.282,6438.179
2,1860.008,104.566,2.0,14.32,6438.973
2,1860.208,104.566,2.0,14.356,6439.768
2,1860.408,104.566,2.0,14.391,6440.566
2,1860.608,104.566,2.0,14.426,6441.365
2,1860.808,104.566,2.0,14.459,6442.167
2,1861.008,104.566,2.0,14.491,6442.97
2,1861.208,104.566,2.0,14.522,6443.775
2,1861.408,104.566,2.0,14.553,6444.582
2,1861.608,104.566,2.0,14.582,6445.39
2,1861.808,104.566,2.0,14.611,6446.201
2,1862.008,104.566,2.0,14.64,6447.012
2,1862.208,104.566,2.0,14.668,6447.826
2,1862.408,104.566,2.0,14.696,6448.64
2,1862.608,104.565,2.0,14.724,6449.457
2,1862.808,104.565,2.0,14.751,6450.275
2,1863.008,104.565,2.0,14.778,6451.094
2,1863.208,104.565,2.0,14.805,6451.915
2,1863.408,104.565,2.0,14.832,6452.738
2,1863.608,104.565,2.0,14.858,6453.562
2,1863.808,104.565,2.0,14.884,6454.387
2,1864.008,104.565,2.0,14.91,6455.214
2,1864.208,104.565,2.0,14.935,6456.043
2,1864.408,104.565,2.0,14.96,6456.872
2,1864.608,104.565,2.0,14.985,6457.703
2,1864.808,104.565,2.0,15.01,6458.536
2,1865.008,104.565,2.0,15.035,6459.37
2,1865.208,104.565,2.0,15.06,6460.205
2,1865.408,104.565,2.0,15.084,6461.042
2,1865.608,104.565,2.0,15.108,6461.88
2,1865.808,104.565,2.0,15.132,6462.719
2,1866.008,104.565,2.0,15.155,6463.56
2,1866.208,104.565,2.0,15.178,6464.402
2,1866.408,104.565,2.0,15.201,6465.245
2,1866.608,104.565,2.0,15.223,6466.089
2,1866.808,104.565,2.0,15.245,6466.935
2,1867.008,104.564,2.0,15.266,6467.782
2,1867.208,104.564,2.0,15.286,6468.63
2,1867.408,104.564,2.0,15.306,6469.479
2,1867.608,104.564,2.0,15.326,6470.33
2,1867.808,104.564,2.0,15.345,6471.181
2,1868.008,104.564,2.0,15.364,6472.034
2,1868.208,104.564,2.0,15.383,6472.887
2,1868.408,104.564,2.0,15.401,6473.742
2,1868.608,104.564,2.0,15.419,6474.598
2,1868.808,104.564,2.0,15.436,6475.454
2,1869.008,104.564,2.0,15.453,6476.312
2,1869.208,104.564,2.0,15.469,6477.17
2,1869.408,104.564,2.0,15.484,6478.03
2,1869.608,104.564,2.0,15.498,6478.89
2,1869.808,104.564,2.0,15.511,6479.751
2,1870.008,104.564,2.0,15.523,6480.613
2,1870.208,104.564,2.0,15.533,6481.475
2,1870.408,104.564,2.0,15.542,6482.338
2,1870.608,104.564,2.0,15.55,6483.201
2,1870.808,104.564,2.0,15.557,6484.065
2,1871.008,104.564,2.0,15.562,6484.929
2,1871.208,104.564,2.0,15.566,6485.794
2,1871.408,104.563,2.0,15.568,6486.659
2,1871.608,104.563,2.0,15.57,6487.524
2,1871.808,104.563,2.0,15.569,6488.389
2,1872.008,104.563,2.0,15.568,6489.254
2,1872.208,104.563,2.0,15.565,6490.119
2,1872.408,104.563,2.0,15.561,6490.983
2,1872.608,104.563,2.0,15.554,6491.848
2,1872.808,104.563,2.0,15.546,6492.712
2,1873.008,104.563,2.0,15.535,6493.576
2,1873.208,104.563,2.0,15.522,6494.439
2,1873.408,104.563,2.0,15.508,6495.301
2,1873.608,104.563,2.0,15.491,6496.162
2,1873.808,104.563,2.0,15.472,6497.023
2,1874.008,104.563,2.0,15.451,6497.883
2,1874.208,104.563,2.0,15.428,6498.741
2,1874.408,104.563,2.0,15.403,6499.598
2,1874.608,104.563,2.0,15.376,6500.454
2,1874.808,104.563,2.0,15.347,6501.308
2,1875.008,104.563,2.0,15.315,6502.161
2,1875.208,104.563,2.0,15.282,6503.012
2,1875.408,104.563,2.0,15.246,6503.861
2,1875.608,104.563,2.0,15.208,6504.708
2,1875.808,104.562,2.0,15.168,6505.553
2,1876.008,104.562,2.0,15.126,6506.395
2,1876.208,104.562,2.0,15.082,6507.236
2,1876.408,104.562,2.0,15.036,6508.073
2,1876.608,104.562,2.0,14.988,6508.909
2,1876.808,104.562,2.0,14.939,6509.741
2,1877.008,104.562,2.0,14.887,6510.571
2,1877.208,104.562,2.0,14.835,6511.398
2,1877.408,104.562,2.0,14.782,6512.223
2,1877.608,104.562,2.0,14.729,6513.044
2,1877.808,104.562,2.0,14.676,6513.862
2,1878.008,104.562,2.0,14.622,6514.677
2,1878.208,104.562,2.0,14.569,6515.49
2,1878.408,104.562,2.0,14.515,6516.299
2,1878.608,104.562,2.0,14.462,6517.106
2,1878.808,104.562,2.0,14.41,6517.909
2,1879.008,104.562,2.0,14.358,6518.71
2,1879.208,104.562,2.0,14.308,6519.507
2,1879.408,104.562,2.0,14.257,6520.302
2,1879.608,104.562,2.0,14.207,6521.094
2,1879.808,104.562,2.0,14.158,6521.883
2,1880.008,104.562,2.0,14.109,6522.67
2,1880.208,104.561,2.0,14.06,6523.454
2,1880.408,104.561,2.0,14.011,6524.235
2,1880.608,104.561,2.0,13.962,6525.013
2,1880.808,104.561,2.0,13.914,6525.789
2,1881.008,104.561,2.0,13.866,6526.562
2,1881.208,104.561,2.0,13.819,6527.332
2,1881.408,104.561,2.0,13.773,6528.1
2,1881.608,104.561,2.0,13.728,6528.865
2,1881.808,104.561,2.0,13.683,6529.628
2,1882.008,104.561,2.0,13.639,6530.388
2,1882.208,104.561,2.0,13.596,6531.146
2,1882.408,104.561,2.0,13.553,6531.901
2,1882.608,104.561,2.0,13.511,6532.654
2,1882.808,104.561,2.0,13.469,6533.405
2,1883.008,104.561,2.0,13.427,6534.153
2,1883.208,104.561,2.0,13.386,6534.899
2,1883.408,104.561,2.0,13.346,6535.643
2,1883.608,104.561,2.0,13.306,6536.384
2,1883.808,104.561,2.0,13.266,6537.123
2,1884.008,104.561,2.0,13.226,6537.86
2,1884.208,104.561,2.0,13.187,6538.595
2,1884.408,104.561,2.0,13.148,6539.328
2,1884.608,104.56,2.0,13.109,6540.058
2,1884.808,104.56,2.0,13.071,6540.786
2,1885.008,104.56,2.0,13.033,6541.513
2,1885.208,104.56,2.0,12.996,6542.237
2,1885.408,104.56,2.0,12.96,6542.959
2,1885.608,104.56,2.0,12.924,6543.679
2,1885.808,104.56,2.0,12.89,6544.397
2,1886.008,104.56,2.0,12.856,6545.113
2,1886.208,104.56,2.0,12.823,6545.827
2,1886.408,104.56,2.0,12.79,6546.539
2,1886.608,104.56,2.0,12.757,6547.25
2,1886.808,104.56,2.0,12.726,6547.959
2,1887.008,104.56,2.0,12.694,6548.666
2,1887.208,104.56,2.0,12.664,6549.371
2,1887.408,104.56,2.0,12.633,6550.074
2,1887.608,104.56,2.0,12.604,6550.776
2,1887.808,104.56,2.0,12.575,6551.476
2,1888.008,104.56,2.0,12.547,6552.175
2,1888.208,104.56,2.0,12.519,6552.872
2,1888.408,104.56,2.0,12.493,6553.568
2,1888.608,104.56,2.0,12.467,6554.262
2,1888.808,104.56,2.0,12.442,6554.954
2,1889.008,104.559,2.0,12.418,6555.645
2,1889.208,104.559,2.0,12.394,6556.335
2,1889.408,104.559,2.0,12.371,6557.024
2,1889.608,104.559,2.0,12.35,6557.711
2,1889.808,104.559,2.0,12.328,6558.397
2,1890.008,104.559,2.0,12.308,6559.082
2,1890.208,104.559,2.0,12.288,6559.766
2,1890.408,104.559,2.0,12.269,6560.449
2,1890.608,104.559,2.0,12.251,6561.13
2,1890.808,104.559,2.0,12.234,6561.811
2,1891.008,104.559,2.0,12.218,6562.491
2,1891.208,104.559,2.0,12.202,6563.169
2,1891.408,104.559,2.0,12.187,6563.847
2,1891.608,104.559,2.0,12.173,6564.524
2,1891.808,104.559,2.0,12.16,6565.2
2,1892.008,104.559,2.0,12.147,6565.876
2,1892.208,104.559,2.0,12.136,6566.551
2,1892.408,104.559,2.0,12.126,6567.225
2,1892.608,104.559,2.0,12.117,6567.899
2,1892.808,104.559,2.0,12.11,6568.572
2,1893.008,104.559,2.0,12.103,6569.245
2,1893.208,104.559,2.0,12.098,6569.917
2,1893.408,104.558,2.0,12.094,6570.589
2,1893.608,104.558,2.0,12.091,6571.261
2,1893.808,104.558,2.0,12.091,6571.933
2,1894.008,104.558,2.0,12.092,6572.605
2,1894.208,104.558,2.0,12.095,6573.276
2,1894.408,104.558,2.0,12.101,6573.948
2,1894.608,104.558,2.0,12.107,6574.621
2,1894.808,104.558,2.0,12.116,6575.293
2,1895.008,104.558,2.0,12.127,6575.966
2,1895.208,104.558,2.0,12.14,6576.64
2,1895.408,104.558,2.0,12.156,6577.314
2,1895.608,104.558,2.0,12.175,6577.99
2,1895.808,104.558,2.0,12.196,6578.666
2,1896.008,104.558,2.0,12.22,6579.344
2,1896.208,104.558,2.0,12.247,6580.023
2,1896.408,104.558,2.0,12.275,6580.703
2,1896.608,104.558,2.0,12.307,6581.385
2,1896.808,104.558,2.0,12.342,6582.069
2,1897.008,104.558,2.0,12.38,6582.754
2,1897.208,104.558,2.0,12.421,6583.442
2,1897.408,104.558,2.0,12.465,6584.132
2,1897.608,104.558,2.0,12.512,6584.825
2,1897.808,104.557,2.0,12.561,6585.52
2,1898.008,104.557,2.0,12.613,6586.218
2,1898.208,104.557,2.0,12.668,6586.918
2,1898.408,104.557,2.0,12.725,6587.622
2,1898.608,104.557,2.0,12.785,6588.329
2,1898.808,104.557,2.0,12.848,6589.039
2,1899.008,104.557,2.0,12.913,6589.753
2,1899.208,104.557,2.0,12.98,6590.471
2,1899.408,104.557,2.0,13.05,6591.192
2,1899.608,104.557,2.0,13.121,6591.917
2,1899.808,104.557,2.0,13.193,6592.646
2,1900.008,104.557,2.0,13.268,6593.379
2,1900.208,104.557,2.0,13.344,6594.116
2,1900.408,104.557,2.0,13.421,6594.857
2,1900.608,104.557,2.0,13.501,6595.603
2,1900.808,104.557,2.0,13.581,6596.353
2,1901.008,104.557,2.0,13.663,6597.107
2,1901.208,104.557,2.0,13.745,6597.866
2,1901.408,104.557,2.0,13.829,6598.63
2,1901.608,104.557,2.0,13.913,6599.398
2,1901.808,104.557,2.0,13.999,6600.171
2,1902.008,104.557,2.0,14.086,6600.949
2,1902.208,104.556,2.0,14.174,6601.731
2,1902.408,104.556,2.0,14.265,6602.519
2,1902.608,104.556,2.0,14.357,6603.311
2,1902.808,104.556,2.0,14.451,6604.109
2,1903.008,104.556,2.0,14.547,6604.912
2,1903.208,104.556,2.0,14.644,6605.72
2,1903.408,104.556,2.0,14.743,6606.533
2,1903.608,104.556,2.0,14.844,6607.352
2,1903.808,104.556,2.0,14.947,6608.177
2,1904.008,104.556,2.0,15.052,6609.008
2,1904.208,104.556,2.0,15.158,6609.844
2,1904.408,104.556,2.0,15.266,6610.686
2,1904.608,104.556,2.0,15.376,6611.534
2,1904.808,104.556,2.0,15.489,6612.388
2,1905.008,104.556,2.0,15.605,6613.249
2,1905.208,104.556,2.0,15.723,6614.116
2,1905.408,104.556,2.0,15.844,6614.989
2,1905.608,104.556,2.0,15.968,6615.869
2,1905.808,104.556,2.0,16.1,6616.756
2,1906.008,104.556,2.0,16.24,6617.651
2,1906.208,104.556,2.0,16.389,6618.553
2,1906.408,104.556,2.0,16.546,6619.464
2,1906.608,104.555,2.0,16.712,6620.383
2,1906.808,104.555,2.0,16.885,6621.311
2,1907.008,104.555,2.0,17.065,6622.249
2,1907.208,104.561,1.6968,17.25,6623.197
2,1907.408,104.567,1.3453,17.421,6624.156
2,1907.608,104.572,1.0126,17.576,6625.124
2,1907.808,104.578,0.7182,17.715,6626.1
2,1908.008,104.582,0.4385,17.841,6627.084
2,1908.208,104.587,0.1726,17.954,6628.075
2,1908.408,104.59,0.0,18.055,6629.073
2,1908.608,104.59,0.0,18.152,6630.076
2,1908.808,104.59,0.0,18.256,6631.084
2,1909.008,104.59,0.0,18.365,6632.098
2,1909.208,104.59,0.0,18.482,6633.119
2,1909.408,104.59,0.0,18.604,6634.146
2,1909.608,104.59,0.0,18.734,6635.179
2,1909.808,104.59,0.0,18.869,6636.22
2,1910.008,104.59,0.0,19.012,6637.268
2,1910.208,104.59,0.0,19.161,6638.324
2,1910.408,104.59,0.0,19.317,6639.389
2,1910.608,104.59,0.0,19.479,6640.462
2,1910.808,104.59,0.0,19.648,6641.544
2,1911.008,104.59,0.0,19.823,6642.636
2,1911.208,104.59,0.0,20.005,6643.737
2,1911.408,104.59,0.0,20.192,6644.848
2,1911.608,104.59,0.0,20.387,6645.97
2,1911.808,104.59,0.0,20.586,6647.103
2,1912.008,104.59,0.0,20.791,6648.246
2,1912.208,104.59,0.0,21.002,6649.402
2,1912.408,104.59,0.0,21.218,6650.568
2,1912.608,104.59,0.0,21.438,6651.747
2,1912.808,104.59,0.0,21.663,6652.938
2,1913.008,104.59,0.0,21.892,6654.142
2,1913.208,104.59,0.0,22.124,6655.358
2,1913.408,104.59,0.0,22.36,6656.587
2,1913.608,104.59,0.0,22.597,6657.829
2,1913.808,104.59,0.0,22.833,6659.084
2,1914.008,104.59,0.0,23.07,6660.353
2,1914.208,104.59,0.0,23.307,6661.635
2,1914.408,104.59,0.0,23.541,6662.93
2,1914.608,104.59,0.0,23.773,6664.237
2,1914.808,104.59,0.0,24.003,6665.558
2,1915.008,104.59,0.0,24.229,6666.892
2,1915.208,104.59,0.0,24.45,6668.238
2,1915.408,104.59,0.0,24.666,6669.596
2,1915.608,104.59,0.0,24.878,6670.966
2,1915.808,104.59,0.0,25.083,6672.348
2,1916.008,104.59,0.0,25.28,6673.742
2,1916.208,104.59,0.0,25.47,6675.146
2,1916.408,104.59,0.0,25.652,6676.561
2,1916.608,104.59,0.0,25.825,6677.986
2,1916.808,104.59,0.0,25.988,6679.421
2,1917.008,104.59,0.0,26.142,6680.865
2,1917.208,104.59,0.0,26.285,6682.317
2,1917.408,104.59,0.0,26.417,6683.778
2,1917.608,104.59,0.0,26.538,6685.245
2,1917.808,104.59,0.0,26.647,6686.719
2,1918.008,104.59,0.0,26.744,6688.2
2,1918.208,104.59,0.0,26.828,6689.686
2,1918.408,104.59,0.0,26.9,6691.176
2,1918.608,104.59,0.0,26.958,6692.671
2,1918.808,104.59,0.0,27.002,6694.168
2,1919.008,104.59,0.0,27.034,6695.668
2,1919.208,104.59,0.0,27.051,6697.17
2,1919.408,104.59,0.0,27.053,6698.673
2,1919.608,104.59,0.0,27.041,6700.176
2,1919.808,104.59,0.0,27.014,6701.678
2,1920.008,104.59,0.0,26.971,6703.179
2,1920.208,104.59,0.0,26.913,6704.677
2,1920.408,104.59,0.0,26.839,6706.173
2,1920.608,104.59,0.0,26.748,6707.664
2,1920.808,104.59,0.0,26.641,6709.15
2,1921.008,104.59,0.0,26.517,6710.63
2,1921.208,104.59,0.0,26.376,6712.103
2,1921.408,104.59,0.0,26.218,6713.568
2,1921.608,104.59,0.0,26.044,6715.025
2,1921.808,104.59,0.0,25.852,6716.472
2,1922.008,104.59,0.0,25.644,6717.908
2,1922.208,104.59,0.0,25.42,6719.333
2,1922.408,104.59,0.0,25.179,6720.745
2,1922.608,104.59,0.0,24.922,6722.144
2,1922.808,104.59,0.0,24.65,6723.528
2,1923.008,104.59,0.0,24.364,6724.898
2,1923.208,104.59,0.0,24.063,6726.251
2,1923.408,104.59,0.0,23.749,6727.588
2,1923.608,104.59,0.0,23.423,6728.907
2,1923.808,104.59,0.0,23.085,6730.209
2,1924.008,104.59,0.0,22.736,6731.491
2,1924.208,104.581,0.5182,22.377,6732.754
2,1924.408,104.567,1.3177,22.037,6733.998
2,1924.608,104.555,2.0,21.73,6735.222
2,1924.808,104.555,2.0,21.452,6736.429
2,1925.008,104.555,2.0,21.169,6737.621
2,1925.208,104.555,2.0,20.881,6738.797
2,1925.408,104.555,2.0,20.588,6739.957
2,1925.608,104.555,2.0,20.29,6741.101
2,1925.808,104.555,2.0,19.999,6742.228
2,1926.008,104.555,2.0,19.716,6743.339
2,1926.208,104.555,2.0,19.439,6744.434
2,1926.408,104.555,2.0,19.17,6745.514
2,1926.608,104.555,2.0,18.909,6746.579
2,1926.808,104.555,2.0,18.657,6747.63
2,1927.008,104.555,2.0,18.414,6748.666
2,1927.208,104.555,2.0,18.181,6749.689
2,1927.408,104.555,2.0,17.956,6750.699
2,1927.608,104.554,2.0,17.735,6751.697
2,1927.808,104.554,2.0,17.516,6752.682
2,1928.008,104.554,2.0,17.298,6753.655
2,1928.208,104.554,2.0,17.082,6754.616
2,1928.408,104.554,2.0,16.868,6755.565
2,1928.608,104.554,2.0,16.655,6756.502
2,1928.808,104.554,2.0,16.445,6757.428
2,1929.008,104.554,2.0,16.237,6758.341
2,1929.208,104.554,2.0,16.03,6759.243
2,1929.408,104.554,2.0,15.826,6760.134
2,1929.608,104.554,2.0,15.624,6761.013
2,1929.808,104.554,2.0,15.424,6761.881
2,1930.008,104.554,2.0,15.227,6762.738
2,1930.208,104.554,2.0,15.033,6763.584
2,1930.408,104.554,2.0,14.841,6764.419
2,1930.608,104.554,2.0,14.652,6765.244
2,1930.808,104.554,2.0,14.465,6766.057
2,1931.008,104.554,2.0,14.282,6766.861
2,1931.208,104.554,2.0,14.102,6767.655
2,1931.408,104.554,2.0,13.926,6768.438
2,1931.608,104.554,2.0,13.753,6769.212
2,1931.808,104.554,2.0,13.583,6769.976
2,1932.008,104.553,2.0,13.416,6770.73
2,1932.208,104.553,2.0,13.253,6771.476
2,1932.408,104.553,2.0,13.095,6772.212
2,1932.608,104.553,2.0,12.94,6772.939
2,1932.808,104.553,2.0,12.789,6773.658
2,1933.008,104.553,2.0,12.641,6774.369
2,1933.208,104.553,2.0,12.498,6775.071
2,1933.408,104.553,2.0,12.358,6775.765
2,1933.608,104.553,2.0,12.223,6776.452
2,1933.808,104.553,2.0,12.092,6777.131
2,1934.008,104.553,2.0,11.965,6777.803
2,1934.208,104.553,2.0,11.842,6778.467
2,1934.408,104.553,2.0,11.723,6779.125
2,1934.608,104.553,2.0,11.609,6779.777
2,1934.808,104.553,2.0,11.498,6780.422
2,1935.008,104.553,2.0,11.391,6781.06
2,1935.208,104.553,2.0,11.289,6781.693
2,1935.408,104.553,2.0,11.19,6782.32
2,1935.608,104.553,2.0,11.095,6782.942
2,1935.808,104.553,2.0,11.003,6783.558
2,1936.008,104.553,2.0,10.915,6784.17
2,1936.208,104.553,2.0,10.831,6784.776
2,1936.408,104.552,2.0,10.751,6785.378
2,1936.608,104.552,2.0,10.674,6785.975
2,1936.808,104.552,2.0,10.601,6786.568
2,1937.008,104.552,2.0,10.532,6787.157
2,1937.208,104.552,2.0,10.467,6787.742
2,1937.408,104.552,2.0,10.406,6788.324
2,1937.608,104.552,2.0,10.348,6788.902
2,1937.808,104.552,2.0,10.294,6789.476
2,1938.008,104.552,2.0,10.243,6790.048
2,1938.208,104.552,2.0,10.196,6790.617
2,1938.408,104.552,2.0,10.152,6791.184
2,1938.608,104.552,2.0,10.111,6791.748
2,1938.808,104.552,2.0,10.074,6792.31
2,1939.008,104.552,2.0,10.039,6792.869
2,1939.208,104.552,2.0,10.008,6793.427
2,1939.408,104.552,2.0,9.979,6793.983
2,1939.608,104.552,2.0,9.954,6794.537
2,1939.808,104.552,2.0,9.931,6795.09
2,1940.008,104.552,2.0,9.911,6795.642
2,1940.208,104.552,2.0,9.893,6796.193
2,1940.408,104.552,2.0,9.878,6796.742
2,1940.608,104.552,2.0,9.865,6797.291
2,1940.808,104.551,2.0,9.855,6797.839
2,1941.008,104.551,2.0,9.846,6798.387
2,1941.208,104.551,2.0,9.84,6798.934
2,1941.408,104.551,2.0,9.836,6799.48
2,1941.608,104.551,2.0,9.834,6800.027
2,1941.808,104.551,2.0,9.834,6800.573
2,1942.008,104.551,2.0,9.836,6801.119
2,1942.208,104.551,2.0,9.839,6801.666
2,1942.408,104.551,2.0,9.844,6802.212
2,1942.608,104.551,2.0,9.851,6802.759
2,1942.808,104.551,2.0,9.86,6803.307
2,1943.008,104.551,2.0,9.869,6803.854
2,1943.208,104.551,2.0,9.881,6804.403
2,1943.408,104.551,2.0,9.894,6804.952
2,1943.608,104.551,2.0,9.908,6805.501
2,1943.808,104.551,2.0,9.924,6806.052
2,1944.008,104.551,2.0,9.941,6806.603
2,1944.208,104.551,2.0,9.958,6807.155
2,1944.408,104.551,2.0,9.977,6807.709
2,1944.608,104.551,2.0,9.997,6808.263
2,1944.808,104.551,2.0,10.019,6808.818
2,1945.008,104.551,2.0,10.041,6809.375
2,1945.208,104.55,2.0,10.064,6809.933
2,1945.408,104.55,2.0,10.088,6810.492
2,1945.608,104.55,2.0,10.113,6811.052
2,1945.808,104.55,2.0,10.138,6811.614
2,1946.008,104.55,2.0,10.164,6812.177
2,1946.208,104.55,2.0,10.191,6812.742
2,1946.408,104.55,2.0,10.218,6813.308
2,1946.608,104.55,2.0,10.246,6813.876
2,1946.808,104.55,2.0,10.274,6814.445
2,1947.008,104.55,2.0,10.303,6815.016
2,1947.208,104.55,2.0,10.332,6815.588
2,1947.408,104.55,2.0,10.362,6816.162
2,1947.608,104.55,2.0,10.393,6816.738
2,1947.808,104.55,2.0,10.425,6817.315
2,1948.008,104.55,2.0,10.457,6817.894
2,1948.208,104.55,2.0,10.489,6818.475
2,1948.408,104.55,2.0,10.523,6819.058
2,1948.608,104.55,2.0,10.557,6819.643
2,1948.808,104.55,2.0,10.591,6820.229
2,1949.008,104.55,2.0,10.626,6820.818
2,1949.208,104.55,2.0,10.662,6821.408
2,1949.408,104.55,2.0,10.698,6822.0
2,1949.608,104.549,2.0,10.735,6822.595
2,1949.808,104.549,2.0,10.772,6823.191
2,1950.008,104.549,2.0,10.81,6823.79
2,1950.208,104.549,2.0,10.848,6824.39
2,1950.408,104.549,2.0,10.887,6824.993
2,1950.608,104.549,2.0,10.926,6825.598
2,1950.808,104.549,2.0,10.967,6826.205
2,1951.008,104.549,2.0,11.008,6826.814
2,1951.208,104.549,2.0,11.051,6827.425
2,1951.408,104.549,2.0,11.095,6828.039
2,1951.608,104.549,2.0,11.14,6828.656
2,1951.808,104.549,2.0,11.186,6829.275
2,1952.008,104.549,2.0,11.233,6829.896
2,1952.208,104.549,2.0,11.282,6830.52
2,1952.408,104.549,2.0,11.331,6831.147
2,1952.608,104.549,2.0,11.382,6831.776
2,1952.808,104.549,2.0,11.434,6832.409
2,1953.008,104.549,2.0,11.487,6833.044
2,1953.208,104.549,2.0,11.541,6833.682
2,1953.408,104.549,2.0,11.597,6834.323
2,1953.608,104.549,2.0,11.654,6834.968
2,1953.808,104.549,2.0,11.712,6835.615
2,1954.008,104.548,2.0,11.771,6836.266
2,1954.208,104.548,2.0,11.832,6836.92
2,1954.408,104.548,2.0,11.894,6837.577
2,1954.608,104.548,2.0,11.957,6838.238
2,1954.808,104.548,2.0,12.022,6838.902
2,1955.008,104.548,2.0,12.088,6839.57
2,1955.208,104.548,2.0,12.156,6840.241
2,1955.408,104.548,2.0,12.225,6840.917
2,1955.608,104.548,2.0,12.295,6841.596
2,1955.808,104.548,2.0,12.366,6842.279
2,1956.008,104.548,2.0,12.439,6842.966
2,1956.208,104.548,2.0,12.512,6843.657
2,1956.408,104.548,2.0,12.587,6844.352
2,1956.608,104.548,2.0,12.663,6845.051
2,1956.808,104.548,2.0,12.741,6845.755
2,1957.008,104.548,2.0,12.819,6846.463
2,1957.208,104.548,2.0,12.898,6847.175
2,1957.408,104.548,2.0,12.979,6847.892
2,1957.608,104.548,2.0,13.061,6848.613
2,1957.808,104.548,2.0,13.144,6849.338
2,1958.008,104.548,2.0,13.228,6850.068
2,1958.208,104.547,2.0,13.313,6850.803
2,1958.408,104.547,2.0,13.399,6851.543
2,1958.608,104.547,2.0,13.486,6852.287
2,1958.808,104.547,2.0,13.573,6853.037
2,1959.008,104.547,2.0,13.661,6853.791
2,1959.208,104.547,2.0,13.749,6854.55
2,1959.408,104.547,2.0,13.838,6855.313
2,1959.608,104.547,2.0,13.928,6856.082
2,1959.808,104.547,2.0,14.019,6856.856
2,1960.008,104.547,2.0,14.11,6857.635
2,1960.208,104.547,2.0,14.201,6858.419
2,1960.408,104.547,2.0,14.293,6859.208
2,1960.608,104.547,2.0,14.386,6860.002
2,1960.808,104.547,2.0,14.479,6860.801
2,1961.008,104.547,2.0,14.572,6861.605
2,1961.208,104.547,2.0,14.667,6862.415
2,1961.408,104.547,2.0,14.761,6863.23
2,1961.608,104.547,2.0,14.856,6864.05
2,1961.808,104.547,2.0,14.952,6864.875
2,1962.008,104.547,2.0,15.048,6865.706
2,1962.208,104.547,2.0,15.145,6866.542
2,1962.408,104.547,2.0,15.242,6867.383
2,1962.608,104.546,2.0,15.34,6868.23
2,1962.808,104.546,2.0,15.439,6869.082
2,1963.008,104.546,2.0,15.538,6869.94
2,1963.208,104.546,2.0,15.638,6870.803
2,1963.408,104.546,2.0,15.738,6871.672
2,1963.608,104.546,2.0,15.838,6872.546
2,1963.808,104.546,2.0,15.938,6873.426
2,1964.008,104.546,2.0,16.038,6874.311
2,1964.208,104.546,2.0,16.139,6875.202
2,1964.408,104.546,2.0,16.24,6876.099
2,1964.608,104.546,2.0,16.34,6877.001
2,1964.808,104.546,2.0,16.442,6877.909
2,1965.008,104.546,2.0,16.543,6878.822
2,1965.208,104.546,2.0,16.645,6879.742
2,1965.408,104.546,2.0,16.747,6880.666
2,1965.608,104.546,2.0,16.849,6881.597
2,1965.808,104.546,2.0,16.951,6882.533
2,1966.008,104.546,2.0,17.053,6883.474
2,1966.208,104.546,2.0,17.154,6884.422
2,1966.408,104.546,2.0,17.255,6885.375
2,1966.608,104.546,2.0,17.355,6886.333
2,1966.808,104.546,2.0,17.457,6887.298
2,1967.008,104.545,2.0,17.558,6888.267
2,1967.208,104.545,2.0,17.66,6889.243
2,1967.408,104.545,2.0,17.763,6890.224
2,1967.608,104.545,2.0,17.866,6891.211
2,1967.808,104.547,1.9255,17.969,6892.203
2,1968.008,104.549,1.764,18.069,6893.202
2,1968.208,104.552,1.6144,18.158,6894.206
2,1968.408,104.554,1.479,18.239,6895.214
2,1968.608,104.556,1.3659,18.311,6896.228
2,1968.808,104.558,1.2623,18.377,6897.245
2,1969.008,104.56,1.1674,18.436,6898.266
2,1969.208,104.561,1.0806,18.489,6899.29
2,1969.408,104.562,1.0114,18.537,6900.317
2,1969.608,104.563,0.9724,18.58,6901.347
2,1969.808,104.563,0.9398,18.619,6902.379
2,1970.008,104.564,0.9128,18.654,6903.414
2,1970.208,104.564,0.8911,18.686,6904.45
2,1970.408,104.564,0.8866,18.714,6905.488
2,1970.608,104.564,0.9006,18.74,6906.528
2,1970.808,104.564,0.9186,18.763,6907.569
2,1971.008,104.563,0.9401,18.783,6908.611
2,1971.208,104.563,0.9649,18.802,6909.655
2,1971.408,104.563,0.9765,18.819,6910.699
2,1971.608,104.563,0.9827,18.834,6911.745
2,1971.808,104.562,0.9912,18.847,6912.791
2,1972.008,104.562,1.0018,18.859,6913.838
2,1972.208,104.562,1.0143,18.87,6914.886
2,1972.408,104.562,1.0268,18.88,6915.934
2,1972.608,104.561,1.0406,18.889,6916.983
2,1972.808,104.561,1.0559,18.897,6918.033
2,1973.008,104.561,1.0724,18.904,6919.082
2,1973.208,104.56,1.0906,18.911,6920.133
2,1973.408,104.56,1.1141,18.916,6921.183
2,1973.608,104.56,1.1386,18.922,6922.234
2,1973.808,104.559,1.1639,18.926,6923.285
2,1974.008,104.559,1.19,18.93,6924.337
2,1974.208,104.558,1.2216,18.934,6925.388
2,1974.408,104.557,1.2621,18.938,6926.44
2,1974.608,104.557,1.3032,18.941,6927.492
2,1974.808,104.556,1.3448,18.943,6928.545
2,1975.008,104.555,1.3868,18.946,6929.597
2,1975.208,104.554,1.43,18.948,6930.65
2,1975.408,104.553,1.4739,18.95,6931.702
2,1975.608,104.553,1.5181,18.951,6932.755
2,1975.808,104.552,1.5627,18.953,6933.808
2,1976.008,104.551,1.6075,18.954,6934.861
2,1976.208,104.55,1.6711,18.955,6935.914
2,1976.408,104.549,1.7378,18.956,6936.967
2,1976.608,104.547,1.8047,18.957,6938.02
2,1976.808,104.546,1.8718,18.957,6939.073
2,1977.008,104.545,1.9396,18.958,6940.126
2,1977.208,104.544,2.0,18.958,6941.18
2,1977.408,104.544,2.0,18.958,6942.233
2,1977.608,104.544,2.0,18.953,6943.286
2,1977.808,104.544,2.0,18.944,6944.339
2,1978.008,104.544,2.0,18.93,6945.391
2,1978.208,104.544,2.0,18.912,6946.443
2,1978.408,104.544,2.0,18.888,6947.494
2,1978.608,104.544,2.0,18.86,6948.543
2,1978.808,104.544,2.0,18.826,6949.591
2,1979.008,104.544,2.0,18.788,6950.637
2,1979.208,104.544,2.0,18.744,6951.681
2,1979.408,104.543,2.0,18.697,6952.722
2,1979.608,104.543,2.0,18.644,6953.761
2,1979.808,104.543,2.0,18.588,6954.796
2,1980.008,104.543,2.0,18.527,6955.829
2,1980.208,104.543,2.0,18.462,6956.858
2,1980.408,104.543,2.0,18.392,6957.884
2,1980.608,104.543,2.0,18.319,6958.906
2,1980.808,104.543,2.0,18.241,6959.923
2,1981.008,104.543,2.0,18.158,6960.937
2,1981.208,104.543,2.0,18.074,6961.946
2,1981.408,104.543,2.0,17.986,6962.95
2,1981.608,104.543,2.0,17.896,6963.949
2,1981.808,104.543,2.0,17.803,6964.943
2,1982.008,104.543,2.0,17.708,6965.932
2,1982.208,104.543,2.0,17.61,6966.916
2,1982.408,104.543,2.0,17.511,6967.894
2,1982.608,104.543,2.0,17.409,6968.867
2,1982.808,104.543,2.0,17.305,6969.834
2,1983.008,104.543,2.0,17.199,6970.796
2,1983.208,104.543,2.0,17.092,6971.751
2,1983.408,104.543,2.0,16.984,6972.701
2,1983.608,104.543,2.0,16.876,6973.644
2,1983.808,104.542,2.0,16.767,6974.582
2,1984.008,104.542,2.0,16.657,6975.513
2,1984.208,104.542,2.0,16.547,6976.439
2,1984.408,104.542,2.0,16.436,6977.358
2,1984.608,104.542,2.0,16.324,6978.271
2,1984.808,104.542,2.0,16.212,6979.178
2,1985.008,104.542,2.0,16.099,6980.079
2,1985.208,104.542,2.0,15.986,6980.973
2,1985.408,104.542,2.0,15.872,6981.861
2,1985.608,104.542,2.0,15.758,6982.743
2,1985.808,104.542,2.0,15.643,6983.618
2,1986.008,104.542,2.0,15.528,6984.488
2,1986.208,104.542,2.0,15.412,6985.35
2,1986.408,104.542,2.0,15.296,6986.206
2,1986.608,104.542,2.0,15.179,6987.056
2,1986.808,104.542,2.0,15.062,6987.899
2,1987.008,104.542,2.0,14.945,6988.736
2,1987.208,104.542,2.0,14.828,6989.567
2,1987.408,104.542,2.0,14.71,6990.39
2,1987.608,104.542,2.0,14.592,6991.208
2,1987.808,104.542,2.0,14.473,6992.018
2,1988.008,104.542,2.0,14.354,6992.822
2,1988.208,104.541,2.0,14.235,6993.62
2,1988.408,104.541,2.0,14.114,6994.411
2,1988.608,104.541,2.0,13.994,6995.195
2,1988.808,104.541,2.0,13.873,6995.972
2,1989.008,104.541,2.0,13.751,6996.743
2,1989.208,104.541,2.0,13.629,6997.507
2,1989.408,104.541,2.0,13.506,6998.264
2,1989.608,104.541,2.0,13.383,6999.014
2,1989.808,104.541,2.0,13.26,6999.758
2,1990.008,104.541,2.0,13.136,7000.494
2,1990.208,104.541,2.0,13.013,7001.224
2,1990.408,104.541,2.0,12.889,7001.947
2,1990.608,104.541,2.0,12.766,7002.663
2,1990.808,104.541,2.0,12.644,7003.373
2,1991.008,104.541,2.0,12.521,7004.075
2,1991.208,104.541,2.0,12.399,7004.771
2,1991.408,104.541,2.0,12.278,7005.459
2,1991.608,104.541,2.0,12.158,7006.142
2,1991.808,104.541,2.0,12.039,7006.817
2,1992.008,104.541,2.0,11.921,7007.486
2,1992.208,104.541,2.0,11.804,7008.148
2,1992.408,104.54,2.0,11.689,7008.804
2,1992.608,104.54,2.0,11.576,7009.453
2,1992.808,104.54,2.0,11.463,7010.096
2,1993.008,104.54,2.0,11.353,7010.733
2,1993.208,104.54,2.0,11.244,7011.364
2,1993.408,104.54,2.0,11.138,7011.989
2,1993.608,104.54,2.0,11.034,7012.607
2,1993.808,104.54,2.0,10.932,7013.22
2,1994.008,104.54,2.0,10.832,7013.828
2,1994.208,104.54,2.0,10.735,7014.429
2,1994.408,104.54,2.0,10.639,7015.026
2,1994.608,104.54,2.0,10.546,7015.617
2,1994.808,104.54,2.0,10.456,7016.203
2,1995.008,104.54,2.0,10.369,7016.784
2,1995.208,104.54,2.0,10.286,7017.36
2,1995.408,104.54,2.0,10.205,7017.931
2,1995.608,104.54,2.0,10.127,7018.498
2,1995.808,104.54,2.0,10.052,7019.061
2,1996.008,104.54,2.0,9.98,7019.619
2,1996.208,104.54,2.0,9.911,7020.174
2,1996.408,104.54,2.0,9.845,7020.724
2,1996.608,104.54,2.0,9.782,7021.271
2,1996.808,104.539,2.0,9.723,7021.815
2,1997.008,104.539,2.0,9.667,7022.355
2,1997.208,104.539,2.0,9.615,7022.892
2,1997.408,104.539,2.0,9.566,7023.426
2,1997.608,104.539,2.0,9.52,7023.958
2,1997.808,104.539,2.0,9.477,7024.486
2,1998.008,104.539,2.0,9.437,7025.013
2,1998.208,104.539,2.0,9.4,7025.537
2,1998.408,104.539,2.0,9.367,7026.059
2,1998.608,104.539,2.0,9.337,7026.58
2,1998.808,104.539,2.0,9.31,7027.098
2,1999.008,104.539,2.0,9.287,7027.616
2,1999.208,104.539,2.0,9.267,7028.132
2,1999.408,104.539,2.0,9.25,7028.646
2,1999.608,104.539,2.0,9.236,7029.16
2,1999.808,104.539,2.0,9.225,7029.674
2,2000.008,104.539,2.0,9.217,7030.186
2,2000.208,104.539,2.0,9.211,7030.698
2,2000.408,104.539,2.0,9.209,7031.21
2,2000.608,104.539,2.0,9.209,7031.721
2,2000.808,104.539,2.0,9.212,7032.233
2,2001.008,104.539,2.0,9.217,7032.745
2,2001.208,104.538,2.0,9.225,7033.257
2,2001.408,104.538,2.0,9.235,7033.769
2,2001.608,104.538,2.0,9.248,7034.282
2,2001.808,104.538,2.0,9.263,7034.796
2,2002.008,104.538,2.0,9.28,7035.311
2,2002.208,104.538,2.0,9.3,7035.826
2,2002.408,104.538,2.0,9.322,7036.343
2,2002.608,104.538,2.0,9.346,7036.861
2,2002.808,104.538,2.0,9.372,7037.38
2,2003.008,104.538,2.0,9.4,7037.901
2,2003.208,104.538,2.0,9.431,7038.423
2,2003.408,104.538,2.0,9.463,7038.947
2,2003.608,104.538,2.0,9.497,7039.473
2,2003.808,104.538,2.0,9.534,7040.0
2,2004.008,104.538,2.0,9.572,7040.53
2,2004.208,104.538,2.0,9.612,7041.062
2,2004.408,104.538,2.0,9.653,7041.596
2,2004.608,104.538,2.0,9.696,7042.132
2,2004.808,104.538,2.0,9.74,7042.671
2,2005.008,104.538,2.0,9.786,7043.212
2,2005.208,104.538,2.0,9.833,7043.755
2,2005.408,104.538,2.0,9.881,7044.302
2,2005.608,104.537,2.0,9.931,7044.851
2,2005.808,104.537,2.0,9.982,7045.402
2,2006.008,104.537,2.0,10.035,7045.957
2,2006.208,104.537,2.0,10.087,7046.514
2,2006.408,104.537,2.0,10.141,7047.075
2,2006.608,104.537,2.0,10.195,7047.638
2,2006.808,104.537,2.0,10.25,7048.205
2,2007.008,104.537,2.0,10.305,7048.774
2,2007.208,104.537,2.0,10.361,7049.346
2,2007.408,104.537,2.0,10.418,7049.922
2,2007.608,104.537,2.0,10.476,7050.501
2,2007.808,104.537,2.0,10.534,7051.083
2,2008.008,104.537,2.0,10.593,7051.668
2,2008.208,104.537,2.0,10.652,7052.257
2,2008.408,104.537,2.0,10.712,7052.848
2,2008.608,104.537,2.0,10.773,7053.443
2,2008.808,104.537,2.0,10.835,7054.042
2,2009.008,104.537,2.0,10.897,7054.644
2,2009.208,104.537,2.0,10.96,7055.249
2,2009.408,104.537,2.0,11.024,7055.858
2,2009.608,104.537,2.0,11.088,7056.471
2,2009.808,104.537,2.0,11.152,7057.087
2,2010.008,104.536,2.0,11.217,7057.706
2,2010.208,104.536,2.0,11.282,7058.329
2,2010.408,104.536,2.0,11.348,7058.956
2,2010.608,104.536,2.0,11.414,7059.587
2,2010.808,104.536,2.0,11.48,7060.221
2,2011.008,104.536,2.0,11.547,7060.858
2,2011.208,104.536,2.0,11.614,7061.5
2,2011.408,104.536,2.0,11.681,7062.145
2,2011.608,104.536,2.0,11.749,7062.794
2,2011.808,104.536,2.0,11.816,7063.447
2,2012.008,104.536,2.0,11.884,7064.103
2,2012.208,104.536,2.0,11.952,7064.764
2,2012.408,104.536,2.0,12.02,7065.428
2,2012.608,104.536,2.0,12.089,7066.095
2,2012.808,104.536,2.0,12.158,7066.767
2,2013.008,104.536,2.0,12.228,7067.442
2,2013.208,104.536,2.0,12.299,7068.122
2,2013.408,104.536,2.0,12.37,7068.805
2,2013.608,104.536,2.0,12.441,7069.492
2,2013.808,104.536,2.0,12.514,7070.183
2,2014.008,104.536,2.0,12.587,7070.879
2,2014.208,104.536,2.0,12.661,7071.578
2,2014.408,104.535,2.0,12.736,7072.281
2,2014.608,104.535,2.0,12.811,7072.989
2,2014.808,104.535,2.0,12.887,7073.7
2,2015.008,104.535,2.0,12.964,7074.416
2,2015.208,104.535,2.0,13.042,7075.137
2,2015.408,104.535,2.0,13.121,7075.861
2,2015.608,104.535,2.0,13.201,7076.59
2,2015.808,104.535,2.0,13.281,7077.324
2,2016.008,104.535,2.0,13.362,7078.061
2,2016.208,104.535,2.0,13.443,7078.804
2,2016.408,104.535,2.0,13.526,7079.551
2,2016.608,104.535,2.0,13.609,7080.302
2,2016.808,104.535,2.0,13.693,7081.058
2,2017.008,104.535,2.0,13.778,7081.819
2,2017.208,104.535,2.0,13.862,7082.584
2,2017.408,104.535,2.0,13.948,7083.354
2,2017.608,104.535,2.0,14.033,7084.129
2,2017.808,104.535,2.0,14.119,7084.909
2,2018.008,104.535,2.0,14.205,7085.693
2,2018.208,104.535,2.0,14.292,7086.482
2,2018.408,104.535,2.0,14.378,7087.276
2,2018.608,104.535,2.0,14.464,7088.075
2,2018.808,104.534,2.0,14.55,7088.879
2,2019.008,104.534,2.0,14.636,7089.687
2,2019.208,104.534,2.0,14.723,7090.5
2,2019.408,104.534,2.0,14.808,7091.318
2,2019.608,104.534,2.0,14.892,7092.141
2,2019.808,104.534,2.0,14.976,7092.968
2,2020.008,104.534,2.0,15.058,7093.8
2,2020.208,104.534,2.0,15.139,7094.637
2,2020.408,104.534,2.0,15.22,7095.478
2,2020.608,104.534,2.0,15.298,7096.323
2,2020.808,104.534,2.0,15.375,7097.173
2,2021.008,104.534,2.0,15.45,7098.027
2,2021.208,104.534,2.0,15.524,7098.886
2,2021.408,104.534,2.0,15.595,7099.748
2,2021.608,104.534,2.0,15.665,7100.615
2,2021.808,104.534,2.0,15.732,7101.485
2,2022.008,104.534,2.0,15.797,7102.359
2,2022.208,104.534,2.0,15.86,7103.237
2,2022.408,104.534,2.0,15.919,7104.118
2,2022.608,104.534,2.0,15.977,7105.002
2,2022.808,104.534,2.0,16.032,7105.89
2,2023.008,104.534,2.0,16.084,7106.78
2,2023.208,104.533,2.0,16.133,7107.674
2,2023.408,104.533,2.0,16.179,7108.57
2,2023.608,104.533,2.0,16.222,7109.469
2,2023.808,104.533,2.0,16.262,7110.37
2,2024.008,104.533,2.0,16.299,7111.274
2,2024.208,104.533,2.0,16.334,7112.179
2,2024.408,104.533,2.0,16.366,7113.087
2,2024.608,104.533,2.0,16.395,7113.996
2,2024.808,104.533,2.0,16.421,7114.907
2,2025.008,104.533,2.0,16.445,7115.819
2,2025.208,104.533,2.0,16.467,7116.732
2,2025.408,104.533,2.0,16.486,7117.647
2,2025.608,104.533,2.0,16.504,7118.563
2,2025.808,104.533,2.0,16.519,7119.48
2,2026.008,104.533,2.0,16.532,7120.398
2,2026.208,104.533,2.0,16.544,7121.316
2,2026.408,104.533,2.0,16.554,7122.235
2,2026.608,104.533,2.0,16.563,7123.155
2,2026.808,104.533,2.0,16.571,7124.075
2,2027.008,104.533,2.0,16.577,7124.996
2,2027.208,104.533,2.0,16.582,7125.917
2,2027.408,104.533,2.0,16.587,7126.838
2,2027.608,104.532,2.0,16.592,7127.759
2,2027.808,104.532,2.0,16.598,7128.681
2,2028.008,104.532,2.0,16.604,7129.603
2,2028.208,104.532,2.0,16.61,7130.526
2,2028.408,104.532,2.0,16.617,7131.448
2,2028.608,104.532,2.0,16.624,7132.372
2,2028.808,104.532,2.0,16.632,7133.295
2,2029.008,104.532,2.0,16.64,7134.219
2,2029.208,104.532,2.0,16.65,7135.144
2,2029.408,104.532,2.0,16.66,7136.069
2,2029.608,104.532,2.0,16.671,7136.994
2,2029.808,104.532,2.0,16.683,7137.92
2,2030.008,104.532,2.0,16.696,7138.847
2,2030.208,104.532,2.0,16.71,7139.775
2,2030.408,104.532,2.0,16.725,7140.703
2,2030.608,104.532,2.0,16.742,7141.632
2,2030.808,104.532,2.0,16.76,7142.562
2,2031.008,104.532,2.0,16.78,7143.493
2,2031.208,104.532,2.0,16.802,7144.426
2,2031.408,104.532,2.0,16.825,7145.359
2,2031.608,104.532,2.0,16.85,7146.294
2,2031.808,104.532,2.0,16.876,7147.23
2,2032.008,104.531,2.0,16.902,7148.167
2,2032.208,104.531,2.0,16.93,7149.106
2,2032.408,104.531,2.0,16.959,7150.047
2,2032.608,104.531,2.0,16.988,7150.989
2,2032.808,104.531,2.0,17.02,7151.933
2,2033.008,104.531,2.0,17.053,7152.878
2,2033.208,104.531,2.0,17.087,7153.826
2,2033.408,104.531,2.0,17.124,7154.775
2,2033.608,104.531,2.0,17.162,7155.726
2,2033.808,104.531,2.0,17.201,7156.68
2,2034.008,104.531,2.0,17.242,7157.635
2,2034.208,104.531,2.0,17.284,7158.593
2,2034.408,104.531,2.0,17.328,7159.554
2,2034.608,104.531,2.0,17.373,7160.516
2,2034.808,104.531,2.0,17.419,7161.481
2,2035.008,104.531,2.0,17.467,7162.449
2,2035.208,104.531,2.0,17.517,7163.42
2,2035.408,104.531,2.0,17.568,7164.393
2,2035.608,104.531,2.0,17.62,7165.369
2,2035.808,104.531,2.0,17.675,7166.348
2,2036.008,104.531,2.0,17.731,7167.329
2,2036.208,104.531,2.0,17.791,7168.315
2,2036.408,104.53,2.0,17.853,7169.303
2,2036.608,104.53,2.0,17.917,7170.295
2,2036.808,104.53,2.0,17.984,7171.29
2,2037.008,104.53,2.0,18.054,7172.289
2,2037.208,104.53,2.0,18.127,7173.292
2,2037.408,104.531,1.9594,18.203,7174.299
2,2037.608,104.534,1.7908,18.279,7175.311
2,2037.808,104.537,1.6159,18.347,7176.326
2,2038.008,104.54,1.4491,18.409,7177.345
2,2038.208,104.542,1.2897,18.465,7178.368
2,2038.408,104.545,1.1372,18.515,7179.394
2,2038.608,104.548,0.9449,18.56,7180.423
2,2038.808,104.553,0.6918,18.601,7181.454
2,2039.008,104.557,0.4433,18.638,7182.487
2,2039.208,104.561,0.199,18.671,7183.523
2,2039.408,104.565,0.0,18.701,7184.56
2,2039.608,104.565,0.0,18.731,7185.599
2,2039.808,104.565,0.0,18.77,7186.639
2,2040.008,104.565,0.0,18.817,7187.682
2,2040.208,104.565,0.0,18.871,7188.728
2,2040.408,104.565,0.0,18.932,7189.776
2,2040.608,104.565,0.0,19.001,7190.828
2,2040.808,104.565,0.0,19.076,7191.883
2,2041.008,104.565,0.0,19.155,7192.943
2,2041.208,104.565,0.0,19.239,7194.007
2,2041.408,104.565,0.0,19.329,7195.076
2,2041.608,104.565,0.0,19.423,7196.15
2,2041.808,104.565,0.0,19.52,7197.229
2,2042.008,104.565,0.0,19.62,7198.313
2,2042.208,104.565,0.0,19.723,7199.403
2,2042.408,104.565,0.0,19.829,7200.499
2,2042.608,104.565,0.0,19.938,7201.601
2,2042.808,104.565,0.0,20.047,7202.708
2,2043.008,104.565,0.0,20.157,7203.822
2,2043.208,104.565,0.0,20.268,7204.942
2,2043.408,104.565,0.0,20.38,7206.068
2,2043.608,104.565,0.0,20.491,7207.2
2,2043.808,104.565,0.0,20.6,7208.339
2,2044.008,104.565,0.0,20.708,7209.483
2,2044.208,104.565,0.0,20.815,7210.633
2,2044.408,104.565,0.0,20.919,7211.79
2,2044.608,104.565,0.0,21.02,7212.952
2,2044.808,104.565,0.0,21.118,7214.12
2,2045.008,104.565,0.0,21.213,7215.293
2,2045.208,104.565,0.0,21.304,7216.472
2,2045.408,104.565,0.0,21.39,7217.655
2,2045.608,104.565,0.0,21.472,7218.843
2,2045.808,104.565,0.0,21.55,7220.036
2,2046.008,104.565,0.0,21.623,7221.234
2,2046.208,104.565,0.0,21.69,7222.435
2,2046.408,104.565,0.0,21.753,7223.64
2,2046.608,104.565,0.0,21.81,7224.848
2,2046.808,104.565,0.0,21.863,7226.06
2,2047.008,104.565,0.0,21.909,7227.275
2,2047.208,104.565,0.0,21.95,7228.492
2,2047.408,104.565,0.0,21.986,7229.711
2,2047.608,104.565,0.0,22.016,7230.933
2,2047.808,104.565,0.0,22.04,7232.156
2,2048.008,104.565,0.0,22.057,7233.38
2,2048.208,104.565,0.0,22.069,7234.606
2,2048.408,104.565,0.0,22.075,7235.832
2,2048.608,104.565,0.0,22.074,7237.058
2,2048.808,104.565,0.0,22.067,7238.284
2,2049.008,104.565,0.0,22.055,7239.51
2,2049.208,104.565,0.0,22.036,7240.736
2,2049.408,104.565,0.0,22.011,7241.96
2,2049.608,104.565,0.0,21.979,7243.183
2,2049.808,104.565,0.0,21.941,7244.404
2,2050.008,104.565,0.0,21.897,7245.623
2,2050.208,104.565,0.0,21.846,7246.839
2,2050.408,104.565,0.0,21.788,7248.053
2,2050.608,104.565,0.0,21.724,7249.263
2,2050.808,104.565,0.0,21.653,7250.47
2,2051.008,104.565,0.0,21.574,7251.673
2,2051.208,104.565,0.0,21.489,7252.872
2,2051.408,104.565,0.0,21.396,7254.065
2,2051.608,104.565,0.0,21.297,7255.254
2,2051.808,104.565,0.0,21.19,7256.437
2,2052.008,104.565,0.0,21.076,7257.615
2,2052.208,104.565,0.0,20.954,7258.785
2,2052.408,104.565,0.0,20.825,7259.949
2,2052.608,104.565,0.0,20.688,7261.106
2,2052.808,104.565,0.0,20.545,7262.256
2,2053.008,104.56,0.2709,20.394,7263.397
2,2053.208,104.554,0.635,20.252,7264.53
2,2053.408,104.548,0.9646,20.123,7265.655
2,2053.608,104.543,1.265,20.008,7266.773
2,2053.808,104.538,1.5434,19.904,7267.885
2,2054.008,104.533,1.8024,19.81,7268.99
2,2054.208,104.53,2.0,19.726,7270.091
2,2054.408,104.53,2.0,19.647,7271.187
2,2054.608,104.53,2.0,19.568,7272.278
2,2054.808,104.53,2.0,19.489,7273.366
2,2055.008,104.53,2.0,19.409,7274.448
2,2055.208,104.53,2.0,19.328,7275.526
2,2055.408,104.53,2.0,19.247,7276.6
2,2055.608,104.53,2.0,19.166,7277.67
2,2055.808,104.529,2.0,19.084,7278.734
2,2056.008,104.529,2.0,19.001,7279.795
2,2056.208,104.529,2.0,18.918,7280.85
2,2056.408,104.529,2.0,18.833,7281.901
2,2056.608,104.529,2.0,18.747,7282.947
2,2056.808,104.529,2.0,18.658,7283.989
2,2057.008,104.529,2.0,18.569,7285.026
2,2057.208,104.529,2.0,18.478,7286.057
2,2057.408,104.529,2.0,18.385,7287.084
2,2057.608,104.529,2.0,18.292,7288.105
2,2057.808,104.529,2.0,18.198,7289.121
2,2058.008,104.529,2.0,18.104,7290.132
2,2058.208,104.529,2.0,18.008,7291.138
2,2058.408,104.529,2.0,17.911,7292.139
2,2058.608,104.529,2.0,17.814,7293.134
2,2058.808,104.529,2.0,17.715,7294.123
2,2059.008,104.529,2.0,17.616,7295.107
2,2059.208,104.529,2.0,17.516,7296.086
2,2059.408,104.529,2.0,17.415,7297.059
2,2059.608,104.529,2.0,17.315,7298.027
2,2059.808,104.529,2.0,17.214,7298.989
2,2060.008,104.529,2.0,17.113,7299.945
2,2060.208,104.528,2.0,17.012,7300.896
2,2060.408,104.528,2.0,16.91,7301.841
2,2060.608,104.528,2.0,16.809,7302.78
2,2060.808,104.528,2.0,16.708,7303.714
2,2061.008,104.528,2.0,16.607,7304.642
2,2061.208,104.528,2.0,16.505,7305.565
2,2061.408,104.528,2.0,16.405,7306.482
2,2061.608,104.528,2.0,16.305,7307.393
2,2061.808,104.528,2.0,16.207,7308.299
2,2062.008,104.528,2.0,16.109,7309.199
2,2062.208,104.528,2.0,16.013,7310.094
2,2062.408,104.528,2.0,15.917,7310.984
2,2062.608,104.528,2.0,15.822,7311.868
2,2062.808,104.528,2.0,15.728,7312.747
2,2063.008,104.528,2.0,15.635,7313.621
2,2063.208,104.528,2.0,15.543,7314.49
2,2063.408,104.528,2.0,15.451,7315.353
2,2063.608,104.528,2.0,15.361,7316.212
2,2063.808,104.528,2.0,15.272,7317.065
2,2064.008,104.528,2.0,15.183,7317.913
2,2064.208,104.528,2.0,15.096,7318.757
2,2064.408,104.528,2.0,15.01,7319.596
2,2064.608,104.527,2.0,14.925,7320.43
2,2064.808,104.527,2.0,14.841,7321.259
2,2065.008,104.527,2.0,14.759,7322.083
2,2065.208,104.527,2.0,14.678,7322.903
2,2065.408,104.527,2.0,14.598,7323.719
2,2065.608,104.527,2.0,14.519,7324.53
2,2065.808,104.527,2.0,14.442,7325.336
2,2066.008,104.527,2.0,14.366,7326.139
2,2066.208,104.527,2.0,14.292,7326.937
2,2066.408,104.527,2.0,14.22,7327.731
2,2066.608,104.527,2.0,14.149,7328.521
2,2066.808,104.527,2.0,14.08,7329.307
2,2067.008,104.527,2.0,14.013,7330.089
2,2067.208,104.527,2.0,13.947,7330.867
2,2067.408,104.527,2.0,13.884,7331.642
2,2067.608,104.527,2.0,13.821,7332.414
2,2067.808,104.527,2.0,13.761,7333.182
2,2068.008,104.527,2.0,13.702,7333.946
2,2068.208,104.527,2.0,13.645,7334.707
2,2068.408,104.527,2.0,13.589,7335.465
2,2068.608,104.527,2.0,13.536,7336.22
2,2068.808,104.526,2.0,13.483,7336.972
2,2069.008,104.526,2.0,13.433,7337.721
2,2069.208,104.526,2.0,13.384,7338.468
2,2069.408,104.526,2.0,13.336,7339.211
2,2069.608,104.526,2.0,13.291,7339.952
2,2069.808,104.526,2.0,13.246,7340.69
2,2070.008,104.526,2.0,13.204,7341.426
2,2070.208,104.526,2.0,13.163,7342.16
2,2070.408,104.526,2.0,13.124,7342.891
2,2070.608,104.526,2.0,13.087,7343.62
2,2070.808,104.526,2.0,13.052,7344.347
2,2071.008,104.526,2.0,13.018,7345.072
2,2071.208,104.526,2.0,12.985,7345.796
2,2071.408,104.526,2.0,12.953,7346.517
2,2071.608,104.526,2.0,12.922,7347.237
2,2071.808,104.526,2.0,12.891,7347.955
2,2072.008,104.526,2.0,12.861,7348.671
2,2072.208,104.526,2.0,12.831,7349.385
3,2072.408,104.526,2.0,12.801,7350.098
3,2072.608,104.526,2.0,12.782,7350.809
3,2072.808,104.526,2.0,12.765,7351.519
3,2073.008,104.526,2.0,12.749,7352.228
3,2073.208,104.525,2.0,12.735,7352.937
3,2073.408,104.525,2.0,12.723,7353.644
3,2073.608,104.525,2.0,12.712,7354.351
3,2073.808,104.525,2.0,12.702,7355.057
3,2074.008,104.525,2.0,12.694,7355.763
3,2074.208,104.525,2.0,12.688,7356.468
3,2074.408,104.525,2.0,12.683,7357.173
3,2074.608,104.525,2.0,12.68,7357.878
3,2074.808,104.525,2.0,12.679,7358.582
3,2075.008,104.525,2.0,12.679,7359.287
3,2075.208,104.525,2.0,12.68,7359.991
3,2075.408,104.525,2.0,12.684,7360.695
3,2075.608,104.525,2.0,12.688,7361.4
3,2075.808,104.525,2.0,12.694,7362.105
3,2076.008,104.525,2.0,12.702,7362.81
3,2076.208,104.525,2.0,12.711,7363.516
3,2076.408,104.525,2.0,12.722,7364.222
3,2076.608,104.525,2.0,12.734,7364.929
3,2076.808,104.525,2.0,12.748,7365.636
3,2077.008,104.525,2.0,12.763,7366.345
3,2077.208,104.525,2.0,12.78,7367.054
3,2077.408,104.525,2.0,12.799,7367.764
3,2077.608,104.524,2.0,12.82,7368.475
3,2077.808,104.524,2.0,12.842,7369.187
3,2078.008,104.524,2.0,12.866,7369.9
3,2078.208,104.524,2.0,12.891,7370.615
3,2078.408,104.524,2.0,12.919,7371.331
3,2078.608,104.524,2.0,12.949,7372.049
3,2078.808,104.524,2.0,12.981,7372.768
3,2079.008,104.524,2.0,13.015,7373.49
3,2079.208,104.524,2.0,13.051,7374.213
3,2079.408,104.524,2.0,13.089,7374.938
3,2079.608,104.524,2.0,13.13,7375.665
3,2079.808,104.524,2.0,13.173,7376.394
3,2080.008,104.524,2.0,13.217,7377.126
3,2080.208,104.524,2.0,13.265,7377.86
3,2080.408,104.524,2.0,13.314,7378.597
3,2080.608,104.524,2.0,13.365,7379.337
3,2080.808,104.524,2.0,13.419,7380.079
3,2081.008,104.524,2.0,13.475,7380.825
3,2081.208,104.524,2.0,13.532,7381.574
3,2081.408,104.524,2.0,13.592,7382.325
3,2081.608,104.524,2.0,13.654,7383.081
3,2081.808,104.524,2.0,13.718,7383.839
3,2082.008,104.523,2.0,13.784,7384.601
3,2082.208,104.523,2.0,13.852,7385.367
3,2082.408,104.523,2.0,13.922,7386.137
3,2082.608,104.523,2.0,13.994,7386.91
3,2082.808,104.523,2.0,14.067,7387.687
3,2083.008,104.523,2.0,14.143,7388.469
3,2083.208,104.523,2.0,14.22,7389.255
3,2083.408,104.523,2.0,14.3,7390.045
3,2083.608,104.523,2.0,14.381,7390.839
3,2083.808,104.523,2.0,14.464,7391.638
3,2084.008,104.523,2.0,14.549,7392.442
3,2084.208,104.523,2.0,14.635,7393.25
3,2084.408,104.523,2.0,14.724,7394.063
3,2084.608,104.523,2.0,14.814,7394.881
3,2084.808,104.523,2.0,14.906,7395.704
3,2085.008,104.523,2.0,15.0,7396.532
3,2085.208,104.523,2.0,15.095,7397.365
3,2085.408,104.523,2.0,15.192,7398.204
3,2085.608,104.523,2.0,15.29,7399.048
3,2085.808,104.523,2.0,15.39,7399.897
3,2086.008,104.523,2.0,15.491,7400.752
3,2086.208,104.523,2.0,15.594,7401.613
3,2086.408,104.522,2.0,15.698,7402.479
3,2086.608,104.522,2.0,15.803,7403.352
3,2086.808,104.522,2.0,15.91,7404.229
3,2087.008,104.522,2.0,16.017,7405.113
3,2087.208,104.522,2.0,16.126,7406.003
3,2087.408,104.522,2.0,16.236,7406.899
3,2087.608,104.522,2.0,16.347,7407.801
3,2087.808,104.522,2.0,16.458,7408.709
3,2088.008,104.522,2.0,16.571,7409.624
3,2088.208,104.522,2.0,16.685,7410.544
3,2088.408,104.522,2.0,16.801,7411.471
3,2088.608,104.522,2.0,16.923,7412.405
3,2088.808,104.522,2.0,17.048,7413.345
3,2089.008,104.522,2.0,17.179,7414.292
3,2089.208,104.522,2.0,17.314,7415.246
3,2089.408,104.522,2.0,17.453,7416.208
3,2089.608,104.524,1.8721,17.595,7417.178
3,2089.808,104.528,1.6185,17.732,7418.155
3,2090.008,104.532,1.3793,17.855,7419.14
3,2090.208,104.536,1.1621,17.966,7420.132
3,2090.408,104.539,1.0145,18.066,7421.13
3,2090.608,104.541,0.8797,18.157,7422.134
3,2090.808,104.543,0.7567,18.238,7423.143
3,2091.008,104.545,0.6445,18.311,7424.156
3,2091.208,104.547,0.544,18.377,7425.173
3,2091.408,104.548,0.4606,18.436,7426.194
3,2091.608,104.55,0.3856,18.49,7427.218
3,2091.808,104.551,0.3183,18.538,7428.246
3,2092.008,104.552,0.2581,18.581,7429.275
3,2092.208,104.553,0.2071,18.62,7430.308
3,2092.408,104.553,0.1686,18.655,7431.342
3,2092.608,104.554,0.1354,18.687,7432.379
3,2092.808,104.554,0.107,18.715,7433.417
3,2093.008,104.555,0.0829,18.741,7434.456
3,2093.208,104.555,0.0699,18.764,7435.498
3,2093.408,104.555,0.0682,18.785,7436.54
3,2093.608,104.555,0.0697,18.803,7437.584
3,2093.808,104.555,0.0742,18.82,7438.628
3,2094.008,104.555,0.0814,18.835,7439.674
3,2094.208,104.555,0.0995,18.849,7440.72
3,2094.408,104.554,0.1236,18.861,7441.767
3,2094.608,104.554,0.1497,18.872,7442.815
3,2094.808,104.553,0.1776,18.882,7443.864
3,2095.008,104.553,0.2071,18.891,7444.913
3,2095.208,104.552,0.2527,18.899,7445.962
3,2095.408,104.551,0.3009,18.906,7447.012
3,2095.608,104.55,0.3503,18.913,7448.063
3,2095.808,104.549,0.4008,18.919,7449.113
3,2096.008,104.548,0.4536,18.924,7450.164
3,2096.208,104.547,0.5145,18.929,7451.216
3,2096.408,104.546,0.5762,18.933,7452.267
3,2096.608,104.545,0.6386,18.937,7453.319
3,2096.808,104.544,0.7017,18.94,7454.371
3,2097.008,104.543,0.7816,18.943,7455.423
3,2097.208,104.541,0.886,18.946,7456.476
3,2097.408,104.539,0.991,18.948,7457.528
3,2097.608,104.537,1.0965,18.95,7458.581
3,2097.808,104.535,1.2024,18.952,7459.634
3,2098.008,104.534,1.294,18.954,7460.687
3,2098.208,104.532,1.3783,18.955,7461.74
3,2098.408,104.531,1.4628,18.956,7462.793
3,2098.608,104.529,1.5477,18.957,7463.846
3,2098.808,104.528,1.6328,18.958,7464.899
3,2099.008,104.526,1.6917,18.959,7465.952
3,2099.208,104.525,1.748,18.959,7467.005
3,2099.408,104.524,1.8044,18.96,7468.059
3,2099.608,104.523,1.861,18.96,7469.112
3,2099.808,104.522,1.9172,18.96,7470.165
3,2100.008,104.521,1.971,18.961,7471.219
3,2100.208,104.521,2.0,18.961,7472.272
3,2100.408,104.521,2.0,18.959,7473.325
3,2100.608,104.521,2.0,18.954,7474.379
3,2100.808,104.521,2.0,18.946,7475.432
3,2101.008,104.521,2.0,18.935,7476.484
3,2101.208,104.521,2.0,18.92,7477.536
3,2101.408,104.521,2.0,18.903,7478.587
3,2101.608,104.521,2.0,18.883,7479.637
3,2101.808,104.52,2.0,18.859,7480.687
3,2102.008,104.52,2.0,18.833,7481.734
3,2102.208,104.52,2.0,18.805,7482.781
3,2102.408,104.52,2.0,18.775,7483.825
3,2102.608,104.52,2.0,18.742,7484.868
3,2102.808,104.52,2.0,18.708,7485.91
3,2103.008,104.52,2.0,18.671,7486.949
3,2103.208,104.52,2.0,18.633,7487.986
3,2103.408,104.52,2.0,18.593,7489.021
3,2103.608,104.52,2.0,18.551,7490.054
3,2103.808,104.52,2.0,18.508,7491.085
3,2104.008,104.52,2.0,18.464,7492.113
3,2104.208,104.52,2.0,18.419,7493.139
3,2104.408,104.52,2.0,18.373,7494.162
3,2104.608,104.52,2.0,18.327,7495.183
3,2104.808,104.52,2.0,18.28,7496.201
3,2105.008,104.52,2.0,18.233,7497.217
3,2105.208,104.52,2.0,18.186,7498.23
3,2105.408,104.52,2.0,18.14,7499.24
3,2105.608,104.52,2.0,18.093,7500.248
3,2105.808,104.52,2.0,18.047,7501.253
3,2106.008,104.52,2.0,18.002,7502.255
3,2106.208,104.519,2.0,17.959,7503.256
3,2106.408,104.519,2.0,17.916,7504.253
3,2106.608,104.519,2.0,17.875,7505.249
3,2106.808,104.519,2.0,17.836,7506.242
3,2107.008,104.519,2.0,17.798,7507.233
3,2107.208,104.519,2.0,17.761,7508.221
3,2107.408,104.519,2.0,17.727,7509.208
3,2107.608,104.519,2.0,17.694,7510.193
3,2107.808,104.519,2.0,17.663,7511.176
3,2108.008,104.519,2.0,17.635,7512.157
3,2108.208,104.519,2.0,17.61,7513.137
3,2108.408,104.519,2.0,17.588,7514.115
3,2108.608,104.519,2.0,17.568,7515.092
3,2108.808,104.519,2.0,17.552,7516.068
3,2109.008,104.519,2.0,17.537,7517.044
3,2109.208,104.519,2.0,17.526,7518.018
3,2109.408,104.519,2.0,17.517,7518.992
3,2109.608,104.519,2.0,17.511,7519.965
3,2109.808,104.519,2.0,17.508,7520.938
3,2110.008,104.519,2.0,17.508,7521.91
3,2110.208,104.519,2.0,17.512,7522.883
3,2110.408,104.519,2.0,17.518,7523.856
3,2110.608,104.518,2.0,17.529,7524.829
3,2110.808,104.518,2.0,17.542,7525.803
3,2111.008,104.518,2.0,17.558,7526.777
3,2111.208,104.518,2.0,17.578,7527.753
3,2111.408,104.518,2.0,17.6,7528.729
3,2111.608,104.518,2.0,17.625,7529.707
3,2111.808,104.518,2.0,17.653,7530.686
3,2112.008,104.518,2.0,17.683,7531.667
3,2112.208,104.518,2.0,17.717,7532.649
3,2112.408,104.518,2.0,17.753,7533.634
3,2112.608,104.518,2.0,17.792,7534.62
3,2112.808,104.518,2.0,17.834,7535.608
3,2113.008,104.518,2.0,17.879,7536.599
3,2113.208,104.518,2.0,17.927,7537.593
3,2113.408,104.518,2.0,17.978,7538.588
3,2113.608,104.518,2.0,18.033,7539.587
3,2113.808,104.518,2.0,18.09,7540.589
3,2114.008,104.518,2.0,18.15,7541.594
3,2114.208,104.518,2.0,18.212,7542.602
3,2114.408,104.518,2.0,18.276,7543.614
3,2114.608,104.519,1.9005,18.342,7544.629
3,2114.808,104.522,1.7604,18.404,7545.648
3,2115.008,104.524,1.6226,18.46,7546.671
3,2115.208,104.526,1.4918,18.51,7547.696
3,2115.408,104.528,1.3673,18.556,7548.725
3,2115.608,104.53,1.2487,18.597,7549.756
3,2115.808,104.533,1.1231,18.634,7550.789
3,2116.008,104.535,0.9985,18.667,7551.824
3,2116.208,104.537,0.8783,18.698,7552.861
3,2116.408,104.539,0.762,18.725,7553.9
3,2116.608,104.541,0.6493,18.749,7554.94
3,2116.808,104.544,0.4636,18.771,7555.982
3,2117.008,104.547,0.2758,18.791,7557.025
3,2117.208,104.55,0.0906,18.809,7558.069
3,2117.408,104.552,0.0,18.826,7559.114
3,2117.608,104.552,0.0,18.846,7560.159
3,2117.808,104.552,0.0,18.875,7561.206
3,2118.008,104.552,0.0,18.91,7562.255
3,2118.208,104.552,0.0,18.95,7563.306
3,2118.408,104.552,0.0,18.995,7564.358
3,2118.608,104.552,0.0,19.046,7565.414
3,2118.808,104.552,0.0,19.101,7566.472
3,2119.008,104.552,0.0,19.16,7567.533
3,2119.208,104.552,0.0,19.222,7568.597
3,2119.408,104.552,0.0,19.288,7569.665
3,2119.608,104.552,0.0,19.358,7570.737
3,2119.808,104.552,0.0,19.43,7571.812
3,2120.008,104.552,0.0,19.505,7572.892
3,2120.208,104.552,0.0,19.582,7573.975
3,2120.408,104.552,0.0,19.662,7575.063
3,2120.608,104.552,0.0,19.744,7576.156
3,2120.808,104.552,0.0,19.827,7577.252
3,2121.008,104.552,0.0,19.911,7578.354
3,2121.208,104.552,0.0,19.996,7579.46
3,2121.408,104.552,0.0,20.082,7580.571
3,2121.608,104.552,0.0,20.169,7581.687
3,2121.808,104.552,0.0,20.254,7582.807
3,2122.008,104.552,0.0,20.339,7583.932
3,2122.208,104.552,0.0,20.424,7585.062
3,2122.408,104.552,0.0,20.507,7586.197
3,2122.608,104.552,0.0,20.588,7587.336
3,2122.808,104.552,0.0,20.665,7588.48
3,2123.008,104.552,0.0,20.74,7589.628
3,2123.208,104.552,0.0,20.812,7590.78
3,2123.408,104.552,0.0,20.879,7591.936
3,2123.608,104.552,0.0,20.942,7593.096
3,2123.808,104.552,0.0,21.001,7594.26
3,2124.008,104.552,0.0,21.054,7595.427
3,2124.208,104.552,0.0,21.103,7596.596
3,2124.408,104.552,0.0,21.146,7597.769
3,2124.608,104.552,0.0,21.184,7598.943
3,2124.808,104.552,0.0,21.215,7600.12
3,2125.008,104.552,0.0,21.242,7601.299
3,2125.208,104.552,0.0,21.261,7602.479
3,2125.408,104.552,0.0,21.275,7603.66
3,2125.608,104.552,0.0,21.283,7604.842
3,2125.808,104.552,0.0,21.284,7606.025
3,2126.008,104.552,0.0,21.279,7607.207
3,2126.208,104.552,0.0,21.266,7608.389
3,2126.408,104.552,0.0,21.246,7609.571
3,2126.608,104.552,0.0,21.22,7610.751
3,2126.808,104.552,0.0,21.186,7611.93
3,2127.008,104.552,0.0,21.144,7613.107
3,2127.208,104.552,0.0,21.095,7614.281
3,2127.408,104.552,0.0,21.039,7615.453
3,2127.608,104.552,0.0,20.975,7616.622
3,2127.808,104.552,0.0,20.903,7617.787
3,2128.008,104.552,0.0,20.822,7618.949
3,2128.208,104.552,0.0,20.732,7620.105
3,2128.408,104.552,0.0,20.634,7621.257
3,2128.608,104.552,0.0,20.527,7622.404
3,2128.808,104.552,0.0,20.411,7623.544
3,2129.008,104.551,0.0557,20.285,7624.678
3,2129.208,104.544,0.4424,20.154,7625.805
3,2129.408,104.538,0.8048,20.036,7626.925
3,2129.608,104.532,1.1433,19.929,7628.038
3,2129.808,104.527,1.4607,19.833,7629.145
3,2130.008,104.522,1.7451,19.746,7630.247
3,2130.208,104.518,1.9635,19.668,7631.344
3,2130.408,104.517,2.0,19.598,7632.436
3,2130.608,104.517,2.0,19.524,7633.525
3,2130.808,104.517,2.0,19.445,7634.61
3,2131.008,104.517,2.0,19.361,7635.69
3,2131.208,104.517,2.0,19.273,7636.766
3,2131.408,104.517,2.0,19.181,7637.836
3,2131.608,104.517,2.0,19.086,7638.902
3,2131.808,104.517,2.0,18.987,7639.962
3,2132.008,104.517,2.0,18.885,7641.017
3,2132.208,104.517,2.0,18.777,7642.066
3,2132.408,104.517,2.0,18.664,7643.11
3,2132.608,104.517,2.0,18.545,7644.146
3,2132.808,104.516,2.0,18.421,7645.177
3,2133.008,104.516,2.0,18.292,7646.2
3,2133.208,104.516,2.0,18.159,7647.216
3,2133.408,104.516,2.0,18.02,7648.225
3,2133.608,104.516,2.0,17.876,7649.226
3,2133.808,104.516,2.0,17.728,7650.219
3,2134.008,104.516,2.0,17.575,7651.204
3,2134.208,104.516,2.0,17.418,7652.181
3,2134.408,104.516,2.0,17.259,7653.148
3,2134.608,104.516,2.0,17.095,7654.107
3,2134.808,104.516,2.0,16.929,7655.057
3,2135.008,104.516,2.0,16.759,7655.997
3,2135.208,104.516,2.0,16.587,7656.928
3,2135.408,104.516,2.0,16.413,7657.85
3,2135.608,104.516,2.0,16.237,7658.762
3,2135.808,104.516,2.0,16.058,7659.664
3,2136.008,104.516,2.0,15.877,7660.556
3,2136.208,104.516,2.0,15.695,7661.438
3,2136.408,104.516,2.0,15.513,7662.31
3,2136.608,104.516,2.0,15.33,7663.172
3,2136.808,104.516,2.0,15.146,7664.023
3,2137.008,104.516,2.0,14.963,7664.865
3,2137.208,104.515,2.0,14.779,7665.696
3,2137.408,104.515,2.0,14.595,7666.517
3,2137.608,104.515,2.0,14.413,7667.328
3,2137.808,104.515,2.0,14.231,7668.129
3,2138.008,104.515,2.0,14.049,7668.919
3,2138.208,104.515,2.0,13.869,7669.7
3,2138.408,104.515,2.0,13.689,7670.47
3,2138.608,104.515,2.0,13.511,7671.231
3,2138.808,104.515,2.0,13.335,7671.981
3,2139.008,104.515,2.0,13.161,7672.722
3,2139.208,104.515,2.0,12.989,7673.453
3,2139.408,104.515,2.0,12.819,7674.175
3,2139.608,104.515,2.0,12.65,7674.887
3,2139.808,104.515,2.0,12.485,7675.59
3,2140.008,104.515,2.0,12.321,7676.283
3,2140.208,104.515,2.0,12.16,7676.968
3,2140.408,104.515,2.0,12.001,7677.644
3,2140.608,104.515,2.0,11.845,7678.31
3,2140.808,104.515,2.0,11.691,7678.968
3,2141.008,104.515,2.0,11.539,7679.618
3,2141.208,104.515,2.0,11.39,7680.259
3,2141.408,104.515,2.0,11.244,7680.892
3,2141.608,104.514,2.0,11.101,7681.516
3,2141.808,104.514,2.0,10.961,7682.133
3,2142.008,104.514,2.0,10.825,7682.742
3,2142.208,104.514,2.0,10.691,7683.343
3,2142.408,104.514,2.0,10.561,7683.937
3,2142.608,104.514,2.0,10.434,7684.524
3,2142.808,104.514,2.0,10.309,7685.104
3,2143.008,104.514,2.0,10.188,7685.676
3,2143.208,104.514,2.0,10.071,7686.243
3,2143.408,104.514,2.0,9.956,7686.802
3,2143.608,104.514,2.0,9.845,7687.355
3,2143.808,104.514,2.0,9.737,7687.902
3,2144.008,104.514,2.0,9.631,7688.443
3,2144.208,104.514,2.0,9.529,7688.978
3,2144.408,104.514,2.0,9.431,7689.507
3,2144.608,104.514,2.0,9.335,7690.031
3,2144.808,104.514,2.0,9.242,7690.55
3,2145.008,104.514,2.0,9.152,7691.063
3,2145.208,104.514,2.0,9.066,7691.572
3,2145.408,104.514,2.0,8.983,7692.076
3,2145.608,104.514,2.0,8.903,7692.575
3,2145.808,104.514,2.0,8.825,7693.069
3,2146.008,104.513,2.0,8.751,7693.559
3,2146.208,104.513,2.0,8.68,7694.046
3,2146.408,104.513,2.0,8.612,7694.528
3,2146.608,104.513,2.0,8.546,7695.006
3,2146.808,104.513,2.0,8.484,7695.481
3,2147.008,104.513,2.0,8.424,7695.952
3,2147.208,104.513,2.0,8.367,7696.42
3,2147.408,104.513,2.0,8.314,7696.885
3,2147.608,104.513,2.0,8.263,7697.347
3,2147.808,104.513,2.0,8.215,7697.806
3,2148.008,104.513,2.0,8.17,7698.263
3,2148.208,104.513,2.0,8.127,7698.716
3,2148.408,104.513,2.0,8.087,7699.168
3,2148.608,104.513,2.0,8.05,7699.617
3,2148.808,104.513,2.0,8.015,7700.065
3,2149.008,104.513,2.0,7.982,7700.51
3,2149.208,104.513,2.0,7.952,7700.953
3,2149.408,104.513,2.0,7.924,7701.395
3,2149.608,104.513,2.0,7.898,7701.835
3,2149.808,104.513,2.0,7.875,7702.274
3,2150.008,104.513,2.0,7.854,7702.711
3,2150.208,104.513,2.0,7.835,7703.148
3,2150.408,104.512,2.0,7.818,7703.583
3,2150.608,104.512,2.0,7.804,7704.017
3,2150.808,104.512,2.0,7.791,7704.451
3,2151.008,104.512,2.0,7.779,7704.884
3,2151.208,104.512,2.0,7.77,7705.316
3,2151.408,104.512,2.0,7.762,7705.748
3,2151.608,104.512,2.0,7.756,7706.179
3,2151.808,104.512,2.0,7.752,7706.61
3,2152.008,104.512,2.0,7.75,7707.04
3,2152.208,104.512,2.0,7.749,7707.471
3,2152.408,104.512,2.0,7.749,7707.901
3,2152.608,104.512,2.0,7.751,7708.332
3,2152.808,104.512,2.0,7.755,7708.763
3,2153.008,104.512,2.0,7.76,7709.193
3,2153.208,104.512,2.0,7.766,7709.625
3,2153.408,104.512,2.0,7.773,7710.056
3,2153.608,104.512,2.0,7.781,7710.488
3,2153.808,104.512,2.0,7.791,7710.92
3,2154.008,104.512,2.0,7.802,7711.353
3,2154.208,104.512,2.0,7.814,7711.786
3,2154.408,104.512,2.0,7.828,7712.221
3,2154.608,104.512,2.0,7.842,7712.655
3,2154.808,104.511,2.0,7.857,7713.091
3,2155.008,104.511,2.0,7.874,7713.528
3,2155.208,104.511,2.0,7.891,7713.965
3,2155.408,104.511,2.0,7.909,7714.403
3,2155.608,104.511,2.0,7.929,7714.843
3,2155.808,104.511,2.0,7.949,7715.283
3,2156.008,104.511,2.0,7.97,7715.725
3,2156.208,104.511,2.0,7.992,7716.168
3,2156.408,104.511,2.0,8.015,7716.612
3,2156.608,104.511,2.0,8.039,7717.057
3,2156.808,104.511,2.0,8.063,7717.503
3,2157.008,104.511,2.0,8.089,7717.951
3,2157.208,104.511,2.0,8.115,7718.401
3,2157.408,104.511,2.0,8.143,7718.852
3,2157.608,104.511,2.0,8.171,7719.304
3,2157.808,104.511,2.0,8.2,7719.758
3,2158.008,104.511,2.0,8.23,7720.214
3,2158.208,104.511,2.0,8.26,7720.671
3,2158.408,104.511,2.0,8.292,7721.13
3,2158.608,104.511,2.0,8.325,7721.59
3,2158.808,104.511,2.0,8.358,7722.053
3,2159.008,104.511,2.0,8.393,7722.517
3,2159.208,104.51,2.0,8.429,7722.983
3,2159.408,104.51,2.0,8.466,7723.452
3,2159.608,104.51,2.0,8.503,7723.922
3,2159.808,104.51,2.0,8.542,7724.394
