lap,time_s,voltage_V,current_A,speed_kmh,distance_m
1,0.008,104.998,0.1071,0.0,0.0
1,0.208,104.995,0.2857,0.48,0.0
1,0.408,104.99,0.571,0.959,0.027
1,0.608,104.985,0.8558,1.438,0.08
1,0.808,104.98,1.1401,1.916,0.16
1,1.008,104.975,1.4238,2.393,0.266
1,1.208,104.97,1.7068,2.869,0.399
1,1.408,104.965,1.9892,3.345,0.559
1,1.608,104.96,2.2709,3.819,0.744
1,1.808,104.955,2.5519,4.293,0.957
1,2.008,104.95,2.8321,4.766,1.195
1,2.208,104.945,3.1116,5.239,1.46
1,2.408,104.941,3.3902,5.71,1.751
1,2.608,104.936,3.6681,6.181,2.068
1,2.808,104.931,3.9451,6.651,2.412
1,3.008,104.926,4.2212,7.12,2.781
1,3.208,104.921,4.4964,7.589,3.177
1,3.408,104.916,4.7706,8.056,3.598
1,3.608,104.911,5.0439,8.523,4.046
1,3.808,104.906,5.3161,8.99,4.519
1,4.008,104.902,5.5873,9.455,5.019
1,4.208,104.897,5.8564,9.92,5.544
1,4.408,104.892,6.1242,10.384,6.095
1,4.608,104.887,6.3907,10.847,6.672
1,4.808,104.882,6.6559,11.309,7.275
1,5.008,104.878,6.9198,11.771,7.903
1,5.208,104.873,7.1823,12.232,8.557
1,5.408,104.868,7.4434,12.693,9.236
1,5.608,104.864,7.703,13.152,9.942
1,5.808,104.859,7.9599,13.611,10.672
1,6.008,104.857,8.0718,14.07,11.428
1,6.208,104.862,7.7663,14.516,12.21
1,6.408,104.867,7.4573,14.92,13.017
1,6.608,104.872,7.1504,15.286,13.845
1,6.808,104.877,6.8496,15.617,14.695
1,7.008,104.882,6.5542,15.916,15.562
1,7.208,104.887,6.2676,16.187,16.447
1,7.408,104.892,5.993,16.432,17.346
1,7.608,104.896,5.7313,16.654,18.259
1,7.808,104.9,5.4828,16.854,19.184
1,8.008,104.904,5.246,17.036,20.12
1,8.208,104.908,5.0117,17.2,21.067
1,8.408,104.912,4.7897,17.348,22.022
1,8.608,104.916,4.5796,17.482,22.986
1,8.808,104.919,4.3809,17.603,23.957
1,9.008,104.922,4.193,17.713,24.935
1,9.208,104.925,4.012,17.812,25.919
1,9.408,104.928,3.8403,17.902,26.909
1,9.608,104.931,3.6774,17.983,27.903
1,9.808,104.933,3.5227,18.056,28.902
1,10.008,104.936,3.3756,18.123,29.906
1,10.208,104.938,3.2365,18.183,30.912
1,10.408,104.941,3.1039,18.237,31.922
1,10.608,104.943,2.9773,18.286,32.936
1,10.808,104.945,2.8563,18.33,33.951
1,11.008,104.947,2.7403,18.37,34.97
1,11.208,104.949,2.6316,18.406,35.99
1,11.408,104.95,2.5273,18.439,37.013
1,11.608,104.952,2.4269,18.469,38.037
1,11.808,104.954,2.33,18.496,39.063
1,12.008,104.955,2.2365,18.52,40.091
1,12.208,104.957,2.1474,18.542,41.12
1,12.408,104.958,2.0609,18.562,42.15
1,12.608,104.96,1.9769,18.579,43.181
1,12.808,104.961,1.8951,18.596,44.213
1,13.008,104.962,1.8166,18.61,45.246
1,13.208,104.963,1.7443,18.624,46.28
1,13.408,104.965,1.6736,18.636,47.315
1,13.608,104.966,1.6045,18.647,48.35
1,13.808,104.967,1.5368,18.656,49.386
1,14.008,104.968,1.4737,18.665,50.423
1,14.208,104.969,1.4167,18.673,51.46
1,14.408,104.97,1.3607,18.681,52.497
1,14.608,104.971,1.3057,18.687,53.535
1,14.808,104.972,1.2515,18.693,54.573
1,15.008,104.973,1.2018,18.699,55.612
1,15.208,104.973,1.1553,18.704,56.65
1,15.408,104.974,1.1095,18.708,57.69
1,15.608,104.975,1.0642,18.712,58.729
1,15.808,104.976,1.0195,18.716,59.768
1,16.008,104.977,0.9265,18.719,60.808
1,16.208,104.979,0.8199,18.722,61.848
1,16.408,104.981,0.7137,18.725,62.888
1,16.608,104.983,0.6078,18.728,63.929
1,16.808,104.985,0.5021,18.73,64.969
1,17.008,104.986,0.4235,18.732,66.01
1,17.208,104.987,0.346,18.734,67.05
1,17.408,104.989,0.2687,18.736,68.091
1,17.608,104.99,0.1917,18.737,69.132
1,17.808,104.991,0.1265,18.739,70.173
1,18.008,104.991,0.1204,18.74,71.214
1,18.208,104.991,0.1145,18.741,72.255
1,18.408,104.991,0.1087,18.742,73.296
1,18.608,104.991,0.1031,18.743,74.337
1,18.808,104.991,0.1013,18.744,75.379
1,19.008,104.991,0.1058,18.745,76.42
1,19.208,104.991,0.1105,18.745,77.461
1,19.408,104.991,0.1153,18.746,78.503
1,19.608,104.991,0.1201,18.747,79.544
1,19.808,104.991,0.1305,18.747,80.586
1,20.008,104.991,0.1452,18.748,81.627
1,20.208,104.99,0.1599,18.748,82.669
1,20.408,104.99,0.1747,18.748,83.71
1,20.608,104.99,0.1896,18.749,84.752
1,20.808,104.989,0.2157,18.749,85.793
1,21.008,104.989,0.2454,18.749,86.835
1,21.208,104.988,0.2751,18.749,87.877
1,21.408,104.988,0.3049,18.75,88.918
1,21.608,104.987,0.3347,18.75,89.96
1,21.808,104.987,0.3763,18.75,91.002
1,22.008,104.986,0.4184,18.75,92.043
1,22.208,104.985,0.4605,18.75,93.085
1,22.408,104.984,0.5027,18.75,94.127
1,22.608,104.984,0.5474,18.75,95.168
1,22.808,104.983,0.6053,18.75,96.21
1,23.008,104.982,0.6632,18.75,97.252
1,23.208,104.981,0.7211,18.75,98.293
1,23.408,104.98,0.7791,18.75,99.335
1,23.608,104.978,0.8402,18.75,100.377
1,23.808,104.977,0.9066,18.75,101.419
1,24.008,104.976,0.9731,18.75,102.46
1,24.208,104.975,1.0396,18.75,103.502
1,24.408,104.974,1.1062,18.75,104.544
1,24.608,104.972,1.1948,18.75,105.585
1,24.808,104.97,1.3007,18.75,106.627
1,25.008,104.968,1.4067,18.75,107.669
1,25.208,104.967,1.5127,18.749,108.71
1,25.408,104.965,1.6188,18.749,109.752
1,25.608,104.963,1.7084,18.749,110.793
1,25.808,104.962,1.7928,18.748,111.835
1,26.008,104.96,1.8772,18.748,112.877
1,26.208,104.959,1.9617,18.747,113.918
1,26.408,104.957,2.0462,18.747,114.96
1,26.608,104.956,2.1034,18.746,116.001
1,26.808,104.955,2.1596,18.746,117.043
1,27.008,104.954,2.2157,18.745,118.084
1,27.208,104.953,2.2718,18.744,119.125
1,27.408,104.952,2.3275,18.744,120.167
1,27.608,104.951,2.3806,18.743,121.208
1,27.808,104.95,2.4338,18.743,122.249
1,28.008,104.949,2.4869,18.742,123.291
1,28.208,104.948,2.5401,18.742,124.332
1,28.408,104.947,2.5921,18.741,125.373
1,28.608,104.946,2.6421,18.74,126.414
1,28.808,104.945,2.692,18.74,127.455
1,29.008,104.944,2.742,18.739,128.496
1,29.208,104.943,2.7919,18.738,129.537
1,29.408,104.942,2.8359,18.738,130.579
1,29.608,104.942,2.875,18.737,131.62
1,29.808,104.941,2.9141,18.737,132.66
1,30.008,104.94,2.9532,18.736,133.701
1,30.208,104.939,2.9923,18.735,134.742
1,30.408,104.939,3.0275,18.735,135.783
1,30.608,104.938,3.0614,18.734,136.824
1,30.808,104.937,3.0952,18.734,137.865
1,31.008,104.937,3.1291,18.733,138.905
1,31.208,104.936,3.1629,18.732,139.946
1,31.408,104.936,3.1823,18.732,140.987
1,31.608,104.935,3.2009,18.731,142.028
1,31.808,104.935,3.2194,18.731,143.068
1,32.008,104.935,3.2379,18.73,144.109
1,32.208,104.934,3.2545,18.73,145.149
1,32.408,104.934,3.2597,18.729,146.19
1,32.608,104.934,3.265,18.729,147.23
1,32.808,104.934,3.2701,18.728,148.271
1,33.008,104.934,3.2753,18.728,149.311
1,33.208,104.933,3.274,18.728,150.352
1,33.408,104.934,3.2602,18.727,151.392
1,33.608,104.934,3.2464,18.727,152.433
1,33.808,104.934,3.2325,18.727,153.473
1,34.008,104.934,3.2185,18.727,154.513
1,34.208,104.934,3.1995,18.727,155.554
1,34.408,104.935,3.1762,18.727,156.594
1,34.608,104.935,3.1528,18.727,157.635
1,34.808,104.935,3.1293,18.727,158.675
1,35.008,104.936,3.1057,18.727,159.715
1,35.208,104.936,3.0678,18.727,160.756
1,35.408,104.937,3.0243,18.727,161.796
1,35.608,104.938,2.9808,18.727,162.836
1,35.808,104.938,2.9372,18.727,163.877
1,36.008,104.939,2.8936,18.728,164.917
1,36.208,104.94,2.849,18.728,165.958
1,36.408,104.941,2.8043,18.728,166.998
1,36.608,104.941,2.7596,18.729,168.038
1,36.808,104.942,2.7149,18.729,169.079
1,37.008,104.943,2.6685,18.729,170.119
1,37.208,104.944,2.6103,18.73,171.16
1,37.408,104.945,2.552,18.73,172.201
1,37.608,104.946,2.4936,18.731,173.241
1,37.808,104.947,2.4353,18.731,174.282
1,38.008,104.947,2.3787,18.732,175.322
1,38.208,104.948,2.326,18.732,176.363
1,38.408,104.949,2.2734,18.733,177.404
1,38.608,104.95,2.2208,18.734,178.444
1,38.808,104.951,2.1682,18.734,179.485
1,39.008,104.952,2.115,18.735,180.526
1,39.208,104.953,2.0612,18.735,181.567
1,39.408,104.954,2.0075,18.736,182.608
1,39.608,104.954,1.9537,18.736,183.649
1,39.808,104.955,1.9,18.737,184.689
1,40.008,104.956,1.8419,18.738,185.73
1,40.208,104.957,1.782,18.738,186.771
1,40.408,104.958,1.7221,18.739,187.812
1,40.608,104.959,1.6622,18.739,188.853
1,40.808,104.96,1.6022,18.74,189.894
1,41.008,104.961,1.5556,18.74,190.936
1,41.208,104.962,1.5105,18.741,191.977
1,41.408,104.963,1.4654,18.741,193.018
1,41.608,104.963,1.4203,18.742,194.059
1,41.808,104.964,1.3739,18.742,195.1
1,42.008,104.965,1.314,18.743,196.141
1,42.208,104.966,1.2541,18.743,197.183
1,42.408,104.967,1.1943,18.744,198.224
1,42.608,104.968,1.1344,18.744,199.265
1,42.808,104.969,1.0698,18.745,200.307
1,43.008,104.971,0.9937,18.745,201.348
1,43.208,104.972,0.9176,18.745,202.389
1,43.408,104.973,0.8415,18.746,203.431
1,43.608,104.974,0.7654,18.746,204.472
1,43.808,104.976,0.6495,18.747,205.514
1,44.008,104.979,0.4928,18.747,206.555
1,44.208,104.982,0.336,18.747,207.597
1,44.408,104.985,0.1793,18.748,208.638
1,44.608,104.987,0.0225,18.748,209.68
1,44.808,104.988,0.0,18.749,210.721
1,45.008,104.988,0.0,18.754,211.763
1,45.208,104.988,0.0,18.765,212.805
1,45.408,104.988,0.0,18.781,213.847
1,45.608,104.988,0.0,18.803,214.891
1,45.808,104.988,0.0,18.829,215.935
1,46.008,104.988,0.0,18.86,216.981
1,46.208,104.988,0.0,18.894,218.029
1,46.408,104.988,0.0,18.932,219.079
1,46.608,104.988,0.0,18.973,220.131
1,46.808,104.988,0.0,19.019,221.185
1,47.008,104.988,0.0,19.066,222.241
1,47.208,104.988,0.0,19.116,223.301
1,47.408,104.988,0.0,19.168,224.363
1,47.608,104.988,0.0,19.223,225.427
1,47.808,104.988,0.0,19.279,226.495
1,48.008,104.988,0.0,19.337,227.566
1,48.208,104.988,0.0,19.396,228.641
1,48.408,104.988,0.0,19.456,229.718
1,48.608,104.988,0.0,19.517,230.799
1,48.808,104.988,0.0,19.578,231.883
1,49.008,104.988,0.0,19.638,232.971
1,49.208,104.988,0.0,19.698,234.062
1,49.408,104.988,0.0,19.757,235.156
1,49.608,104.988,0.0,19.815,236.254
1,49.808,104.988,0.0,19.871,237.355
1,50.008,104.988,0.0,19.923,238.459
1,50.208,104.988,0.0,19.973,239.566
1,50.408,104.988,0.0,20.02,240.675
1,50.608,104.988,0.0,20.064,241.788
1,50.808,104.988,0.0,20.102,242.902
1,51.008,104.988,0.0,20.137,244.019
1,51.208,104.988,0.0,20.167,245.138
1,51.408,104.988,0.0,20.193,246.258
1,51.608,104.988,0.0,20.214,247.38
1,51.808,104.988,0.0,20.229,248.503
1,52.008,104.988,0.0,20.238,249.627
1,52.208,104.988,0.0,20.243,250.751
1,52.408,104.988,0.0,20.241,251.876
1,52.608,104.988,0.0,20.234,253.0
1,52.808,104.988,0.0,20.221,254.124
1,53.008,104.988,0.0,20.203,255.248
1,53.208,104.988,0.0,20.178,256.37
1,53.408,104.988,0.0,20.147,257.491
1,53.608,104.988,0.0,20.109,258.61
1,53.808,104.988,0.0,20.064,259.728
1,54.008,104.988,0.0,20.013,260.842
1,54.208,104.988,0.0,19.955,261.954
1,54.408,104.988,0.0,19.89,263.063
1,54.608,104.988,0.0,19.818,264.168
1,54.808,104.988,0.0,19.74,265.269
1,55.008,104.987,0.0587,19.654,266.365
1,55.208,104.982,0.3375,19.564,267.457
1,55.408,104.977,0.5989,19.482,268.544
1,55.608,104.973,0.845,19.409,269.626
1,55.808,104.969,1.0878,19.343,270.705
1,56.008,104.965,1.3239,19.284,271.779
1,56.208,104.961,1.5494,19.23,272.851
1,56.408,104.957,1.7654,19.182,273.919
1,56.608,104.953,1.9731,19.138,274.985
1,56.808,104.95,2.1828,19.098,276.048
1,57.008,104.946,2.3861,19.063,277.109
1,57.208,104.942,2.5835,19.03,278.168
1,57.408,104.939,2.7756,19.001,279.225
1,57.608,104.936,2.9473,18.974,280.281
1,57.808,104.934,3.0713,18.949,281.335
1,58.008,104.932,3.1917,18.927,282.388
1,58.208,104.929,3.3089,18.907,283.439
1,58.408,104.927,3.4233,18.889,284.49
1,58.608,104.926,3.5241,18.872,285.539
1,58.808,104.924,3.6123,18.857,286.587
1,59.008,104.922,3.6984,18.843,287.635
1,59.208,104.921,3.7827,18.831,288.682
1,59.408,104.919,3.8654,18.819,289.728
1,59.608,104.917,3.9714,18.809,290.774
1,59.808,104.915,4.0849,18.799,291.818
1,60.008,104.913,4.1973,18.79,292.863
1,60.208,104.911,4.3086,18.782,293.907
1,60.408,104.909,4.419,18.774,294.95
1,60.608,104.907,4.528,18.767,295.993
1,60.808,104.905,4.6362,18.76,297.036
1,61.008,104.903,4.7437,18.754,298.078
1,61.208,104.901,4.8507,18.748,299.12
1,61.408,104.899,4.9546,18.743,300.162
1,61.608,104.898,5.0448,18.737,301.203
1,61.808,104.896,5.1345,18.732,302.244
1,62.008,104.894,5.2238,18.728,303.284
1,62.208,104.893,5.3127,18.723,304.325
1,62.408,104.891,5.3974,18.719,305.365
1,62.608,104.89,5.4747,18.715,306.405
1,62.808,104.888,5.5516,18.711,307.445
1,63.008,104.887,5.6283,18.707,308.484
1,63.208,104.885,5.7047,18.704,309.524
1,63.408,104.884,5.7676,18.7,310.563
1,63.608,104.883,5.8191,18.697,311.602
1,63.808,104.882,5.8704,18.694,312.64
1,64.008,104.881,5.9214,18.691,313.679
1,64.208,104.88,5.9722,18.688,314.717
1,64.408,104.879,6.0119,18.686,315.756
1,64.608,104.878,6.0473,18.683,316.794
1,64.808,104.878,6.0825,18.681,317.832
1,65.008,104.877,6.1175,18.679,318.869
1,65.208,104.876,6.1524,18.677,319.907
1,65.408,104.876,6.1688,18.675,320.945
1,65.608,104.875,6.1833,18.673,321.982
1,65.808,104.875,6.1976,18.671,323.02
1,66.008,104.874,6.2117,18.669,324.057
1,66.208,104.874,6.2252,18.668,325.094
1,66.408,104.874,6.2343,18.666,326.131
1,66.608,104.874,6.2433,18.665,327.168
1,66.808,104.873,6.2521,18.664,328.205
1,67.008,104.873,6.2608,18.663,329.242
1,67.208,104.873,6.2653,18.662,330.279
1,67.408,104.873,6.2583,18.661,331.316
1,67.608,104.873,6.2512,18.66,332.352
1,67.808,104.873,6.244,18.66,333.389
1,68.008,104.873,6.2367,18.659,334.426
1,68.208,104.873,6.2277,18.658,335.462
1,68.408,104.873,6.2166,18.658,336.499
1,68.608,104.873,6.2054,18.658,337.535
1,68.808,104.873,6.1942,18.657,338.572
1,69.008,104.873,6.1828,18.657,339.608
1,69.208,104.873,6.1658,18.657,340.645
1,69.408,104.873,6.1453,18.657,341.681
1,69.608,104.873,6.1247,18.657,342.718
1,69.808,104.874,6.104,18.657,343.754
1,70.008,104.874,6.0832,18.657,344.791
1,70.208,104.874,6.0496,18.657,345.827
1,70.408,104.875,6.0127,18.657,346.864
1,70.608,104.875,5.9756,18.658,347.9
1,70.808,104.876,5.9385,18.658,348.937
1,71.008,104.876,5.9013,18.658,349.973
1,71.208,104.877,5.8521,18.659,351.01
1,71.408,104.878,5.8025,18.66,352.047
1,71.608,104.879,5.7527,18.66,353.083
1,71.808,104.879,5.7029,18.661,354.12
1,72.008,104.88,5.6518,18.662,355.157
1,72.208,104.881,5.5941,18.663,356.194
1,72.408,104.882,5.5363,18.664,357.23
1,72.608,104.883,5.4785,18.665,358.267
1,72.808,104.884,5.4205,18.666,359.304
1,73.008,104.884,5.3613,18.667,360.341
1,73.208,104.885,5.2993,18.668,361.378
1,73.408,104.886,5.2373,18.67,362.415
1,73.608,104.887,5.1752,18.671,363.453
1,73.808,104.888,5.1131,18.672,364.49
1,74.008,104.889,5.0483,18.674,365.527
1,74.208,104.89,4.9807,18.675,366.565
1,74.408,104.891,4.9131,18.676,367.602
1,74.608,104.893,4.8455,18.678,368.64
1,74.808,104.894,4.7778,18.679,369.677
1,75.008,104.895,4.7022,18.681,370.715
1,75.208,104.896,4.6229,18.682,371.753
1,75.408,104.897,4.5436,18.684,372.791
1,75.608,104.899,4.4642,18.685,373.829
1,75.808,104.9,4.3848,18.687,374.867
1,76.008,104.901,4.3003,18.689,375.905
1,76.208,104.903,4.2151,18.69,376.943
1,76.408,104.904,4.1298,18.692,377.982
1,76.608,104.905,4.0445,18.694,379.02
1,76.808,104.907,3.9592,18.695,380.059
1,77.008,104.908,3.8749,18.697,381.097
1,77.208,104.91,3.7906,18.699,382.136
1,77.408,104.911,3.7062,18.7,383.175
1,77.608,104.912,3.6219,18.702,384.214
1,77.808,104.914,3.5387,18.704,385.253
1,78.008,104.915,3.4592,18.705,386.292
1,78.208,104.916,3.3797,18.707,387.331
1,78.408,104.918,3.3003,18.709,388.37
1,78.608,104.919,3.2208,18.71,389.41
1,78.808,104.92,3.1439,18.712,390.449
1,79.008,104.921,3.0703,18.713,391.489
1,79.208,104.923,2.9967,18.715,392.528
1,79.408,104.924,2.9231,18.716,393.568
1,79.608,104.925,2.8496,18.718,394.608
1,79.808,104.926,2.7885,18.719,395.648
1,80.008,104.927,2.7349,18.72,396.688
1,80.208,104.928,2.6814,18.722,397.728
1,80.408,104.929,2.628,18.723,398.768
1,80.608,104.93,2.5746,18.724,399.808
1,80.808,104.93,2.5276,18.725,400.848
1,81.008,104.931,2.482,18.726,401.888
1,81.208,104.932,2.4364,18.727,402.929
1,81.408,104.932,2.3909,18.728,403.969
1,81.608,104.933,2.3456,18.729,405.01
1,81.808,104.934,2.3166,18.73,406.05
1,82.008,104.934,2.2877,18.731,407.091
1,82.208,104.935,2.2589,18.731,408.131
1,82.408,104.935,2.2301,18.732,409.172
1,82.608,104.935,2.2035,18.733,410.213
1,82.808,104.936,2.1852,18.734,411.253
1,83.008,104.936,2.1669,18.734,412.294
1,83.208,104.936,2.1488,18.735,413.335
1,83.408,104.936,2.1307,18.735,414.376
1,83.608,104.937,2.1123,18.736,415.416
1,83.808,104.937,2.0937,18.736,416.457
1,84.008,104.937,2.0751,18.737,417.498
1,84.208,104.938,2.0565,18.737,418.539
1,84.408,104.938,2.0379,18.738,419.58
1,84.608,104.938,2.0216,18.738,420.621
1,84.808,104.938,2.0068,18.738,421.662
1,85.008,104.939,1.9921,18.739,422.703
1,85.208,104.939,1.9773,18.739,423.744
1,85.408,104.939,1.9626,18.739,424.785
1,85.608,104.939,1.9416,18.739,425.826
1,85.808,104.94,1.9189,18.74,426.867
1,86.008,104.94,1.8963,18.74,427.908
1,86.208,104.94,1.8736,18.74,428.95
1,86.408,104.941,1.851,18.741,429.991
1,86.608,104.941,1.8262,18.741,431.032
1,86.808,104.941,1.8014,18.741,432.073
1,87.008,104.942,1.7766,18.741,433.114
1,87.208,104.942,1.7518,18.742,434.155
1,87.408,104.943,1.7289,18.742,435.197
1,87.608,104.943,1.7139,18.742,436.238
1,87.808,104.943,1.6989,18.742,437.279
1,88.008,104.943,1.684,18.742,438.32
1,88.208,104.943,1.669,18.743,439.361
1,88.408,104.944,1.6612,18.743,440.403
1,88.608,104.943,1.6646,18.743,441.444
1,88.808,104.943,1.6681,18.743,442.485
1,89.008,104.943,1.6717,18.743,443.527
1,89.208,104.943,1.6752,18.744,444.568
1,89.408,104.943,1.6865,18.744,445.609
1,89.608,104.943,1.7031,18.744,446.65
1,89.808,104.942,1.7199,18.744,447.692
1,90.008,104.942,1.7366,18.744,448.733
1,90.208,104.942,1.7534,18.744,449.774
1,90.408,104.941,1.7865,18.744,450.816
1,90.608,104.94,1.8241,18.744,451.857
1,90.808,104.94,1.8618,18.744,452.898
1,91.008,104.939,1.8995,18.744,453.94
1,91.208,104.938,1.9373,18.744,454.981
1,91.408,104.937,1.9993,18.743,456.022
1,91.608,104.936,2.0619,18.743,457.064
1,91.808,104.935,2.1246,18.743,458.105
1,92.008,104.934,2.1873,18.743,459.146
1,92.208,104.933,2.2494,18.742,460.187
1,92.408,104.931,2.308,18.742,461.229
1,92.608,104.93,2.3666,18.742,462.27
1,92.808,104.929,2.4253,18.741,463.311
1,93.008,104.928,2.484,18.741,464.352
1,93.208,104.927,2.5458,18.74,465.394
1,93.408,104.926,2.6127,18.74,466.435
1,93.608,104.925,2.6797,18.739,467.476
1,93.808,104.923,2.7467,18.739,468.517
1,94.008,104.922,2.8137,18.738,469.558
1,94.208,104.921,2.8714,18.738,470.599
1,94.408,104.92,2.9222,18.737,471.64
1,94.608,104.919,2.973,18.736,472.681
1,94.808,104.918,3.0238,18.736,473.722
1,95.008,104.917,3.0746,18.735,474.763
1,95.208,104.917,3.1108,18.734,475.803
1,95.408,104.916,3.1427,18.734,476.844
1,95.608,104.915,3.1746,18.733,477.885
1,95.808,104.915,3.2064,18.732,478.926
1,96.008,104.914,3.2382,18.732,479.966
1,96.208,104.914,3.2473,18.731,481.007
1,96.408,104.914,3.2556,18.73,482.048
1,96.608,104.913,3.2638,18.73,483.088
1,96.808,104.913,3.2719,18.729,484.129
1,97.008,104.913,3.2776,18.729,485.169
1,97.208,104.913,3.2705,18.728,486.21
1,97.408,104.913,3.2634,18.728,487.25
1,97.608,104.913,3.2562,18.728,488.291
1,97.808,104.913,3.2489,18.728,489.331
1,98.008,104.913,3.2369,18.727,490.371
1,98.208,104.914,3.2163,18.727,491.412
1,98.408,104.914,3.1957,18.727,492.452
1,98.608,104.914,3.175,18.727,493.493
1,98.808,104.915,3.1542,18.727,494.533
1,99.008,104.915,3.131,18.727,495.573
1,99.208,104.915,3.1056,18.727,496.614
1,99.408,104.916,3.0803,18.727,497.654
1,99.608,104.916,3.0549,18.727,498.695
1,99.808,104.916,3.0294,18.727,499.735
1,100.008,104.917,3.0039,18.727,500.775
1,100.208,104.917,2.9783,18.727,501.816
1,100.408,104.918,2.9527,18.728,502.856
1,100.608,104.918,2.927,18.728,503.897
1,100.808,104.918,2.9014,18.728,504.937
1,101.008,104.919,2.8789,18.728,505.977
1,101.208,104.919,2.8566,18.729,507.018
1,101.408,104.919,2.8343,18.729,508.058
1,101.608,104.92,2.812,18.729,509.099
1,101.808,104.92,2.7901,18.729,510.139
1,102.008,104.92,2.7709,18.73,511.18
1,102.208,104.92,2.7516,18.73,512.22
1,102.408,104.921,2.7323,18.73,513.261
1,102.608,104.921,2.7131,18.73,514.302
1,102.808,104.921,2.6924,18.731,515.342
1,103.008,104.922,2.6686,18.731,516.383
1,103.208,104.922,2.6449,18.731,517.423
1,103.408,104.922,2.6211,18.732,518.464
1,103.608,104.923,2.5974,18.732,519.505
1,103.808,104.923,2.5696,18.732,520.545
1,104.008,104.924,2.5381,18.732,521.586
1,104.208,104.924,2.5066,18.733,522.627
1,104.408,104.925,2.475,18.733,523.667
1,104.608,104.925,2.4435,18.733,524.708
1,104.808,104.926,2.4067,18.734,525.749
1,105.008,104.926,2.3679,18.734,526.79
1,105.208,104.927,2.329,18.734,527.83
1,105.408,104.928,2.2902,18.735,528.871
1,105.608,104.928,2.2513,18.735,529.912
1,105.808,104.929,2.2203,18.736,530.953
1,106.008,104.929,2.19,18.736,531.994
1,106.208,104.93,2.1597,18.736,533.035
1,106.408,104.93,2.1294,18.737,534.076
1,106.608,104.931,2.1004,18.737,535.116
1,106.808,104.931,2.0809,18.737,536.157
1,107.008,104.931,2.0615,18.738,537.198
1,107.208,104.931,2.0422,18.738,538.239
1,107.408,104.932,2.0228,18.738,539.28
1,107.608,104.932,2.0107,18.739,540.321
1,107.808,104.932,2.0148,18.739,541.362
1,108.008,104.932,2.0189,18.739,542.403
1,108.208,104.931,2.023,18.739,543.445
1,108.408,104.931,2.0272,18.74,544.486
1,108.608,104.931,2.0411,18.74,545.527
1,108.808,104.931,2.0646,18.74,546.568
1,109.008,104.93,2.0881,18.74,547.609
1,109.208,104.93,2.1116,18.74,548.65
1,109.408,104.929,2.1352,18.74,549.691
1,109.608,104.928,2.1789,18.74,550.732
1,109.808,104.927,2.2311,18.74,551.773
1,110.008,104.927,2.2834,18.74,552.815
1,110.208,104.926,2.3358,18.74,553.856
1,110.408,104.925,2.3882,18.74,554.897
1,110.608,104.923,2.4668,18.739,555.938
1,110.808,104.922,2.5483,18.739,556.979
1,111.008,104.92,2.6299,18.739,558.02
1,111.208,104.919,2.7116,18.738,559.061
1,111.408,104.917,2.7955,18.738,560.102
1,111.608,104.915,2.8991,18.737,561.143
1,111.808,104.913,3.0029,18.737,562.184
1,112.008,104.912,3.1067,18.736,563.225
1,112.208,104.91,3.2106,18.735,564.266
1,112.408,104.908,3.3173,18.734,565.307
1,112.608,104.906,3.4303,18.733,566.347
1,112.808,104.904,3.5435,18.732,567.388
1,113.008,104.902,3.6567,18.731,568.429
1,113.208,104.9,3.7701,18.73,569.469
1,113.408,104.898,3.8837,18.728,570.51
1,113.608,104.895,3.9975,18.727,571.55
1,113.808,104.893,4.1114,18.725,572.591
1,114.008,104.891,4.2254,18.724,573.631
1,114.208,104.889,4.3395,18.722,574.671
1,114.408,104.887,4.4483,18.72,575.711
1,114.608,104.885,4.5547,18.718,576.751
1,114.808,104.883,4.6612,18.716,577.791
1,115.008,104.881,4.7677,18.715,578.831
1,115.208,104.879,4.8742,18.713,579.871
1,115.408,104.878,4.9663,18.71,580.91
1,115.608,104.876,5.0562,18.708,581.95
1,115.808,104.874,5.1462,18.706,582.989
1,116.008,104.873,5.2362,18.704,584.028
1,116.208,104.871,5.3251,18.702,585.068
1,116.408,104.87,5.3991,18.7,586.107
1,116.608,104.868,5.473,18.698,587.145
1,116.808,104.867,5.5469,18.696,588.184
1,117.008,104.865,5.6207,18.693,589.223
1,117.208,104.864,5.6921,18.691,590.261
1,117.408,104.863,5.7564,18.689,591.3
1,117.608,104.861,5.8206,18.687,592.338
1,117.808,104.86,5.8847,18.685,593.376
1,118.008,104.859,5.9488,18.683,594.414
1,118.208,104.858,6.0114,18.681,595.452
1,118.408,104.857,6.0719,18.679,596.49
1,118.608,104.855,6.1324,18.677,597.528
1,118.808,104.854,6.1928,18.675,598.565
1,119.008,104.853,6.2532,18.673,599.603
1,119.208,104.852,6.3058,18.671,600.64
1,119.408,104.851,6.3534,18.669,601.678
1,119.608,104.85,6.401,18.667,602.715
1,119.808,104.849,6.4486,18.665,603.752
1,120.008,104.848,6.4961,18.663,604.789
1,120.208,104.847,6.5382,18.662,605.826
1,120.408,104.846,6.5789,18.66,606.862
1,120.608,104.845,6.6195,18.658,607.899
1,120.808,104.845,6.6601,18.656,608.936
1,121.008,104.844,6.7006,18.655,609.972
1,121.208,104.843,6.7132,18.653,611.008
1,121.408,104.843,6.7248,18.652,612.045
1,121.608,104.843,6.7364,18.65,613.081
1,121.808,104.842,6.7478,18.649,614.117
1,122.008,104.842,6.7549,18.648,615.153
1,122.208,104.842,6.738,18.647,616.189
1,122.408,104.842,6.7208,18.646,617.225
1,122.608,104.842,6.7035,18.645,618.261
1,122.808,104.843,6.686,18.644,619.297
1,123.008,104.843,6.6565,18.644,620.332
1,123.208,104.844,6.6014,18.643,621.368
1,123.408,104.845,6.5461,18.643,622.404
1,123.608,104.845,6.4905,18.643,623.44
1,123.808,104.846,6.4347,18.643,624.475
1,124.008,104.847,6.3623,18.644,625.511
1,124.208,104.849,6.2728,18.644,626.547
1,124.408,104.85,6.183,18.645,627.583
1,124.608,104.852,6.093,18.646,628.619
1,124.808,104.853,6.0027,18.647,629.654
1,125.008,104.855,5.8961,18.649,630.69
1,125.208,104.857,5.7811,18.65,631.726
1,125.408,104.859,5.6658,18.652,632.763
1,125.608,104.86,5.5503,18.654,633.799
1,125.808,104.862,5.4346,18.656,634.835
1,126.008,104.864,5.3103,18.658,635.872
1,126.208,104.866,5.1841,18.66,636.908
1,126.408,104.868,5.0578,18.663,637.945
1,126.608,104.871,4.9313,18.665,638.982
1,126.808,104.873,4.8045,18.668,640.019
1,127.008,104.875,4.6708,18.67,641.056
1,127.208,104.877,4.5371,18.673,642.093
1,127.408,104.879,4.4032,18.676,643.13
1,127.608,104.882,4.2692,18.678,644.168
1,127.808,104.884,4.135,18.681,645.205
1,128.008,104.886,4.0002,18.684,646.243
1,128.208,104.888,3.8654,18.687,647.281
1,128.408,104.891,3.7305,18.689,648.319
1,128.608,104.893,3.5956,18.692,649.358
1,128.808,104.895,3.4633,18.695,650.396
1,129.008,104.897,3.3353,18.697,651.435
1,129.208,104.899,3.2073,18.7,652.474
1,129.408,104.901,3.0793,18.703,653.512
1,129.608,104.904,2.9513,18.705,654.551
1,129.808,104.906,2.8323,18.708,655.591
1,130.008,104.908,2.7199,18.71,656.63
1,130.208,104.909,2.6077,18.712,657.669
1,130.408,104.911,2.4955,18.715,658.709
1,130.608,104.913,2.3834,18.717,659.749
1,130.808,104.915,2.2894,18.719,660.788
1,131.008,104.916,2.2014,18.721,661.828
1,131.208,104.918,2.1135,18.723,662.868
1,131.408,104.919,2.0256,18.724,663.909
1,131.608,104.921,1.9379,18.726,664.949
1,131.808,104.922,1.8716,18.728,665.989
1,132.008,104.923,1.8066,18.729,667.03
1,132.208,104.924,1.7417,18.731,668.07
1,132.408,104.925,1.6769,18.732,669.111
1,132.608,104.926,1.6143,18.733,670.151
1,132.808,104.927,1.5642,18.734,671.192
1,133.008,104.928,1.5142,18.736,672.233
1,133.208,104.929,1.4643,18.737,673.274
1,133.408,104.929,1.4145,18.738,674.315
1,133.608,104.93,1.3711,18.738,675.356
1,133.808,104.931,1.3401,18.739,676.397
1,134.008,104.931,1.3092,18.74,677.438
1,134.208,104.932,1.2783,18.741,678.479
1,134.408,104.932,1.2475,18.742,679.52
1,134.608,104.933,1.2171,18.742,680.561
1,134.808,104.933,1.187,18.743,681.602
1,135.008,104.934,1.1569,18.743,682.644
1,135.208,104.934,1.1269,18.744,683.685
1,135.408,104.935,1.097,18.744,684.726
1,135.608,104.935,1.0786,18.745,685.768
1,135.808,104.935,1.0645,18.745,686.809
1,136.008,104.935,1.0504,18.745,687.85
1,136.208,104.936,1.0363,18.746,688.892
1,136.408,104.936,1.0223,18.746,689.933
1,136.608,104.936,1.0198,18.746,690.975
1,136.808,104.936,1.0181,18.747,692.016
1,137.008,104.936,1.0164,18.747,693.058
1,137.208,104.936,1.0148,18.747,694.099
1,137.408,104.936,1.0155,18.747,695.141
1,137.608,104.936,1.0305,18.748,696.182
1,137.808,104.935,1.0456,18.748,697.224
1,138.008,104.935,1.0607,18.748,698.265
1,138.208,104.935,1.0758,18.748,699.307
1,138.408,104.934,1.0967,18.748,700.348
1,138.608,104.934,1.129,18.748,701.39
1,138.808,104.933,1.1614,18.748,702.431
1,139.008,104.933,1.1937,18.748,703.473
1,139.208,104.932,1.2262,18.748,704.515
1,139.408,104.931,1.2703,18.748,705.556
1,139.608,104.93,1.3248,18.748,706.598
1,139.808,104.929,1.3793,18.748,707.639
1,140.008,104.928,1.4339,18.748,708.681
1,140.208,104.927,1.4885,18.748,709.722
1,140.408,104.926,1.5503,18.748,710.764
1,140.608,104.925,1.6147,18.747,711.805
1,140.808,104.924,1.6792,18.747,712.847
1,141.008,104.923,1.7438,18.747,713.888
1,141.208,104.922,1.8084,18.747,714.93
1,141.408,104.92,1.8735,18.746,715.971
1,141.608,104.919,1.9387,18.746,717.013
1,141.808,104.918,2.004,18.746,718.054
1,142.008,104.917,2.0693,18.745,719.096
1,142.208,104.916,2.1358,18.745,720.137
1,142.408,104.914,2.2104,18.744,721.179
1,142.608,104.913,2.2851,18.744,722.22
1,142.808,104.912,2.3598,18.743,723.261
1,143.008,104.91,2.4345,18.743,724.303
1,143.208,104.909,2.5089,18.742,725.344
1,143.408,104.908,2.5826,18.742,726.385
1,143.608,104.906,2.6564,18.741,727.426
1,143.808,104.905,2.7301,18.74,728.467
1,144.008,104.903,2.804,18.739,729.509
1,144.208,104.902,2.8763,18.739,730.55
1,144.408,104.901,2.9473,18.738,731.591
1,144.608,104.9,3.0183,18.737,732.632
1,144.808,104.898,3.0894,18.736,733.673
1,145.008,104.897,3.1605,18.735,734.713
1,145.208,104.896,3.2337,18.735,735.754
1,145.408,104.894,3.3078,18.734,736.795
1,145.608,104.893,3.3819,18.733,737.836
1,145.808,104.892,3.456,18.732,738.877
1,146.008,104.89,3.5302,18.731,739.917
1,146.208,104.889,3.6026,18.73,740.958
1,146.408,104.887,3.6749,18.729,741.998
1,146.608,104.886,3.7471,18.728,743.039
1,146.808,104.885,3.8195,18.726,744.079
1,147.008,104.883,3.8921,18.725,745.12
1,147.208,104.882,3.9668,18.724,746.16
1,147.408,104.881,4.0415,18.723,747.2
1,147.608,104.879,4.1162,18.722,748.24
1,147.808,104.878,4.191,18.72,749.28
1,148.008,104.876,4.2655,18.719,750.32
1,148.208,104.875,4.3395,18.718,751.36
1,148.408,104.874,4.4134,18.716,752.4
1,148.608,104.872,4.4874,18.715,753.44
1,148.808,104.871,4.5613,18.714,754.48
1,149.008,104.87,4.6255,18.712,755.519
1,149.208,104.869,4.6799,18.711,756.559
1,149.408,104.868,4.7342,18.709,757.599
1,149.608,104.867,4.7885,18.708,758.638
1,149.808,104.865,4.8427,18.707,759.677
1,150.008,104.865,4.8886,18.705,760.717
1,150.208,104.864,4.9307,18.704,761.756
1,150.408,104.863,4.9728,18.703,762.795
1,150.608,104.862,5.0148,18.701,763.834
1,150.808,104.861,5.0568,18.7,764.873
1,151.008,104.861,5.0887,18.699,765.912
1,151.208,104.86,5.1191,18.697,766.951
1,151.408,104.859,5.1495,18.696,767.989
1,151.608,104.859,5.1798,18.695,769.028
1,151.808,104.858,5.2093,18.694,770.067
1,152.008,104.858,5.2282,18.693,771.105
1,152.208,104.857,5.247,18.692,772.144
1,152.408,104.857,5.2657,18.691,773.182
1,152.608,104.856,5.2844,18.69,774.22
1,152.808,104.856,5.3019,18.689,775.259
1,153.008,104.855,5.3162,18.688,776.297
1,153.208,104.855,5.3304,18.688,777.335
1,153.408,104.855,5.3445,18.687,778.374
1,153.608,104.854,5.3586,18.686,779.412
1,153.808,104.854,5.3703,18.685,780.45
1,154.008,104.854,5.3788,18.685,781.488
1,154.208,104.853,5.3872,18.684,782.526
1,154.408,104.853,5.3956,18.684,783.564
1,154.608,104.853,5.4039,18.683,784.602
1,154.808,104.853,5.4082,18.683,785.64
1,155.008,104.853,5.41,18.682,786.678
1,155.208,104.852,5.4117,18.682,787.716
1,155.408,104.852,5.4134,18.681,788.754
1,155.608,104.852,5.415,18.681,789.791
1,155.808,104.852,5.4091,18.681,790.829
1,156.008,104.852,5.4013,18.68,791.867
1,156.208,104.852,5.3934,18.68,792.905
1,156.408,104.852,5.3854,18.68,793.943
1,156.608,104.852,5.3774,18.68,794.98
1,156.808,104.852,5.3702,18.68,796.018
1,157.008,104.852,5.363,18.68,797.056
1,157.208,104.852,5.3557,18.68,798.094
1,157.408,104.852,5.3484,18.68,799.132
1,157.608,104.852,5.3401,18.68,800.169
1,157.808,104.852,5.3269,18.68,801.207
1,158.008,104.852,5.3136,18.68,802.245
1,158.208,104.852,5.3003,18.68,803.283
1,158.408,104.853,5.2869,18.68,804.32
1,158.608,104.853,5.2689,18.68,805.358
1,158.808,104.853,5.2419,18.68,806.396
1,159.008,104.853,5.2149,18.68,807.434
1,159.208,104.854,5.1878,18.681,808.471
1,159.408,104.854,5.1606,18.681,809.509
1,159.608,104.855,5.1292,18.681,810.547
1,159.808,104.855,5.0938,18.682,811.585
1,160.008,104.856,5.0584,18.682,812.623
1,160.208,104.856,5.0229,18.683,813.661
1,160.408,104.857,4.9874,18.683,814.699
1,160.608,104.857,4.9427,18.684,815.737
1,160.808,104.858,4.8942,18.685,816.775
1,161.008,104.859,4.8456,18.685,817.813
1,161.208,104.859,4.797,18.686,818.851
1,161.408,104.86,4.7483,18.687,819.889
1,161.608,104.861,4.6859,18.688,820.927
1,161.808,104.862,4.6218,18.688,821.965
1,162.008,104.863,4.5576,18.689,823.003
1,162.208,104.864,4.4934,18.69,824.042
1,162.408,104.865,4.4289,18.691,825.08
1,162.608,104.866,4.3623,18.693,826.119
1,162.808,104.867,4.2957,18.694,827.157
1,163.008,104.868,4.229,18.695,828.196
1,163.208,104.869,4.1623,18.696,829.234
1,163.408,104.871,4.0961,18.697,830.273
1,163.608,104.872,4.0314,18.698,831.312
1,163.808,104.873,3.9667,18.7,832.35
1,164.008,104.874,3.902,18.701,833.389
1,164.208,104.875,3.8372,18.702,834.428
1,164.408,104.876,3.7763,18.703,835.467
1,164.608,104.877,3.7201,18.705,836.506
1,164.808,104.877,3.6639,18.706,837.545
1,165.008,104.878,3.6077,18.707,838.585
1,165.208,104.879,3.5516,18.708,839.624
1,165.408,104.88,3.5124,18.709,840.663
1,165.608,104.88,3.483,18.711,841.703
1,165.808,104.881,3.4536,18.712,842.742
1,166.008,104.881,3.4243,18.713,843.782
1,166.208,104.882,3.395,18.714,844.821
1,166.408,104.882,3.3725,18.715,845.861
1,166.608,104.882,3.3515,18.715,846.901
1,166.808,104.882,3.3305,18.716,847.94
1,167.008,104.883,3.3095,18.717,848.98
1,167.208,104.883,3.2889,18.718,850.02
1,167.408,104.883,3.2789,18.718,851.06
1,167.608,104.883,3.269,18.719,852.1
1,167.808,104.883,3.2592,18.72,853.14
1,168.008,104.883,3.2495,18.72,854.18
1,168.208,104.883,3.2435,18.721,855.22
1,168.408,104.883,3.2513,18.721,856.26
1,168.608,104.883,3.2593,18.721,857.3
1,168.808,104.883,3.2673,18.722,858.34
1,169.008,104.883,3.2754,18.722,859.38
1,169.208,104.882,3.28,18.722,860.42
1,169.408,104.882,3.2793,18.723,861.46
1,169.608,104.882,3.2787,18.723,862.5
1,169.808,104.882,3.2781,18.723,863.54
1,170.008,104.882,3.2776,18.723,864.581
1,170.208,104.882,3.2799,18.723,865.621
1,170.408,104.882,3.2842,18.723,866.661
1,170.608,104.882,3.2885,18.724,867.701
1,170.808,104.882,3.2929,18.724,868.741
1,171.008,104.881,3.2972,18.724,869.782
1,171.208,104.881,3.3051,18.724,870.822
1,171.408,104.881,3.314,18.724,871.862
1,171.608,104.881,3.3229,18.724,872.902
1,171.808,104.881,3.3318,18.724,873.942
1,172.008,104.88,3.3407,18.724,874.983
1,172.208,104.88,3.3469,18.724,876.023
1,172.408,104.88,3.3529,18.724,877.063
1,172.608,104.88,3.359,18.724,878.103
1,172.808,104.88,3.3651,18.724,879.144
1,173.008,104.879,3.3725,18.724,880.184
1,173.208,104.879,3.386,18.724,881.224
1,173.408,104.879,3.3994,18.724,882.264
1,173.608,104.878,3.4129,18.723,883.304
1,173.808,104.878,3.4264,18.723,884.345
1,174.008,104.878,3.4388,18.723,885.385
1,174.208,104.878,3.4494,18.723,886.425
1,174.408,104.877,3.46,18.723,887.465
1,174.608,104.877,3.4706,18.723,888.505
1,174.808,104.877,3.4812,18.723,889.545
1,175.008,104.876,3.4976,18.723,890.586
1,175.208,104.876,3.5186,18.722,891.626
1,175.408,104.876,3.5397,18.722,892.666
1,175.608,104.875,3.5607,18.722,893.706
1,175.808,104.875,3.5818,18.722,894.746
1,176.008,104.874,3.595,18.722,895.786
1,176.208,104.874,3.6057,18.721,896.826
1,176.408,104.874,3.6164,18.721,897.866
1,176.608,104.874,3.6271,18.721,898.906
1,176.808,104.873,3.6377,18.721,899.946
1,177.008,104.873,3.6581,18.72,900.986
1,177.208,104.872,3.6791,18.72,902.026
1,177.408,104.872,3.7,18.72,903.066
1,177.608,104.871,3.721,18.72,904.106
1,177.808,104.871,3.7396,18.719,905.146
1,178.008,104.871,3.7433,18.719,906.186
1,178.208,104.871,3.747,18.719,907.226
1,178.408,104.871,3.7506,18.719,908.266
1,178.608,104.87,3.7542,18.718,909.306
1,178.808,104.87,3.7616,18.718,910.346
1,179.008,104.87,3.7764,18.718,911.386
1,179.208,104.87,3.7912,18.718,912.426
1,179.408,104.869,3.806,18.718,913.466
1,179.608,104.869,3.8208,18.717,914.506
1,179.808,104.869,3.8261,18.717,915.546
1,180.008,104.869,3.8226,18.717,916.585
1,180.208,104.869,3.8191,18.717,917.625
1,180.408,104.869,3.8155,18.717,918.665
1,180.608,104.869,3.8119,18.716,919.705
1,180.808,104.869,3.8084,18.716,920.745
1,181.008,104.869,3.8048,18.716,921.784
1,181.208,104.869,3.8013,18.716,922.824
1,181.408,104.869,3.7977,18.716,923.864
1,181.608,104.868,3.7941,18.716,924.904
1,181.808,104.869,3.7779,18.716,925.944
1,182.008,104.869,3.7603,18.716,926.983
1,182.208,104.869,3.7427,18.716,928.023
1,182.408,104.869,3.7251,18.716,929.063
1,182.608,104.87,3.707,18.716,930.103
1,182.808,104.87,3.6848,18.716,931.142
1,183.008,104.87,3.6626,18.716,932.182
1,183.208,104.87,3.6403,18.716,933.222
1,183.408,104.871,3.618,18.717,934.262
1,183.608,104.871,3.596,18.717,935.302
1,183.808,104.871,3.5747,18.717,936.341
1,184.008,104.872,3.5533,18.717,937.381
1,184.208,104.872,3.532,18.718,938.421
1,184.408,104.872,3.5106,18.718,939.461
1,184.608,104.873,3.4862,18.718,940.501
1,184.808,104.873,3.4584,18.718,941.541
1,185.008,104.873,3.4306,18.719,942.581
1,185.208,104.874,3.4028,18.719,943.621
1,185.408,104.874,3.375,18.719,944.661
1,185.608,104.875,3.3472,18.72,945.701
1,185.808,104.875,3.3195,18.72,946.741
1,186.008,104.875,3.2917,18.721,947.781
1,186.208,104.876,3.2639,18.721,948.821
1,186.408,104.876,3.2361,18.721,949.861
1,186.608,104.877,3.2098,18.722,950.901
1,186.808,104.877,3.1838,18.722,951.941
1,187.008,104.877,3.1578,18.723,952.981
1,187.208,104.878,3.1318,18.723,954.021
1,187.408,104.878,3.1051,18.723,955.061
1,187.608,104.879,3.0674,18.724,956.101
1,187.808,104.879,3.0296,18.724,957.142
1,188.008,104.88,2.9918,18.725,958.182
1,188.208,104.881,2.954,18.725,959.222
1,188.408,104.881,2.9161,18.726,960.262
1,188.608,104.882,2.8777,18.726,961.303
1,188.808,104.882,2.8393,18.727,962.343
1,189.008,104.883,2.8008,18.727,963.383
1,189.208,104.884,2.7624,18.728,964.424
1,189.408,104.884,2.7291,18.728,965.464
1,189.608,104.884,2.7023,18.729,966.505
1,189.808,104.885,2.6755,18.729,967.545
1,190.008,104.885,2.6487,18.729,968.586
1,190.208,104.886,2.6219,18.73,969.626
1,190.408,104.886,2.602,18.73,970.667
1,190.608,104.886,2.5861,18.731,971.707
1,190.808,104.886,2.5701,18.731,972.748
1,191.008,104.887,2.5542,18.732,973.788
1,191.208,104.887,2.5383,18.732,974.829
1,191.408,104.887,2.5349,18.732,975.87
1,191.608,104.887,2.5339,18.733,976.91
1,191.808,104.887,2.533,18.733,977.951
1,192.008,104.887,2.5321,18.733,978.992
1,192.208,104.887,2.5318,18.733,980.033
1,192.408,104.886,2.5475,18.734,981.073
1,192.608,104.886,2.5633,18.734,982.114
1,192.808,104.886,2.5791,18.734,983.155
1,193.008,104.885,2.595,18.734,984.196
1,193.208,104.885,2.6139,18.734,985.236
1,193.408,104.884,2.6428,18.734,986.277
1,193.608,104.884,2.6717,18.734,987.318
1,193.808,104.883,2.7008,18.734,988.359
1,194.008,104.883,2.7298,18.734,989.4
1,194.208,104.882,2.761,18.734,990.44
1,194.408,104.881,2.7951,18.734,991.481
1,194.608,104.881,2.8292,18.734,992.522
1,194.808,104.88,2.8633,18.733,993.563
1,195.008,104.879,2.8975,18.733,994.603
1,195.208,104.879,2.9388,18.733,995.644
1,195.408,104.878,2.9845,18.733,996.685
1,195.608,104.877,3.0302,18.732,997.726
1,195.808,104.876,3.076,18.732,998.766
1,196.008,104.875,3.1218,18.732,999.807
1,196.208,104.874,3.1605,18.731,1000.848
1,196.408,104.874,3.1977,18.731,1001.888
1,196.608,104.873,3.2349,18.73,1002.929
1,196.808,104.872,3.2721,18.73,1003.969
1,197.008,104.872,3.3095,18.729,1005.01
1,197.208,104.871,3.3626,18.729,1006.05
1,197.408,104.87,3.4156,18.728,1007.091
1,197.608,104.869,3.4687,18.728,1008.131
1,197.808,104.868,3.5219,18.727,1009.172
1,198.008,104.867,3.572,18.726,1010.212
1,198.208,104.866,3.6102,18.726,1011.253
1,198.408,104.865,3.6484,18.725,1012.293
1,198.608,104.864,3.6866,18.724,1013.333
1,198.808,104.864,3.7248,18.724,1014.373
1,199.008,104.863,3.7614,18.723,1015.414
1,199.208,104.862,3.7954,18.722,1016.454
1,199.408,104.862,3.8295,18.722,1017.494
1,199.608,104.861,3.8635,18.721,1018.534
1,199.808,104.86,3.8975,18.72,1019.574
1,200.008,104.859,3.9334,18.72,1020.614
1,200.208,104.859,3.9706,18.719,1021.654
1,200.408,104.858,4.0078,18.718,1022.694
1,200.608,104.857,4.045,18.718,1023.734
1,200.808,104.857,4.0822,18.717,1024.774
1,201.008,104.856,4.1144,18.716,1025.814
1,201.208,104.855,4.1453,18.715,1026.853
1,201.408,104.855,4.1761,18.715,1027.893
1,201.608,104.854,4.2069,18.714,1028.933
1,201.808,104.853,4.2378,18.713,1029.972
1,202.008,104.853,4.2698,18.713,1031.012
1,202.208,104.852,4.3019,18.712,1032.052
1,202.408,104.851,4.334,18.711,1033.091
1,202.608,104.851,4.3661,18.711,1034.131
1,202.808,104.85,4.3977,18.71,1035.17
1,203.008,104.849,4.4266,18.709,1036.21
1,203.208,104.849,4.4556,18.709,1037.249
1,203.408,104.848,4.4845,18.708,1038.288
1,203.608,104.848,4.5135,18.707,1039.328
1,203.808,104.847,4.5426,18.707,1040.367
1,204.008,104.846,4.5719,18.706,1041.406
1,204.208,104.846,4.6013,18.705,1042.445
1,204.408,104.845,4.6306,18.705,1043.485
1,204.608,104.845,4.6599,18.704,1044.524
1,204.808,104.844,4.6924,18.703,1045.563
1,205.008,104.843,4.7275,18.702,1046.602
1,205.208,104.842,4.7626,18.702,1047.641
1,205.408,104.842,4.7977,18.701,1048.68
1,205.608,104.841,4.8328,18.7,1049.719
1,205.808,104.84,4.862,18.7,1050.758
1,206.008,104.84,4.8888,18.699,1051.797
1,206.208,104.839,4.9157,18.698,1052.836
1,206.408,104.839,4.9426,18.697,1053.874
1,206.608,104.838,4.9694,18.697,1054.913
1,206.808,104.838,4.9823,18.696,1055.952
1,207.008,104.837,4.9938,18.695,1056.99
1,207.208,104.837,5.0052,18.695,1058.029
1,207.408,104.837,5.0167,18.694,1059.068
1,207.608,104.837,5.0267,18.693,1060.106
1,207.808,104.836,5.0254,18.693,1061.145
1,208.008,104.836,5.0241,18.692,1062.183
1,208.208,104.836,5.0226,18.692,1063.222
1,208.408,104.836,5.0211,18.692,1064.26
1,208.608,104.836,5.0159,18.691,1065.299
1,208.808,104.836,5.0014,18.691,1066.337
1,209.008,104.836,4.9867,18.691,1067.375
1,209.208,104.837,4.9721,18.691,1068.414
1,209.408,104.837,4.9573,18.691,1069.452
1,209.608,104.837,4.9459,18.69,1070.49
1,209.808,104.837,4.9381,18.69,1071.529
1,210.008,104.837,4.9303,18.69,1072.567
1,210.208,104.837,4.9225,18.69,1073.606
1,210.408,104.837,4.9147,18.69,1074.644
1,210.608,104.837,4.9038,18.69,1075.682
1,210.808,104.837,4.8912,18.691,1076.721
1,211.008,104.837,4.8786,18.691,1077.759
1,211.208,104.837,4.866,18.691,1078.797
1,211.408,104.837,4.8534,18.691,1079.836
1,211.608,104.837,4.8486,18.691,1080.874
1,211.808,104.837,4.8453,18.691,1081.912
1,212.008,104.837,4.842,18.691,1082.951
1,212.208,104.837,4.8386,18.691,1083.989
1,212.408,104.837,4.8354,18.692,1085.028
1,212.608,104.837,4.8335,18.692,1086.066
1,212.808,104.837,4.8317,18.692,1087.105
1,213.008,104.837,4.8298,18.692,1088.143
1,213.208,104.837,4.828,18.692,1089.181
1,213.408,104.837,4.8286,18.692,1090.22
1,213.608,104.836,4.8384,18.692,1091.258
1,213.808,104.836,4.8482,18.692,1092.297
1,214.008,104.836,4.858,18.692,1093.335
1,214.208,104.836,4.8679,18.692,1094.374
1,214.408,104.835,4.8735,18.692,1095.412
1,214.608,104.835,4.8726,18.692,1096.451
1,214.808,104.835,4.8717,18.692,1097.489
1,215.008,104.835,4.8708,18.692,1098.528
1,215.208,104.835,4.8699,18.692,1099.566
1,215.408,104.835,4.8643,18.692,1100.604
1,215.608,104.835,4.8553,18.692,1101.643
1,215.808,104.835,4.8463,18.692,1102.681
1,216.008,104.835,4.8372,18.692,1103.72
1,216.208,104.835,4.8282,18.692,1104.758
1,216.408,104.835,4.8127,18.692,1105.797
1,216.608,104.836,4.7951,18.692,1106.835
1,216.808,104.836,4.7776,18.693,1107.874
1,217.008,104.836,4.76,18.693,1108.912
1,217.208,104.836,4.7423,18.693,1109.951
1,217.408,104.836,4.7196,18.693,1110.989
1,217.608,104.837,4.6967,18.693,1112.028
1,217.808,104.837,4.6737,18.694,1113.066
1,218.008,104.837,4.6506,18.694,1114.105
1,218.208,104.838,4.6285,18.694,1115.143
1,218.408,104.838,4.6124,18.695,1116.182
1,218.608,104.838,4.5964,18.695,1117.22
1,218.808,104.838,4.5803,18.695,1118.259
1,219.008,104.838,4.5643,18.696,1119.298
1,219.208,104.838,4.5495,18.696,1120.336
1,219.408,104.839,4.5374,18.696,1121.375
1,219.608,104.839,4.5252,18.697,1122.414
1,219.808,104.839,4.5131,18.697,1123.452
1,220.008,104.839,4.501,18.697,1124.491
1,220.208,104.839,4.4916,18.698,1125.53
1,220.408,104.839,4.4846,18.698,1126.569
1,220.608,104.839,4.4777,18.698,1127.607
1,220.808,104.839,4.4707,18.699,1128.646
1,221.008,104.839,4.4638,18.699,1129.685
1,221.208,104.839,4.4703,18.699,1130.724
1,221.408,104.838,4.4825,18.699,1131.763
1,221.608,104.838,4.4949,18.7,1132.802
1,221.808,104.838,4.5073,18.7,1133.84
1,222.008,104.837,4.5198,18.7,1134.879
1,222.208,104.837,4.5436,18.7,1135.918
1,222.408,104.836,4.5689,18.7,1136.957
1,222.608,104.836,4.5943,18.7,1137.996
1,222.808,104.835,4.6198,18.7,1139.035
1,223.008,104.835,4.6458,18.699,1140.074
1,223.208,104.834,4.678,18.699,1141.113
1,223.408,104.833,4.7102,18.699,1142.151
1,223.608,104.833,4.7425,18.699,1143.19
1,223.808,104.832,4.7749,18.698,1144.229
1,224.008,104.831,4.8063,18.698,1145.268
1,224.208,104.831,4.8348,18.698,1146.307
1,224.408,104.83,4.8632,18.697,1147.345
1,224.608,104.83,4.8918,18.697,1148.384
1,224.808,104.829,4.9203,18.696,1149.423
1,225.008,104.829,4.9434,18.696,1150.461
1,225.208,104.828,4.9596,18.695,1151.5
1,225.408,104.828,4.9758,18.694,1152.539
1,225.608,104.827,4.992,18.694,1153.577
1,225.808,104.827,5.0082,18.693,1154.616
1,226.008,104.827,5.0136,18.693,1155.654
1,226.208,104.827,5.0127,18.693,1156.693
1,226.408,104.827,5.0117,18.692,1157.731
1,226.608,104.826,5.0106,18.692,1158.77
1,226.808,104.826,5.0095,18.691,1159.808
1,227.008,104.826,4.9973,18.691,1160.847
1,227.208,104.827,4.9826,18.691,1161.885
1,227.408,104.827,4.9677,18.691,1162.923
1,227.608,104.827,4.9528,18.691,1163.962
1,227.808,104.827,4.9378,18.691,1165.0
1,228.008,104.827,4.9129,18.691,1166.039
1,228.208,104.828,4.8879,18.691,1167.077
1,228.408,104.828,4.8628,18.691,1168.115
1,228.608,104.828,4.8377,18.691,1169.154
1,228.808,104.829,4.8132,18.691,1170.192
1,229.008,104.829,4.792,18.691,1171.23
1,229.208,104.829,4.7707,18.692,1172.269
1,229.408,104.829,4.7493,18.692,1173.307
1,229.608,104.83,4.728,18.692,1174.346
1,229.808,104.83,4.7054,18.692,1175.384
1,230.008,104.83,4.681,18.693,1176.423
1,230.208,104.831,4.6565,18.693,1177.461
1,230.408,104.831,4.632,18.694,1178.5
1,230.608,104.831,4.6075,18.694,1179.538
1,230.808,104.831,4.5949,18.694,1180.577
1,231.008,104.831,4.5919,18.695,1181.615
1,231.208,104.831,4.589,18.695,1182.654
1,231.408,104.831,4.5861,18.696,1183.692
1,231.608,104.831,4.5832,18.696,1184.731
1,231.808,104.831,4.5823,18.696,1185.77
1,232.008,104.831,4.5822,18.696,1186.808
1,232.208,104.831,4.5821,18.697,1187.847
1,232.408,104.831,4.5821,18.697,1188.886
1,232.608,104.831,4.582,18.697,1189.925
1,232.808,104.83,4.5902,18.697,1190.963
1,233.008,104.83,4.5992,18.697,1192.002
1,233.208,104.83,4.6081,18.698,1193.041
1,233.408,104.83,4.6171,18.698,1194.08
1,233.608,104.829,4.6255,18.698,1195.118
1,233.808,104.829,4.6287,18.698,1196.157
1,234.008,104.829,4.632,18.698,1197.196
1,234.208,104.829,4.6353,18.698,1198.235
1,234.408,104.829,4.6386,18.698,1199.273
1,234.608,104.829,4.6404,18.698,1200.312
1,234.808,104.828,4.6386,18.698,1201.351
1,235.008,104.828,4.6369,18.698,1202.39
1,235.208,104.828,4.6352,18.698,1203.428
1,235.408,104.828,4.6335,18.698,1204.467
1,235.608,104.828,4.6265,18.698,1205.506
1,235.808,104.828,4.6139,18.698,1206.545
1,236.008,104.829,4.6013,18.698,1207.583
1,236.208,104.829,4.5886,18.698,1208.622
1,236.408,104.829,4.576,18.698,1209.661
1,236.608,104.829,4.5595,18.698,1210.7
1,236.808,104.829,4.5412,18.698,1211.738
1,237.008,104.829,4.5229,18.698,1212.777
1,237.208,104.83,4.5046,18.698,1213.816
1,237.408,104.83,4.4862,18.699,1214.855
1,237.608,104.83,4.4627,18.699,1215.894
1,237.808,104.83,4.4384,18.699,1216.932
1,238.008,104.831,4.414,18.699,1217.971
1,238.208,104.831,4.3896,18.7,1219.01
1,238.408,104.831,4.365,18.7,1220.049
1,238.608,104.832,4.3361,18.701,1221.088
1,238.808,104.832,4.3072,18.701,1222.127
1,239.008,104.833,4.2782,18.701,1223.166
1,239.208,104.833,4.2492,18.702,1224.205
1,239.408,104.833,4.2205,18.702,1225.244
1,239.608,104.834,4.1926,18.703,1226.283
1,239.808,104.834,4.1646,18.703,1227.322
1,240.008,104.835,4.1367,18.704,1228.361
1,240.208,104.835,4.1087,18.704,1229.4
1,240.408,104.835,4.0842,18.705,1230.439
1,240.608,104.836,4.0644,18.705,1231.478
1,240.808,104.836,4.0447,18.706,1232.517
1,241.008,104.836,4.0249,18.706,1233.557
1,241.208,104.836,4.0051,18.707,1234.596
1,241.408,104.837,3.9877,18.707,1235.635
1,241.608,104.837,3.9718,18.708,1236.674
1,241.808,104.837,3.9559,18.708,1237.714
1,242.008,104.837,3.94,18.708,1238.753
1,242.208,104.837,3.9241,18.709,1239.792
1,242.408,104.837,3.9185,18.709,1240.832
1,242.608,104.837,3.9155,18.71,1241.871
1,242.808,104.837,3.9125,18.71,1242.911
1,243.008,104.837,3.9096,18.71,1243.95
1,243.208,104.837,3.9066,18.711,1244.989
1,243.408,104.837,3.9069,18.711,1246.029
1,243.608,104.837,3.9073,18.711,1247.068
1,243.808,104.837,3.9077,18.711,1248.108
1,244.008,104.837,3.9082,18.712,1249.147
1,244.208,104.837,3.9092,18.712,1250.187
1,244.408,104.836,3.9125,18.712,1251.227
1,244.608,104.836,3.9159,18.712,1252.266
1,244.808,104.836,3.9193,18.712,1253.306
1,245.008,104.836,3.9227,18.712,1254.345
1,245.208,104.836,3.926,18.712,1255.385
1,245.408,104.836,3.929,18.712,1256.424
1,245.608,104.836,3.932,18.712,1257.464
1,245.808,104.835,3.935,18.712,1258.504
1,246.008,104.835,3.9381,18.712,1259.543
1,246.208,104.835,3.9425,18.713,1260.583
1,246.408,104.835,3.948,18.713,1261.622
1,246.608,104.835,3.9535,18.713,1262.662
1,246.808,104.835,3.959,18.713,1263.701
1,247.008,104.834,3.9646,18.712,1264.741
1,247.208,104.834,3.9636,18.712,1265.781
1,247.408,104.834,3.9605,18.712,1266.82
1,247.608,104.834,3.9573,18.712,1267.86
1,247.808,104.834,3.9542,18.712,1268.899
1,248.008,104.834,3.951,18.712,1269.939
1,248.208,104.834,3.9578,18.712,1270.978
1,248.408,104.834,3.9653,18.712,1272.018
1,248.608,104.834,3.9727,18.712,1273.058
1,248.808,104.833,3.9802,18.712,1274.097
1,249.008,104.833,3.9873,18.712,1275.137
1,249.208,104.833,3.9915,18.712,1276.176
1,249.408,104.833,3.9957,18.712,1277.216
1,249.608,104.833,3.9999,18.712,1278.255
1,249.808,104.832,4.0041,18.712,1279.295
1,250.008,104.832,4.0085,18.712,1280.335
1,250.208,104.832,4.0133,18.712,1281.374
1,250.408,104.832,4.0181,18.712,1282.414
1,250.608,104.832,4.0229,18.712,1283.453
1,250.808,104.832,4.0277,18.712,1284.493
1,251.008,104.831,4.0369,18.712,1285.532
1,251.208,104.831,4.0502,18.712,1286.572
1,251.408,104.831,4.0635,18.711,1287.611
1,251.608,104.83,4.0769,18.711,1288.651
1,251.808,104.83,4.0903,18.711,1289.69
1,252.008,104.83,4.103,18.711,1290.73
1,252.208,104.829,4.1153,18.711,1291.769
1,252.408,104.829,4.1277,18.711,1292.809
1,252.608,104.829,4.1401,18.71,1293.848
1,252.808,104.828,4.1525,18.71,1294.888
1,253.008,104.828,4.1674,18.71,1295.927
1,253.208,104.828,4.1825,18.71,1296.967
1,253.408,104.827,4.1977,18.71,1298.006
1,253.608,104.827,4.2129,18.709,1299.046
1,253.808,104.827,4.2284,18.709,1300.085
1,254.008,104.826,4.2465,18.709,1301.124
1,254.208,104.826,4.2646,18.709,1302.164
1,254.408,104.825,4.2827,18.708,1303.203
1,254.608,104.825,4.3008,18.708,1304.243
1,254.808,104.825,4.3184,18.708,1305.282
1,255.008,104.824,4.3347,18.708,1306.321
1,255.208,104.824,4.3509,18.707,1307.361
1,255.408,104.823,4.3672,18.707,1308.4
1,255.608,104.823,4.3835,18.707,1309.439
1,255.808,104.823,4.401,18.706,1310.478
1,256.008,104.822,4.4201,18.706,1311.518
1,256.208,104.822,4.4391,18.706,1312.557
1,256.408,104.821,4.4582,18.705,1313.596
1,256.608,104.821,4.4772,18.705,1314.635
1,256.808,104.821,4.4935,18.705,1315.674
1,257.008,104.82,4.5083,18.704,1316.714
1,257.208,104.82,4.523,18.704,1317.753
1,257.408,104.82,4.5378,18.703,1318.792
1,257.608,104.819,4.5526,18.703,1319.831
1,257.808,104.819,4.5706,18.703,1320.87
1,258.008,104.818,4.5893,18.702,1321.909
1,258.208,104.818,4.608,18.702,1322.948
1,258.408,104.817,4.6268,18.702,1323.987
1,258.608,104.817,4.6453,18.701,1325.026
1,258.808,104.817,4.6543,18.701,1326.065
1,259.008,104.816,4.6633,18.701,1327.104
1,259.208,104.816,4.6723,18.7,1328.143
1,259.408,104.816,4.6812,18.7,1329.182
1,259.608,104.816,4.69,18.699,1330.221
1,259.808,104.815,4.6983,18.699,1331.259
1,260.008,104.815,4.7066,18.699,1332.298
1,260.208,104.815,4.7148,18.699,1333.337
1,260.408,104.815,4.7231,18.698,1334.376
1,260.608,104.814,4.73,18.698,1335.415
1,260.808,104.814,4.7349,18.698,1336.453
1,261.008,104.814,4.7398,18.698,1337.492
1,261.208,104.814,4.7447,18.697,1338.531
1,261.408,104.814,4.7496,18.697,1339.57
1,261.608,104.814,4.7485,18.697,1340.608
1,261.808,104.814,4.7432,18.697,1341.647
1,262.008,104.814,4.7379,18.696,1342.686
1,262.208,104.814,4.7325,18.696,1343.725
1,262.408,104.814,4.7271,18.696,1344.763
1,262.608,104.814,4.7125,18.696,1345.802
1,262.808,104.814,4.6952,18.696,1346.841
1,263.008,104.814,4.6778,18.696,1347.879
1,263.208,104.814,4.6604,18.696,1348.918
1,263.408,104.814,4.6429,18.696,1349.957
1,263.608,104.815,4.6252,18.696,1350.995
1,263.808,104.815,4.6075,18.697,1352.034
1,264.008,104.815,4.5897,18.697,1353.073
1,264.208,104.815,4.5719,18.697,1354.111
1,264.408,104.816,4.553,18.697,1355.15
1,264.608,104.816,4.5271,18.697,1356.189
1,264.808,104.816,4.5011,18.698,1357.228
1,265.008,104.817,4.4751,18.698,1358.266
1,265.208,104.817,4.4491,18.698,1359.305
1,265.408,104.817,4.4172,18.699,1360.344
1,265.608,104.818,4.3733,18.699,1361.383
1,265.808,104.819,4.3294,18.699,1362.422
1,266.008,104.819,4.2854,18.7,1363.46
1,266.208,104.82,4.2413,18.701,1364.499
1,266.408,104.821,4.1971,18.701,1365.538
1,266.608,104.821,4.1528,18.702,1366.577
1,266.808,104.822,4.1084,18.702,1367.616
1,267.008,104.823,4.0639,18.703,1368.655
1,267.208,104.823,4.0195,18.704,1369.694
1,267.408,104.824,3.9784,18.705,1370.733
1,267.608,104.825,3.9387,18.705,1371.772
1,267.808,104.825,3.8991,18.706,1372.812
1,268.008,104.826,3.8594,18.707,1373.851
1,268.208,104.826,3.8197,18.707,1374.89
1,268.408,104.827,3.7834,18.708,1375.929
1,268.608,104.828,3.7476,18.709,1376.969
1,268.808,104.828,3.7117,18.71,1378.008
1,269.008,104.829,3.6759,18.71,1379.048
1,269.208,104.829,3.6404,18.711,1380.087
1,269.408,104.83,3.6093,18.712,1381.127
1,269.608,104.83,3.5781,18.713,1382.166
1,269.808,104.831,3.547,18.713,1383.206
1,270.008,104.831,3.5159,18.714,1384.245
1,270.208,104.831,3.4884,18.715,1385.285
1,270.408,104.832,3.4703,18.715,1386.325
1,270.608,104.832,3.4523,18.716,1387.364
1,270.808,104.832,3.4343,18.716,1388.404
1,271.008,104.832,3.4164,18.717,1389.444
1,271.208,104.833,3.3968,18.718,1390.484
1,271.408,104.833,3.3752,18.718,1391.524
1,271.608,104.833,3.3537,18.719,1392.564
1,271.808,104.833,3.3321,18.719,1393.604
1,272.008,104.834,3.3106,18.72,1394.644
1,272.208,104.834,3.2932,18.72,1395.683
1,272.408,104.834,3.2779,18.72,1396.723
1,272.608,104.834,3.2627,18.721,1397.764
1,272.808,104.835,3.2475,18.721,1398.804
1,273.008,104.835,3.2323,18.722,1399.844
1,273.208,104.835,3.2089,18.722,1400.884
1,273.408,104.835,3.1841,18.722,1401.924
1,273.608,104.836,3.1592,18.723,1402.964
1,273.808,104.836,3.1344,18.723,1404.004
1,274.008,104.837,3.1094,18.724,1405.044
1,274.208,104.837,3.0812,18.724,1406.085
1,274.408,104.837,3.0529,18.724,1407.125
1,274.608,104.838,3.0247,18.725,1408.165
1,274.808,104.838,2.9964,18.725,1409.205
1,275.008,104.839,2.967,18.726,1410.246
1,275.208,104.839,2.934,18.726,1411.286
1,275.408,104.84,2.901,18.726,1412.326
1,275.608,104.84,2.8679,18.727,1413.367
1,275.808,104.841,2.8348,18.727,1414.407
1,276.008,104.841,2.7987,18.728,1415.447
1,276.208,104.842,2.7583,18.728,1416.488
1,276.408,104.843,2.718,18.729,1417.528
1,276.608,104.843,2.6776,18.729,1418.569
1,276.808,104.844,2.6372,18.729,1419.609
1,277.008,104.844,2.5959,18.73,1420.65
1,277.208,104.845,2.554,18.73,1421.69
1,277.408,104.846,2.512,18.731,1422.731
1,277.608,104.846,2.4701,18.731,1423.771
1,277.808,104.847,2.4282,18.732,1424.812
1,278.008,104.848,2.3933,18.732,1425.853
1,278.208,104.848,2.36,18.733,1426.893
1,278.408,104.849,2.3268,18.733,1427.934
1,278.608,104.849,2.2935,18.734,1428.975
1,278.808,104.85,2.2603,18.734,1430.016
1,279.008,104.85,2.2339,18.735,1431.056
1,279.208,104.851,2.2075,18.735,1432.097
1,279.408,104.851,2.1812,18.736,1433.138
1,279.608,104.851,2.1548,18.736,1434.179
1,279.808,104.852,2.1299,18.736,1435.22
1,280.008,104.852,2.1104,18.737,1436.261
1,280.208,104.852,2.091,18.737,1437.302
1,280.408,104.853,2.0715,18.738,1438.343
1,280.608,104.853,2.0521,18.738,1439.384
1,280.808,104.853,2.0369,18.738,1440.425
1,281.008,104.853,2.0279,18.739,1441.466
1,281.208,104.853,2.0189,18.739,1442.507
1,281.408,104.854,2.01,18.739,1443.548
1,281.608,104.854,2.001,18.739,1444.589
1,281.808,104.854,1.9889,18.74,1445.63
1,282.008,104.854,1.9747,18.74,1446.671
1,282.208,104.854,1.9606,18.74,1447.712
1,282.408,104.854,1.9464,18.74,1448.753
1,282.608,104.855,1.9322,18.74,1449.794
1,282.808,104.855,1.9258,18.741,1450.835
1,283.008,104.855,1.9214,18.741,1451.876
1,283.208,104.855,1.917,18.741,1452.918
1,283.408,104.855,1.9126,18.741,1453.959
1,283.608,104.855,1.9082,18.741,1455.0
1,283.808,104.855,1.8979,18.741,1456.041
1,284.008,104.855,1.8876,18.741,1457.082
1,284.208,104.855,1.8773,18.742,1458.124
1,284.408,104.855,1.8671,18.742,1459.165
1,284.608,104.856,1.8569,18.742,1460.206
1,284.808,104.856,1.8471,18.742,1461.247
1,285.008,104.856,1.8372,18.742,1462.288
1,285.208,104.856,1.8274,18.742,1463.33
1,285.408,104.856,1.8176,18.742,1464.371
1,285.608,104.856,1.8098,18.742,1465.412
1,285.808,104.856,1.8048,18.743,1466.453
1,286.008,104.856,1.7999,18.743,1467.495
1,286.208,104.856,1.7951,18.743,1468.536
1,286.408,104.856,1.7902,18.743,1469.577
1,286.608,104.856,1.7851,18.743,1470.618
1,286.808,104.856,1.7799,18.743,1471.66
1,287.008,104.856,1.7747,18.743,1472.701
1,287.208,104.856,1.7696,18.743,1473.742
1,287.408,104.857,1.7644,18.743,1474.783
1,287.608,104.856,1.7671,18.743,1475.825
1,287.808,104.856,1.772,18.743,1476.866
1,288.008,104.856,1.7769,18.743,1477.907
1,288.208,104.856,1.7817,18.743,1478.949
1,288.408,104.856,1.7866,18.743,1479.99
1,288.608,104.856,1.7988,18.743,1481.031
1,288.808,104.855,1.8111,18.743,1482.073
1,289.008,104.855,1.8234,18.743,1483.114
1,289.208,104.855,1.8357,18.743,1484.155
1,289.408,104.855,1.8493,18.743,1485.196
1,289.608,104.854,1.8683,18.743,1486.238
1,289.808,104.854,1.8874,18.743,1487.279
1,290.008,104.854,1.9064,18.743,1488.32
1,290.208,104.853,1.9255,18.743,1489.362
1,290.408,104.853,1.9462,18.743,1490.403
1,290.608,104.852,1.9695,18.743,1491.444
1,290.808,104.852,1.9928,18.743,1492.485
1,291.008,104.851,2.0162,18.743,1493.527
1,291.208,104.851,2.0395,18.743,1494.568
1,291.408,104.85,2.0685,18.743,1495.609
1,291.608,104.85,2.1014,18.742,1496.651
1,291.808,104.849,2.1344,18.742,1497.692
1,292.008,104.849,2.1674,18.742,1498.733
1,292.208,104.848,2.2005,18.742,1499.774
1,292.408,104.847,2.2335,18.742,1500.815
1,292.608,104.847,2.2665,18.741,1501.857
1,292.808,104.846,2.2995,18.741,1502.898
1,293.008,104.845,2.3326,18.741,1503.939
1,293.208,104.845,2.3657,18.741,1504.98
1,293.408,104.844,2.4023,18.74,1506.021
1,293.608,104.843,2.439,18.74,1507.062
1,293.808,104.843,2.4757,18.74,1508.104
1,294.008,104.842,2.5124,18.739,1509.145
1,294.208,104.841,2.5495,18.739,1510.186
1,294.408,104.841,2.5879,18.739,1511.227
1,294.608,104.84,2.6264,18.738,1512.268
1,294.808,104.839,2.6649,18.738,1513.309
1,295.008,104.838,2.7034,18.737,1514.35
1,295.208,104.838,2.7451,18.737,1515.391
1,295.408,104.837,2.7921,18.737,1516.432
1,295.608,104.836,2.8391,18.736,1517.473
1,295.808,104.835,2.8861,18.736,1518.514
1,296.008,104.834,2.9332,18.735,1519.554
1,296.208,104.833,2.9791,18.735,1520.595
1,296.408,104.832,3.0242,18.734,1521.636
1,296.608,104.831,3.0693,18.734,1522.677
1,296.808,104.831,3.1144,18.733,1523.718
1,297.008,104.83,3.1595,18.732,1524.758
1,297.208,104.829,3.2132,18.732,1525.799
1,297.408,104.828,3.2696,18.731,1526.84
1,297.608,104.827,3.3261,18.731,1527.88
1,297.808,104.826,3.3825,18.73,1528.921
1,298.008,104.825,3.439,18.729,1529.961
1,298.208,104.824,3.4891,18.729,1531.002
1,298.408,104.823,3.539,18.728,1532.042
1,298.608,104.822,3.5889,18.727,1533.083
1,298.808,104.821,3.6388,18.726,1534.123
1,299.008,104.82,3.6891,18.725,1535.164
1,299.208,104.819,3.7414,18.725,1536.204
1,299.408,104.818,3.7938,18.724,1537.244
1,299.608,104.817,3.8461,18.723,1538.284
1,299.808,104.816,3.8985,18.722,1539.325
1,300.008,104.815,3.9474,18.721,1540.365
1,300.208,104.814,3.9897,18.72,1541.405
1,300.408,104.813,4.0321,18.72,1542.445
1,300.608,104.812,4.0744,18.719,1543.485
1,300.808,104.812,4.1167,18.718,1544.525
1,301.008,104.811,4.1554,18.717,1545.565
1,301.208,104.81,4.191,18.716,1546.604
1,301.408,104.809,4.2266,18.715,1547.644
1,301.608,104.809,4.2622,18.714,1548.684
1,301.808,104.808,4.2978,18.714,1549.724
1,302.008,104.807,4.3174,18.713,1550.763
1,302.208,104.807,4.3312,18.712,1551.803
1,302.408,104.807,4.3449,18.711,1552.842
1,302.608,104.806,4.3585,18.71,1553.882
1,302.808,104.806,4.3721,18.71,1554.921
1,303.008,104.806,4.3786,18.709,1555.961
1,303.208,104.806,4.3845,18.709,1557.0
1,303.408,104.806,4.3903,18.708,1558.04
1,303.608,104.805,4.3961,18.708,1559.079
1,303.808,104.805,4.401,18.707,1560.118
1,304.008,104.805,4.3988,18.707,1561.157
1,304.208,104.805,4.3966,18.706,1562.197
1,304.408,104.805,4.3944,18.706,1563.236
1,304.608,104.805,4.3921,18.706,1564.275
1,304.808,104.805,4.3927,18.705,1565.314
1,305.008,104.805,4.4,18.705,1566.354
1,305.208,104.804,4.4073,18.705,1567.393
1,305.408,104.804,4.4147,18.705,1568.432
1,305.608,104.804,4.422,18.705,1569.471
1,305.808,104.804,4.4262,18.704,1570.51
1,306.008,104.804,4.4273,18.704,1571.549
1,306.208,104.803,4.4284,18.704,1572.589
1,306.408,104.803,4.4294,18.704,1573.628
1,306.608,104.803,4.4304,18.704,1574.667
1,306.808,104.803,4.4429,18.704,1575.706
1,307.008,104.802,4.4608,18.703,1576.745
1,307.208,104.802,4.4787,18.703,1577.784
1,307.408,104.802,4.4967,18.703,1578.823
1,307.608,104.801,4.5147,18.703,1579.862
1,307.808,104.801,4.5416,18.703,1580.901
1,308.008,104.8,4.5698,18.702,1581.94
1,308.208,104.799,4.5981,18.702,1582.979
1,308.408,104.799,4.6264,18.702,1584.018
1,308.608,104.798,4.6551,18.701,1585.057
1,308.808,104.798,4.6894,18.701,1586.096
1,309.008,104.797,4.7238,18.7,1587.135
1,309.208,104.796,4.7582,18.7,1588.174
1,309.408,104.795,4.7926,18.699,1589.213
1,309.608,104.795,4.8252,18.699,1590.252
1,309.808,104.794,4.8521,18.698,1591.291
1,310.008,104.794,4.879,18.698,1592.329
1,310.208,104.793,4.9059,18.697,1593.368
1,310.408,104.792,4.9328,18.697,1594.407
1,310.608,104.792,4.9566,18.696,1595.446
1,310.808,104.791,4.9763,18.695,1596.484
1,311.008,104.791,4.9959,18.695,1597.523
1,311.208,104.791,5.0156,18.694,1598.561
1,311.408,104.79,5.0352,18.694,1599.6
1,311.608,104.79,5.0458,18.693,1600.639
1,311.808,104.79,5.0507,18.692,1601.677
1,312.008,104.789,5.0555,18.692,1602.715
1,312.208,104.789,5.0603,18.691,1603.754
1,312.408,104.789,5.0651,18.691,1604.792
1,312.608,104.789,5.0702,18.691,1605.831
1,312.808,104.789,5.0754,18.69,1606.869
1,313.008,104.788,5.0805,18.69,1607.907
1,313.208,104.788,5.0856,18.69,1608.946
1,313.408,104.788,5.0907,18.689,1609.984
1,313.608,104.788,5.0676,18.689,1611.022
1,313.808,104.789,5.044,18.689,1612.061
1,314.008,104.789,5.0202,18.689,1613.099
1,314.208,104.789,4.9964,18.689,1614.137
1,314.408,104.789,4.9731,18.689,1615.175
1,314.608,104.79,4.9524,18.689,1616.214
1,314.808,104.79,4.9316,18.689,1617.252
1,315.008,104.79,4.9108,18.689,1618.29
1,315.208,104.79,4.89,18.689,1619.329
1,315.408,104.791,4.868,18.689,1620.367
1,315.608,104.791,4.844,18.69,1621.405
1,315.808,104.791,4.8199,18.69,1622.443
1,316.008,104.792,4.7958,18.69,1623.482
1,316.208,104.792,4.7717,18.691,1624.52
1,316.408,104.792,4.7527,18.691,1625.559
1,316.608,104.792,4.738,18.691,1626.597
1,316.808,104.792,4.7234,18.692,1627.635
1,317.008,104.793,4.7087,18.692,1628.674
1,317.208,104.793,4.6941,18.693,1629.712
1,317.408,104.793,4.6877,18.693,1630.751
1,317.608,104.793,4.6844,18.693,1631.789
1,317.808,104.793,4.6812,18.694,1632.828
1,318.008,104.793,4.678,18.694,1633.866
1,318.208,104.793,4.6748,18.694,1634.905
1,318.408,104.792,4.6791,18.694,1635.943
1,318.608,104.792,4.6842,18.695,1636.982
1,318.808,104.792,4.6894,18.695,1638.021
1,319.008,104.792,4.6946,18.695,1639.059
1,319.208,104.792,4.6999,18.695,1640.098
1,319.408,104.791,4.7068,18.695,1641.136
1,319.608,104.791,4.7137,18.695,1642.175
1,319.808,104.791,4.7206,18.695,1643.214
1,320.008,104.791,4.7275,18.695,1644.252
1,320.208,104.79,4.7351,18.695,1645.291
1,320.408,104.79,4.7444,18.695,1646.329
1,320.608,104.79,4.7537,18.695,1647.368
1,320.808,104.79,4.763,18.695,1648.407
1,321.008,104.789,4.7724,18.695,1649.445
1,321.208,104.789,4.7801,18.695,1650.484
1,321.408,104.789,4.786,18.695,1651.523
1,321.608,104.789,4.7919,18.695,1652.561
1,321.808,104.788,4.7977,18.695,1653.6
1,322.008,104.788,4.8036,18.695,1654.638
1,322.208,104.788,4.8059,18.695,1655.677
1,322.408,104.788,4.8061,18.695,1656.716
1,322.608,104.788,4.8064,18.694,1657.754
1,322.808,104.788,4.8066,18.694,1658.793
1,323.008,104.788,4.8069,18.694,1659.831
1,323.208,104.788,4.7935,18.694,1660.87
1,323.408,104.788,4.7774,18.694,1661.908
1,323.608,104.788,4.7613,18.694,1662.947
1,323.808,104.788,4.7452,18.694,1663.986
1,324.008,104.788,4.7287,18.694,1665.024
1,324.208,104.789,4.7015,18.694,1666.063
1,324.408,104.789,4.6742,18.695,1667.101
1,324.608,104.79,4.6469,18.695,1668.14
1,324.808,104.79,4.6195,18.695,1669.179
1,325.008,104.79,4.5919,18.695,1670.217
1,325.208,104.791,4.5636,18.696,1671.256
1,325.408,104.791,4.5353,18.696,1672.294
1,325.608,104.792,4.507,18.696,1673.333
1,325.808,104.792,4.4786,18.697,1674.372
1,326.008,104.792,4.4501,18.697,1675.41
1,326.208,104.793,4.4217,18.698,1676.449
1,326.408,104.793,4.3932,18.698,1677.488
1,326.608,104.793,4.3648,18.699,1678.527
1,326.808,104.794,4.3362,18.699,1679.566
1,327.008,104.794,4.3066,18.7,1680.604
1,327.208,104.795,4.2761,18.7,1681.643
1,327.408,104.795,4.2456,18.701,1682.682
1,327.608,104.796,4.215,18.701,1683.721
1,327.808,104.796,4.1845,18.702,1684.76
1,328.008,104.796,4.1558,18.702,1685.799
1,328.208,104.797,4.1278,18.703,1686.838
1,328.408,104.797,4.0997,18.704,1687.877
1,328.608,104.798,4.0716,18.704,1688.916
1,328.808,104.798,4.0435,18.705,1689.955
1,329.008,104.799,4.0041,18.705,1690.995
1,329.208,104.799,3.9641,18.706,1692.034
1,329.408,104.8,3.9241,18.707,1693.073
1,329.608,104.8,3.884,18.707,1694.112
1,329.808,104.801,3.8419,18.708,1695.152
1,330.008,104.802,3.7874,18.709,1696.191
1,330.208,104.803,3.7329,18.709,1697.23
1,330.408,104.804,3.6783,18.71,1698.27
1,330.608,104.805,3.6237,18.711,1699.309
1,330.808,104.805,3.5673,18.712,1700.349
1,331.008,104.806,3.5072,18.712,1701.388
1,331.208,104.807,3.4471,18.713,1702.428
1,331.408,104.808,3.387,18.714,1703.467
1,331.608,104.809,3.3268,18.715,1704.507
1,331.808,104.81,3.2634,18.716,1705.547
1,332.008,104.811,3.1969,18.717,1706.586
1,332.208,104.812,3.1303,18.718,1707.626
1,332.408,104.814,3.0638,18.719,1708.666
1,332.608,104.815,2.9972,18.72,1709.706
1,332.808,104.816,2.9287,18.721,1710.746
1,333.008,104.817,2.8595,18.721,1711.786
1,333.208,104.818,2.7902,18.722,1712.826
1,333.408,104.819,2.721,18.723,1713.866
1,333.608,104.82,2.6517,18.724,1714.906
1,333.808,104.821,2.5887,18.725,1715.947
1,334.008,104.822,2.5264,18.726,1716.987
1,334.208,104.823,2.464,18.727,1718.027
1,334.408,104.824,2.4017,18.728,1719.068
1,334.608,104.825,2.3394,18.729,1720.108
1,334.808,104.827,2.2767,18.73,1721.149
1,335.008,104.828,2.214,18.731,1722.189
1,335.208,104.829,2.1514,18.732,1723.23
1,335.408,104.83,2.0888,18.733,1724.271
1,335.608,104.831,2.0272,18.733,1725.311
1,335.808,104.832,1.9683,18.734,1726.352
1,336.008,104.833,1.9094,18.735,1727.393
1,336.208,104.834,1.8506,18.736,1728.434
1,336.408,104.835,1.7917,18.736,1729.474
1,336.608,104.836,1.7341,18.737,1730.515
1,336.808,104.836,1.6777,18.738,1731.556
1,337.008,104.837,1.6213,18.739,1732.597
1,337.208,104.838,1.5649,18.739,1733.638
1,337.408,104.839,1.5085,18.74,1734.679
1,337.608,104.84,1.452,18.74,1735.72
1,337.808,104.841,1.3953,18.741,1736.762
1,338.008,104.842,1.3386,18.742,1737.803
1,338.208,104.843,1.282,18.742,1738.844
1,338.408,104.844,1.2254,18.743,1739.885
1,338.608,104.845,1.1823,18.743,1740.926
1,338.808,104.846,1.1408,18.744,1741.968
1,339.008,104.846,1.0994,18.744,1743.009
1,339.208,104.847,1.058,18.745,1744.05
1,339.408,104.848,1.0164,18.745,1745.092
1,339.608,104.848,0.9713,18.745,1746.133
1,339.808,104.849,0.9262,18.746,1747.175
1,340.008,104.85,0.8812,18.746,1748.216
1,340.208,104.851,0.8362,18.747,1749.257
1,340.408,104.851,0.7881,18.747,1750.299
1,340.608,104.852,0.7324,18.747,1751.34
1,340.808,104.853,0.6766,18.748,1752.382
1,341.008,104.854,0.6209,18.748,1753.423
1,341.208,104.855,0.5652,18.748,1754.465
1,341.408,104.857,0.4792,18.748,1755.507
1,341.608,104.859,0.3613,18.749,1756.548
1,341.808,104.861,0.2434,18.749,1757.59
1,342.008,104.863,0.1255,18.749,1758.631
1,342.208,104.865,0.0076,18.749,1759.673
1,342.408,104.865,0.0,18.75,1760.715
1,342.608,104.865,0.0,18.754,1761.756
1,342.808,104.865,0.0,18.761,1762.798
1,343.008,104.865,0.0,18.771,1763.84
1,343.208,104.865,0.0,18.783,1764.883
1,343.408,104.865,0.0,18.799,1765.927
1,343.608,104.865,0.0,18.815,1766.971
1,343.808,104.865,0.0,18.83,1768.016
1,344.008,104.865,0.0,18.844,1769.062
1,344.208,104.865,0.0,18.859,1770.109
1,344.408,104.865,0.0,18.872,1771.157
1,344.608,104.865,0.0,18.883,1772.206
1,344.808,104.865,0.0,18.891,1773.255
1,345.008,104.865,0.0,18.896,1774.304
1,345.208,104.865,0.0,18.899,1775.354
1,345.408,104.865,0.0,18.898,1776.404
1,345.608,104.865,0.0,18.894,1777.454
1,345.808,104.865,0.0041,18.884,1778.503
1,346.008,104.863,0.094,18.871,1779.552
1,346.208,104.862,0.1969,18.859,1780.601
1,346.408,104.86,0.309,18.848,1781.649
1,346.608,104.858,0.4193,18.839,1782.696
1,346.808,104.856,0.5281,18.83,1783.742
1,347.008,104.854,0.6353,18.822,1784.788
1,347.208,104.851,0.781,18.815,1785.834
1,347.408,104.849,0.9357,18.808,1786.879
1,347.608,104.846,1.0893,18.803,1787.924
1,347.808,104.843,1.2419,18.797,1788.969
1,348.008,104.841,1.3932,18.792,1790.013
1,348.208,104.839,1.4964,18.788,1791.057
1,348.408,104.837,1.599,18.784,1792.101
1,348.608,104.835,1.701,18.78,1793.144
1,348.808,104.833,1.8026,18.776,1794.188
1,349.008,104.832,1.8978,18.773,1795.231
1,349.208,104.83,1.972,18.77,1796.274
1,349.408,104.829,2.0458,18.767,1797.317
1,349.608,104.828,2.1193,18.765,1798.359
1,349.808,104.826,2.1925,18.762,1799.402
1,350.008,104.825,2.2649,18.76,1800.444
1,350.208,104.824,2.3364,18.758,1801.486
1,350.408,104.823,2.4077,18.756,1802.528
1,350.608,104.821,2.4788,18.754,1803.57
1,350.808,104.82,2.5497,18.752,1804.612
1,351.008,104.819,2.6202,18.75,1805.654
1,351.208,104.817,2.6904,18.749,1806.696
1,351.408,104.816,2.7605,18.747,1807.737
1,351.608,104.815,2.8304,18.746,1808.779
1,351.808,104.814,2.9003,18.744,1809.82
1,352.008,104.812,2.9662,18.743,1810.862
1,352.208,104.811,3.0312,18.742,1811.903
1,352.408,104.81,3.0961,18.74,1812.944
1,352.608,104.809,3.1609,18.739,1813.985
1,352.808,104.808,3.2255,18.738,1815.026
1,353.008,104.806,3.2829,18.737,1816.067
1,353.208,104.805,3.3402,18.735,1817.108
1,353.408,104.804,3.3975,18.734,1818.149
1,353.608,104.803,3.4547,18.733,1819.19
1,353.808,104.802,3.5116,18.732,1820.231
1,354.008,104.801,3.5674,18.731,1821.271
1,354.208,104.8,3.6232,18.73,1822.312
1,354.408,104.799,3.679,18.729,1823.352
1,354.608,104.798,3.7347,18.728,1824.393
1,354.808,104.797,3.7872,18.726,1825.433
1,355.008,104.796,3.8352,18.725,1826.474
1,355.208,104.795,3.8832,18.724,1827.514
1,355.408,104.794,3.9311,18.723,1828.554
1,355.608,104.793,3.9791,18.722,1829.594
1,355.808,104.792,4.0219,18.721,1830.635
1,356.008,104.792,4.0615,18.72,1831.675
1,356.208,104.791,4.101,18.719,1832.715
1,356.408,104.79,4.1406,18.718,1833.755
1,356.608,104.789,4.1801,18.717,1834.794
1,356.808,104.789,4.2105,18.716,1835.834
1,357.008,104.788,4.2387,18.715,1836.874
1,357.208,104.788,4.2668,18.714,1837.914
1,357.408,104.787,4.2949,18.714,1838.954
1,357.608,104.786,4.323,18.713,1839.993
1,357.808,104.786,4.3422,18.712,1841.033
1,358.008,104.785,4.3613,18.711,1842.072
1,358.208,104.785,4.3804,18.71,1843.112
1,358.408,104.785,4.3994,18.71,1844.151
1,358.608,104.784,4.4179,18.709,1845.191
1,358.808,104.784,4.4342,18.708,1846.23
1,359.008,104.783,4.4503,18.708,1847.269
1,359.208,104.783,4.4665,18.707,1848.309
1,359.408,104.783,4.4826,18.707,1849.348
1,359.608,104.782,4.496,18.706,1850.387
1,359.808,104.782,4.5049,18.706,1851.427
1,360.008,104.782,4.5138,18.705,1852.466
1,360.208,104.782,4.5226,18.705,1853.505
1,360.408,104.781,4.5314,18.704,1854.544
1,360.608,104.781,4.5371,18.704,1855.583
1,360.808,104.781,4.5405,18.703,1856.622
1,361.008,104.781,4.5438,18.703,1857.661
1,361.208,104.781,4.547,18.703,1858.7
1,361.408,104.78,4.5503,18.702,1859.74
1,361.608,104.78,4.5548,18.702,1860.779
1,361.808,104.78,4.5598,18.702,1861.818
1,362.008,104.78,4.5647,18.702,1862.857
1,362.208,104.78,4.5697,18.701,1863.896
1,362.408,104.78,4.5746,18.701,1864.934
1,362.608,104.779,4.5793,18.701,1865.973
1,362.808,104.779,4.5839,18.701,1867.012
1,363.008,104.779,4.5885,18.701,1868.051
1,363.208,104.779,4.5931,18.7,1869.09
1,363.408,104.779,4.5975,18.7,1870.129
1,363.608,104.778,4.6003,18.7,1871.168
1,363.808,104.778,4.6031,18.7,1872.207
1,364.008,104.778,4.6059,18.7,1873.246
1,364.208,104.778,4.6087,18.7,1874.285
1,364.408,104.778,4.6142,18.699,1875.324
1,364.608,104.777,4.6256,18.699,1876.362
1,364.808,104.777,4.6371,18.699,1877.401
1,365.008,104.777,4.6485,18.699,1878.44
1,365.208,104.777,4.66,18.699,1879.479
1,365.408,104.776,4.6678,18.699,1880.518
1,365.608,104.776,4.6719,18.698,1881.557
1,365.808,104.776,4.676,18.698,1882.595
1,366.008,104.776,4.68,18.698,1883.634
1,366.208,104.776,4.6841,18.698,1884.673
1,366.408,104.775,4.6886,18.698,1885.712
1,366.608,104.775,4.6933,18.698,1886.751
1,366.808,104.775,4.6981,18.698,1887.789
1,367.008,104.775,4.7028,18.697,1888.828
1,367.208,104.775,4.7075,18.697,1889.867
1,367.408,104.774,4.7115,18.697,1890.906
1,367.608,104.774,4.7155,18.697,1891.944
1,367.808,104.774,4.7194,18.697,1892.983
1,368.008,104.774,4.7234,18.697,1894.022
1,368.208,104.774,4.7268,18.697,1895.06
1,368.408,104.774,4.7207,18.697,1896.099
1,368.608,104.774,4.7146,18.696,1897.138
1,368.808,104.774,4.7085,18.696,1898.176
1,369.008,104.774,4.7023,18.696,1899.215
1,369.208,104.774,4.6968,18.696,1900.254
1,369.408,104.774,4.6933,18.696,1901.293
1,369.608,104.774,4.6898,18.696,1902.331
1,369.808,104.774,4.6863,18.696,1903.37
1,370.008,104.774,4.6828,18.696,1904.409
1,370.208,104.774,4.6794,18.696,1905.447
1,370.408,104.773,4.6763,18.696,1906.486
1,370.608,104.773,4.6733,18.696,1907.525
1,370.808,104.773,4.6702,18.696,1908.563
1,371.008,104.773,4.6671,18.696,1909.602
1,371.208,104.773,4.6709,18.696,1910.641
1,371.408,104.773,4.6789,18.697,1911.679
1,371.608,104.773,4.687,18.697,1912.718
1,371.808,104.772,4.6951,18.697,1913.757
1,372.008,104.772,4.7032,18.696,1914.795
1,372.208,104.772,4.7155,18.696,1915.834
1,372.408,104.771,4.7288,18.696,1916.873
1,372.608,104.771,4.7421,18.696,1917.912
1,372.808,104.771,4.7555,18.696,1918.95
1,373.008,104.77,4.7689,18.696,1919.989
1,373.208,104.77,4.7755,18.696,1921.028
1,373.408,104.77,4.7821,18.696,1922.066
1,373.608,104.77,4.7887,18.696,1923.105
1,373.808,104.77,4.7952,18.695,1924.144
1,374.008,104.769,4.8016,18.695,1925.182
1,374.208,104.769,4.807,18.695,1926.221
1,374.408,104.769,4.8123,18.695,1927.259
1,374.608,104.769,4.8177,18.695,1928.298
1,374.808,104.769,4.823,18.695,1929.337
1,375.008,104.768,4.8261,18.694,1930.375
1,375.208,104.768,4.8251,18.694,1931.414
1,375.408,104.768,4.8241,18.694,1932.452
1,375.608,104.768,4.8231,18.694,1933.491
1,375.808,104.768,4.8221,18.694,1934.529
1,376.008,104.768,4.813,18.694,1935.568
1,376.208,104.768,4.7973,18.694,1936.607
1,376.408,104.768,4.7816,18.694,1937.645
1,376.608,104.769,4.7658,18.694,1938.684
1,376.808,104.769,4.7499,18.694,1939.722
1,377.008,104.769,4.727,18.694,1940.761
1,377.208,104.769,4.7015,18.694,1941.799
1,377.408,104.77,4.6759,18.694,1942.838
1,377.608,104.77,4.6503,18.695,1943.876
1,377.808,104.77,4.6246,18.695,1944.915
1,378.008,104.771,4.5954,18.695,1945.954
1,378.208,104.771,4.5659,18.696,1946.992
1,378.408,104.772,4.5363,18.696,1948.031
1,378.608,104.772,4.5067,18.696,1949.07
1,378.808,104.772,4.4755,18.697,1950.108
1,379.008,104.773,4.4314,18.697,1951.147
1,379.208,104.774,4.3871,18.698,1952.186
1,379.408,104.774,4.3428,18.698,1953.224
1,379.608,104.775,4.2985,18.699,1954.263
1,379.808,104.776,4.2538,18.699,1955.302
1,380.008,104.776,4.2085,18.7,1956.341
1,380.208,104.777,4.1631,18.701,1957.38
1,380.408,104.778,4.1177,18.702,1958.419
1,380.608,104.779,4.0723,18.702,1959.458
1,380.808,104.779,4.0232,18.703,1960.497
1,381.008,104.78,3.97,18.704,1961.536
1,381.208,104.781,3.9168,18.705,1962.575
1,381.408,104.782,3.8636,18.706,1963.614
1,381.608,104.783,3.8103,18.706,1964.653
1,381.808,104.784,3.7553,18.707,1965.693
1,382.008,104.784,3.6995,18.708,1966.732
1,382.208,104.785,3.6436,18.709,1967.771
1,382.408,104.786,3.5877,18.71,1968.811
1,382.608,104.787,3.5317,18.711,1969.85
1,382.808,104.788,3.475,18.712,1970.89
1,383.008,104.789,3.4181,18.713,1971.929
1,383.208,104.79,3.3611,18.714,1972.969
1,383.408,104.791,3.3042,18.715,1974.008
1,383.608,104.792,3.2476,18.716,1975.048
1,383.808,104.792,3.1986,18.717,1976.088
1,384.008,104.793,3.1496,18.718,1977.128
1,384.208,104.794,3.1007,18.718,1978.167
1,384.408,104.795,3.0517,18.719,1979.207
1,384.608,104.796,3.003,18.72,1980.247
1,384.808,104.796,2.9553,18.721,1981.287
1,385.008,104.797,2.9076,18.722,1982.327
1,385.208,104.798,2.86,18.723,1983.368
1,385.408,104.799,2.8123,18.724,1984.408
1,385.608,104.799,2.7681,18.724,1985.448
1,385.808,104.8,2.7283,18.725,1986.488
1,386.008,104.801,2.6886,18.726,1987.528
1,386.208,104.801,2.6489,18.727,1988.569
1,386.408,104.802,2.6093,18.728,1989.609
1,386.608,104.803,2.567,18.728,1990.65
1,386.808,104.803,2.5232,18.729,1991.69
1,387.008,104.804,2.4793,18.73,1992.731
1,387.208,104.805,2.4355,18.73,1993.771
1,387.408,104.805,2.3917,18.731,1994.812
1,387.608,104.806,2.3528,18.732,1995.852
1,387.808,104.807,2.3149,18.732,1996.893
1,388.008,104.807,2.2771,18.733,1997.934
1,388.208,104.808,2.2393,18.733,1998.974
1,388.408,104.808,2.2014,18.734,2000.015
1,388.608,104.809,2.1527,18.735,2001.056
1,388.808,104.81,2.1041,18.735,2002.097
1,389.008,104.811,2.0555,18.736,2003.137
1,389.208,104.812,2.0068,18.736,2004.178
1,389.408,104.812,1.9593,18.737,2005.219
1,389.608,104.813,1.916,18.737,2006.26
1,389.808,104.814,1.8726,18.738,2007.301
1,390.008,104.814,1.8293,18.738,2008.342
1,390.208,104.815,1.786,18.739,2009.383
1,390.408,104.816,1.7441,18.739,2010.424
1,390.608,104.817,1.7042,18.74,2011.465
1,390.808,104.817,1.6644,18.74,2012.506
1,391.008,104.818,1.6246,18.741,2013.547
1,391.208,104.818,1.5848,18.741,2014.589
1,391.408,104.819,1.5459,18.742,2015.63
1,391.608,104.82,1.5077,18.742,2016.671
1,391.808,104.82,1.4694,18.742,2017.712
1,392.008,104.821,1.4312,18.743,2018.753
1,392.208,104.822,1.3929,18.743,2019.795
1,392.408,104.822,1.3604,18.743,2020.836
1,392.608,104.823,1.3292,18.744,2021.877
1,392.808,104.823,1.298,18.744,2022.919
1,393.008,104.824,1.2669,18.745,2023.96
1,393.208,104.824,1.2358,18.745,2025.001
1,393.408,104.825,1.1967,18.745,2026.043
1,393.608,104.826,1.1576,18.745,2027.084
1,393.808,104.826,1.1185,18.746,2028.125
1,394.008,104.827,1.0794,18.746,2029.167
1,394.208,104.827,1.0423,18.746,2030.208
1,394.408,104.828,1.0128,18.747,2031.25
1,394.608,104.828,0.9833,18.747,2032.291
1,394.808,104.829,0.9539,18.747,2033.333
1,395.008,104.829,0.9244,18.747,2034.374
1,395.208,104.83,0.8958,18.748,2035.416
1,395.408,104.83,0.8682,18.748,2036.457
1,395.608,104.831,0.8407,18.748,2037.499
1,395.808,104.831,0.8132,18.748,2038.54
1,396.008,104.832,0.7857,18.748,2039.582
1,396.208,104.832,0.7595,18.748,2040.624
1,396.408,104.833,0.7343,18.749,2041.665
1,396.608,104.833,0.7091,18.749,2042.707
1,396.808,104.833,0.6839,18.749,2043.748
1,397.008,104.834,0.6587,18.749,2044.79
1,397.208,104.835,0.5958,18.749,2045.832
1,397.408,104.836,0.5233,18.749,2046.873
1,397.608,104.837,0.4509,18.75,2047.915
1,397.808,104.839,0.3784,18.75,2048.956
1,398.008,104.84,0.3059,18.75,2049.998
1,398.208,104.841,0.2213,18.75,2051.04
1,398.408,104.843,0.1366,18.75,2052.081
1,398.608,104.844,0.0519,18.75,2053.123
1,398.808,104.845,0.0,18.75,2054.165
1,399.008,104.845,0.0,18.753,2055.206
1,399.208,104.845,0.0,18.76,2056.248
1,399.408,104.845,0.0,18.769,2057.29
1,399.608,104.845,0.0,18.78,2058.333
1,399.808,104.845,0.0,18.794,2059.377
1,400.008,104.845,0.0,18.809,2060.421
1,400.208,104.845,0.0,18.827,2061.466
1,400.408,104.845,0.0,18.845,2062.512
1,400.608,104.845,0.0,18.864,2063.558
1,400.808,104.845,0.0,18.884,2064.606
1,401.008,104.845,0.0,18.904,2065.656
1,401.208,104.845,0.0,18.925,2066.706
1,401.408,104.845,0.0,18.946,2067.757
1,401.608,104.845,0.0,18.967,2068.81
1,401.808,104.845,0.0,18.989,2069.864
1,402.008,104.845,0.0,19.01,2070.918
1,402.208,104.845,0.0,19.031,2071.975
1,402.408,104.845,0.0,19.051,2073.032
1,402.608,104.845,0.0,19.071,2074.09
1,402.808,104.845,0.0,19.09,2075.15
1,403.008,104.845,0.0,19.109,2076.21
1,403.208,104.845,0.0,19.126,2077.272
1,403.408,104.845,0.0,19.141,2078.334
1,403.608,104.845,0.0,19.155,2079.398
1,403.808,104.845,0.0,19.168,2080.462
1,404.008,104.845,0.0,19.178,2081.527
1,404.208,104.845,0.0,19.186,2082.592
1,404.408,104.845,0.0,19.192,2083.658
1,404.608,104.845,0.0,19.195,2084.724
1,404.808,104.845,0.0,19.196,2085.791
1,405.008,104.845,0.0,19.194,2086.857
1,405.208,104.845,0.0,19.187,2087.924
1,405.408,104.845,0.0,19.176,2088.989
1,405.608,104.845,0.0,19.162,2090.055
1,405.808,104.845,0.0,19.144,2091.119
1,406.008,104.845,0.0,19.12,2092.183
1,406.208,104.845,0.0143,19.09,2093.245
1,406.408,104.843,0.1559,19.056,2094.306
1,406.608,104.84,0.3021,19.026,2095.364
1,406.808,104.837,0.4629,18.999,2096.421
1,407.008,104.834,0.6189,18.974,2097.477
1,407.208,104.832,0.7706,18.951,2098.531
1,407.408,104.829,0.9185,18.931,2099.584
1,407.608,104.826,1.0852,18.913,2100.636
1,407.808,104.823,1.2632,18.897,2101.686
1,408.008,104.82,1.4386,18.882,2102.736
1,408.208,104.817,1.6115,18.868,2103.785
1,408.408,104.814,1.7823,18.856,2104.833
1,408.608,104.811,1.928,18.845,2105.881
1,408.808,104.809,2.0678,18.835,2106.928
1,409.008,104.807,2.206,18.825,2107.974
1,409.208,104.804,2.3429,18.817,2109.02
1,409.408,104.802,2.4786,18.809,2110.065
1,409.608,104.799,2.614,18.802,2111.11
1,409.808,104.797,2.7485,18.795,2112.155
1,410.008,104.795,2.8821,18.789,2113.199
1,410.208,104.792,3.015,18.783,2114.243
1,410.408,104.79,3.1498,18.777,2115.286
1,410.608,104.787,3.2904,18.772,2116.33
1,410.808,104.785,3.4305,18.768,2117.372
1,411.008,104.782,3.5702,18.763,2118.415
1,411.208,104.78,3.7095,18.759,2119.457
1,411.408,104.777,3.8504,18.755,2120.5
1,411.608,104.775,3.9932,18.751,2121.542
1,411.808,104.772,4.1357,18.747,2122.583
1,412.008,104.769,4.2779,18.743,2123.625
1,412.208,104.767,4.42,18.739,2124.666
1,412.408,104.764,4.5554,18.736,2125.707
1,412.608,104.762,4.6875,18.732,2126.748
1,412.808,104.76,4.8196,18.728,2127.789
1,413.008,104.757,4.9514,18.725,2128.829
1,413.208,104.755,5.0832,18.721,2129.869
1,413.408,104.752,5.2159,18.718,2130.909
1,413.608,104.75,5.3487,18.714,2131.949
1,413.808,104.747,5.4813,18.711,2132.989
1,414.008,104.745,5.614,18.708,2134.028
1,414.208,104.743,5.7453,18.704,2135.068
1,414.408,104.741,5.8594,18.7,2136.107
1,414.608,104.738,5.9733,18.697,2137.146
1,414.808,104.736,6.0872,18.693,2138.185
1,415.008,104.734,6.201,18.69,2139.223
1,415.208,104.732,6.3116,18.686,2140.261
1,415.408,104.73,6.4126,18.683,2141.3
1,415.608,104.728,6.5136,18.679,2142.337
1,415.808,104.726,6.6145,18.676,2143.375
1,416.008,104.725,6.7153,18.673,2144.413
1,416.208,104.723,6.8076,18.669,2145.45
1,416.408,104.721,6.8888,18.666,2146.487
1,416.608,104.72,6.9699,18.662,2147.524
1,416.808,104.718,7.0509,18.659,2148.561
1,417.008,104.716,7.1318,18.656,2149.598
1,417.208,104.715,7.2061,18.653,2150.634
1,417.408,104.714,7.2763,18.649,2151.67
1,417.608,104.712,7.3463,18.646,2152.706
1,417.808,104.711,7.4163,18.643,2153.742
1,418.008,104.709,7.4861,18.64,2154.778
1,418.208,104.708,7.5448,18.637,2155.814
1,418.408,104.707,7.6003,18.634,2156.849
1,418.608,104.706,7.6556,18.631,2157.884
1,418.808,104.705,7.7109,18.629,2158.919
1,419.008,104.704,7.7661,18.626,2159.954
1,419.208,104.703,7.8079,18.623,2160.989
1,419.408,104.702,7.849,18.621,2162.024
1,419.608,104.701,7.8899,18.618,2163.058
1,419.808,104.7,7.9307,18.616,2164.093
1,420.008,104.699,7.9699,18.614,2165.127
1,420.208,104.699,7.9984,18.611,2166.161
1,420.408,104.698,8.0268,18.609,2167.195
1,420.608,104.697,8.055,18.607,2168.229
1,420.808,104.697,8.0831,18.605,2169.262
1,421.008,104.696,8.1072,18.603,2170.296
1,421.208,104.696,8.1211,18.602,2171.329
1,421.408,104.695,8.135,18.6,2172.363
1,421.608,104.695,8.1487,18.598,2173.396
1,421.808,104.694,8.1623,18.597,2174.429
1,422.008,104.694,8.1696,18.595,2175.463
1,422.208,104.694,8.1692,18.594,2176.496
1,422.408,104.694,8.1686,18.593,2177.529
1,422.608,104.693,8.168,18.592,2178.562
1,422.808,104.693,8.1672,18.591,2179.595
1,423.008,104.693,8.1524,18.59,2180.627
1,423.208,104.694,8.1286,18.59,2181.66
1,423.408,104.694,8.1046,18.589,2182.693
1,423.608,104.694,8.0804,18.589,2183.726
1,423.808,104.694,8.0561,18.589,2184.758
1,424.008,104.695,8.0246,18.588,2185.791
1,424.208,104.695,7.9908,18.588,2186.824
1,424.408,104.695,7.9568,18.589,2187.856
1,424.608,104.696,7.9226,18.589,2188.889
1,424.808,104.696,7.8884,18.589,2189.922
1,425.008,104.697,7.8203,18.59,2190.955
1,425.208,104.698,7.7492,18.591,2191.987
1,425.408,104.699,7.6778,18.591,2193.02
1,425.608,104.7,7.6062,18.593,2194.053
1,425.808,104.702,7.5316,18.594,2195.086
1,426.008,104.703,7.4265,18.595,2196.119
1,426.208,104.705,7.3211,18.597,2197.152
1,426.408,104.707,7.2153,18.599,2198.185
1,426.608,104.708,7.1093,18.601,2199.218
1,426.808,104.71,7.005,18.603,2200.252
1,427.008,104.712,6.9062,18.606,2201.285
1,427.208,104.713,6.8074,18.608,2202.319
1,427.408,104.715,6.7083,18.611,2203.353
1,427.608,104.716,6.6092,18.614,2204.387
1,427.808,104.718,6.5102,18.616,2205.421
1,428.008,104.719,6.4115,18.619,2206.455
1,428.208,104.721,6.3127,18.622,2207.489
1,428.408,104.722,6.2138,18.625,2208.524
1,428.608,104.724,6.1149,18.628,2209.559
1,428.808,104.726,6.0229,18.631,2210.594
1,429.008,104.727,5.9363,18.634,2211.629
1,429.208,104.728,5.8496,18.637,2212.664
1,429.408,104.73,5.7629,18.639,2213.699
1,429.608,104.731,5.6762,18.642,2214.735
1,429.808,104.732,5.5894,18.645,2215.77
1,430.008,104.734,5.5027,18.648,2216.806
1,430.208,104.735,5.416,18.651,2217.842
1,430.408,104.737,5.3292,18.653,2218.878
1,430.608,104.738,5.2425,18.656,2219.915
1,430.808,104.739,5.1649,18.659,2220.951
1,431.008,104.74,5.0881,18.661,2221.988
1,431.208,104.742,5.0114,18.664,2223.025
1,431.408,104.743,4.9348,18.666,2224.061
1,431.608,104.744,4.8586,18.669,2225.098
1,431.808,104.745,4.7873,18.671,2226.136
1,432.008,104.746,4.7161,18.673,2227.173
1,432.208,104.747,4.6449,18.676,2228.21
1,432.408,104.749,4.5738,18.678,2229.248
1,432.608,104.75,4.5042,18.68,2230.285
1,432.808,104.751,4.4387,18.682,2231.323
1,433.008,104.752,4.3732,18.684,2232.361
1,433.208,104.753,4.3077,18.686,2233.399
1,433.408,104.754,4.2423,18.688,2234.437
1,433.608,104.755,4.1838,18.69,2235.475
1,433.808,104.756,4.1332,18.691,2236.514
1,434.008,104.756,4.0828,18.693,2237.552
1,434.208,104.757,4.0324,18.695,2238.591
1,434.408,104.758,3.9821,18.696,2239.629
1,434.608,104.759,3.9279,18.698,2240.668
1,434.808,104.76,3.8716,18.699,2241.707
1,435.008,104.761,3.8153,18.701,2242.746
1,435.208,104.761,3.7591,18.702,2243.784
1,435.408,104.762,3.7029,18.704,2244.824
1,435.608,104.763,3.6523,18.705,2245.863
1,435.808,104.764,3.6029,18.706,2246.902
1,436.008,104.765,3.5536,18.708,2247.941
1,436.208,104.765,3.5043,18.709,2248.98
1,436.408,104.766,3.4551,18.71,2250.02
1,436.608,104.767,3.4106,18.711,2251.059
1,436.808,104.768,3.366,18.712,2252.099
1,437.008,104.768,3.3215,18.713,2253.138
1,437.208,104.769,3.277,18.714,2254.178
1,437.408,104.77,3.2341,18.715,2255.218
1,437.608,104.77,3.197,18.716,2256.257
1,437.808,104.771,3.16,18.717,2257.297
1,438.008,104.771,3.1229,18.718,2258.337
1,438.208,104.772,3.086,18.719,2259.377
1,438.408,104.773,3.0415,18.72,2260.417
1,438.608,104.774,2.9858,18.721,2261.457
1,438.808,104.774,2.9301,18.722,2262.497
1,439.008,104.775,2.8744,18.723,2263.537
1,439.208,104.776,2.8187,18.723,2264.577
1,439.408,104.777,2.7651,18.724,2265.617
1,439.608,104.778,2.713,18.725,2266.658
1,439.808,104.779,2.6609,18.726,2267.698
1,440.008,104.78,2.6087,18.727,2268.738
1,440.208,104.781,2.5566,18.727,2269.779
1,440.408,104.781,2.5039,18.728,2270.819
1,440.608,104.782,2.4509,18.729,2271.859
1,440.808,104.783,2.398,18.73,2272.9
1,441.008,104.784,2.3451,18.731,2273.94
1,441.208,104.785,2.2922,18.731,2274.981
1,441.408,104.785,2.2518,18.732,2276.022
1,441.608,104.786,2.2115,18.733,2277.062
1,441.808,104.787,2.1714,18.733,2278.103
1,442.008,104.787,2.1312,18.734,2279.144
1,442.208,104.788,2.0929,18.735,2280.185
1,442.408,104.789,2.0629,18.735,2281.225
1,442.608,104.789,2.033,18.736,2282.266
1,442.808,104.789,2.0031,18.736,2283.307
1,443.008,104.79,1.9732,18.737,2284.348
1,443.208,104.79,1.9428,18.737,2285.389
1,443.408,104.791,1.9113,18.738,2286.43
1,443.608,104.791,1.8799,18.738,2287.471
1,443.808,104.792,1.8485,18.739,2288.512
1,444.008,104.792,1.8171,18.739,2289.553
1,444.208,104.793,1.7903,18.74,2290.594
1,444.408,104.793,1.7669,18.74,2291.635
1,444.608,104.794,1.7436,18.74,2292.676
1,444.808,104.794,1.7203,18.741,2293.717
1,445.008,104.794,1.6971,18.741,2294.759
1,445.208,104.795,1.6836,18.741,2295.8
1,445.408,104.795,1.673,18.742,2296.841
1,445.608,104.795,1.6625,18.742,2297.882
1,445.808,104.795,1.652,18.742,2298.923
1,446.008,104.795,1.6416,18.743,2299.965
1,446.208,104.795,1.6378,18.743,2301.006
1,446.408,104.795,1.6342,18.743,2302.047
1,446.608,104.795,1.6307,18.743,2303.088
1,446.808,104.795,1.6272,18.743,2304.13
1,447.008,104.795,1.6258,18.744,2305.171
1,447.208,104.795,1.6351,18.744,2306.212
1,447.408,104.795,1.6445,18.744,2307.254
1,447.608,104.795,1.6538,18.744,2308.295
1,447.808,104.794,1.6632,18.744,2309.336
1,448.008,104.794,1.6731,18.744,2310.378
1,448.208,104.794,1.6838,18.744,2311.419
1,448.408,104.794,1.6945,18.744,2312.46
1,448.608,104.794,1.7053,18.744,2313.502
1,448.808,104.793,1.7161,18.744,2314.543
1,449.008,104.793,1.734,18.744,2315.584
1,449.208,104.792,1.7574,18.744,2316.626
1,449.408,104.792,1.7809,18.744,2317.667
1,449.608,104.792,1.8045,18.744,2318.708
1,449.808,104.791,1.828,18.744,2319.75
1,450.008,104.791,1.8518,18.744,2320.791
1,450.208,104.79,1.8758,18.744,2321.832
1,450.408,104.79,1.8997,18.744,2322.874
1,450.608,104.789,1.9237,18.744,2323.915
1,450.808,104.789,1.9477,18.744,2324.956
1,451.008,104.788,1.9778,18.743,2325.998
1,451.208,104.788,2.0082,18.743,2327.039
1,451.408,104.787,2.0386,18.743,2328.08
1,451.608,104.787,2.069,18.743,2329.122
1,451.808,104.786,2.0993,18.743,2330.163
1,452.008,104.785,2.1288,18.743,2331.204
1,452.208,104.785,2.1582,18.742,2332.245
1,452.408,104.784,2.1877,18.742,2333.287
1,452.608,104.784,2.2172,18.742,2334.328
1,452.808,104.783,2.2474,18.742,2335.369
1,453.008,104.783,2.279,18.741,2336.41
1,453.208,104.782,2.3105,18.741,2337.451
1,453.408,104.781,2.3421,18.741,2338.493
1,453.608,104.781,2.3737,18.74,2339.534
1,453.808,104.78,2.3938,18.74,2340.575
1,454.008,104.78,2.4044,18.74,2341.616
1,454.208,104.78,2.4151,18.74,2342.657
1,454.408,104.78,2.4257,18.739,2343.698
1,454.608,104.779,2.4363,18.739,2344.739
1,454.808,104.779,2.4437,18.739,2345.78
1,455.008,104.779,2.45,18.739,2346.821
1,455.208,104.779,2.4564,18.738,2347.862
1,455.408,104.779,2.4627,18.738,2348.903
1,455.608,104.779,2.469,18.738,2349.944
1,455.808,104.778,2.5021,18.738,2350.985
1,456.008,104.777,2.5368,18.738,2352.026
1,456.208,104.777,2.5715,18.738,2353.067
1,456.408,104.776,2.6062,18.737,2354.108
1,456.608,104.775,2.6409,18.737,2355.149
1,456.808,104.775,2.6758,18.737,2356.19
1,457.008,104.774,2.7107,18.736,2357.231
1,457.208,104.773,2.7457,18.736,2358.272
1,457.408,104.773,2.7806,18.736,2359.313
1,457.608,104.772,2.8171,18.735,2360.354
1,457.808,104.771,2.8563,18.735,2361.395
1,458.008,104.77,2.8956,18.735,2362.436
1,458.208,104.77,2.9349,18.734,2363.476
1,458.408,104.769,2.9742,18.734,2364.517
1,458.608,104.768,3.0068,18.733,2365.558
1,458.808,104.768,3.0337,18.733,2366.599
1,459.008,104.767,3.0605,18.733,2367.639
1,459.208,104.767,3.0874,18.732,2368.68
1,459.408,104.766,3.1142,18.732,2369.721
1,459.608,104.766,3.1386,18.731,2370.761
1,459.808,104.765,3.1621,18.731,2371.802
1,460.008,104.765,3.1857,18.73,2372.843
1,460.208,104.764,3.2092,18.73,2373.883
1,460.408,104.764,3.2327,18.73,2374.924
1,460.608,104.763,3.2452,18.729,2375.964
1,460.808,104.763,3.2568,18.729,2377.005
1,461.008,104.763,3.2683,18.728,2378.045
1,461.208,104.763,3.2799,18.728,2379.086
1,461.408,104.762,3.29,18.728,2380.126
1,461.608,104.762,3.2903,18.727,2381.167
1,461.808,104.762,3.2905,18.727,2382.207
1,462.008,104.762,3.2907,18.727,2383.247
1,462.208,104.762,3.2908,18.727,2384.288
1,462.408,104.762,3.2897,18.726,2385.328
1,462.608,104.762,3.2858,18.726,2386.369
1,462.808,104.762,3.2818,18.726,2387.409
1,463.008,104.762,3.2779,18.726,2388.449
1,463.208,104.762,3.2739,18.726,2389.49
1,463.408,104.762,3.2619,18.726,2390.53
1,463.608,104.762,3.2421,18.726,2391.57
1,463.808,104.763,3.2224,18.726,2392.61
1,464.008,104.763,3.2025,18.726,2393.651
1,464.208,104.763,3.1827,18.726,2394.691
1,464.408,104.763,3.1617,18.726,2395.731
1,464.608,104.764,3.1401,18.726,2396.772
1,464.808,104.764,3.1186,18.726,2397.812
1,465.008,104.764,3.097,18.726,2398.852
1,465.208,104.765,3.0754,18.726,2399.893
1,465.408,104.765,3.0423,18.726,2400.933
1,465.608,104.766,3.0079,18.727,2401.973
1,465.808,104.766,2.9734,18.727,2403.014
1,466.008,104.767,2.9389,18.727,2404.054
1,466.208,104.767,2.904,18.727,2405.095
1,466.408,104.768,2.8647,18.728,2406.135
1,466.608,104.769,2.8254,18.728,2407.175
1,466.808,104.769,2.786,18.728,2408.216
1,467.008,104.77,2.7466,18.729,2409.256
1,467.208,104.77,2.7021,18.729,2410.297
1,467.408,104.771,2.645,18.73,2411.337
1,467.608,104.772,2.5877,18.73,2412.378
1,467.808,104.773,2.5305,18.731,2413.418
1,468.008,104.774,2.4731,18.731,2414.459
1,468.208,104.775,2.4164,18.732,2415.5
1,468.408,104.776,2.3604,18.732,2416.54
1,468.608,104.777,2.3044,18.733,2417.581
1,468.808,104.778,2.2483,18.733,2418.622
1,469.008,104.779,2.1922,18.734,2419.662
1,469.208,104.78,2.1444,18.734,2420.703
1,469.408,104.78,2.1005,18.735,2421.744
1,469.608,104.781,2.0567,18.736,2422.785
1,469.808,104.782,2.0128,18.736,2423.826
1,470.008,104.782,1.969,18.737,2424.866
1,470.208,104.783,1.9313,18.737,2425.907
1,470.408,104.784,1.8945,18.738,2426.948
1,470.608,104.784,1.8578,18.738,2427.989
1,470.808,104.785,1.821,18.739,2429.03
1,471.008,104.785,1.7843,18.739,2430.071
1,471.208,104.786,1.7466,18.74,2431.112
1,471.408,104.787,1.709,18.74,2432.154
1,471.608,104.787,1.6714,18.74,2433.195
1,471.808,104.788,1.6338,18.741,2434.236
1,472.008,104.789,1.5979,18.741,2435.277
1,472.208,104.789,1.5665,18.742,2436.318
1,472.408,104.79,1.5351,18.742,2437.359
1,472.608,104.79,1.5038,18.742,2438.401
1,472.808,104.791,1.4724,18.743,2439.442
1,473.008,104.791,1.4388,18.743,2440.483
1,473.208,104.792,1.4026,18.743,2441.524
1,473.408,104.792,1.3663,18.744,2442.566
1,473.608,104.793,1.3301,18.744,2443.607
1,473.808,104.794,1.2939,18.744,2444.648
1,474.008,104.794,1.2661,18.745,2445.69
1,474.208,104.794,1.2427,18.745,2446.731
1,474.408,104.795,1.2192,18.745,2447.772
1,474.608,104.795,1.1958,18.746,2448.814
1,474.808,104.795,1.1725,18.746,2449.855
1,475.008,104.796,1.1438,18.746,2450.897
1,475.208,104.796,1.1143,18.746,2451.938
1,475.408,104.797,1.0848,18.747,2452.98
1,475.608,104.797,1.0553,18.747,2454.021
1,475.808,104.798,1.0262,18.747,2455.063
1,476.008,104.798,1.003,18.747,2456.104
1,476.208,104.799,0.9797,18.747,2457.146
1,476.408,104.799,0.9565,18.748,2458.187
1,476.608,104.799,0.9333,18.748,2459.229
1,476.808,104.8,0.9112,18.748,2460.27
1,477.008,104.8,0.8923,18.748,2461.312
1,477.208,104.8,0.8733,18.748,2462.353
1,477.408,104.801,0.8544,18.748,2463.395
1,477.608,104.801,0.8355,18.749,2464.436
1,477.808,104.801,0.8226,18.749,2465.478
1,478.008,104.801,0.8168,18.749,2466.52
1,478.208,104.801,0.811,18.749,2467.561
1,478.408,104.801,0.8052,18.749,2468.603
1,478.608,104.802,0.7994,18.749,2469.644
1,478.808,104.802,0.7995,18.749,2470.686
1,479.008,104.801,0.8026,18.749,2471.728
1,479.208,104.801,0.8058,18.749,2472.769
1,479.408,104.801,0.8089,18.749,2473.811
1,479.608,104.801,0.8121,18.75,2474.853
1,479.808,104.801,0.821,18.75,2475.894
1,480.008,104.801,0.831,18.75,2476.936
1,480.208,104.801,0.8409,18.75,2477.978
1,480.408,104.801,0.8508,18.75,2479.019
1,480.608,104.8,0.8616,18.75,2480.061
1,480.808,104.8,0.8865,18.75,2481.102
1,481.008,104.799,0.9114,18.75,2482.144
1,481.208,104.799,0.9363,18.75,2483.186
1,481.408,104.798,0.9612,18.75,2484.227
1,481.608,104.798,0.9886,18.75,2485.269
1,481.808,104.797,1.0233,18.75,2486.311
1,482.008,104.797,1.058,18.75,2487.352
1,482.208,104.796,1.0927,18.749,2488.394
1,482.408,104.795,1.1274,18.749,2489.436
1,482.608,104.795,1.1674,18.749,2490.477
1,482.808,104.794,1.2135,18.749,2491.519
1,483.008,104.793,1.2597,18.749,2492.561
1,483.208,104.792,1.3059,18.749,2493.602
1,483.408,104.791,1.3521,18.749,2494.644
1,483.608,104.791,1.392,18.749,2495.685
1,483.808,104.79,1.4287,18.748,2496.727
1,484.008,104.789,1.4653,18.748,2497.769
1,484.208,104.789,1.5019,18.748,2498.81
1,484.408,104.788,1.5386,18.748,2499.852
1,484.608,104.787,1.5805,18.748,2500.893
1,484.808,104.786,1.6232,18.747,2501.935
1,485.008,104.786,1.666,18.747,2502.976
1,485.208,104.785,1.7088,18.747,2504.018
1,485.408,104.784,1.751,18.747,2505.059
1,485.608,104.784,1.7846,18.746,2506.101
1,485.808,104.783,1.8181,18.746,2507.142
1,486.008,104.782,1.8517,18.746,2508.184
1,486.208,104.782,1.8852,18.746,2509.225
1,486.408,104.781,1.9166,18.745,2510.267
1,486.608,104.781,1.9415,18.745,2511.308
1,486.808,104.78,1.9664,18.745,2512.349
1,487.008,104.78,1.9913,18.744,2513.391
1,487.208,104.779,2.0162,18.744,2514.432
1,487.408,104.779,2.0375,18.744,2515.473
1,487.608,104.778,2.0545,18.744,2516.515
1,487.808,104.778,2.0715,18.743,2517.556
1,488.008,104.778,2.0884,18.743,2518.597
1,488.208,104.777,2.1054,18.743,2519.639
1,488.408,104.777,2.1186,18.743,2520.68
1,488.608,104.777,2.1298,18.742,2521.721
1,488.808,104.777,2.141,18.742,2522.762
1,489.008,104.776,2.1521,18.742,2523.804
1,489.208,104.776,2.1633,18.742,2524.845
1,489.408,104.776,2.1696,18.742,2525.886
1,489.608,104.776,2.1751,18.741,2526.927
1,489.808,104.776,2.1806,18.741,2527.968
1,490.008,104.776,2.186,18.741,2529.01
1,490.208,104.775,2.1909,18.741,2530.051
1,490.408,104.775,2.1842,18.741,2531.092
1,490.608,104.776,2.1774,18.741,2532.133
1,490.808,104.776,2.1707,18.741,2533.174
1,491.008,104.776,2.1639,18.741,2534.215
1,491.208,104.776,2.1549,18.741,2535.257
1,491.408,104.776,2.1393,18.74,2536.298
1,491.608,104.776,2.1236,18.74,2537.339
1,491.808,104.776,2.1079,18.74,2538.38
1,492.008,104.777,2.0922,18.74,2539.421
1,492.208,104.777,2.0742,18.74,2540.462
1,492.408,104.777,2.0533,18.741,2541.503
1,492.608,104.778,2.0323,18.741,2542.545
1,492.808,104.778,2.0113,18.741,2543.586
1,493.008,104.778,1.9903,18.741,2544.627
1,493.208,104.779,1.964,18.741,2545.668
1,493.408,104.779,1.9347,18.741,2546.709
1,493.608,104.78,1.9053,18.741,2547.75
1,493.808,104.78,1.8759,18.741,2548.791
1,494.008,104.78,1.8465,18.741,2549.833
1,494.208,104.781,1.8117,18.742,2550.874
1,494.408,104.782,1.7758,18.742,2551.915
1,494.608,104.782,1.7398,18.742,2552.956
1,494.808,104.783,1.7039,18.742,2553.997
1,495.008,104.783,1.6674,18.742,2555.039
1,495.208,104.784,1.619,18.743,2556.08
1,495.408,104.785,1.5705,18.743,2557.121
1,495.608,104.786,1.522,18.743,2558.162
1,495.808,104.787,1.4735,18.743,2559.204
1,496.008,104.787,1.4248,18.744,2560.245
1,496.208,104.788,1.3755,18.744,2561.286
1,496.408,104.789,1.3262,18.744,2562.328
1,496.608,104.79,1.2769,18.745,2563.369
1,496.808,104.791,1.2276,18.745,2564.41
1,497.008,104.792,1.1788,18.745,2565.452
1,497.208,104.792,1.1307,18.745,2566.493
1,497.408,104.793,1.0825,18.746,2567.535
1,497.608,104.794,1.0344,18.746,2568.576
1,497.808,104.795,0.9863,18.746,2569.617
1,498.008,104.795,0.9455,18.747,2570.659
1,498.208,104.796,0.9089,18.747,2571.7
1,498.408,104.797,0.8724,18.747,2572.742
1,498.608,104.797,0.8358,18.747,2573.783
1,498.808,104.798,0.7993,18.748,2574.825
1,499.008,104.799,0.7633,18.748,2575.867
1,499.208,104.799,0.7274,18.748,2576.908
1,499.408,104.8,0.6916,18.748,2577.95
1,499.608,104.8,0.6557,18.749,2578.991
1,499.808,104.801,0.6195,18.749,2580.033
1,500.008,104.802,0.5723,18.749,2581.074
1,500.208,104.803,0.5251,18.749,2582.116
1,500.408,104.803,0.4779,18.749,2583.158
1,500.608,104.804,0.4307,18.75,2584.199
1,500.808,104.805,0.3866,18.75,2585.241
1,501.008,104.806,0.3528,18.75,2586.283
1,501.208,104.806,0.3189,18.75,2587.324
1,501.408,104.807,0.2851,18.75,2588.366
1,501.608,104.807,0.2513,18.75,2589.408
1,501.808,104.807,0.2421,18.75,2590.449
1,502.008,104.807,0.2652,18.751,2591.491
1,502.208,104.807,0.2884,18.751,2592.533
1,502.408,104.806,0.3116,18.751,2593.574
1,502.608,104.806,0.3349,18.751,2594.616
1,502.808,104.805,0.407,18.751,2595.658
1,503.008,104.803,0.5077,18.751,2596.699
1,503.208,104.801,0.6085,18.751,2597.741
1,503.408,104.799,0.7093,18.751,2598.783
1,503.608,104.798,0.8101,18.751,2599.825
1,503.808,104.796,0.8797,18.751,2600.866
1,504.008,104.795,0.9429,18.751,2601.908
1,504.208,104.794,1.0062,18.751,2602.95
1,504.408,104.793,1.0695,18.75,2603.991
1,504.608,104.792,1.1325,18.75,2605.033
1,504.808,104.791,1.1865,18.75,2606.075
1,505.008,104.79,1.2405,18.75,2607.116
1,505.208,104.789,1.2946,18.75,2608.158
1,505.408,104.788,1.3487,18.749,2609.2
1,505.608,104.787,1.4054,18.749,2610.241
1,505.808,104.786,1.4705,18.749,2611.283
1,506.008,104.785,1.5358,18.749,2612.325
1,506.208,104.783,1.601,18.748,2613.366
1,506.408,104.782,1.6663,18.748,2614.408
1,506.608,104.781,1.7332,18.748,2615.449
1,506.808,104.78,1.8022,18.747,2616.491
1,507.008,104.779,1.8713,18.747,2617.532
1,507.208,104.777,1.9404,18.747,2618.574
1,507.408,104.776,2.0095,18.746,2619.615
1,507.608,104.775,2.0839,18.746,2620.657
1,507.808,104.773,2.1614,18.745,2621.698
1,508.008,104.772,2.239,18.745,2622.74
1,508.208,104.771,2.3166,18.744,2623.781
1,508.408,104.769,2.3942,18.744,2624.822
1,508.608,104.768,2.4791,18.743,2625.864
1,508.808,104.766,2.5655,18.742,2626.905
1,509.008,104.764,2.6519,18.742,2627.946
1,509.208,104.763,2.7384,18.741,2628.987
1,509.408,104.761,2.8252,18.74,2630.029
1,509.608,104.76,2.9219,18.739,2631.07
1,509.808,104.758,3.0187,18.738,2632.111
1,510.008,104.756,3.1155,18.737,2633.152
1,510.208,104.754,3.2124,18.736,2634.193
1,510.408,104.753,3.3089,18.735,2635.234
1,510.608,104.751,3.4037,18.734,2636.274
1,510.808,104.749,3.4986,18.733,2637.315
1,511.008,104.747,3.5934,18.732,2638.356
1,511.208,104.746,3.6884,18.731,2639.397
1,511.408,104.744,3.7796,18.729,2640.437
1,511.608,104.742,3.8655,18.728,2641.478
1,511.808,104.741,3.9515,18.727,2642.518
1,512.008,104.739,4.0375,18.725,2643.559
1,512.208,104.738,4.1235,18.724,2644.599
1,512.408,104.736,4.2035,18.722,2645.639
1,512.608,104.735,4.2797,18.721,2646.679
1,512.808,104.733,4.356,18.719,2647.719
1,513.008,104.732,4.4323,18.718,2648.759
1,513.208,104.73,4.5085,18.716,2649.799
1,513.408,104.729,4.5739,18.715,2650.839
1,513.608,104.728,4.6367,18.713,2651.879
1,513.808,104.727,4.6995,18.712,2652.918
1,514.008,104.726,4.7622,18.71,2653.958
1,514.208,104.724,4.8249,18.708,2654.997
1,514.408,104.723,4.8704,18.707,2656.036
1,514.608,104.723,4.9157,18.705,2657.076
1,514.808,104.722,4.961,18.704,2658.115
1,515.008,104.721,5.0062,18.703,2659.154
1,515.208,104.72,5.0463,18.701,2660.193
1,515.408,104.72,5.0638,18.7,2661.232
1,515.608,104.719,5.0811,18.699,2662.271
1,515.808,104.719,5.0984,18.697,2663.31
1,516.008,104.718,5.1156,18.696,2664.348
1,516.208,104.718,5.1259,18.695,2665.387
1,516.408,104.718,5.1248,18.694,2666.426
1,516.608,104.718,5.1236,18.693,2667.464
1,516.808,104.718,5.1223,18.693,2668.503
1,517.008,104.718,5.1209,18.692,2669.541
1,517.208,104.718,5.1069,18.691,2670.58
1,517.408,104.718,5.0829,18.691,2671.618
1,517.608,104.718,5.0588,18.69,2672.657
1,517.808,104.719,5.0346,18.69,2673.695
1,518.008,104.719,5.0102,18.69,2674.733
1,518.208,104.719,4.9765,18.69,2675.772
1,518.408,104.72,4.9395,18.69,2676.81
1,518.608,104.721,4.9023,18.69,2677.848
1,518.808,104.721,4.8651,18.69,2678.887
1,519.008,104.722,4.8277,18.69,2679.925
1,519.208,104.722,4.7817,18.69,2680.963
1,519.408,104.723,4.7349,18.691,2682.002
1,519.608,104.724,4.688,18.691,2683.04
1,519.808,104.724,4.641,18.692,2684.078
1,520.008,104.725,4.5948,18.692,2685.117
1,520.208,104.726,4.5555,18.693,2686.155
1,520.408,104.726,4.5162,18.694,2687.194
1,520.608,104.727,4.4768,18.694,2688.232
1,520.808,104.727,4.4374,18.695,2689.271
1,521.008,104.728,4.3982,18.696,2690.309
1,521.208,104.729,4.3596,18.696,2691.348
1,521.408,104.729,4.3209,18.697,2692.387
1,521.608,104.73,4.2822,18.698,2693.425
1,521.808,104.73,4.2435,18.699,2694.464
1,522.008,104.731,4.2038,18.699,2695.503
1,522.208,104.732,4.1631,18.7,2696.542
1,522.408,104.732,4.1224,18.701,2697.581
1,522.608,104.733,4.0817,18.702,2698.62
1,522.808,104.733,4.041,18.703,2699.659
1,523.008,104.734,4.0006,18.703,2700.698
1,523.208,104.735,3.9604,18.704,2701.737
1,523.408,104.735,3.9202,18.705,2702.776
1,523.608,104.736,3.88,18.706,2703.815
1,523.808,104.736,3.8398,18.707,2704.854
1,524.008,104.737,3.7974,18.707,2705.894
1,524.208,104.738,3.7546,18.708,2706.933
1,524.408,104.738,3.7118,18.709,2707.972
1,524.608,104.739,3.6689,18.71,2709.012
1,524.808,104.74,3.6256,18.711,2710.051
1,525.008,104.741,3.572,18.711,2711.091
1,525.208,104.741,3.5183,18.712,2712.13
1,525.408,104.742,3.4647,18.713,2713.17
1,525.608,104.743,3.411,18.714,2714.209
1,525.808,104.744,3.3575,18.715,2715.249
1,526.008,104.745,3.3044,18.716,2716.289
1,526.208,104.746,3.2514,18.716,2717.328
1,526.408,104.747,3.1983,18.717,2718.368
1,526.608,104.747,3.1453,18.718,2719.408
1,526.808,104.748,3.0888,18.719,2720.448
1,527.008,104.749,3.0279,18.72,2721.488
1,527.208,104.75,2.9669,18.721,2722.528
1,527.408,104.751,2.9059,18.722,2723.568
1,527.608,104.752,2.8449,18.723,2724.608
1,527.808,104.753,2.7891,18.723,2725.648
1,528.008,104.754,2.7364,18.724,2726.688
1,528.208,104.755,2.6837,18.725,2727.729
1,528.408,104.756,2.631,18.726,2728.769
1,528.608,104.757,2.5783,18.727,2729.809
1,528.808,104.757,2.5328,18.728,2730.85
1,529.008,104.758,2.4889,18.728,2731.89
1,529.208,104.759,2.445,18.729,2732.931
1,529.408,104.759,2.4012,18.73,2733.971
1,529.608,104.76,2.3576,18.731,2735.012
1,529.808,104.761,2.3312,18.731,2736.052
1,530.008,104.761,2.3049,18.732,2737.093
1,530.208,104.761,2.2786,18.733,2738.133
1,530.408,104.762,2.2523,18.733,2739.174
1,530.608,104.762,2.2274,18.734,2740.215
1,530.808,104.762,2.2078,18.734,2741.256
1,531.008,104.763,2.1881,18.735,2742.296
1,531.208,104.763,2.1685,18.735,2743.337
1,531.408,104.763,2.1489,18.736,2744.378
1,531.608,104.763,2.1356,18.736,2745.419
1,531.808,104.764,2.1317,18.737,2746.46
1,532.008,104.764,2.1278,18.737,2747.501
1,532.208,104.764,2.124,18.737,2748.542
1,532.408,104.764,2.1202,18.738,2749.583
1,532.608,104.763,2.1232,18.738,2750.624
1,532.808,104.763,2.1308,18.738,2751.665
1,533.008,104.763,2.1384,18.738,2752.706
1,533.208,104.763,2.1461,18.739,2753.747
1,533.408,104.763,2.1538,18.739,2754.788
1,533.608,104.763,2.1603,18.739,2755.829
1,533.808,104.762,2.1666,18.739,2756.87
1,534.008,104.762,2.1729,18.739,2757.911
1,534.208,104.762,2.1792,18.739,2758.952
1,534.408,104.762,2.1856,18.739,2759.993
1,534.608,104.762,2.2003,18.739,2761.034
1,534.808,104.761,2.2151,18.739,2762.075
1,535.008,104.761,2.23,18.739,2763.116
1,535.208,104.761,2.2449,18.739,2764.157
1,535.408,104.76,2.259,18.739,2765.198
1,535.608,104.76,2.2699,18.739,2766.24
1,535.808,104.76,2.2808,18.739,2767.281
1,536.008,104.76,2.2918,18.739,2768.322
1,536.208,104.759,2.3027,18.739,2769.363
1,536.408,104.759,2.3087,18.739,2770.404
1,536.608,104.759,2.307,18.739,2771.445
1,536.808,104.759,2.3052,18.739,2772.486
1,537.008,104.759,2.3034,18.739,2773.527
1,537.208,104.759,2.3016,18.739,2774.568
1,537.408,104.759,2.301,18.739,2775.609
1,537.608,104.759,2.3013,18.739,2776.65
1,537.808,104.759,2.3016,18.739,2777.691
1,538.008,104.759,2.3019,18.739,2778.732
1,538.208,104.759,2.3022,18.739,2779.773
1,538.408,104.759,2.2991,18.739,2780.814
1,538.608,104.759,2.2951,18.739,2781.855
1,538.808,104.759,2.2911,18.739,2782.896
1,539.008,104.759,2.287,18.739,2783.937
1,539.208,104.759,2.283,18.739,2784.978
1,539.408,104.759,2.2852,18.739,2786.019
1,539.608,104.759,2.2877,18.739,2787.06
1,539.808,104.759,2.2901,18.739,2788.101
1,540.008,104.759,2.2925,18.739,2789.142
1,540.208,104.759,2.2953,18.739,2790.183
1,540.408,104.758,2.3001,18.739,2791.224
1,540.608,104.758,2.305,18.739,2792.266
1,540.808,104.758,2.3098,18.739,2793.307
1,541.008,104.758,2.3146,18.738,2794.348
1,541.208,104.758,2.3185,18.738,2795.389
1,541.408,104.758,2.3206,18.738,2796.43
1,541.608,104.758,2.3227,18.738,2797.471
1,541.808,104.758,2.3248,18.738,2798.512
1,542.008,104.757,2.3269,18.738,2799.553
1,542.208,104.757,2.337,18.738,2800.594
1,542.408,104.757,2.3531,18.738,2801.635
1,542.608,104.757,2.3693,18.738,2802.676
1,542.808,104.756,2.3855,18.738,2803.717
1,543.008,104.756,2.4017,18.738,2804.758
1,543.208,104.755,2.4238,18.738,2805.799
1,543.408,104.755,2.4477,18.738,2806.84
1,543.608,104.755,2.4716,18.738,2807.881
1,543.808,104.754,2.4956,18.738,2808.922
1,544.008,104.754,2.5196,18.737,2809.963
1,544.208,104.753,2.5454,18.737,2811.004
1,544.408,104.753,2.5714,18.737,2812.045
1,544.608,104.752,2.5974,18.737,2813.086
1,544.808,104.752,2.6234,18.737,2814.127
1,545.008,104.751,2.652,18.736,2815.167
1,545.208,104.75,2.6935,18.736,2816.208
1,545.408,104.749,2.7351,18.736,2817.249
1,545.608,104.749,2.7768,18.736,2818.29
1,545.808,104.748,2.8185,18.735,2819.331
1,546.008,104.747,2.8614,18.735,2820.372
1,546.208,104.746,2.9065,18.735,2821.413
1,546.408,104.745,2.9516,18.734,2822.454
1,546.608,104.744,2.9968,18.734,2823.494
1,546.808,104.744,3.042,18.733,2824.535
1,547.008,104.743,3.0899,18.733,2825.576
1,547.208,104.742,3.1401,18.732,2826.617
1,547.408,104.741,3.1903,18.732,2827.657
1,547.608,104.74,3.2405,18.731,2828.698
1,547.808,104.739,3.2908,18.731,2829.739
1,548.008,104.738,3.34,18.73,2830.779
1,548.208,104.737,3.389,18.729,2831.82
1,548.408,104.736,3.438,18.729,2832.86
1,548.608,104.735,3.4869,18.728,2833.901
1,548.808,104.734,3.536,18.727,2834.941
1,549.008,104.734,3.5576,18.727,2835.982
1,549.208,104.733,3.5776,18.726,2837.022
1,549.408,104.733,3.5975,18.725,2838.062
1,549.608,104.733,3.6173,18.725,2839.103
1,549.808,104.732,3.6346,18.724,2840.143
1,550.008,104.732,3.6359,18.724,2841.183
1,550.208,104.732,3.637,18.723,2842.223
1,550.408,104.732,3.6381,18.723,2843.263
1,550.608,104.732,3.6392,18.722,2844.304
1,550.808,104.732,3.6428,18.722,2845.344
1,551.008,104.731,3.6516,18.721,2846.384
1,551.208,104.731,3.6604,18.721,2847.424
1,551.408,104.731,3.6692,18.721,2848.464
1,551.608,104.731,3.678,18.721,2849.504
1,551.808,104.731,3.6814,18.72,2850.544
1,552.008,104.73,3.68,18.72,2851.584
1,552.208,104.73,3.6785,18.72,2852.624
1,552.408,104.73,3.677,18.72,2853.664
1,552.608,104.73,3.6754,18.719,2854.704
1,552.808,104.73,3.677,18.719,2855.744
1,553.008,104.73,3.6799,18.719,2856.784
1,553.208,104.73,3.6827,18.719,2857.824
1,553.408,104.73,3.6855,18.719,2858.864
1,553.608,104.73,3.6884,18.719,2859.904
1,553.808,104.729,3.6947,18.719,2860.944
1,554.008,104.729,3.7015,18.718,2861.983
1,554.208,104.729,3.7082,18.718,2863.023
1,554.408,104.729,3.7149,18.718,2864.063
1,554.608,104.729,3.7206,18.718,2865.103
1,554.808,104.729,3.7166,18.718,2866.143
1,555.008,104.729,3.7125,18.718,2867.183
1,555.208,104.729,3.7084,18.718,2868.223
1,555.408,104.729,3.7042,18.718,2869.263
1,555.608,104.729,3.7013,18.718,2870.303
1,555.808,104.728,3.7014,18.718,2871.342
1,556.008,104.728,3.7014,18.718,2872.382
1,556.208,104.728,3.7014,18.718,2873.422
1,556.408,104.728,3.7014,18.718,2874.462
1,556.608,104.728,3.6975,18.717,2875.502
1,556.808,104.728,3.6894,18.717,2876.542
1,557.008,104.728,3.6813,18.717,2877.582
1,557.208,104.728,3.6732,18.717,2878.622
1,557.408,104.728,3.665,18.718,2879.661
1,557.608,104.729,3.6559,18.718,2880.701
1,557.808,104.729,3.6462,18.718,2881.741
1,558.008,104.729,3.6365,18.718,2882.781
1,558.208,104.729,3.6268,18.718,2883.821
1,558.408,104.729,3.617,18.718,2884.861
1,558.608,104.729,3.6046,18.718,2885.901
1,558.808,104.729,3.5917,18.718,2886.94
1,559.008,104.729,3.5787,18.718,2887.98
1,559.208,104.729,3.5658,18.718,2889.02
1,559.408,104.73,3.5521,18.718,2890.06
1,559.608,104.73,3.5268,18.719,2891.1
1,559.808,104.73,3.5013,18.719,2892.14
1,560.008,104.731,3.4759,18.719,2893.18
1,560.208,104.731,3.4504,18.719,2894.22
1,560.408,104.731,3.4198,18.719,2895.26
1,560.608,104.732,3.3738,18.72,2896.3
1,560.808,104.733,3.3277,18.72,2897.34
1,561.008,104.734,3.2815,18.72,2898.38
1,561.208,104.734,3.2353,18.721,2899.42
1,561.408,104.735,3.1777,18.721,2900.46
1,561.608,104.736,3.1058,18.722,2901.5
1,561.808,104.738,3.0337,18.722,2902.54
1,562.008,104.739,2.9616,18.723,2903.58
1,562.208,104.74,2.8894,18.724,2904.62
1,562.408,104.741,2.808,18.724,2905.661
1,562.608,104.743,2.7212,18.725,2906.701
1,562.808,104.744,2.6343,18.726,2907.741
1,563.008,104.746,2.5474,18.727,2908.781
1,563.208,104.747,2.4604,18.728,2909.822
1,563.408,104.749,2.3769,18.729,2910.862
1,563.608,104.75,2.2942,18.729,2911.903
1,563.808,104.751,2.2115,18.73,2912.943
1,564.008,104.753,2.1288,18.731,2913.984
1,564.208,104.754,2.0465,18.732,2915.024
1,564.408,104.755,1.9831,18.733,2916.065
1,564.608,104.756,1.9198,18.734,2917.106
1,564.808,104.757,1.8565,18.735,2918.147
1,565.008,104.758,1.7932,18.736,2919.187
1,565.208,104.759,1.7331,18.736,2920.228
1,565.408,104.76,1.6844,18.737,2921.269
1,565.608,104.761,1.6358,18.738,2922.31
1,565.808,104.762,1.5872,18.739,2923.351
1,566.008,104.763,1.5386,18.739,2924.392
1,566.208,104.764,1.484,18.74,2925.433
1,566.408,104.765,1.4209,18.741,2926.474
1,566.608,104.766,1.3579,18.741,2927.515
1,566.808,104.767,1.2949,18.742,2928.557
1,567.008,104.768,1.2319,18.742,2929.598
1,567.208,104.769,1.17,18.743,2930.639
1,567.408,104.77,1.1089,18.743,2931.68
1,567.608,104.771,1.0478,18.744,2932.722
1,567.808,104.772,0.9867,18.744,2933.763
1,568.008,104.773,0.9256,18.745,2934.804
1,568.208,104.774,0.8524,18.745,2935.846
1,568.408,104.776,0.7764,18.746,2936.887
1,568.608,104.777,0.7004,18.746,2937.929
1,568.808,104.778,0.6244,18.747,2938.97
1,569.008,104.779,0.5472,18.747,2940.012
1,569.208,104.783,0.3624,18.747,2941.053
1,569.408,104.786,0.1775,18.748,2942.095
1,569.608,104.789,0.0,18.748,2943.136
1,569.808,104.789,0.0,18.749,2944.178
1,570.008,104.789,0.0,18.761,2945.219
1,570.208,104.789,0.0,18.785,2946.262
1,570.408,104.789,0.0,18.817,2947.305
1,570.608,104.789,0.0,18.858,2948.351
1,570.808,104.789,0.0,18.908,2949.398
1,571.008,104.789,0.0,18.966,2950.449
1,571.208,104.789,0.0,19.033,2951.502
1,571.408,104.789,0.0,19.106,2952.56
1,571.608,104.789,0.0,19.186,2953.621
1,571.808,104.789,0.0,19.273,2954.687
1,572.008,104.789,0.0,19.367,2955.758
1,572.208,104.789,0.0,19.467,2956.834
1,572.408,104.789,0.0,19.575,2957.915
1,572.608,104.789,0.0,19.69,2959.003
1,572.808,104.789,0.0,19.811,2960.097
1,573.008,104.789,0.0,19.94,2961.197
1,573.208,104.789,0.0,20.075,2962.305
1,573.408,104.789,0.0,20.217,2963.42
1,573.608,104.789,0.0,20.367,2964.543
1,573.808,104.789,0.0,20.524,2965.675
1,574.008,104.789,0.0,20.687,2966.815
1,574.208,104.789,0.0,20.857,2967.964
1,574.408,104.789,0.0,21.034,2969.123
1,574.608,104.789,0.0,21.217,2970.292
1,574.808,104.789,0.0,21.407,2971.47
1,575.008,104.789,0.0,21.602,2972.66
1,575.208,104.789,0.0,21.803,2973.86
1,575.408,104.789,0.0,22.01,2975.071
1,575.608,104.789,0.0,22.222,2976.294
1,575.808,104.789,0.0,22.439,2977.528
1,576.008,104.789,0.0,22.659,2978.775
1,576.208,104.789,0.0,22.884,2980.034
1,576.408,104.789,0.0,23.114,2981.305
1,576.608,104.789,0.0,23.343,2982.589
1,576.808,104.789,0.0,23.573,2983.886
1,577.008,104.789,0.0,23.804,2985.196
1,577.208,104.789,0.0,24.034,2986.518
1,577.408,104.789,0.0,24.262,2987.853
1,577.608,104.789,0.0,24.488,2989.201
1,577.808,104.789,0.0,24.711,2990.562
1,578.008,104.789,0.0,24.931,2991.935
1,578.208,104.789,0.0,25.146,2993.32
1,578.408,104.789,0.0,25.355,2994.717
1,578.608,104.789,0.0,25.56,2996.125
1,578.808,104.789,0.0,25.757,2997.545
1,579.008,104.789,0.0,25.947,2998.976
1,579.208,104.789,0.0,26.13,3000.418
1,579.408,104.789,0.0,26.304,3001.869
1,579.608,104.789,0.0,26.468,3003.331
1,579.808,104.789,0.0,26.623,3004.801
1,580.008,104.789,0.0,26.768,3006.28
1,580.208,104.789,0.0,26.902,3007.767
1,580.408,104.789,0.0,27.025,3009.262
1,580.608,104.789,0.0,27.136,3010.763
1,580.808,104.789,0.0,27.234,3012.271
1,581.008,104.789,0.0,27.32,3013.784
1,581.208,104.789,0.0,27.394,3015.302
1,581.408,104.789,0.0,27.454,3016.824
1,581.608,104.789,0.0,27.5,3018.349
1,581.808,104.789,0.0,27.533,3019.877
1,582.008,104.789,0.0,27.551,3021.406
1,582.208,104.789,0.0,27.555,3022.937
1,582.408,104.789,0.0,27.544,3024.468
1,582.608,104.789,0.0,27.518,3025.998
1,582.808,104.789,0.0,27.477,3027.527
1,583.008,104.789,0.0,27.42,3029.053
1,583.208,104.789,0.0,27.346,3030.576
1,583.408,104.789,0.0,27.257,3032.096
1,583.608,104.789,0.0,27.15,3033.61
1,583.808,104.789,0.0,27.026,3035.118
1,584.008,104.789,0.0,26.885,3036.62
1,584.208,104.789,0.0,26.727,3038.113
1,584.408,104.789,0.0,26.552,3039.598
1,584.608,104.789,0.0,26.36,3041.073
1,584.808,104.789,0.0,26.151,3042.538
1,585.008,104.789,0.0,25.925,3043.991
1,585.208,104.789,0.0,25.682,3045.431
1,585.408,104.789,0.0,25.423,3046.858
1,585.608,104.789,0.0,25.149,3048.27
1,585.808,104.789,0.0,24.859,3049.667
1,586.008,104.789,0.0,24.555,3051.048
1,586.208,104.789,0.0,24.238,3052.412
1,586.408,104.789,0.0,23.908,3053.759
1,586.608,104.789,0.0,23.566,3055.087
1,586.808,104.789,0.0,23.212,3056.396
1,587.008,104.789,0.0,22.849,3057.686
1,587.208,104.786,0.1845,22.476,3058.955
1,587.408,104.771,1.0407,22.103,3060.204
1,587.608,104.758,1.7633,21.768,3061.432
1,587.808,104.747,2.4063,21.466,3062.641
1,588.008,104.737,2.9812,21.193,3063.834
1,588.208,104.728,3.4954,20.947,3065.011
1,588.408,104.723,3.7502,20.725,3066.175
1,588.608,104.72,3.9671,20.524,3067.326
1,588.808,104.716,4.1509,20.343,3068.467
1,589.008,104.714,4.3059,20.18,3069.597
1,589.208,104.712,4.4077,20.033,3070.718
1,589.408,104.71,4.4725,19.9,3071.831
1,589.608,104.71,4.5184,19.781,3072.936
1,589.808,104.709,4.5477,19.673,3074.035
1,590.008,104.708,4.5773,19.576,3075.128
1,590.208,104.706,4.7059,19.488,3076.216
1,590.408,104.704,4.8218,19.409,3077.299
1,590.608,104.702,4.9262,19.338,3078.377
1,590.808,104.7,5.0206,19.273,3079.451
1,591.008,104.699,5.1035,19.215,3080.522
1,591.208,104.697,5.1759,19.162,3081.589
1,591.408,104.696,5.2411,19.115,3082.654
1,591.608,104.695,5.3,19.072,3083.716
1,591.808,104.694,5.3533,19.033,3084.776
1,592.008,104.693,5.395,18.998,3085.833
1,592.208,104.692,5.4305,18.966,3086.888
1,592.408,104.692,5.4619,18.937,3087.942
1,592.608,104.691,5.4897,18.911,3088.994
1,592.808,104.69,5.5136,18.888,3090.045
1,593.008,104.69,5.5204,18.867,3091.094
1,593.208,104.69,5.5246,18.847,3092.142
1,593.408,104.69,5.5264,18.83,3093.189
1,593.608,104.69,5.5261,18.815,3094.235
1,593.808,104.69,5.52,18.801,3095.281
1,594.008,104.69,5.5019,18.788,3096.325
1,594.208,104.69,5.4823,18.777,3097.369
1,594.408,104.69,5.4612,18.767,3098.412
1,594.608,104.691,5.4388,18.758,3099.455
1,594.808,104.691,5.4085,18.75,3100.497
1,595.008,104.691,5.3698,18.743,3101.538
1,595.208,104.692,5.3301,18.736,3102.58
1,595.408,104.693,5.2894,18.731,3103.621
1,595.608,104.693,5.248,18.726,3104.661
1,595.808,104.694,5.2056,18.722,3105.701
1,596.008,104.694,5.1623,18.718,3106.742
1,596.208,104.695,5.1185,18.714,3107.781
1,596.408,104.696,5.0741,18.712,3108.821
1,596.608,104.696,5.0293,18.709,3109.861
1,596.808,104.697,4.97,18.707,3110.9
1,597.008,104.698,4.9081,18.705,3111.939
1,597.208,104.699,4.8458,18.704,3112.979
1,597.408,104.7,4.7831,18.703,3114.018
1,597.608,104.701,4.7201,18.702,3115.057
1,597.808,104.702,4.6567,18.701,3116.096
1,598.008,104.703,4.593,18.701,3117.135
1,598.208,104.704,4.529,18.701,3118.174
1,598.408,104.705,4.4648,18.701,3119.212
1,598.608,104.706,4.4018,18.701,3120.251
1,598.808,104.707,4.3425,18.701,3121.29
1,599.008,104.708,4.2831,18.701,3122.329
1,599.208,104.709,4.2236,18.702,3123.368
1,599.408,104.71,4.164,18.702,3124.407
1,599.608,104.711,4.1067,18.703,3125.446
1,599.808,104.712,4.0528,18.703,3126.485
1,600.008,104.713,3.9987,18.704,3127.524
1,600.208,104.713,3.9446,18.705,3128.563
1,600.408,104.714,3.8904,18.706,3129.603
1,600.608,104.715,3.8405,18.706,3130.642
1,600.808,104.716,3.7932,18.707,3131.681
1,601.008,104.717,3.7458,18.708,3132.72
1,601.208,104.717,3.6984,18.709,3133.76
1,601.408,104.718,3.651,18.71,3134.799
1,601.608,104.719,3.6127,18.711,3135.839
1,601.808,104.719,3.5765,18.711,3136.878
1,602.008,104.72,3.5403,18.712,3137.918
1,602.208,104.72,3.5042,18.713,3138.957
1,602.408,104.721,3.468,18.714,3139.997
1,602.608,104.721,3.428,18.715,3141.036
1,602.808,104.722,3.3879,18.715,3142.076
1,603.008,104.723,3.3479,18.716,3143.116
1,603.208,104.723,3.3078,18.717,3144.156
1,603.408,104.724,3.2683,18.718,3145.195
1,603.608,104.725,3.231,18.718,3146.235
1,603.808,104.725,3.1937,18.719,3147.275
1,604.008,104.726,3.1565,18.72,3148.315
1,604.208,104.726,3.1192,18.72,3149.355
1,604.408,104.727,3.0752,18.721,3150.395
1,604.608,104.728,3.0203,18.722,3151.435
1,604.808,104.729,2.9654,18.722,3152.475
1,605.008,104.73,2.9104,18.723,3153.515
1,605.208,104.73,2.8555,18.724,3154.556
1,605.408,104.731,2.7983,18.725,3155.596
1,605.608,104.732,2.7397,18.725,3156.636
1,605.808,104.733,2.6809,18.726,3157.676
1,606.008,104.734,2.6222,18.727,3158.717
1,606.208,104.735,2.5635,18.728,3159.757
1,606.408,104.736,2.5009,18.728,3160.797
1,606.608,104.737,2.4371,18.729,3161.838
1,606.808,104.738,2.3734,18.73,3162.878
1,607.008,104.739,2.3096,18.731,3163.919
1,607.208,104.74,2.2458,18.731,3164.96
1,607.408,104.741,2.187,18.732,3166.0
1,607.608,104.742,2.1285,18.733,3167.041
1,607.808,104.743,2.07,18.734,3168.082
1,608.008,104.744,2.0114,18.734,3169.122
1,608.208,104.745,1.9533,18.735,3170.163
1,608.408,104.746,1.8973,18.736,3171.204
1,608.608,104.747,1.8412,18.736,3172.245
1,608.808,104.748,1.7852,18.737,3173.286
1,609.008,104.749,1.7293,18.738,3174.327
1,609.208,104.75,1.6778,18.738,3175.368
1,609.408,104.751,1.6345,18.739,3176.409
1,609.608,104.751,1.5913,18.74,3177.45
1,609.808,104.752,1.5481,18.74,3178.491
1,610.008,104.753,1.5049,18.741,3179.532
1,610.208,104.753,1.4646,18.741,3180.573
1,610.408,104.754,1.4266,18.742,3181.614
1,610.608,104.755,1.3886,18.742,3182.656
1,610.808,104.755,1.3507,18.743,3183.697
1,611.008,104.756,1.3127,18.743,3184.738
1,611.208,104.757,1.2772,18.744,3185.779
1,611.408,104.757,1.2425,18.744,3186.821
1,611.608,104.758,1.2078,18.744,3187.862
1,611.808,104.758,1.1731,18.745,3188.903
1,612.008,104.759,1.1384,18.745,3189.945
1,612.208,104.759,1.1035,18.745,3190.986
1,612.408,104.76,1.0685,18.746,3192.028
1,612.608,104.761,1.0336,18.746,3193.069
1,612.808,104.761,0.9987,18.746,3194.11
1,613.008,104.762,0.9654,18.747,3195.152
1,613.208,104.762,0.9416,18.747,3196.193
1,613.408,104.763,0.9177,18.747,3197.235
1,613.608,104.763,0.894,18.747,3198.276
1,613.808,104.763,0.8702,18.748,3199.318
1,614.008,104.764,0.846,18.748,3200.359
1,614.208,104.764,0.8208,18.748,3201.401
1,614.408,104.765,0.7957,18.748,3202.443
1,614.608,104.765,0.7706,18.748,3203.484
1,614.808,104.765,0.7455,18.749,3204.526
1,615.008,104.766,0.727,18.749,3205.567
1,615.208,104.766,0.714,18.749,3206.609
1,615.408,104.766,0.7011,18.749,3207.651
1,615.608,104.766,0.6881,18.749,3208.692
1,615.808,104.767,0.6752,18.749,3209.734
1,616.008,104.767,0.6541,18.749,3210.775
1,616.208,104.767,0.6303,18.75,3211.817
1,616.408,104.768,0.6064,18.75,3212.859
1,616.608,104.768,0.5826,18.75,3213.9
1,616.808,104.768,0.5587,18.75,3214.942
1,617.008,104.769,0.5337,18.75,3215.984
1,617.208,104.769,0.5087,18.75,3217.025
1,617.408,104.77,0.4836,18.75,3218.067
1,617.608,104.77,0.4586,18.75,3219.109
1,617.808,104.771,0.4359,18.75,3220.15
1,618.008,104.771,0.427,18.75,3221.192
1,618.208,104.771,0.4181,18.751,3222.234
1,618.408,104.771,0.4092,18.751,3223.275
1,618.608,104.771,0.4004,18.751,3224.317
1,618.808,104.771,0.4034,18.751,3225.359
1,619.008,104.771,0.4291,18.751,3226.401
1,619.208,104.77,0.4549,18.751,3227.442
1,619.408,104.77,0.4806,18.751,3228.484
1,619.608,104.769,0.5063,18.751,3229.526
1,619.808,104.769,0.5467,18.751,3230.567
1,620.008,104.768,0.5993,18.751,3231.609
1,620.208,104.767,0.6518,18.751,3232.651
1,620.408,104.766,0.7044,18.751,3233.693
1,620.608,104.765,0.7571,18.751,3234.734
1,620.808,104.764,0.7919,18.751,3235.776
1,621.008,104.764,0.8206,18.751,3236.818
1,621.208,104.763,0.8494,18.751,3237.859
1,621.408,104.763,0.8781,18.751,3238.901
1,621.608,104.762,0.9068,18.75,3239.943
1,621.808,104.762,0.9339,18.75,3240.984
1,622.008,104.761,0.9608,18.75,3242.026
1,622.208,104.761,0.9878,18.75,3243.068
1,622.408,104.76,1.0147,18.75,3244.109
1,622.608,104.76,1.0424,18.75,3245.151
1,622.808,104.759,1.0742,18.75,3246.193
1,623.008,104.759,1.1061,18.75,3247.234
1,623.208,104.758,1.1379,18.75,3248.276
1,623.408,104.757,1.1697,18.75,3249.318
1,623.608,104.757,1.2061,18.749,3250.359
1,623.808,104.756,1.2508,18.749,3251.401
1,624.008,104.755,1.2956,18.749,3252.443
1,624.208,104.754,1.3404,18.749,3253.484
1,624.408,104.753,1.3853,18.749,3254.526
1,624.608,104.753,1.4307,18.749,3255.568
1,624.808,104.752,1.4766,18.748,3256.609
1,625.008,104.751,1.5225,18.748,3257.651
1,625.208,104.75,1.5684,18.748,3258.692
1,625.408,104.749,1.6144,18.748,3259.734
1,625.608,104.748,1.6759,18.747,3260.775
1,625.808,104.747,1.7427,18.747,3261.817
1,626.008,104.746,1.8096,18.747,3262.858
1,626.208,104.745,1.8765,18.747,3263.9
1,626.408,104.743,1.9435,18.746,3264.941
1,626.608,104.742,2.014,18.746,3265.983
1,626.808,104.741,2.0848,18.745,3267.024
1,627.008,104.74,2.1556,18.745,3268.066
1,627.208,104.738,2.2264,18.744,3269.107
1,627.408,104.737,2.2992,18.744,3270.148
1,627.608,104.735,2.3833,18.743,3271.19
1,627.808,104.734,2.4675,18.743,3272.231
1,628.008,104.732,2.5517,18.742,3273.272
1,628.208,104.731,2.636,18.741,3274.313
1,628.408,104.729,2.7181,18.741,3275.355
1,628.608,104.728,2.7958,18.74,3276.396
1,628.808,104.727,2.8735,18.739,3277.437
1,629.008,104.725,2.9513,18.738,3278.478
1,629.208,104.724,3.0291,18.737,3279.519
1,629.408,104.722,3.1079,18.737,3280.56
1,629.608,104.721,3.1876,18.736,3281.601
1,629.808,104.719,3.2674,18.735,3282.642
1,630.008,104.718,3.3471,18.734,3283.683
1,630.208,104.716,3.4269,18.733,3284.723
1,630.408,104.715,3.4904,18.732,3285.764
1,630.608,104.714,3.5479,18.731,3286.805
1,630.808,104.713,3.6055,18.73,3287.845
1,631.008,104.712,3.663,18.729,3288.886
1,631.208,104.711,3.7206,18.727,3289.926
1,631.408,104.71,3.7742,18.726,3290.967
1,631.608,104.709,3.8275,18.725,3292.007
1,631.808,104.708,3.8808,18.724,3293.047
1,632.008,104.707,3.934,18.723,3294.088
1,632.208,104.706,3.9847,18.722,3295.128
1,632.408,104.705,4.017,18.721,3296.168
1,632.608,104.705,4.0493,18.72,3297.208
1,632.808,104.704,4.0815,18.719,3298.248
1,633.008,104.703,4.1137,18.718,3299.288
1,633.208,104.703,4.146,18.717,3300.328
1,633.408,104.702,4.1786,18.716,3301.368
1,633.608,104.701,4.2112,18.716,3302.408
1,633.808,104.701,4.2437,18.715,3303.447
1,634.008,104.7,4.2763,18.714,3304.487
1,634.208,104.699,4.3096,18.713,3305.527
1,634.408,104.699,4.3437,18.712,3306.566
1,634.608,104.698,4.3778,18.711,3307.606
1,634.808,104.697,4.4119,18.711,3308.645
1,635.008,104.697,4.4459,18.71,3309.685
1,635.208,104.696,4.4799,18.709,3310.724
1,635.408,104.695,4.5138,18.708,3311.764
1,635.608,104.694,4.5477,18.708,3312.803
1,635.808,104.694,4.5816,18.707,3313.842
1,636.008,104.693,4.6154,18.706,3314.882
1,636.208,104.692,4.6571,18.705,3315.921
1,636.408,104.691,4.6998,18.704,3316.96
1,636.608,104.691,4.7425,18.704,3317.999
1,636.808,104.69,4.7852,18.703,3319.038
1,637.008,104.689,4.8284,18.702,3320.077
1,637.208,104.688,4.8763,18.701,3321.116
1,637.408,104.687,4.9243,18.7,3322.155
1,637.608,104.686,4.9723,18.699,3323.194
1,637.808,104.685,5.0204,18.698,3324.233
1,638.008,104.684,5.0656,18.697,3325.272
1,638.208,104.683,5.103,18.696,3326.31
1,638.408,104.683,5.1403,18.695,3327.349
1,638.608,104.682,5.1776,18.694,3328.388
1,638.808,104.681,5.2149,18.693,3329.426
1,639.008,104.68,5.244,18.692,3330.465
1,639.208,104.68,5.2631,18.691,3331.503
1,639.408,104.68,5.2821,18.69,3332.542
1,639.608,104.679,5.3011,18.689,3333.58
1,639.808,104.679,5.32,18.689,3334.618
1,640.008,104.678,5.326,18.688,3335.657
1,640.208,104.678,5.3244,18.687,3336.695
1,640.408,104.678,5.3228,18.686,3337.733
1,640.608,104.678,5.321,18.686,3338.771
1,640.808,104.678,5.3192,18.685,3339.809
1,641.008,104.678,5.294,18.685,3340.847
1,641.208,104.679,5.2634,18.684,3341.885
1,641.408,104.679,5.2326,18.684,3342.923
1,641.608,104.68,5.2018,18.684,3343.961
1,641.808,104.68,5.1708,18.684,3344.999
1,642.008,104.681,5.1134,18.684,3346.037
1,642.208,104.682,5.0559,18.684,3347.075
1,642.408,104.683,4.9982,18.684,3348.113
1,642.608,104.684,4.9404,18.685,3349.151
1,642.808,104.685,4.8782,18.685,3350.189
1,643.008,104.686,4.797,18.686,3351.227
1,643.208,104.687,4.7156,18.687,3352.266
1,643.408,104.688,4.6341,18.688,3353.304
1,643.608,104.69,4.5524,18.689,3354.342
1,643.808,104.691,4.4686,18.69,3355.38
1,644.008,104.693,4.3814,18.691,3356.419
1,644.208,104.694,4.294,18.692,3357.457
1,644.408,104.695,4.2065,18.694,3358.495
1,644.608,104.697,4.119,18.695,3359.534
1,644.808,104.698,4.0289,18.696,3360.573
1,645.008,104.7,3.9367,18.698,3361.611
1,645.208,104.701,3.8444,18.699,3362.65
1,645.408,104.703,3.7521,18.701,3363.689
1,645.608,104.704,3.6597,18.702,3364.728
1,645.808,104.706,3.5759,18.704,3365.767
1,646.008,104.707,3.4952,18.705,3366.806
1,646.208,104.708,3.4145,18.707,3367.845
1,646.408,104.71,3.3338,18.709,3368.884
1,646.608,104.711,3.2531,18.71,3369.924
1,646.808,104.712,3.1919,18.712,3370.963
1,647.008,104.713,3.1324,18.713,3372.003
1,647.208,104.714,3.0729,18.714,3373.042
1,647.408,104.715,3.0135,18.716,3374.082
1,647.608,104.716,2.9544,18.717,3375.122
1,647.808,104.717,2.8973,18.718,3376.162
1,648.008,104.718,2.8402,18.72,3377.201
1,648.208,104.719,2.7831,18.721,3378.241
1,648.408,104.72,2.7261,18.722,3379.282
1,648.608,104.72,2.6721,18.723,3380.322
1,648.808,104.721,2.6249,18.724,3381.362
1,649.008,104.722,2.5777,18.725,3382.402
1,649.208,104.723,2.5306,18.726,3383.442
1,649.408,104.723,2.4836,18.727,3384.483
1,649.608,104.724,2.4414,18.728,3385.523
1,649.808,104.725,2.404,18.729,3386.563
1,650.008,104.725,2.3667,18.73,3387.604
1,650.208,104.726,2.3294,18.73,3388.644
1,650.408,104.727,2.2922,18.731,3389.685
1,650.608,104.727,2.2493,18.732,3390.726
1,650.808,104.728,2.204,18.733,3391.766
1,651.008,104.729,2.1587,18.733,3392.807
1,651.208,104.729,2.1134,18.734,3393.848
1,651.408,104.73,2.0681,18.735,3394.889
1,651.608,104.731,2.021,18.735,3395.929
1,651.808,104.732,1.9736,18.736,3396.97
1,652.008,104.733,1.9262,18.736,3398.011
1,652.208,104.733,1.8788,18.737,3399.052
1,652.408,104.734,1.8317,18.738,3400.093
1,652.608,104.735,1.7869,18.738,3401.134
1,652.808,104.736,1.7421,18.739,3402.175
1,653.008,104.736,1.6974,18.739,3403.216
1,653.208,104.737,1.6527,18.74,3404.257
1,653.408,104.738,1.6109,18.74,3405.298
1,653.608,104.738,1.5765,18.741,3406.339
1,653.808,104.739,1.5422,18.741,3407.38
1,654.008,104.739,1.5079,18.742,3408.422
1,654.208,104.74,1.4736,18.742,3409.463
1,654.408,104.74,1.4451,18.743,3410.504
1,654.608,104.741,1.4227,18.743,3411.545
1,654.808,104.741,1.4003,18.743,3412.587
1,655.008,104.742,1.378,18.744,3413.628
1,655.208,104.742,1.3557,18.744,3414.669
1,655.408,104.742,1.3484,18.744,3415.711
1,655.608,104.742,1.3481,18.745,3416.752
1,655.808,104.742,1.3479,18.745,3417.793
1,656.008,104.742,1.3477,18.745,3418.835
1,656.208,104.742,1.3475,18.745,3419.876
1,656.408,104.742,1.3635,18.745,3420.917
1,656.608,104.741,1.3817,18.746,3421.959
1,656.808,104.741,1.4,18.746,3423.0
1,657.008,104.741,1.4183,18.746,3424.042
1,657.208,104.74,1.4379,18.746,3425.083
1,657.408,104.74,1.4718,18.746,3426.125
1,657.608,104.739,1.5057,18.746,3427.166
1,657.808,104.738,1.5397,18.746,3428.207
1,658.008,104.738,1.5737,18.746,3429.249
1,658.208,104.737,1.6108,18.746,3430.29
1,658.408,104.736,1.6557,18.746,3431.332
1,658.608,104.735,1.7007,18.746,3432.373
1,658.808,104.734,1.7457,18.746,3433.415
1,659.008,104.734,1.7908,18.745,3434.456
1,659.208,104.733,1.8351,18.745,3435.498
1,659.408,104.732,1.8787,18.745,3436.539
1,659.608,104.731,1.9223,18.745,3437.58
1,659.808,104.73,1.9659,18.745,3438.622
1,660.008,104.73,2.0095,18.744,3439.663
1,660.208,104.729,2.0468,18.744,3440.704
1,660.408,104.728,2.0811,18.744,3441.746
1,660.608,104.728,2.1153,18.743,3442.787
1,660.808,104.727,2.1495,18.743,3443.828
1,661.008,104.726,2.1838,18.743,3444.87
1,661.208,104.726,2.2079,18.743,3445.911
1,661.408,104.725,2.2305,18.742,3446.952
1,661.608,104.725,2.2531,18.742,3447.993
1,661.808,104.725,2.2758,18.742,3449.035
1,662.008,104.724,2.2964,18.741,3450.076
1,662.208,104.724,2.2917,18.741,3451.117
1,662.408,104.724,2.2869,18.741,3452.158
1,662.608,104.724,2.2821,18.741,3453.199
1,662.808,104.724,2.2772,18.74,3454.24
1,663.008,104.724,2.2701,18.74,3455.282
1,663.208,104.725,2.2568,18.74,3456.323
1,663.408,104.725,2.2435,18.74,3457.364
1,663.608,104.725,2.2302,18.74,3458.405
1,663.808,104.725,2.2168,18.74,3459.446
1,664.008,104.725,2.2002,18.74,3460.487
1,664.208,104.726,2.1798,18.74,3461.528
1,664.408,104.726,2.1594,18.74,3462.569
1,664.608,104.726,2.139,18.74,3463.61
1,664.808,104.727,2.1186,18.74,3464.652
1,665.008,104.727,2.0893,18.74,3465.693
1,665.208,104.728,2.0554,18.74,3466.734
1,665.408,104.728,2.0216,18.74,3467.775
1,665.608,104.729,1.9877,18.74,3468.816
1,665.808,104.729,1.9538,18.74,3469.857
1,666.008,104.73,1.9304,18.741,3470.898
1,666.208,104.73,1.9087,18.741,3471.939
1,666.408,104.73,1.887,18.741,3472.981
1,666.608,104.731,1.8652,18.741,3474.022
1,666.808,104.731,1.8427,18.741,3475.063
1,667.008,104.731,1.8074,18.741,3476.104
1,667.208,104.732,1.772,18.742,3477.145
1,667.408,104.733,1.7367,18.742,3478.186
1,667.608,104.733,1.7013,18.742,3479.228
1,667.808,104.734,1.667,18.742,3480.269
1,668.008,104.734,1.6358,18.743,3481.31
1,668.208,104.735,1.6045,18.743,3482.351
1,668.408,104.735,1.5733,18.743,3483.393
1,668.608,104.736,1.542,18.743,3484.434
1,668.808,104.736,1.5094,18.744,3485.475
1,669.008,104.737,1.4751,18.744,3486.517
1,669.208,104.737,1.4409,18.744,3487.558
1,669.408,104.738,1.4067,18.744,3488.599
1,669.608,104.739,1.3724,18.745,3489.641
1,669.808,104.739,1.3266,18.745,3490.682
1,670.008,104.74,1.2746,18.745,3491.723
1,670.208,104.741,1.2227,18.745,3492.765
1,670.408,104.742,1.1707,18.746,3493.806
1,670.608,104.743,1.1187,18.746,3494.847
1,670.808,104.744,1.0615,18.746,3495.889
1,671.008,104.745,1.0033,18.746,3496.93
1,671.208,104.746,0.9452,18.747,3497.972
1,671.408,104.747,0.887,18.747,3499.013
1,671.608,104.748,0.8276,18.747,3500.055
1,671.808,104.749,0.7464,18.747,3501.096
1,672.008,104.751,0.6653,18.748,3502.138
1,672.208,104.752,0.5841,18.748,3503.179
1,672.408,104.753,0.5029,18.748,3504.221
1,672.608,104.755,0.3929,18.749,3505.263
1,672.808,104.759,0.1974,18.749,3506.304
1,673.008,104.762,0.0019,18.749,3507.346
1,673.208,104.762,0.0,18.749,3508.387
1,673.408,104.762,0.0,18.762,3509.429
1,673.608,104.762,0.0,18.786,3510.471
1,673.808,104.762,0.0,18.821,3511.515
1,674.008,104.762,0.0,18.864,3512.561
1,674.208,104.762,0.0,18.913,3513.609
1,674.408,104.762,0.0,18.971,3514.659
1,674.608,104.762,0.0,19.035,3515.713
1,674.808,104.762,0.0,19.106,3516.771
1,675.008,104.762,0.0,19.182,3517.832
1,675.208,104.762,0.0,19.262,3518.898
1,675.408,104.762,0.0,19.347,3519.968
1,675.608,104.762,0.0,19.438,3521.043
1,675.808,104.762,0.0,19.531,3522.123
1,676.008,104.762,0.0,19.628,3523.208
1,676.208,104.762,0.0,19.728,3524.298
1,676.408,104.762,0.0,19.83,3525.394
1,676.608,104.762,0.0,19.935,3526.496
1,676.808,104.762,0.0,20.041,3527.603
1,677.008,104.762,0.0,20.148,3528.717
1,677.208,104.762,0.0,20.256,3529.836
1,677.408,104.762,0.0,20.364,3530.961
1,677.608,104.762,0.0,20.472,3532.093
1,677.808,104.762,0.0,20.578,3533.23
1,678.008,104.762,0.0,20.683,3534.373
1,678.208,104.762,0.0,20.787,3535.522
1,678.408,104.762,0.0,20.888,3536.677
1,678.608,104.762,0.0,20.986,3537.838
1,678.808,104.762,0.0,21.081,3539.004
1,679.008,104.762,0.0,21.173,3540.175
1,679.208,104.762,0.0,21.261,3541.351
1,679.408,104.762,0.0,21.345,3542.532
1,679.608,104.762,0.0,21.424,3543.718
1,679.808,104.762,0.0,21.499,3544.908
1,680.008,104.762,0.0,21.57,3546.103
1,680.208,104.762,0.0,21.635,3547.301
1,680.408,104.762,0.0,21.695,3548.503
1,680.608,104.762,0.0,21.75,3549.708
1,680.808,104.762,0.0,21.8,3550.917
1,681.008,104.762,0.0,21.844,3552.128
1,681.208,104.762,0.0,21.883,3553.341
1,681.408,104.762,0.0,21.916,3554.557
1,681.608,104.762,0.0,21.943,3555.774
1,681.808,104.762,0.0,21.965,3556.993
1,682.008,104.762,0.0,21.98,3558.214
1,682.208,104.762,0.0,21.99,3559.435
1,682.408,104.762,0.0,21.993,3560.657
1,682.608,104.762,0.0,21.991,3561.878
1,682.808,104.762,0.0,21.982,3563.1
1,683.008,104.762,0.0,21.967,3564.321
1,683.208,104.762,0.0,21.946,3565.542
1,683.408,104.762,0.0,21.919,3566.761
1,683.608,104.762,0.0,21.886,3567.979
1,683.808,104.762,0.0,21.846,3569.195
1,684.008,104.762,0.0,21.8,3570.408
1,684.208,104.762,0.0,21.747,3571.619
1,684.408,104.762,0.0,21.688,3572.827
1,684.608,104.762,0.0,21.622,3574.032
1,684.808,104.762,0.0,21.549,3575.234
1,685.008,104.762,0.0,21.469,3576.431
1,685.208,104.762,0.0,21.382,3577.623
1,685.408,104.762,0.0,21.288,3578.811
1,685.608,104.762,0.0,21.187,3579.994
1,685.808,104.762,0.0,21.079,3581.171
1,686.008,104.762,0.0,20.964,3582.342
1,686.208,104.762,0.0,20.841,3583.507
1,686.408,104.762,0.0,20.711,3584.665
1,686.608,104.762,0.0,20.573,3585.815
1,686.808,104.762,0.0,20.429,3586.958
1,687.008,104.76,0.1076,20.277,3588.093
1,687.208,104.754,0.4862,20.124,3589.22
1,687.408,104.748,0.8307,19.987,3590.338
1,687.608,104.742,1.1416,19.863,3591.448
1,687.808,104.737,1.4289,19.752,3592.552
1,688.008,104.732,1.6952,19.651,3593.649
1,688.208,104.728,1.9433,19.561,3594.741
1,688.408,104.725,2.1067,19.479,3595.827
1,688.608,104.723,2.2353,19.405,3596.91
1,688.808,104.721,2.352,19.339,3597.988
1,689.008,104.719,2.4582,19.279,3599.062
1,689.208,104.717,2.5556,19.224,3600.133
1,689.408,104.716,2.648,19.176,3601.201
1,689.608,104.714,2.7331,19.131,3602.266
1,689.808,104.713,2.8115,19.092,3603.329
1,690.008,104.711,2.884,19.056,3604.39
1,690.208,104.71,2.9588,19.023,3605.448
1,690.408,104.708,3.0392,18.994,3606.505
1,690.608,104.707,3.1153,18.967,3607.561
1,690.808,104.706,3.1876,18.943,3608.614
1,691.008,104.704,3.2565,18.922,3609.667
1,691.208,104.703,3.3151,18.902,3610.718
1,691.408,104.702,3.3677,18.884,3611.768
1,691.608,104.701,3.4178,18.868,3612.817
1,691.808,104.701,3.4657,18.854,3613.865
1,692.008,104.7,3.5116,18.84,3614.913
1,692.208,104.699,3.5585,18.829,3615.959
1,692.408,104.698,3.6039,18.818,3617.005
1,692.608,104.697,3.6479,18.808,3618.051
1,692.808,104.696,3.6907,18.799,3619.096
1,693.008,104.695,3.7309,18.791,3620.14
1,693.208,104.695,3.7614,18.783,3621.184
1,693.408,104.694,3.7909,18.777,3622.228
1,693.608,104.694,3.8196,18.771,3623.271
1,693.808,104.693,3.8476,18.765,3624.314
1,694.008,104.692,3.8738,18.76,3625.356
1,694.208,104.692,3.8975,18.755,3626.398
1,694.408,104.691,3.9207,18.751,3627.44
1,694.608,104.691,3.9434,18.747,3628.482
1,694.808,104.691,3.9655,18.744,3629.524
1,695.008,104.69,3.9784,18.741,3630.565
1,695.208,104.69,3.9833,18.738,3631.606
1,695.408,104.69,3.9879,18.735,3632.647
1,695.608,104.69,3.9921,18.733,3633.688
1,695.808,104.69,3.996,18.731,3634.729
1,696.008,104.689,4.0016,18.729,3635.769
1,696.208,104.689,4.0075,18.727,3636.81
1,696.408,104.689,4.0133,18.726,3637.85
1,696.608,104.689,4.0188,18.724,3638.89
1,696.808,104.689,4.0242,18.723,3639.931
1,697.008,104.688,4.025,18.722,3640.971
1,697.208,104.688,4.0253,18.721,3642.011
1,697.408,104.688,4.0254,18.72,3643.051
1,697.608,104.688,4.0254,18.719,3644.091
1,697.808,104.688,4.0247,18.718,3645.131
1,698.008,104.688,4.0199,18.717,3646.171
1,698.208,104.688,4.015,18.717,3647.211
1,698.408,104.688,4.01,18.716,3648.25
1,698.608,104.688,4.0049,18.716,3649.29
1,698.808,104.688,3.9964,18.715,3650.33
1,699.008,104.688,3.9808,18.715,3651.37
1,699.208,104.689,3.9651,18.715,3652.409
1,699.408,104.689,3.9493,18.714,3653.449
1,699.608,104.689,3.9334,18.714,3654.489
1,699.808,104.689,3.9166,18.714,3655.528
1,700.008,104.689,3.8989,18.714,3656.568
1,700.208,104.69,3.8812,18.714,3657.608
1,700.408,104.69,3.8634,18.714,3658.647
1,700.608,104.69,3.8456,18.714,3659.687
1,700.808,104.69,3.8263,18.714,3660.727
1,701.008,104.69,3.8065,18.714,3661.766
1,701.208,104.691,3.7865,18.714,3662.806
1,701.408,104.691,3.7666,18.714,3663.846
1,701.608,104.691,3.7466,18.714,3664.885
1,701.808,104.692,3.7216,18.715,3665.925
1,702.008,104.692,3.6959,18.715,3666.965
1,702.208,104.692,3.6701,18.715,3668.004
1,702.408,104.693,3.6444,18.715,3669.044
1,702.608,104.693,3.6206,18.716,3670.084
1,702.808,104.693,3.6202,18.716,3671.124
1,703.008,104.693,3.6198,18.716,3672.163
1,703.208,104.693,3.6194,18.717,3673.203
1,703.408,104.693,3.6191,18.717,3674.243
2,703.608,104.696,3.4528,18.717,3675.283
2,703.808,104.696,3.4208,18.717,3676.323
2,704.008,104.697,3.3888,18.718,3677.363
2,704.208,104.697,3.3568,18.718,3678.402
2,704.408,104.697,3.3248,18.719,3679.442
2,704.608,104.698,3.2907,18.719,3680.482
2,704.808,104.699,3.2544,18.72,3681.522
2,705.008,104.699,3.2181,18.72,3682.562
2,705.208,104.7,3.1817,18.721,3683.602
2,705.408,104.7,3.1454,18.721,3684.642
2,705.608,104.701,3.1073,18.722,3685.682
2,705.808,104.701,3.0682,18.723,3686.723
2,706.008,104.702,3.0292,18.723,3687.763
2,706.208,104.703,2.9901,18.724,3688.803
2,706.408,104.703,2.9511,18.724,3689.843
2,706.608,104.704,2.9053,18.725,3690.883
2,706.808,104.705,2.8584,18.725,3691.924
2,707.008,104.705,2.8114,18.726,3692.964
2,707.208,104.706,2.7645,18.727,3694.004
2,707.408,104.707,2.7169,18.727,3695.045
2,707.608,104.708,2.6553,18.728,3696.085
2,707.808,104.709,2.5937,18.728,3697.125
2,708.008,104.71,2.5321,18.729,3698.166
2,708.208,104.711,2.4704,18.73,3699.206
2,708.408,104.712,2.4078,18.73,3700.247
2,708.608,104.713,2.3422,18.731,3701.287
2,708.808,104.714,2.2766,18.732,3702.328
2,709.008,104.715,2.2109,18.732,3703.369
2,709.208,104.716,2.1452,18.733,3704.409
2,709.408,104.718,2.08,18.734,3705.45
2,709.608,104.719,2.0152,18.734,3706.491
2,709.808,104.72,1.9505,18.735,3707.532
2,710.008,104.721,1.8857,18.736,3708.573
2,710.208,104.722,1.821,18.737,3709.613
2,710.408,104.723,1.7581,18.737,3710.654
2,710.608,104.724,1.6963,18.738,3711.695
2,710.808,104.725,1.6345,18.739,3712.736
2,711.008,104.726,1.5727,18.739,3713.777
2,711.208,104.727,1.5109,18.74,3714.818
2,711.408,104.728,1.4504,18.74,3715.86
2,711.608,104.729,1.3902,18.741,3716.901
2,711.808,104.73,1.33,18.742,3717.942
2,712.008,104.731,1.2698,18.742,3718.983
2,712.208,104.732,1.2098,18.743,3720.024
2,712.408,104.733,1.1553,18.743,3721.066
2,712.608,104.734,1.1008,18.744,3722.107
2,712.808,104.735,1.0464,18.744,3723.148
2,713.008,104.736,0.9919,18.745,3724.189
2,713.208,104.737,0.9394,18.745,3725.231
2,713.408,104.737,0.8934,18.746,3726.272
2,713.608,104.738,0.8474,18.746,3727.314
2,713.808,104.739,0.8015,18.746,3728.355
2,714.008,104.74,0.7555,18.747,3729.397
2,714.208,104.741,0.7122,18.747,3730.438
2,714.408,104.741,0.6725,18.747,3731.48
2,714.608,104.742,0.6329,18.748,3732.521
2,714.808,104.743,0.5932,18.748,3733.563
2,715.008,104.743,0.5536,18.748,3734.604
2,715.208,104.745,0.4749,18.749,3735.646
2,715.408,104.746,0.3722,18.749,3736.687
2,715.608,104.748,0.2695,18.749,3737.729
2,715.808,104.75,0.1669,18.749,3738.771
2,716.008,104.752,0.0642,18.75,3739.812
2,716.208,104.753,0.0,18.75,3740.854
2,716.408,104.753,0.0,18.751,3741.895
2,716.608,104.753,0.0,18.757,3742.937
2,716.808,104.753,0.0,18.767,3743.979
2,717.008,104.753,0.0,18.783,3745.022
2,717.208,104.753,0.0,18.802,3746.065
2,717.408,104.753,0.0,18.822,3747.11
2,717.608,104.753,0.0,18.843,3748.156
2,717.808,104.753,0.0,18.863,3749.202
2,718.008,104.753,0.0,18.884,3750.25
2,718.208,104.753,0.0,18.904,3751.3
2,718.408,104.753,0.0,18.925,3752.35
2,718.608,104.753,0.0,18.945,3753.401
2,718.808,104.753,0.0,18.964,3754.454
2,719.008,104.753,0.0,18.983,3755.507
2,719.208,104.753,0.0,19.001,3756.562
2,719.408,104.753,0.0,19.018,3757.617
2,719.608,104.753,0.0,19.035,3758.674
2,719.808,104.753,0.0,19.05,3759.731
2,720.008,104.753,0.0,19.064,3760.79
2,720.208,104.753,0.0,19.076,3761.849
2,720.408,104.753,0.0,19.087,3762.909
2,720.608,104.753,0.0,19.095,3763.969
2,720.808,104.753,0.0,19.102,3765.03
2,721.008,104.753,0.0,19.106,3766.091
2,721.208,104.753,0.0,19.108,3767.152
2,721.408,104.753,0.0,19.107,3768.214
2,721.608,104.753,0.0,19.103,3769.276
2,721.808,104.753,0.0,19.097,3770.337
2,722.008,104.753,0.0,19.087,3771.398
2,722.208,104.753,0.0,19.074,3772.458
2,722.408,104.753,0.0,19.057,3773.518
2,722.608,104.753,0.0,19.036,3774.576
2,722.808,104.752,0.0375,19.012,3775.634
2,723.008,104.75,0.147,18.986,3776.69
2,723.208,104.748,0.2521,18.962,3777.745
2,723.408,104.747,0.3532,18.941,3778.799
2,723.608,104.745,0.4507,18.922,3779.851
2,723.808,104.743,0.5795,18.905,3780.902
2,724.008,104.74,0.711,18.89,3781.952
2,724.208,104.738,0.84,18.876,3783.002
2,724.408,104.736,0.9667,18.863,3784.05
2,724.608,104.734,1.0892,18.852,3785.098
2,724.808,104.732,1.1898,18.842,3786.146
2,725.008,104.73,1.2889,18.832,3787.192
2,725.208,104.729,1.3865,18.824,3788.239
2,725.408,104.727,1.4829,18.816,3789.284
2,725.608,104.725,1.569,18.809,3790.33
2,725.808,104.724,1.6345,18.803,3791.375
2,726.008,104.723,1.699,18.797,3792.419
2,726.208,104.722,1.7627,18.792,3793.464
2,726.408,104.721,1.8257,18.787,3794.508
2,726.608,104.72,1.8864,18.783,3795.551
2,726.808,104.719,1.9452,18.779,3796.595
2,727.008,104.717,2.0034,18.775,3797.638
2,727.208,104.716,2.0611,18.772,3798.681
2,727.408,104.715,2.1184,18.769,3799.724
2,727.608,104.714,2.1729,18.766,3800.767
2,727.808,104.713,2.2263,18.763,3801.809
2,728.008,104.712,2.2793,18.761,3802.852
2,728.208,104.711,2.332,18.759,3803.894
2,728.408,104.71,2.3845,18.757,3804.936
2,728.608,104.71,2.4266,18.755,3805.978
2,728.808,104.709,2.4678,18.753,3807.02
2,729.008,104.708,2.5088,18.751,3808.062
2,729.208,104.707,2.5496,18.75,3809.104
2,729.408,104.707,2.5896,18.748,3810.145
2,729.608,104.706,2.6249,18.747,3811.187
2,729.808,104.705,2.6601,18.746,3812.228
2,730.008,104.705,2.6951,18.744,3813.27
2,730.208,104.704,2.7301,18.743,3814.311
2,730.408,104.703,2.7598,18.742,3815.352
2,730.608,104.703,2.7793,18.741,3816.394
2,730.808,104.703,2.7987,18.74,3817.435
2,731.008,104.702,2.818,18.74,3818.476
2,731.208,104.702,2.8373,18.739,3819.517
2,731.408,104.701,2.8494,18.738,3820.558
2,731.608,104.701,2.8552,18.737,3821.599
2,731.808,104.701,2.861,18.737,3822.64
2,732.008,104.701,2.8667,18.736,3823.681
2,732.208,104.701,2.8724,18.736,3824.722
2,732.408,104.701,2.8641,18.735,3825.763
2,732.608,104.701,2.8508,18.735,3826.804
2,732.808,104.701,2.8373,18.734,3827.844
2,733.008,104.701,2.8237,18.734,3828.885
2,733.208,104.702,2.8101,18.734,3829.926
2,733.408,104.702,2.7878,18.734,3830.967
2,733.608,104.702,2.7648,18.734,3832.007
2,733.808,104.703,2.7416,18.733,3833.048
2,734.008,104.703,2.7185,18.733,3834.089
2,734.208,104.703,2.6928,18.733,3835.13
2,734.408,104.704,2.6496,18.733,3836.17
2,734.608,104.705,2.6064,18.733,3837.211
2,734.808,104.705,2.5631,18.734,3838.252
2,735.008,104.706,2.5197,18.734,3839.293
2,735.208,104.707,2.476,18.734,3840.333
2,735.408,104.708,2.4316,18.734,3841.374
2,735.608,104.708,2.3871,18.734,3842.415
2,735.808,104.709,2.3427,18.735,3843.456
2,736.008,104.71,2.2981,18.735,3844.497
2,736.208,104.711,2.2466,18.735,3845.537
2,736.408,104.711,2.1886,18.736,3846.578
2,736.608,104.712,2.1305,18.736,3847.619
2,736.808,104.713,2.0723,18.737,3848.66
2,737.008,104.714,2.0142,18.737,3849.701
2,737.208,104.715,1.9601,18.737,3850.742
2,737.408,104.716,1.9078,18.738,3851.783
2,737.608,104.717,1.8554,18.738,3852.824
2,737.808,104.718,1.803,18.739,3853.865
2,738.008,104.719,1.7506,18.739,3854.906
2,738.208,104.72,1.6973,18.74,3855.947
2,738.408,104.721,1.6438,18.74,3856.988
2,738.608,104.721,1.5903,18.741,3858.029
2,738.808,104.722,1.5368,18.741,3859.07
2,739.008,104.723,1.4826,18.742,3860.112
2,739.208,104.724,1.4229,18.742,3861.153
2,739.408,104.725,1.3633,18.743,3862.194
2,739.608,104.726,1.3036,18.743,3863.235
2,739.808,104.727,1.2439,18.743,3864.277
2,740.008,104.728,1.1888,18.744,3865.318
2,740.208,104.729,1.144,18.744,3866.359
2,740.408,104.73,1.0992,18.745,3867.401
2,740.608,104.73,1.0544,18.745,3868.442
2,740.808,104.731,1.0096,18.745,3869.483
2,741.008,104.732,0.9573,18.746,3870.525
2,741.208,104.733,0.8977,18.746,3871.566
2,741.408,104.734,0.8381,18.747,3872.608
2,741.608,104.735,0.7785,18.747,3873.649
2,741.808,104.736,0.7189,18.747,3874.691
2,742.008,104.737,0.6479,18.748,3875.732
2,742.208,104.739,0.572,18.748,3876.774
2,742.408,104.74,0.4961,18.748,3877.815
2,742.608,104.741,0.4203,18.748,3878.857
2,742.808,104.743,0.3444,18.749,3879.898
2,743.008,104.745,0.1956,18.749,3880.94
2,743.208,104.748,0.039,18.749,3881.982
2,743.408,104.749,0.0,18.749,3883.023
2,743.608,104.749,0.0,18.757,3884.065
2,743.808,104.749,0.0,18.775,3885.107
2,744.008,104.749,0.0,18.801,3886.15
2,744.208,104.749,0.0,18.833,3887.194
2,744.408,104.749,0.0,18.871,3888.241
2,744.608,104.749,0.0,18.913,3889.289
2,744.808,104.749,0.0,18.961,3890.34
2,745.008,104.749,0.0,19.013,3891.393
2,745.208,104.749,0.0,19.069,3892.449
2,745.408,104.749,0.0,19.129,3893.509
2,745.608,104.749,0.0,19.192,3894.572
2,745.808,104.749,0.0,19.259,3895.638
2,746.008,104.749,0.0,19.329,3896.708
2,746.208,104.749,0.0,19.401,3897.782
2,746.408,104.749,0.0,19.476,3898.859
2,746.608,104.749,0.0,19.553,3899.941
2,746.808,104.749,0.0,19.632,3901.028
2,747.008,104.749,0.0,19.713,3902.118
2,747.208,104.749,0.0,19.794,3903.214
2,747.408,104.749,0.0,19.877,3904.313
2,747.608,104.749,0.0,19.961,3905.417
2,747.808,104.749,0.0,20.045,3906.526
2,748.008,104.749,0.0,20.129,3907.64
2,748.208,104.749,0.0,20.211,3908.758
2,748.408,104.749,0.0,20.293,3909.881
2,748.608,104.749,0.0,20.375,3911.009
2,748.808,104.749,0.0,20.454,3912.14
2,749.008,104.749,0.0,20.529,3913.277
2,749.208,104.749,0.0,20.602,3914.417
2,749.408,104.749,0.0,20.672,3915.562
2,749.608,104.749,0.0,20.738,3916.71
2,749.808,104.749,0.0,20.8,3917.862
2,750.008,104.749,0.0,20.857,3919.018
2,750.208,104.749,0.0,20.91,3920.177
2,750.408,104.749,0.0,20.957,3921.338
2,750.608,104.749,0.0,20.999,3922.503
2,750.808,104.749,0.0,21.036,3923.669
2,751.008,104.749,0.0,21.067,3924.838
2,751.208,104.749,0.0,21.092,3926.008
2,751.408,104.749,0.0,21.111,3927.18
2,751.608,104.749,0.0,21.124,3928.353
2,751.808,104.749,0.0,21.131,3929.527
2,752.008,104.749,0.0,21.132,3930.701
2,752.208,104.749,0.0,21.126,3931.875
2,752.408,104.749,0.0,21.114,3933.048
2,752.608,104.749,0.0,21.094,3934.221
2,752.808,104.749,0.0,21.067,3935.393
2,753.008,104.749,0.0,21.033,3936.563
2,753.208,104.749,0.0,20.992,3937.732
2,753.408,104.749,0.0,20.943,3938.898
2,753.608,104.749,0.0,20.887,3940.062
2,753.808,104.749,0.0,20.824,3941.222
2,754.008,104.749,0.0,20.752,3942.379
2,754.208,104.749,0.0,20.672,3943.532
2,754.408,104.749,0.0,20.584,3944.68
2,754.608,104.749,0.0,20.487,3945.824
2,754.808,104.749,0.0,20.381,3946.962
2,755.008,104.749,0.0,20.266,3948.094
2,755.208,104.749,0.0,20.142,3949.22
2,755.408,104.744,0.2783,20.009,3950.339
2,755.608,104.737,0.6492,19.884,3951.451
2,755.808,104.731,0.9947,19.77,3952.556
2,756.008,104.726,1.3177,19.668,3953.654
2,756.208,104.72,1.6211,19.576,3954.747
2,756.408,104.716,1.8588,19.493,3955.834
2,756.608,104.712,2.0671,19.418,3956.917
2,756.808,104.709,2.2626,19.35,3957.996
2,757.008,104.706,2.4467,19.289,3959.071
2,757.208,104.703,2.6177,19.234,3960.143
2,757.408,104.7,2.7606,19.184,3961.211
2,757.608,104.698,2.8957,19.139,3962.277
2,757.808,104.695,3.0237,19.098,3963.34
2,758.008,104.693,3.1455,19.061,3964.401
2,758.208,104.691,3.2768,19.028,3965.46
2,758.408,104.688,3.4226,18.998,3966.517
2,758.608,104.686,3.5638,18.97,3967.573
2,758.808,104.683,3.7011,18.945,3968.627
2,759.008,104.681,3.8347,18.922,3969.679
2,759.208,104.679,3.9647,18.902,3970.73
2,759.408,104.676,4.0917,18.883,3971.781
2,759.608,104.674,4.216,18.865,3972.83
2,759.808,104.672,4.3381,18.85,3973.878
2,760.008,104.67,4.4582,18.835,3974.925
2,760.208,104.668,4.5616,18.822,3975.971
2,760.408,104.666,4.6622,18.81,3977.017
2,760.608,104.664,4.7613,18.798,3978.062
2,760.808,104.662,4.8591,18.788,3979.106
2,761.008,104.66,4.9541,18.779,3980.15
2,761.208,104.659,5.0385,18.77,3981.193
2,761.408,104.657,5.1219,18.762,3982.236
2,761.608,104.656,5.2044,18.754,3983.278
2,761.808,104.654,5.2862,18.747,3984.32
2,762.008,104.653,5.3587,18.74,3985.362
2,762.208,104.652,5.4144,18.734,3986.403
2,762.408,104.651,5.4695,18.729,3987.444
2,762.608,104.65,5.524,18.723,3988.484
2,762.808,104.648,5.578,18.719,3989.524
2,763.008,104.648,5.6234,18.714,3990.564
2,763.208,104.647,5.6613,18.71,3991.604
2,763.408,104.646,5.6989,18.706,3992.643
2,763.608,104.645,5.7361,18.702,3993.683
2,763.808,104.644,5.7729,18.699,3994.722
2,764.008,104.644,5.7947,18.696,3995.76
2,764.208,104.644,5.8107,18.693,3996.799
2,764.408,104.643,5.8264,18.69,3997.838
2,764.608,104.643,5.8419,18.688,3998.876
2,764.808,104.642,5.8571,18.686,3999.914
2,765.008,104.642,5.8677,18.684,4000.952
2,765.208,104.642,5.8777,18.682,4001.99
2,765.408,104.641,5.8875,18.68,4003.028
2,765.608,104.641,5.8971,18.679,4004.066
2,765.808,104.641,5.905,18.677,4005.104
2,766.008,104.641,5.8988,18.676,4006.141
2,766.208,104.641,5.8924,18.675,4007.179
2,766.408,104.641,5.8858,18.674,4008.216
2,766.608,104.641,5.8791,18.673,4009.254
2,766.808,104.641,5.8712,18.672,4010.291
2,767.008,104.641,5.8607,18.671,4011.328
2,767.208,104.641,5.85,18.671,4012.366
2,767.408,104.641,5.8392,18.67,4013.403
2,767.608,104.641,5.8283,18.67,4014.44
2,767.808,104.641,5.8132,18.669,4015.477
2,768.008,104.641,5.793,18.669,4016.515
2,768.208,104.642,5.7728,18.669,4017.552
2,768.408,104.642,5.7524,18.669,4018.589
2,768.608,104.642,5.732,18.669,4019.626
2,768.808,104.642,5.7012,18.669,4020.663
2,769.008,104.643,5.6645,18.669,4021.7
2,769.208,104.643,5.6278,18.669,4022.738
2,769.408,104.644,5.5909,18.669,4023.775
2,769.608,104.644,5.5539,18.67,4024.812
2,769.808,104.645,5.5068,18.67,4025.849
2,770.008,104.646,5.4574,18.671,4026.886
2,770.208,104.647,5.4078,18.671,4027.924
2,770.408,104.647,5.3582,18.672,4028.961
2,770.608,104.648,5.3084,18.673,4029.998
2,770.808,104.649,5.2509,18.673,4031.036
2,771.008,104.65,5.1933,18.674,4032.073
2,771.208,104.651,5.1356,18.675,4033.11
2,771.408,104.652,5.0778,18.676,4034.148
2,771.608,104.652,5.0193,18.677,4035.185
2,771.808,104.653,4.9575,18.678,4036.223
2,772.008,104.654,4.8956,18.68,4037.261
2,772.208,104.655,4.8337,18.681,4038.299
2,772.408,104.656,4.7717,18.682,4039.336
2,772.608,104.657,4.7078,18.683,4040.374
2,772.808,104.658,4.6404,18.684,4041.412
2,773.008,104.659,4.5729,18.686,4042.45
2,773.208,104.661,4.5054,18.687,4043.488
2,773.408,104.662,4.4379,18.688,4044.527
2,773.608,104.663,4.364,18.69,4045.565
2,773.808,104.664,4.2849,18.691,4046.603
2,774.008,104.665,4.2056,18.693,4047.641
2,774.208,104.667,4.1264,18.694,4048.68
2,774.408,104.668,4.047,18.696,4049.719
2,774.608,104.669,3.9635,18.697,4050.757
2,774.808,104.671,3.8784,18.699,4051.796
2,775.008,104.672,3.7932,18.7,4052.835
2,775.208,104.673,3.708,18.702,4053.874
2,775.408,104.675,3.6228,18.703,4054.913
2,775.608,104.676,3.5385,18.705,4055.952
2,775.808,104.678,3.4543,18.706,4056.991
2,776.008,104.679,3.3701,18.708,4058.03
2,776.208,104.68,3.2859,18.709,4059.069
2,776.408,104.682,3.2022,18.711,4060.109
2,776.608,104.683,3.1229,18.712,4061.148
2,776.808,104.684,3.0435,18.714,4062.188
2,777.008,104.686,2.9642,18.715,4063.227
2,777.208,104.687,2.8849,18.717,4064.267
2,777.408,104.688,2.8073,18.718,4065.307
2,777.608,104.69,2.7339,18.72,4066.347
2,777.808,104.691,2.6605,18.721,4067.387
2,778.008,104.692,2.5871,18.722,4068.427
2,778.208,104.693,2.5138,18.723,4069.467
2,778.408,104.694,2.4502,18.725,4070.507
2,778.608,104.695,2.3969,18.726,4071.548
2,778.808,104.696,2.3436,18.727,4072.588
2,779.008,104.697,2.2904,18.728,4073.628
2,779.208,104.698,2.2373,18.729,4074.669
2,779.408,104.699,2.1894,18.73,4075.709
2,779.608,104.699,2.144,18.731,4076.75
2,779.808,104.7,2.0987,18.732,4077.79
2,780.008,104.701,2.0535,18.733,4078.831
2,780.208,104.701,2.0083,18.734,4079.872
2,780.408,104.702,1.9775,18.734,4080.912
2,780.608,104.702,1.9489,18.735,4081.953
2,780.808,104.703,1.9203,18.736,4082.994
2,781.008,104.703,1.8918,18.737,4084.035
2,781.208,104.704,1.864,18.737,4085.076
2,781.408,104.704,1.846,18.738,4086.117
2,781.608,104.704,1.8281,18.738,4087.158
2,781.808,104.705,1.8102,18.739,4088.199
2,782.008,104.705,1.7923,18.739,4089.24
2,782.208,104.705,1.7743,18.74,4090.281
2,782.408,104.705,1.7559,18.74,4091.322
2,782.608,104.706,1.7376,18.74,4092.363
2,782.808,104.706,1.7192,18.741,4093.404
2,783.008,104.706,1.7009,18.741,4094.446
2,783.208,104.706,1.6844,18.742,4095.487
2,783.408,104.707,1.6698,18.742,4096.528
2,783.608,104.707,1.6553,18.742,4097.569
2,783.808,104.707,1.6408,18.742,4098.61
2,784.008,104.707,1.6264,18.743,4099.652
2,784.208,104.708,1.6066,18.743,4100.693
2,784.408,104.708,1.5842,18.743,4101.734
2,784.608,104.708,1.5617,18.743,4102.775
2,784.808,104.709,1.5393,18.744,4103.817
2,785.008,104.709,1.5169,18.744,4104.858
2,785.208,104.709,1.4926,18.744,4105.899
2,785.408,104.71,1.468,18.744,4106.941
2,785.608,104.71,1.4434,18.744,4107.982
2,785.808,104.711,1.4189,18.745,4109.023
2,786.008,104.711,1.3949,18.745,4110.065
2,786.208,104.711,1.3802,18.745,4111.106
2,786.408,104.711,1.3654,18.745,4112.147
2,786.608,104.712,1.3507,18.745,4113.189
2,786.808,104.712,1.336,18.746,4114.23
2,787.008,104.712,1.3261,18.746,4115.272
2,787.208,104.712,1.3298,18.746,4116.313
2,787.408,104.712,1.3336,18.746,4117.355
2,787.608,104.712,1.3374,18.746,4118.396
2,787.808,104.712,1.3412,18.746,4119.437
2,788.008,104.711,1.3511,18.746,4120.479
2,788.208,104.711,1.368,18.746,4121.52
2,788.408,104.711,1.385,18.746,4122.562
2,788.608,104.71,1.4021,18.747,4123.603
2,788.808,104.71,1.4191,18.747,4124.645
2,789.008,104.71,1.4499,18.747,4125.686
2,789.208,104.709,1.4878,18.747,4126.728
2,789.408,104.708,1.5258,18.746,4127.769
2,789.608,104.708,1.5638,18.746,4128.811
2,789.808,104.707,1.6019,18.746,4129.852
2,790.008,104.706,1.6613,18.746,4130.894
2,790.208,104.705,1.7242,18.746,4131.935
2,790.408,104.703,1.7872,18.746,4132.977
2,790.608,104.702,1.8502,18.746,4134.018
2,790.808,104.701,1.9131,18.745,4135.059
2,791.008,104.7,1.9719,18.745,4136.101
2,791.208,104.699,2.0309,18.745,4137.142
2,791.408,104.698,2.0898,18.744,4138.184
2,791.608,104.697,2.1488,18.744,4139.225
2,791.808,104.696,2.21,18.744,4140.266
2,792.008,104.695,2.2772,18.743,4141.308
2,792.208,104.693,2.3444,18.743,4142.349
2,792.408,104.692,2.4117,18.742,4143.39
2,792.608,104.691,2.479,18.742,4144.431
2,792.808,104.69,2.5389,18.741,4145.473
2,793.008,104.689,2.59,18.741,4146.514
2,793.208,104.688,2.641,18.74,4147.555
2,793.408,104.687,2.6921,18.739,4148.596
2,793.608,104.686,2.7431,18.739,4149.637
2,793.808,104.685,2.7818,18.738,4150.678
2,794.008,104.685,2.8139,18.738,4151.719
2,794.208,104.684,2.846,18.737,4152.76
2,794.408,104.683,2.8781,18.737,4153.801
2,794.608,104.683,2.9101,18.736,4154.842
2,794.808,104.683,2.9222,18.735,4155.883
2,795.008,104.682,2.9306,18.735,4156.924
2,795.208,104.682,2.939,18.734,4157.965
2,795.408,104.682,2.9473,18.734,4159.005
2,795.608,104.682,2.9549,18.734,4160.046
2,795.808,104.682,2.948,18.733,4161.087
2,796.008,104.682,2.941,18.733,4162.128
2,796.208,104.682,2.9339,18.733,4163.168
2,796.408,104.682,2.9268,18.732,4164.209
2,796.608,104.682,2.9165,18.732,4165.25
2,796.808,104.682,2.8961,18.732,4166.29
2,797.008,104.683,2.8756,18.732,4167.331
2,797.208,104.683,2.8551,18.732,4168.372
2,797.408,104.683,2.8345,18.732,4169.412
2,797.608,104.684,2.8119,18.732,4170.453
2,797.808,104.684,2.7867,18.732,4171.494
2,798.008,104.684,2.7615,18.732,4172.534
2,798.208,104.685,2.7362,18.732,4173.575
2,798.408,104.685,2.711,18.732,4174.616
2,798.608,104.685,2.6856,18.732,4175.656
2,798.808,104.686,2.6602,18.732,4176.697
2,799.008,104.686,2.6347,18.732,4177.738
2,799.208,104.687,2.6093,18.733,4178.778
2,799.408,104.687,2.5838,18.733,4179.819
2,799.608,104.687,2.5611,18.733,4180.86
2,799.808,104.688,2.539,18.733,4181.9
2,800.008,104.688,2.5169,18.733,4182.941
2,800.208,104.688,2.4948,18.734,4183.982
2,800.408,104.689,2.4728,18.734,4185.023
2,800.608,104.689,2.4537,18.734,4186.063
2,800.808,104.689,2.4347,18.734,4187.104
2,801.008,104.689,2.4156,18.735,4188.145
2,801.208,104.69,2.3965,18.735,4189.186
2,801.408,104.69,2.3765,18.735,4190.227
2,801.608,104.69,2.353,18.735,4191.268
2,801.808,104.691,2.3294,18.736,4192.308
2,802.008,104.691,2.3059,18.736,4193.349
2,802.208,104.691,2.2823,18.736,4194.39
2,802.408,104.692,2.2555,18.736,4195.431
2,802.608,104.692,2.2242,18.737,4196.472
2,802.808,104.693,2.1929,18.737,4197.513
2,803.008,104.693,2.1615,18.737,4198.554
2,803.208,104.694,2.1302,18.737,4199.595
2,803.408,104.694,2.0943,18.738,4200.636
2,803.608,104.695,2.0557,18.738,4201.677
2,803.808,104.696,2.017,18.738,4202.718
2,804.008,104.696,1.9783,18.739,4203.759
2,804.208,104.697,1.9396,18.739,4204.8
2,804.408,104.697,1.9078,18.739,4205.841
2,804.608,104.698,1.8777,18.74,4206.882
2,804.808,104.698,1.8476,18.74,4207.923
2,805.008,104.699,1.8176,18.74,4208.964
2,805.208,104.699,1.7875,18.741,4210.005
2,805.408,104.7,1.7683,18.741,4211.046
2,805.608,104.7,1.7492,18.741,4212.088
2,805.808,104.7,1.73,18.741,4213.129
2,806.008,104.7,1.7109,18.742,4214.17
2,806.208,104.701,1.6965,18.742,4215.211
2,806.408,104.701,1.7008,18.742,4216.252
2,806.608,104.7,1.7052,18.742,4217.294
2,806.808,104.7,1.7096,18.743,4218.335
2,807.008,104.7,1.7141,18.743,4219.376
2,807.208,104.7,1.7263,18.743,4220.417
2,807.408,104.7,1.75,18.743,4221.459
2,807.608,104.699,1.7738,18.743,4222.5
2,807.808,104.699,1.7976,18.743,4223.541
2,808.008,104.698,1.8214,18.743,4224.582
2,808.208,104.697,1.8625,18.743,4225.624
2,808.408,104.696,1.915,18.743,4226.665
2,808.608,104.695,1.9676,18.743,4227.706
2,808.808,104.695,2.0203,18.743,4228.748
2,809.008,104.694,2.0731,18.743,4229.789
2,809.208,104.692,2.149,18.743,4230.83
2,809.408,104.691,2.2309,18.742,4231.871
2,809.608,104.689,2.3128,18.742,4232.913
2,809.808,104.688,2.3948,18.742,4233.954
2,810.008,104.686,2.477,18.741,4234.995
2,810.208,104.684,2.5809,18.741,4236.036
2,810.408,104.683,2.685,18.74,4237.077
2,810.608,104.681,2.7892,18.74,4238.119
2,810.808,104.679,2.8935,18.739,4239.16
2,811.008,104.677,2.9996,18.738,4240.201
2,811.208,104.675,3.113,18.737,4241.242
2,811.408,104.673,3.2265,18.736,4242.283
2,811.608,104.671,3.3401,18.735,4243.324
2,811.808,104.669,3.4538,18.734,4244.364
2,812.008,104.667,3.5677,18.733,4245.405
2,812.208,104.665,3.6819,18.731,4246.446
2,812.408,104.662,3.7962,18.73,4247.487
2,812.608,104.66,3.9105,18.729,4248.527
2,812.808,104.658,4.0249,18.727,4249.568
2,813.008,104.656,4.1349,18.725,4250.608
2,813.208,104.654,4.2416,18.724,4251.648
2,813.408,104.652,4.3484,18.722,4252.688
2,813.608,104.65,4.4553,18.72,4253.729
2,813.808,104.648,4.5622,18.718,4254.769
2,814.008,104.647,4.6561,18.717,4255.808
2,814.208,104.645,4.7464,18.715,4256.848
2,814.408,104.643,4.8367,18.713,4257.888
2,814.608,104.642,4.927,18.711,4258.928
2,814.808,104.64,5.0173,18.709,4259.967
2,815.008,104.639,5.092,18.707,4261.006
2,815.208,104.637,5.1662,18.705,4262.046
2,815.408,104.636,5.2404,18.703,4263.085
2,815.608,104.634,5.3145,18.701,4264.124
2,815.808,104.633,5.3871,18.699,4265.163
2,816.008,104.632,5.4516,18.697,4266.202
2,816.208,104.631,5.5161,18.695,4267.24
2,816.408,104.629,5.5805,18.693,4268.279
2,816.608,104.628,5.6449,18.691,4269.317
2,816.808,104.627,5.7081,18.689,4270.356
2,817.008,104.626,5.7689,18.687,4271.394
2,817.208,104.624,5.8297,18.685,4272.432
2,817.408,104.623,5.8904,18.683,4273.47
2,817.608,104.622,5.9511,18.681,4274.508
2,817.808,104.621,6.0051,18.679,4275.546
2,818.008,104.62,6.053,18.678,4276.584
2,818.208,104.619,6.1009,18.676,4277.621
2,818.408,104.618,6.1487,18.674,4278.659
2,818.608,104.617,6.1965,18.672,4279.696
2,818.808,104.616,6.2395,18.67,4280.734
2,819.008,104.615,6.2804,18.669,4281.771
2,819.208,104.614,6.3213,18.667,4282.808
2,819.408,104.614,6.3621,18.666,4283.845
2,819.608,104.613,6.4029,18.664,4284.882
2,819.808,104.612,6.4182,18.662,4285.919
2,820.008,104.612,6.43,18.661,4286.956
2,820.208,104.612,6.4417,18.66,4287.993
2,820.408,104.611,6.4533,18.658,4289.029
2,820.608,104.611,6.463,18.657,4290.066
2,820.808,104.611,6.4462,18.656,4291.102
2,821.008,104.611,6.4292,18.655,4292.139
2,821.208,104.611,6.412,18.654,4293.175
2,821.408,104.612,6.3947,18.654,4294.212
2,821.608,104.612,6.3683,18.653,4295.248
2,821.808,104.613,6.3132,18.653,4296.284
2,822.008,104.614,6.2579,18.653,4297.32
2,822.208,104.614,6.2024,18.653,4298.357
2,822.408,104.615,6.1466,18.653,4299.393
2,822.608,104.616,6.0769,18.653,4300.429
2,822.808,104.618,5.9873,18.654,4301.465
2,823.008,104.619,5.8975,18.655,4302.502
2,823.208,104.621,5.8074,18.655,4303.538
2,823.408,104.622,5.7171,18.657,4304.575
2,823.608,104.624,5.6123,18.658,4305.611
2,823.808,104.626,5.4972,18.659,4306.648
2,824.008,104.627,5.3818,18.661,4307.684
2,824.208,104.629,5.2663,18.663,4308.721
2,824.408,104.631,5.1505,18.665,4309.758
2,824.608,104.633,5.0268,18.667,4310.795
2,824.808,104.635,4.9006,18.669,4311.832
2,825.008,104.637,4.7742,18.671,4312.869
2,825.208,104.64,4.6476,18.673,4313.906
2,825.408,104.642,4.5209,18.676,4314.944
2,825.608,104.644,4.3875,18.678,4315.981
2,825.808,104.646,4.2537,18.681,4317.019
2,826.008,104.648,4.1197,18.683,4318.057
2,826.208,104.651,3.9857,18.686,4319.095
2,826.408,104.653,3.8515,18.688,4320.133
2,826.608,104.655,3.7167,18.691,4321.171
2,826.808,104.657,3.5818,18.694,4322.209
2,827.008,104.66,3.4469,18.696,4323.248
2,827.208,104.662,3.312,18.699,4324.286
2,827.408,104.664,3.1792,18.701,4325.325
2,827.608,104.666,3.0512,18.704,4326.364
2,827.808,104.668,2.9233,18.706,4327.403
2,828.008,104.671,2.7953,18.709,4328.443
2,828.208,104.673,2.6674,18.711,4329.482
2,828.408,104.675,2.5473,18.713,4330.521
2,828.608,104.677,2.4351,18.715,4331.561
2,828.808,104.679,2.3229,18.718,4332.601
2,829.008,104.68,2.2108,18.72,4333.641
2,829.208,104.682,2.0988,18.722,4334.681
2,829.408,104.684,2.0035,18.724,4335.721
2,829.608,104.685,1.9156,18.725,4336.761
2,829.808,104.687,1.8278,18.727,4337.801
2,830.008,104.688,1.7402,18.729,4338.842
2,830.208,104.69,1.6526,18.73,4339.882
2,830.408,104.691,1.5851,18.732,4340.923
2,830.608,104.692,1.5203,18.733,4341.963
2,830.808,104.693,1.4556,18.734,4343.004
2,831.008,104.694,1.391,18.736,4344.045
2,831.208,104.695,1.3277,18.737,4345.086
2,831.408,104.696,1.2778,18.738,4346.127
2,831.608,104.697,1.228,18.739,4347.168
2,831.808,104.698,1.1783,18.74,4348.209
2,832.008,104.699,1.1287,18.74,4349.25
2,832.208,104.699,1.0844,18.741,4350.291
2,832.408,104.7,1.0537,18.742,4351.332
2,832.608,104.7,1.023,18.743,4352.373
2,832.808,104.701,0.9924,18.743,4353.415
2,833.008,104.701,0.9619,18.744,4354.456
2,833.208,104.702,0.9316,18.744,4355.497
2,833.408,104.702,0.9017,18.745,4356.539
2,833.608,104.703,0.8719,18.745,4357.58
2,833.808,104.703,0.8421,18.746,4358.621
2,834.008,104.704,0.8124,18.746,4359.663
2,834.208,104.704,0.7933,18.747,4360.704
2,834.408,104.704,0.7794,18.747,4361.746
2,834.608,104.705,0.7655,18.747,4362.787
2,834.808,104.705,0.7517,18.748,4363.829
2,835.008,104.705,0.7379,18.748,4364.87
2,835.208,104.705,0.7349,18.748,4365.912
2,835.408,104.705,0.7335,18.748,4366.953
2,835.608,104.705,0.7321,18.749,4367.995
2,835.808,104.705,0.7307,18.749,4369.037
2,836.008,104.705,0.7306,18.749,4370.078
2,836.208,104.705,0.7459,18.749,4371.12
2,836.408,104.705,0.7612,18.749,4372.161
2,836.608,104.704,0.7766,18.749,4373.203
2,836.808,104.704,0.7919,18.749,4374.245
2,837.008,104.704,0.8121,18.749,4375.286
2,837.208,104.703,0.8447,18.749,4376.328
2,837.408,104.703,0.8773,18.75,4377.37
2,837.608,104.702,0.9099,18.75,4378.411
2,837.808,104.701,0.9426,18.75,4379.453
2,838.008,104.701,0.9857,18.75,4380.494
2,838.208,104.7,1.0405,18.75,4381.536
2,838.408,104.699,1.0953,18.749,4382.578
2,838.608,104.698,1.1502,18.749,4383.619
2,838.808,104.697,1.205,18.749,4384.661
2,839.008,104.696,1.2665,18.749,4385.703
2,839.208,104.694,1.3313,18.749,4386.744
2,839.408,104.693,1.396,18.749,4387.786
2,839.608,104.692,1.4609,18.749,4388.827
2,839.808,104.691,1.5257,18.748,4389.869
2,840.008,104.69,1.5911,18.748,4390.911
2,840.208,104.689,1.6565,18.748,4391.952
2,840.408,104.687,1.7221,18.748,4392.994
2,840.608,104.686,1.7876,18.747,4394.035
2,840.808,104.685,1.8539,18.747,4395.077
2,841.008,104.684,1.9287,18.746,4396.118
2,841.208,104.682,2.0037,18.746,4397.16
2,841.408,104.681,2.0786,18.746,4398.201
2,841.608,104.68,2.1536,18.745,4399.243
2,841.808,104.678,2.2284,18.745,4400.284
2,842.008,104.677,2.3023,18.744,4401.325
2,842.208,104.676,2.3763,18.744,4402.367
2,842.408,104.674,2.4504,18.743,4403.408
2,842.608,104.673,2.5244,18.742,4404.449
2,842.808,104.672,2.5972,18.742,4405.491
2,843.008,104.67,2.6685,18.741,4406.532
2,843.208,104.669,2.7397,18.74,4407.573
2,843.408,104.668,2.8111,18.739,4408.614
2,843.608,104.666,2.8824,18.739,4409.655
2,843.808,104.665,2.9557,18.738,4410.696
2,844.008,104.664,3.0301,18.737,4411.737
2,844.208,104.662,3.1044,18.736,4412.778
2,844.408,104.661,3.1788,18.735,4413.819
2,844.608,104.66,3.2532,18.734,4414.86
2,844.808,104.658,3.326,18.734,4415.901
2,845.008,104.657,3.3985,18.733,4416.941
2,845.208,104.656,3.4711,18.732,4417.982
2,845.408,104.654,3.5437,18.731,4419.023
2,845.608,104.653,3.6164,18.73,4420.063
2,845.808,104.652,3.6914,18.728,4421.104
2,846.008,104.65,3.7664,18.727,4422.144
2,846.208,104.649,3.8414,18.726,4423.185
2,846.408,104.647,3.9165,18.725,4424.225
2,846.608,104.646,3.9913,18.724,4425.265
2,846.808,104.645,4.0655,18.723,4426.306
2,847.008,104.643,4.1397,18.721,4427.346
2,847.208,104.642,4.2139,18.72,4428.386
2,847.408,104.64,4.2882,18.719,4429.426
2,847.608,104.639,4.3537,18.717,4430.466
2,847.808,104.638,4.4082,18.716,4431.506
2,848.008,104.637,4.4628,18.715,4432.545
2,848.208,104.636,4.5173,18.713,4433.585
2,848.408,104.635,4.5718,18.712,4434.625
2,848.608,104.634,4.6185,18.711,4435.664
2,848.808,104.633,4.6609,18.71,4436.704
2,849.008,104.632,4.7031,18.708,4437.743
2,849.208,104.632,4.7454,18.707,4438.783
2,849.408,104.631,4.7876,18.706,4439.822
2,849.608,104.63,4.8202,18.705,4440.861
2,849.808,104.629,4.8508,18.704,4441.9
2,850.008,104.629,4.8814,18.702,4442.939
2,850.208,104.628,4.912,18.701,4443.978
2,850.408,104.627,4.9422,18.7,4445.017
2,850.608,104.627,4.9613,18.699,4446.056
2,850.808,104.627,4.9803,18.698,4447.095
2,851.008,104.626,4.9992,18.697,4448.134
2,851.208,104.626,5.018,18.697,4449.173
2,851.408,104.625,5.036,18.696,4450.211
2,851.608,104.625,5.0504,18.695,4451.25
2,851.808,104.625,5.0648,18.694,4452.289
2,852.008,104.624,5.0791,18.694,4453.327
2,852.208,104.624,5.0934,18.693,4454.366
2,852.408,104.623,5.1055,18.692,4455.404
2,852.608,104.623,5.1141,18.692,4456.443
2,852.808,104.623,5.1227,18.691,4457.481
2,853.008,104.623,5.1313,18.69,4458.519
2,853.208,104.622,5.1398,18.69,4459.558
2,853.408,104.622,5.1446,18.69,4460.596
2,853.608,104.622,5.1465,18.689,4461.634
2,853.808,104.622,5.1484,18.689,4462.673
2,854.008,104.622,5.1503,18.688,4463.711
2,854.208,104.622,5.1521,18.688,4464.749
2,854.408,104.622,5.1467,18.688,4465.787
2,854.608,104.622,5.139,18.687,4466.826
2,854.808,104.622,5.1312,18.687,4467.864
2,855.008,104.622,5.1234,18.687,4468.902
2,855.208,104.622,5.1155,18.687,4469.94
2,855.408,104.622,5.1085,18.687,4470.978
2,855.608,104.622,5.1014,18.687,4472.017
2,855.808,104.622,5.0943,18.687,4473.055
2,856.008,104.622,5.0871,18.687,4474.093
2,856.208,104.622,5.0792,18.687,4475.131
2,856.408,104.622,5.0661,18.687,4476.169
2,856.608,104.622,5.053,18.687,4477.207
2,856.808,104.622,5.0398,18.687,4478.245
2,857.008,104.622,5.0266,18.687,4479.284
2,857.208,104.622,5.0092,18.687,4480.322
2,857.408,104.623,4.9823,18.687,4481.36
2,857.608,104.623,4.9554,18.687,4482.398
2,857.808,104.623,4.9284,18.688,4483.436
2,858.008,104.624,4.9014,18.688,4484.474
2,858.208,104.624,4.8703,18.688,4485.513
2,858.408,104.625,4.8351,18.689,4486.551
2,858.608,104.625,4.7997,18.689,4487.589
2,858.808,104.626,4.7644,18.689,4488.627
2,859.008,104.626,4.7289,18.69,4489.666
2,859.208,104.627,4.6847,18.691,4490.704
2,859.408,104.628,4.6363,18.691,4491.742
2,859.608,104.628,4.5878,18.692,4492.781
2,859.808,104.629,4.5392,18.692,4493.819
2,860.008,104.63,4.4906,18.693,4494.858
2,860.208,104.631,4.4287,18.694,4495.896
2,860.408,104.632,4.3647,18.695,4496.935
2,860.608,104.633,4.3005,18.696,4497.973
2,860.808,104.634,4.2363,18.697,4499.012
2,861.008,104.635,4.172,18.698,4500.051
2,861.208,104.636,4.1055,18.699,4501.089
2,861.408,104.637,4.0389,18.7,4502.128
2,861.608,104.638,3.9723,18.701,4503.167
2,861.808,104.639,3.9056,18.702,4504.206
2,862.008,104.64,3.8394,18.703,4505.245
2,862.208,104.641,3.7748,18.704,4506.284
2,862.408,104.642,3.7102,18.705,4507.323
2,862.608,104.643,3.6455,18.707,4508.362
2,862.808,104.644,3.5808,18.708,4509.402
2,863.008,104.645,3.5198,18.709,4510.441
2,863.208,104.646,3.4637,18.71,4511.48
2,863.408,104.647,3.4076,18.711,4512.52
2,863.608,104.648,3.3515,18.712,4513.559
2,863.808,104.649,3.2954,18.713,4514.599
2,864.008,104.65,3.2558,18.715,4515.639
2,864.208,104.65,3.2265,18.716,4516.678
2,864.408,104.65,3.1973,18.717,4517.718
2,864.608,104.651,3.1682,18.718,4518.758
2,864.808,104.651,3.1391,18.718,4519.798
2,865.008,104.652,3.1166,18.719,4520.838
2,865.208,104.652,3.0957,18.72,4521.878
2,865.408,104.652,3.0749,18.721,4522.918
2,865.608,104.652,3.0541,18.722,4523.958
2,865.808,104.653,3.0334,18.722,4524.998
2,866.008,104.653,3.0237,18.723,4526.038
2,866.208,104.653,3.014,18.723,4527.078
2,866.408,104.653,3.0044,18.724,4528.118
2,866.608,104.653,2.9948,18.724,4529.158
2,866.808,104.653,2.9886,18.725,4530.199
2,867.008,104.653,2.9967,18.725,4531.239
2,867.208,104.653,3.0049,18.726,4532.279
2,867.408,104.653,3.0132,18.726,4533.32
2,867.608,104.652,3.0215,18.726,4534.36
2,867.808,104.652,3.0264,18.727,4535.4
2,868.008,104.652,3.026,18.727,4536.441
2,868.208,104.652,3.0255,18.727,4537.481
2,868.408,104.652,3.0251,18.727,4538.521
2,868.608,104.652,3.0248,18.727,4539.562
2,868.808,104.652,3.0272,18.727,4540.602
2,869.008,104.652,3.0317,18.728,4541.643
2,869.208,104.652,3.0362,18.728,4542.683
2,869.408,104.651,3.0407,18.728,4543.723
2,869.608,104.651,3.0453,18.728,4544.764
2,869.808,104.651,3.0533,18.728,4545.804
2,870.008,104.651,3.0624,18.728,4546.845
2,870.208,104.651,3.0715,18.728,4547.885
2,870.408,104.65,3.0806,18.728,4548.926
2,870.608,104.65,3.0897,18.728,4549.966
2,870.808,104.65,3.0961,18.728,4551.007
2,871.008,104.65,3.1023,18.728,4552.047
2,871.208,104.65,3.1086,18.728,4553.087
2,871.408,104.649,3.1149,18.728,4554.128
2,871.608,104.649,3.1224,18.728,4555.168
2,871.808,104.649,3.136,18.728,4556.209
2,872.008,104.649,3.1497,18.728,4557.249
2,872.208,104.648,3.1633,18.728,4558.29
2,872.408,104.648,3.177,18.727,4559.33
2,872.608,104.648,3.1897,18.727,4560.37
2,872.808,104.647,3.2005,18.727,4561.411
2,873.008,104.647,3.2112,18.727,4562.451
2,873.208,104.647,3.222,18.727,4563.492
2,873.408,104.647,3.2328,18.727,4564.532
2,873.608,104.646,3.2493,18.727,4565.572
2,873.808,104.646,3.2705,18.727,4566.613
2,874.008,104.645,3.2918,18.726,4567.653
2,874.208,104.645,3.3131,18.726,4568.693
2,874.408,104.644,3.3343,18.726,4569.734
2,874.608,104.644,3.3479,18.726,4570.774
2,874.808,104.644,3.3587,18.726,4571.814
2,875.008,104.644,3.3696,18.725,4572.855
2,875.208,104.643,3.3805,18.725,4573.895
2,875.408,104.643,3.3913,18.725,4574.935
2,875.608,104.643,3.4118,18.725,4575.976
2,875.808,104.642,3.433,18.724,4577.016
2,876.008,104.642,3.4541,18.724,4578.056
2,876.208,104.641,3.4753,18.724,4579.096
2,876.408,104.641,3.4942,18.724,4580.137
2,876.608,104.641,3.4981,18.723,4581.177
2,876.808,104.641,3.5019,18.723,4582.217
2,877.008,104.64,3.5057,18.723,4583.257
2,877.208,104.64,3.5095,18.723,4584.297
2,877.408,104.64,3.5169,18.723,4585.337
2,877.608,104.64,3.5319,18.722,4586.378
2,877.808,104.639,3.5469,18.722,4587.418
2,878.008,104.639,3.5619,18.722,4588.458
2,878.208,104.639,3.5769,18.722,4589.498
2,878.408,104.639,3.5825,18.722,4590.538
2,878.608,104.639,3.5791,18.721,4591.578
2,878.808,104.639,3.5758,18.721,4592.618
2,879.008,104.639,3.5724,18.721,4593.658
2,879.208,104.639,3.5689,18.721,4594.698
2,879.408,104.638,3.5655,18.721,4595.738
2,879.608,104.638,3.5621,18.721,4596.778
2,879.808,104.638,3.5587,18.721,4597.818
2,880.008,104.638,3.5553,18.72,4598.858
2,880.208,104.638,3.5518,18.72,4599.898
2,880.408,104.639,3.5358,18.72,4600.938
2,880.608,104.639,3.5184,18.72,4601.979
2,880.808,104.639,3.5009,18.72,4603.019
2,881.008,104.639,3.4834,18.72,4604.059
2,881.208,104.639,3.4654,18.721,4605.099
2,881.408,104.64,3.4433,18.721,4606.139
2,881.608,104.64,3.4212,18.721,4607.179
2,881.808,104.64,3.3991,18.721,4608.219
2,882.008,104.641,3.3769,18.721,4609.259
2,882.208,104.641,3.355,18.721,4610.299
2,882.408,104.641,3.3338,18.721,4611.339
2,882.608,104.642,3.3126,18.722,4612.379
2,882.808,104.642,3.2914,18.722,4613.419
2,883.008,104.642,3.2701,18.722,4614.459
2,883.208,104.643,3.2458,18.722,4615.499
2,883.408,104.643,3.2182,18.723,4616.539
2,883.608,104.643,3.1905,18.723,4617.58
2,883.808,104.644,3.1628,18.723,4618.62
2,884.008,104.644,3.1351,18.724,4619.66
2,884.208,104.645,3.1075,18.724,4620.7
2,884.408,104.645,3.0798,18.724,4621.74
2,884.608,104.645,3.0522,18.725,4622.781
2,884.808,104.646,3.0245,18.725,4623.821
2,885.008,104.646,2.9968,18.725,4624.861
2,885.208,104.647,2.9707,18.726,4625.901
2,885.408,104.647,2.9448,18.726,4626.942
2,885.608,104.647,2.9189,18.727,4627.982
2,885.808,104.648,2.8931,18.727,4629.022
2,886.008,104.648,2.8665,18.727,4630.063
2,886.208,104.649,2.8288,18.728,4631.103
2,886.408,104.649,2.7912,18.728,4632.144
2,886.608,104.65,2.7535,18.728,4633.184
2,886.808,104.651,2.7158,18.729,4634.225
2,887.008,104.651,2.678,18.729,4635.265
2,887.208,104.652,2.6397,18.73,4636.306
2,887.408,104.652,2.6014,18.73,4637.346
2,887.608,104.653,2.563,18.731,4638.387
2,887.808,104.654,2.5247,18.731,4639.427
2,888.008,104.654,2.4916,18.732,4640.468
2,888.208,104.654,2.4649,18.732,4641.509
2,888.408,104.655,2.4382,18.732,4642.549
2,888.608,104.655,2.4116,18.733,4643.59
2,888.808,104.656,2.3849,18.733,4644.631
2,889.008,104.656,2.3652,18.734,4645.671
2,889.208,104.656,2.3495,18.734,4646.712
2,889.408,104.656,2.3337,18.734,4647.753
2,889.608,104.657,2.3179,18.735,4648.794
2,889.808,104.657,2.3022,18.735,4649.835
2,890.008,104.657,2.299,18.735,4650.875
2,890.208,104.657,2.2983,18.736,4651.916
2,890.408,104.657,2.2975,18.736,4652.957
2,890.608,104.657,2.2968,18.736,4653.998
2,890.808,104.657,2.2968,18.736,4655.039
2,891.008,104.656,2.3127,18.737,4656.08
2,891.208,104.656,2.3287,18.737,4657.121
2,891.408,104.656,2.3448,18.737,4658.162
2,891.608,104.655,2.3609,18.737,4659.203
2,891.808,104.655,2.38,18.737,4660.244
2,892.008,104.654,2.4092,18.737,4661.285
2,892.208,104.654,2.4384,18.737,4662.325
2,892.408,104.653,2.4676,18.737,4663.366
2,892.608,104.653,2.4969,18.737,4664.407
2,892.808,104.652,2.5284,18.737,4665.448
2,893.008,104.651,2.5627,18.737,4666.489
2,893.208,104.651,2.597,18.737,4667.53
2,893.408,104.65,2.6314,18.736,4668.571
2,893.608,104.65,2.6658,18.736,4669.612
2,893.808,104.649,2.7074,18.736,4670.653
2,894.008,104.648,2.7533,18.736,4671.694
2,894.208,104.647,2.7993,18.735,4672.735
2,894.408,104.646,2.8453,18.735,4673.776
2,894.608,104.645,2.8913,18.735,4674.816
2,894.808,104.645,2.9302,18.734,4675.857
2,895.008,104.644,2.9676,18.734,4676.898
2,895.208,104.643,3.005,18.733,4677.939
2,895.408,104.642,3.0425,18.733,4678.98
2,895.608,104.642,3.0802,18.733,4680.02
2,895.808,104.641,3.1335,18.732,4681.061
2,896.008,104.64,3.1868,18.732,4682.102
2,896.208,104.639,3.2402,18.731,4683.142
2,896.408,104.638,3.2936,18.73,4684.183
2,896.608,104.637,3.3438,18.73,4685.223
2,896.808,104.636,3.3822,18.729,4686.264
2,897.008,104.635,3.4206,18.729,4687.305
2,897.208,104.634,3.459,18.728,4688.345
2,897.408,104.634,3.4974,18.727,4689.385
2,897.608,104.633,3.5341,18.727,4690.426
2,897.808,104.632,3.5683,18.726,4691.466
2,898.008,104.632,3.6026,18.725,4692.507
2,898.208,104.631,3.6368,18.725,4693.547
2,898.408,104.63,3.671,18.724,4694.587
2,898.608,104.63,3.7071,18.724,4695.627
2,898.808,104.629,3.7445,18.723,4696.668
2,899.008,104.628,3.7819,18.722,4697.708
2,899.208,104.627,3.8194,18.722,4698.748
2,899.408,104.627,3.8568,18.721,4699.788
2,899.608,104.626,3.8891,18.72,4700.828
2,899.808,104.625,3.9202,18.72,4701.868
2,900.008,104.625,3.9512,18.719,4702.908
2,900.208,104.624,3.9822,18.718,4703.948
2,900.408,104.623,4.0132,18.718,4704.988
2,900.608,104.623,4.0455,18.717,4706.028
2,900.808,104.622,4.0778,18.716,4707.068
2,901.008,104.622,4.1101,18.716,4708.107
2,901.208,104.621,4.1424,18.715,4709.147
2,901.408,104.62,4.1741,18.714,4710.187
2,901.608,104.62,4.2032,18.714,4711.227
2,901.808,104.619,4.2324,18.713,4712.266
2,902.008,104.618,4.2615,18.712,4713.306
2,902.208,104.618,4.2907,18.712,4714.345
2,902.408,104.617,4.32,18.711,4715.385
2,902.608,104.617,4.3495,18.711,4716.424
2,902.808,104.616,4.379,18.71,4717.464
2,903.008,104.615,4.4086,18.709,4718.503
2,903.208,104.615,4.4381,18.709,4719.543
2,903.408,104.614,4.4709,18.708,4720.582
2,903.608,104.613,4.5062,18.707,4721.621
2,903.808,104.613,4.5415,18.707,4722.661
2,904.008,104.612,4.5768,18.706,4723.7
2,904.208,104.611,4.6122,18.705,4724.739
2,904.408,104.611,4.6413,18.705,4725.778
2,904.608,104.61,4.6684,18.704,4726.818
2,904.808,104.609,4.6955,18.703,4727.857
2,905.008,104.609,4.7225,18.702,4728.896
2,905.208,104.608,4.7496,18.702,4729.935
2,905.408,104.608,4.7622,18.701,4730.974
2,905.608,104.608,4.7739,18.7,4732.013
2,905.808,104.607,4.7855,18.7,4733.052
2,906.008,104.607,4.7971,18.699,4734.09
2,906.208,104.607,4.8071,18.699,4735.129
2,906.408,104.607,4.8059,18.698,4736.168
2,906.608,104.607,4.8046,18.698,4737.207
2,906.808,104.606,4.8033,18.697,4738.246
2,907.008,104.606,4.802,18.697,4739.284
2,907.208,104.606,4.7965,18.697,4740.323
2,907.408,104.606,4.7821,18.696,4741.362
2,907.608,104.607,4.7676,18.696,4742.401
2,907.808,104.607,4.753,18.696,4743.439
2,908.008,104.607,4.7384,18.696,4744.478
2,908.208,104.607,4.7272,18.696,4745.517
2,908.408,104.607,4.7196,18.696,4746.555
2,908.608,104.607,4.7119,18.696,4747.594
2,908.808,104.607,4.7043,18.696,4748.632
2,909.008,104.607,4.6966,18.696,4749.671
2,909.208,104.607,4.6856,18.696,4750.71
2,909.408,104.607,4.6732,18.696,4751.748
2,909.608,104.607,4.6607,18.696,4752.787
2,909.808,104.608,4.6482,18.696,4753.826
2,910.008,104.608,4.6357,18.696,4754.864
2,910.208,104.608,4.6313,18.696,4755.903
2,910.408,104.608,4.6281,18.696,4756.942
2,910.608,104.608,4.625,18.697,4757.98
2,910.808,104.607,4.6218,18.697,4759.019
2,911.008,104.607,4.6188,18.697,4760.058
2,911.208,104.607,4.617,18.697,4761.097
2,911.408,104.607,4.6153,18.697,4762.135
2,911.608,104.607,4.6136,18.697,4763.174
2,911.808,104.607,4.612,18.697,4764.213
2,912.008,104.607,4.6131,18.697,4765.252
2,912.208,104.607,4.623,18.697,4766.29
2,912.408,104.606,4.633,18.697,4767.329
2,912.608,104.606,4.643,18.698,4768.368
2,912.808,104.606,4.6531,18.698,4769.407
2,913.008,104.606,4.6585,18.697,4770.445
2,913.208,104.606,4.6577,18.697,4771.484
2,913.408,104.605,4.657,18.697,4772.523
2,913.608,104.605,4.6562,18.697,4773.562
2,913.808,104.605,4.6555,18.697,4774.6
2,914.008,104.605,4.6497,18.697,4775.639
2,914.208,104.605,4.6409,18.697,4776.678
2,914.408,104.605,4.632,18.697,4777.716
2,914.608,104.605,4.6231,18.697,4778.755
2,914.808,104.605,4.6142,18.697,4779.794
2,915.008,104.606,4.5984,18.698,4780.833
2,915.208,104.606,4.581,18.698,4781.871
2,915.408,104.606,4.5636,18.698,4782.91
2,915.608,104.606,4.5461,18.698,4783.949
2,915.808,104.606,4.5285,18.698,4784.988
2,916.008,104.607,4.5058,18.698,4786.027
2,916.208,104.607,4.4829,18.699,4787.065
2,916.408,104.607,4.46,18.699,4788.104
2,916.608,104.608,4.437,18.699,4789.143
2,916.808,104.608,4.4153,18.699,4790.182
2,917.008,104.608,4.3993,18.7,4791.221
2,917.208,104.608,4.3834,18.7,4792.26
2,917.408,104.608,4.3674,18.7,4793.298
2,917.608,104.609,4.3515,18.701,4794.337
2,917.808,104.609,4.337,18.701,4795.376
2,918.008,104.609,4.325,18.701,4796.415
2,918.208,104.609,4.313,18.702,4797.454
2,918.408,104.609,4.3011,18.702,4798.493
2,918.608,104.609,4.2891,18.702,4799.532
2,918.808,104.609,4.2799,18.703,4800.571
2,919.008,104.609,4.2731,18.703,4801.61
2,919.208,104.609,4.2663,18.703,4802.649
2,919.408,104.609,4.2595,18.703,4803.688
2,919.608,104.609,4.2528,18.704,4804.727
2,919.808,104.609,4.2602,18.704,4805.766
2,920.008,104.609,4.2727,18.704,4806.806
2,920.208,104.609,4.2852,18.704,4807.845
2,920.408,104.608,4.2978,18.704,4808.884
2,920.608,104.608,4.3105,18.705,4809.923
2,920.808,104.607,4.335,18.705,4810.962
2,921.008,104.607,4.3605,18.705,4812.001
2,921.208,104.606,4.3862,18.704,4813.04
2,921.408,104.606,4.4118,18.704,4814.08
2,921.608,104.605,4.4384,18.704,4815.119
2,921.808,104.604,4.4708,18.704,4816.158
2,922.008,104.604,4.5033,18.704,4817.197
2,922.208,104.603,4.5358,18.703,4818.236
2,922.408,104.602,4.5684,18.703,4819.275
2,922.608,104.602,4.5998,18.703,4820.314
2,922.808,104.601,4.6285,18.702,4821.353
2,923.008,104.601,4.6572,18.702,4822.392
2,923.208,104.6,4.6859,18.701,4823.431
2,923.408,104.599,4.7146,18.701,4824.47
2,923.608,104.599,4.7373,18.7,4825.509
2,923.808,104.599,4.7537,18.7,4826.548
2,924.008,104.598,4.7701,18.699,4827.587
2,924.208,104.598,4.7865,18.699,4828.626
2,924.408,104.597,4.8028,18.698,4829.665
2,924.608,104.597,4.8076,18.698,4830.703
2,924.808,104.597,4.8068,18.697,4831.742
2,925.008,104.597,4.8059,18.697,4832.781
2,925.208,104.597,4.8049,18.697,4833.82
2,925.408,104.597,4.804,18.696,4834.858
2,925.608,104.597,4.7912,18.696,4835.897
2,925.808,104.597,4.7765,18.696,4836.936
2,926.008,104.597,4.7618,18.696,4837.974
2,926.208,104.597,4.7469,18.696,4839.013
2,926.408,104.597,4.7316,18.696,4840.052
2,926.608,104.598,4.7067,18.696,4841.09
2,926.808,104.598,4.6818,18.696,4842.129
2,927.008,104.598,4.6568,18.696,4843.168
2,927.208,104.599,4.6317,18.696,4844.206
2,927.408,104.599,4.6076,18.696,4845.245
2,927.608,104.599,4.5864,18.696,4846.284
2,927.808,104.6,4.5652,18.696,4847.322
2,928.008,104.6,4.5439,18.697,4848.361
2,928.208,104.6,4.5227,18.697,4849.4
2,928.408,104.6,4.5001,18.697,4850.438
2,928.608,104.601,4.4757,18.698,4851.477
2,928.808,104.601,4.4513,18.698,4852.516
2,929.008,104.601,4.4269,18.698,4853.555
2,929.208,104.602,4.4025,18.699,4854.593
2,929.408,104.602,4.3912,18.699,4855.632
2,929.608,104.602,4.3883,18.7,4856.671
2,929.808,104.602,4.3856,18.7,4857.71
2,930.008,104.602,4.3828,18.7,4858.749
2,930.208,104.602,4.3801,18.701,4859.788
2,930.408,104.602,4.3795,18.701,4860.827
2,930.608,104.601,4.3796,18.701,4861.866
2,930.808,104.601,4.3796,18.701,4862.905
2,931.008,104.601,4.3797,18.702,4863.944
2,931.208,104.601,4.3798,18.702,4864.983
2,931.408,104.601,4.3887,18.702,4866.022
2,931.608,104.601,4.3978,18.702,4867.061
2,931.808,104.6,4.4069,18.702,4868.1
2,932.008,104.6,4.4161,18.702,4869.139
2,932.208,104.6,4.4243,18.702,4870.178
2,932.408,104.6,4.4277,18.702,4871.217
2,932.608,104.6,4.4311,18.702,4872.256
2,932.808,104.599,4.4346,18.702,4873.295
2,933.008,104.599,4.438,18.702,4874.334
2,933.208,104.599,4.4396,18.702,4875.373
2,933.408,104.599,4.4381,18.702,4876.412
2,933.608,104.599,4.4365,18.702,4877.451
2,933.808,104.599,4.4349,18.702,4878.49
2,934.008,104.599,4.4333,18.702,4879.529
2,934.208,104.599,4.4258,18.702,4880.568
2,934.408,104.599,4.4133,18.702,4881.607
2,934.608,104.599,4.4008,18.702,4882.646
2,934.808,104.599,4.3883,18.702,4883.685
2,935.008,104.599,4.3757,18.702,4884.724
2,935.208,104.599,4.359,18.703,4885.763
2,935.408,104.6,4.3408,18.703,4886.802
2,935.608,104.6,4.3226,18.703,4887.841
2,935.808,104.6,4.3043,18.703,4888.88
2,936.008,104.6,4.286,18.703,4889.919
2,936.208,104.601,4.2623,18.703,4890.958
2,936.408,104.601,4.238,18.704,4891.997
2,936.608,104.601,4.2138,18.704,4893.036
2,936.808,104.602,4.1895,18.704,4894.075
2,937.008,104.602,4.1646,18.705,4895.114
2,937.208,104.602,4.1358,18.705,4896.154
2,937.408,104.603,4.107,18.705,4897.193
2,937.608,104.603,4.0781,18.706,4898.232
2,937.808,104.604,4.0492,18.706,4899.271
2,938.008,104.604,4.0206,18.707,4900.31
2,938.208,104.604,3.9927,18.707,4901.35
2,938.408,104.605,3.9649,18.707,4902.389
2,938.608,104.605,3.9371,18.708,4903.428
2,938.808,104.606,3.9092,18.708,4904.468
2,939.008,104.606,3.8853,18.709,4905.507
2,939.208,104.606,3.8656,18.709,4906.546
2,939.408,104.606,3.846,18.71,4907.586
2,939.608,104.607,3.8263,18.71,4908.625
2,939.808,104.607,3.8067,18.711,4909.665
2,940.008,104.607,3.7896,18.711,4910.704
2,940.208,104.607,3.7738,18.712,4911.744
2,940.408,104.608,3.758,18.712,4912.783
2,940.608,104.608,3.7423,18.712,4913.823
2,940.808,104.608,3.7265,18.713,4914.862
2,941.008,104.608,3.7219,18.713,4915.902
2,941.208,104.608,3.719,18.714,4916.942
2,941.408,104.608,3.7162,18.714,4917.981
2,941.608,104.608,3.7134,18.714,4919.021
2,941.808,104.608,3.7108,18.715,4920.061
2,942.008,104.608,3.7113,18.715,4921.1
2,942.208,104.608,3.7118,18.715,4922.14
2,942.408,104.607,3.7124,18.715,4923.18
2,942.608,104.607,3.713,18.715,4924.219
2,942.808,104.607,3.7143,18.716,4925.259
2,943.008,104.607,3.7178,18.716,4926.299
2,943.208,104.607,3.7213,18.716,4927.339
2,943.408,104.607,3.7249,18.716,4928.378
2,943.608,104.607,3.7285,18.716,4929.418
2,943.808,104.607,3.7319,18.716,4930.458
2,944.008,104.606,3.735,18.716,4931.498
2,944.208,104.606,3.7382,18.716,4932.538
2,944.408,104.606,3.7413,18.716,4933.577
2,944.608,104.606,3.7445,18.716,4934.617
2,944.808,104.606,3.7492,18.716,4935.657
2,945.008,104.606,3.7549,18.716,4936.697
2,945.208,104.605,3.7606,18.716,4937.737
2,945.408,104.605,3.7663,18.716,4938.776
2,945.608,104.605,3.772,18.716,4939.816
2,945.808,104.605,3.7705,18.716,4940.856
2,946.008,104.605,3.7675,18.716,4941.896
2,946.208,104.605,3.7645,18.716,4942.935
2,946.408,104.605,3.7614,18.716,4943.975
2,946.608,104.605,3.7585,18.716,4945.015
2,946.808,104.605,3.7661,18.716,4946.055
2,947.008,104.604,3.7737,18.716,4947.095
2,947.208,104.604,3.7814,18.716,4948.134
2,947.408,104.604,3.789,18.716,4949.174
2,947.608,104.604,3.796,18.716,4950.214
2,947.808,104.604,3.8003,18.716,4951.254
2,948.008,104.603,3.8046,18.716,4952.294
2,948.208,104.603,3.809,18.716,4953.333
2,948.408,104.603,3.8133,18.716,4954.373
2,948.608,104.603,3.8179,18.716,4955.413
2,948.808,104.603,3.8228,18.716,4956.453
2,949.008,104.603,3.8278,18.716,4957.492
2,949.208,104.602,3.8327,18.716,4958.532
2,949.408,104.602,3.8377,18.715,4959.572
2,949.608,104.602,3.8477,18.715,4960.612
2,949.808,104.602,3.8612,18.715,4961.651
2,950.008,104.601,3.8747,18.715,4962.691
2,950.208,104.601,3.8882,18.715,4963.731
2,950.408,104.601,3.9018,18.715,4964.771
2,950.608,104.6,3.9145,18.715,4965.81
2,950.808,104.6,3.927,18.715,4966.85
2,951.008,104.6,3.9396,18.714,4967.89
2,951.208,104.599,3.9521,18.714,4968.929
2,951.408,104.599,3.9647,18.714,4969.969
2,951.608,104.599,3.9799,18.714,4971.009
2,951.808,104.598,3.9952,18.714,4972.048
2,952.008,104.598,4.0106,18.713,4973.088
2,952.208,104.598,4.026,18.713,4974.128
2,952.408,104.597,4.0418,18.713,4975.167
2,952.608,104.597,4.06,18.713,4976.207
2,952.808,104.597,4.0783,18.713,4977.246
2,953.008,104.596,4.0966,18.712,4978.286
2,953.208,104.596,4.1149,18.712,4979.326
2,953.408,104.595,4.1325,18.712,4980.365
2,953.608,104.595,4.1489,18.711,4981.405
2,953.808,104.595,4.1653,18.711,4982.444
2,954.008,104.594,4.1818,18.711,4983.484
2,954.208,104.594,4.1982,18.71,4984.523
2,954.408,104.593,4.2161,18.71,4985.563
2,954.608,104.593,4.2353,18.71,4986.602
2,954.808,104.593,4.2545,18.71,4987.642
2,955.008,104.592,4.2738,18.709,4988.681
2,955.208,104.592,4.293,18.709,4989.72
2,955.408,104.591,4.3091,18.709,4990.76
2,955.608,104.591,4.324,18.708,4991.799
2,955.808,104.591,4.3389,18.708,4992.839
2,956.008,104.59,4.3538,18.707,4993.878
2,956.208,104.59,4.3687,18.707,4994.917
2,956.408,104.589,4.3873,18.707,4995.956
2,956.608,104.589,4.4062,18.706,4996.996
2,956.808,104.589,4.425,18.706,4998.035
2,957.008,104.588,4.4439,18.706,4999.074
2,957.208,104.588,4.4618,18.705,5000.113
2,957.408,104.588,4.4709,18.705,5001.153
2,957.608,104.587,4.4801,18.705,5002.192
2,957.808,104.587,4.4892,18.704,5003.231
2,958.008,104.587,4.4983,18.704,5004.27
2,958.208,104.586,4.5072,18.704,5005.309
2,958.408,104.586,4.5156,18.703,5006.348
2,958.608,104.586,4.524,18.703,5007.387
2,958.808,104.586,4.5324,18.703,5008.426
2,959.008,104.585,4.5407,18.702,5009.465
2,959.208,104.585,4.5475,18.702,5010.504
2,959.408,104.585,4.5526,18.702,5011.543
2,959.608,104.585,4.5576,18.702,5012.582
2,959.808,104.585,4.5626,18.701,5013.621
2,960.008,104.584,4.5676,18.701,5014.66
2,960.208,104.584,4.5658,18.701,5015.699
2,960.408,104.584,4.5606,18.701,5016.738
2,960.608,104.584,4.5554,18.701,5017.777
2,960.808,104.584,4.5501,18.701,5018.816
2,961.008,104.584,4.5448,18.701,5019.855
2,961.208,104.585,4.5293,18.7,5020.894
2,961.408,104.585,4.512,18.7,5021.933
2,961.608,104.585,4.4947,18.7,5022.972
2,961.808,104.585,4.4774,18.7,5024.011
2,962.008,104.585,4.46,18.701,5025.05
2,962.208,104.586,4.4423,18.701,5026.089
2,962.408,104.586,4.4247,18.701,5027.127
2,962.608,104.586,4.407,18.701,5028.166
2,962.808,104.586,4.3893,18.701,5029.205
2,963.008,104.586,4.3697,18.701,5030.244
2,963.208,104.587,4.3438,18.702,5031.283
2,963.408,104.587,4.318,18.702,5032.322
2,963.608,104.587,4.2921,18.702,5033.361
2,963.808,104.588,4.2661,18.702,5034.4
2,964.008,104.588,4.2326,18.703,5035.439
2,964.208,104.589,4.1888,18.703,5036.478
2,964.408,104.59,4.1448,18.704,5037.517
2,964.608,104.59,4.1009,18.704,5038.556
2,964.808,104.591,4.0568,18.705,5039.596
2,965.008,104.592,4.0126,18.705,5040.635
2,965.208,104.592,3.9683,18.706,5041.674
2,965.408,104.593,3.9239,18.706,5042.713
2,965.608,104.594,3.8795,18.707,5043.752
2,965.808,104.594,3.8351,18.708,5044.792
2,966.008,104.595,3.7945,18.708,5045.831
2,966.208,104.596,3.7549,18.709,5046.87
2,966.408,104.596,3.7153,18.71,5047.91
2,966.608,104.597,3.6757,18.711,5048.949
2,966.808,104.597,3.636,18.711,5049.989
2,967.008,104.598,3.6002,18.712,5051.028
2,967.208,104.598,3.5644,18.713,5052.068
2,967.408,104.599,3.5286,18.713,5053.107
2,967.608,104.6,3.4929,18.714,5054.147
2,967.808,104.6,3.4579,18.715,5055.187
2,968.008,104.601,3.4269,18.715,5056.226
2,968.208,104.601,3.3958,18.716,5057.266
2,968.408,104.601,3.3648,18.717,5058.306
2,968.608,104.602,3.3338,18.717,5059.346
2,968.808,104.602,3.3076,18.718,5060.386
2,969.008,104.603,3.2897,18.719,5061.425
2,969.208,104.603,3.2718,18.719,5062.465
2,969.408,104.603,3.2539,18.72,5063.505
2,969.608,104.603,3.2361,18.72,5064.545
2,969.808,104.604,3.2162,18.721,5065.585
2,970.008,104.604,3.1947,18.721,5066.625
2,970.208,104.604,3.1733,18.722,5067.665
2,970.408,104.604,3.1518,18.722,5068.706
2,970.608,104.605,3.1304,18.723,5069.746
2,970.808,104.605,3.1137,18.723,5070.786
2,971.008,104.605,3.0986,18.724,5071.826
2,971.208,104.605,3.0834,18.724,5072.866
2,971.408,104.606,3.0683,18.724,5073.906
2,971.608,104.606,3.0532,18.725,5074.947
2,971.808,104.606,3.029,18.725,5075.987
2,972.008,104.606,3.0042,18.725,5077.027
2,972.208,104.607,2.9795,18.726,5078.068
2,972.408,104.607,2.9547,18.726,5079.108
2,972.608,104.608,2.9295,18.727,5080.148
2,972.808,104.608,2.9013,18.727,5081.189
2,973.008,104.608,2.8731,18.727,5082.229
2,973.208,104.609,2.845,18.728,5083.269
2,973.408,104.609,2.8168,18.728,5084.31
2,973.608,104.61,2.787,18.728,5085.35
2,973.808,104.61,2.754,18.729,5086.391
2,974.008,104.611,2.7211,18.729,5087.431
2,974.208,104.611,2.6881,18.73,5088.472
2,974.408,104.612,2.6551,18.73,5089.512
2,974.608,104.612,2.6182,18.73,5090.553
2,974.808,104.613,2.5779,18.731,5091.593
2,975.008,104.614,2.5376,18.731,5092.634
2,975.208,104.614,2.4973,18.732,5093.675
2,975.408,104.615,2.457,18.732,5094.715
2,975.608,104.616,2.4155,18.732,5095.756
2,975.808,104.616,2.3737,18.733,5096.797
2,976.008,104.617,2.3318,18.733,5097.837
2,976.208,104.618,2.2899,18.734,5098.878
2,976.408,104.618,2.2481,18.734,5099.919
2,976.608,104.619,2.2142,18.735,5100.96
2,976.808,104.619,2.181,18.735,5102.0
2,977.008,104.62,2.1478,18.736,5103.041
2,977.208,104.62,2.1146,18.736,5104.082
2,977.408,104.621,2.0822,18.737,5105.123
2,977.608,104.621,2.0559,18.737,5106.164
2,977.808,104.622,2.0296,18.737,5107.205
2,978.008,104.622,2.0033,18.738,5108.246
2,978.208,104.623,1.9771,18.738,5109.287
2,978.408,104.623,1.953,18.739,5110.328
2,978.608,104.623,1.9336,18.739,5111.369
2,978.808,104.623,1.9143,18.739,5112.41
2,979.008,104.624,1.8949,18.74,5113.451
2,979.208,104.624,1.8756,18.74,5114.492
2,979.408,104.624,1.8616,18.74,5115.533
2,979.608,104.624,1.8527,18.74,5116.574
2,979.808,104.625,1.8439,18.741,5117.615
2,980.008,104.625,1.8351,18.741,5118.657
2,980.208,104.625,1.8263,18.741,5119.698
2,980.408,104.625,1.8137,18.741,5120.739
2,980.608,104.625,1.7996,18.742,5121.78
2,980.808,104.625,1.7855,18.742,5122.821
2,981.008,104.626,1.7715,18.742,5123.863
2,981.208,104.626,1.7574,18.742,5124.904
2,981.408,104.626,1.7522,18.742,5125.945
2,981.608,104.626,1.7479,18.743,5126.986
2,981.808,104.626,1.7436,18.743,5128.027
2,982.008,104.626,1.7393,18.743,5129.069
2,982.208,104.626,1.7344,18.743,5130.11
2,982.408,104.626,1.7242,18.743,5131.151
2,982.608,104.626,1.714,18.743,5132.193
2,982.808,104.626,1.7039,18.743,5133.234
2,983.008,104.626,1.6937,18.743,5134.275
2,983.208,104.627,1.6837,18.744,5135.316
2,983.408,104.627,1.674,18.744,5136.358
2,983.608,104.627,1.6643,18.744,5137.399
2,983.808,104.627,1.6546,18.744,5138.44
2,984.008,104.627,1.6449,18.744,5139.482
2,984.208,104.627,1.6376,18.744,5140.523
2,984.408,104.627,1.6328,18.744,5141.564
2,984.608,104.627,1.6281,18.744,5142.606
2,984.808,104.627,1.6233,18.744,5143.647
2,985.008,104.627,1.6185,18.744,5144.688
2,985.208,104.627,1.6135,18.744,5145.73
2,985.408,104.628,1.6085,18.745,5146.771
2,985.608,104.628,1.6034,18.745,5147.812
2,985.808,104.628,1.5983,18.745,5148.854
2,986.008,104.628,1.5933,18.745,5149.895
2,986.208,104.628,1.5972,18.745,5150.937
2,986.408,104.627,1.6022,18.745,5151.978
2,986.608,104.627,1.6072,18.745,5153.019
2,986.808,104.627,1.6122,18.745,5154.061
2,987.008,104.627,1.618,18.745,5155.102
2,987.208,104.627,1.6304,18.745,5156.143
2,987.408,104.627,1.6428,18.745,5157.185
2,987.608,104.626,1.6553,18.745,5158.226
2,987.808,104.626,1.6677,18.745,5159.268
2,988.008,104.626,1.6822,18.745,5160.309
2,988.208,104.625,1.7014,18.745,5161.35
2,988.408,104.625,1.7206,18.745,5162.392
2,988.608,104.625,1.7398,18.745,5163.433
2,988.808,104.624,1.759,18.745,5164.475
2,989.008,104.624,1.7803,18.745,5165.516
2,989.208,104.623,1.8038,18.745,5166.557
2,989.408,104.623,1.8273,18.744,5167.599
2,989.608,104.622,1.8507,18.744,5168.64
2,989.808,104.622,1.8742,18.744,5169.681
2,990.008,104.621,1.9044,18.744,5170.723
2,990.208,104.621,1.9376,18.744,5171.764
2,990.408,104.62,1.9707,18.744,5172.805
2,990.608,104.62,2.0039,18.744,5173.847
2,990.808,104.619,2.0371,18.743,5174.888
2,991.008,104.618,2.0703,18.743,5175.929
2,991.208,104.618,2.1035,18.743,5176.971
2,991.408,104.617,2.1367,18.743,5178.012
2,991.608,104.616,2.1699,18.742,5179.053
2,991.808,104.616,2.2035,18.742,5180.094
2,992.008,104.615,2.2403,18.742,5181.136
2,992.208,104.614,2.2772,18.742,5182.177
2,992.408,104.614,2.3141,18.741,5183.218
2,992.608,104.613,2.351,18.741,5184.259
2,992.808,104.612,2.3884,18.741,5185.3
2,993.008,104.612,2.4271,18.74,5186.341
2,993.208,104.611,2.4657,18.74,5187.383
2,993.408,104.61,2.5044,18.74,5188.424
2,993.608,104.609,2.543,18.739,5189.465
2,993.808,104.609,2.5859,18.739,5190.506
2,994.008,104.608,2.633,18.739,5191.547
2,994.208,104.607,2.6802,18.738,5192.588
2,994.408,104.606,2.7275,18.738,5193.629
2,994.608,104.605,2.7747,18.737,5194.67
2,994.808,104.604,2.8206,18.737,5195.711
2,995.008,104.603,2.8659,18.736,5196.752
2,995.208,104.603,2.9111,18.736,5197.793
2,995.408,104.602,2.9564,18.735,5198.834
2,995.608,104.601,3.0017,18.735,5199.874
2,995.808,104.6,3.0569,18.734,5200.915
2,996.008,104.599,3.1135,18.733,5201.956
2,996.208,104.598,3.1702,18.733,5202.997
2,996.408,104.597,3.2268,18.732,5204.038
2,996.608,104.596,3.283,18.732,5205.078
2,996.808,104.595,3.3331,18.731,5206.119
2,997.008,104.594,3.3832,18.73,5207.159
2,997.208,104.593,3.4332,18.729,5208.2
2,997.408,104.592,3.4833,18.729,5209.241
2,997.608,104.591,3.5341,18.728,5210.281
2,997.808,104.59,3.5866,18.727,5211.321
2,998.008,104.589,3.6392,18.726,5212.362
2,998.208,104.588,3.6918,18.726,5213.402
2,998.408,104.587,3.7444,18.725,5214.443
2,998.608,104.586,3.7923,18.724,5215.483
2,998.808,104.585,3.8348,18.723,5216.523
2,999.008,104.584,3.8773,18.722,5217.563
2,999.208,104.583,3.9198,18.721,5218.603
2,999.408,104.583,3.9622,18.721,5219.643
2,999.608,104.582,4.0003,18.72,5220.683
2,999.808,104.581,4.0361,18.719,5221.723
2,1000.008,104.58,4.0719,18.718,5222.763
2,1000.208,104.58,4.1076,18.717,5223.803
2,1000.408,104.579,4.1434,18.717,5224.843
2,1000.608,104.579,4.1606,18.716,5225.883
2,1000.808,104.578,4.1745,18.715,5226.923
2,1001.008,104.578,4.1883,18.714,5227.962
2,1001.208,104.578,4.202,18.714,5229.002
2,1001.408,104.577,4.2154,18.713,5230.042
2,1001.608,104.577,4.2215,18.712,5231.081
2,1001.808,104.577,4.2275,18.712,5232.121
2,1002.008,104.577,4.2334,18.711,5233.16
2,1002.208,104.576,4.2393,18.711,5234.2
2,1002.408,104.576,4.2433,18.71,5235.239
2,1002.608,104.576,4.2412,18.71,5236.279
2,1002.808,104.576,4.2391,18.71,5237.318
2,1003.008,104.576,4.237,18.709,5238.358
2,1003.208,104.576,4.2347,18.709,5239.397
2,1003.408,104.576,4.2366,18.709,5240.437
2,1003.608,104.576,4.244,18.709,5241.476
2,1003.808,104.576,4.2515,18.708,5242.515
2,1004.008,104.575,4.2589,18.708,5243.555
2,1004.208,104.575,4.2664,18.708,5244.594
2,1004.408,104.575,4.27,18.708,5245.633
2,1004.608,104.575,4.2712,18.708,5246.673
2,1004.808,104.575,4.2723,18.707,5247.712
2,1005.008,104.575,4.2735,18.707,5248.751
2,1005.208,104.574,4.2746,18.707,5249.791
2,1005.408,104.574,4.2892,18.707,5250.83
2,1005.608,104.574,4.3073,18.707,5251.869
2,1005.808,104.573,4.3254,18.707,5252.908
2,1006.008,104.573,4.3435,18.706,5253.948
2,1006.208,104.572,4.3617,18.706,5254.987
2,1006.408,104.572,4.3899,18.706,5256.026
2,1006.608,104.571,4.4183,18.706,5257.065
2,1006.808,104.571,4.4468,18.705,5258.105
2,1007.008,104.57,4.4753,18.705,5259.144
2,1007.208,104.569,4.5048,18.705,5260.183
2,1007.408,104.569,4.5393,18.704,5261.222
2,1007.608,104.568,4.5739,18.704,5262.261
2,1007.808,104.567,4.6085,18.703,5263.3
2,1008.008,104.567,4.6431,18.703,5264.339
2,1008.208,104.566,4.675,18.702,5265.378
2,1008.408,104.565,4.7021,18.702,5266.417
2,1008.608,104.565,4.7291,18.701,5267.456
2,1008.808,104.564,4.7562,18.701,5268.495
2,1009.008,104.564,4.7832,18.7,5269.534
2,1009.208,104.563,4.8063,18.699,5270.573
2,1009.408,104.563,4.8261,18.699,5271.612
2,1009.608,104.562,4.8459,18.698,5272.651
2,1009.808,104.562,4.8656,18.698,5273.69
2,1010.008,104.561,4.8854,18.697,5274.728
2,1010.208,104.561,4.8943,18.697,5275.767
2,1010.408,104.561,4.8993,18.696,5276.806
2,1010.608,104.561,4.9043,18.696,5277.845
2,1010.808,104.56,4.9092,18.695,5278.883
2,1011.008,104.56,4.914,18.695,5279.922
2,1011.208,104.56,4.9193,18.694,5280.96
2,1011.408,104.56,4.9246,18.694,5281.999
2,1011.608,104.56,4.9298,18.694,5283.038
2,1011.808,104.559,4.935,18.693,5284.076
2,1012.008,104.559,4.9371,18.693,5285.115
2,1012.208,104.56,4.9136,18.693,5286.153
2,1012.408,104.56,4.89,18.693,5287.192
2,1012.608,104.56,4.8663,18.692,5288.23
2,1012.808,104.56,4.8425,18.692,5289.269
2,1013.008,104.561,4.8196,18.692,5290.307
2,1013.208,104.561,4.7989,18.693,5291.345
2,1013.408,104.561,4.7782,18.693,5292.384
2,1013.608,104.562,4.7575,18.693,5293.422
2,1013.808,104.562,4.7367,18.693,5294.461
2,1014.008,104.562,4.7143,18.693,5295.499
2,1014.208,104.562,4.6904,18.693,5296.538
2,1014.408,104.563,4.6664,18.694,5297.576
2,1014.608,104.563,4.6423,18.694,5298.615
2,1014.808,104.563,4.6183,18.694,5299.654
2,1015.008,104.563,4.6005,18.695,5300.692
2,1015.208,104.564,4.586,18.695,5301.731
2,1015.408,104.564,4.5714,18.696,5302.769
2,1015.608,104.564,4.5568,18.696,5303.808
2,1015.808,104.564,4.5423,18.696,5304.847
2,1016.008,104.564,4.5374,18.697,5305.885
2,1016.208,104.564,4.5342,18.697,5306.924
2,1016.408,104.564,4.5311,18.697,5307.963
2,1016.608,104.564,4.528,18.697,5309.001
2,1016.808,104.564,4.5253,18.698,5310.04
2,1017.008,104.564,4.5305,18.698,5311.079
2,1017.208,104.563,4.5357,18.698,5312.118
2,1017.408,104.563,4.541,18.698,5313.157
2,1017.608,104.563,4.5463,18.699,5314.195
2,1017.808,104.563,4.5521,18.699,5315.234
2,1018.008,104.563,4.559,18.699,5316.273
2,1018.208,104.562,4.566,18.699,5317.312
2,1018.408,104.562,4.5731,18.699,5318.351
2,1018.608,104.562,4.5801,18.699,5319.389
2,1018.808,104.562,4.5882,18.699,5320.428
2,1019.008,104.561,4.5976,18.699,5321.467
2,1019.208,104.561,4.607,18.699,5322.506
2,1019.408,104.561,4.6165,18.699,5323.545
2,1019.608,104.561,4.626,18.699,5324.584
2,1019.808,104.56,4.6334,18.699,5325.622
2,1020.008,104.56,4.6394,18.699,5326.661
2,1020.208,104.56,4.6453,18.698,5327.7
2,1020.408,104.56,4.6513,18.698,5328.739
2,1020.608,104.56,4.6574,18.698,5329.778
2,1020.808,104.559,4.6589,18.698,5330.816
2,1021.008,104.559,4.6593,18.698,5331.855
2,1021.208,104.559,4.6597,18.698,5332.894
2,1021.408,104.559,4.66,18.698,5333.933
2,1021.608,104.559,4.6604,18.698,5334.971
2,1021.808,104.559,4.6449,18.698,5336.01
2,1022.008,104.559,4.6289,18.698,5337.049
2,1022.208,104.56,4.6128,18.698,5338.088
2,1022.408,104.56,4.5967,18.698,5339.127
2,1022.608,104.56,4.5788,18.698,5340.165
2,1022.808,104.56,4.5516,18.698,5341.204
2,1023.008,104.561,4.5244,18.698,5342.243
2,1023.208,104.561,4.4971,18.698,5343.282
2,1023.408,104.561,4.4697,18.699,5344.32
2,1023.608,104.562,4.4421,18.699,5345.359
2,1023.808,104.562,4.4138,18.699,5346.398
2,1024.008,104.563,4.3855,18.7,5347.437
2,1024.208,104.563,4.3572,18.7,5348.476
2,1024.408,104.563,4.3289,18.7,5349.515
2,1024.608,104.564,4.3005,18.701,5350.554
2,1024.808,104.564,4.2721,18.701,5351.592
2,1025.008,104.565,4.2437,18.702,5352.631
2,1025.208,104.565,4.2152,18.702,5353.67
2,1025.408,104.565,4.1867,18.703,5354.709
2,1025.608,104.566,4.1569,18.703,5355.748
2,1025.808,104.566,4.1264,18.704,5356.787
2,1026.008,104.567,4.0959,18.704,5357.827
2,1026.208,104.567,4.0654,18.705,5358.866
2,1026.408,104.567,4.0349,18.705,5359.905
2,1026.608,104.568,4.0067,18.706,5360.944
2,1026.808,104.568,3.9786,18.706,5361.983
2,1027.008,104.569,3.9506,18.707,5363.022
2,1027.208,104.569,3.9226,18.707,5364.062
2,1027.408,104.569,3.8934,18.708,5365.101
2,1027.608,104.57,3.8535,18.709,5366.14
2,1027.808,104.571,3.8135,18.709,5367.18
2,1028.008,104.571,3.7735,18.71,5368.219
2,1028.208,104.572,3.7335,18.71,5369.259
2,1028.408,104.573,3.6893,18.711,5370.298
2,1028.608,104.573,3.6348,18.712,5371.338
2,1028.808,104.574,3.5803,18.712,5372.377
2,1029.008,104.575,3.5257,18.713,5373.417
2,1029.208,104.576,3.4711,18.714,5374.456
2,1029.408,104.577,3.4139,18.715,5375.496
2,1029.608,104.578,3.3538,18.715,5376.536
2,1029.808,104.579,3.2937,18.716,5377.575
2,1030.008,104.58,3.2336,18.717,5378.615
2,1030.208,104.581,3.1734,18.718,5379.655
2,1030.408,104.582,3.109,18.719,5380.695
2,1030.608,104.583,3.0424,18.72,5381.735
2,1030.808,104.584,2.9759,18.72,5382.775
2,1031.008,104.585,2.9093,18.721,5383.815
2,1031.208,104.586,2.8427,18.722,5384.855
2,1031.408,104.587,2.7738,18.723,5385.895
2,1031.608,104.589,2.7046,18.724,5386.935
2,1031.808,104.59,2.6353,18.725,5387.975
2,1032.008,104.591,2.566,18.726,5389.016
2,1032.208,104.592,2.4971,18.727,5390.056
2,1032.408,104.593,2.4347,18.728,5391.096
2,1032.608,104.594,2.3724,18.729,5392.137
2,1032.808,104.595,2.3101,18.73,5393.177
2,1033.008,104.596,2.2478,18.73,5394.218
2,1033.208,104.597,2.1854,18.731,5395.258
2,1033.408,104.598,2.1227,18.732,5396.299
2,1033.608,104.599,2.06,18.733,5397.34
2,1033.808,104.6,1.9974,18.734,5398.38
2,1034.008,104.601,1.9348,18.735,5399.421
2,1034.208,104.602,1.8738,18.735,5400.462
2,1034.408,104.603,1.8149,18.736,5401.503
2,1034.608,104.604,1.756,18.737,5402.544
2,1034.808,104.605,1.6972,18.738,5403.585
2,1035.008,104.606,1.6384,18.738,5404.626
2,1035.208,104.607,1.5811,18.739,5405.667
2,1035.408,104.608,1.5247,18.74,5406.708
2,1035.608,104.609,1.4683,18.74,5407.749
2,1035.808,104.61,1.412,18.741,5408.79
2,1036.008,104.611,1.3557,18.741,5409.831
2,1036.208,104.612,1.299,18.742,5410.872
2,1036.408,104.613,1.2424,18.742,5411.913
2,1036.608,104.614,1.1858,18.743,5412.955
2,1036.808,104.615,1.1292,18.744,5413.996
2,1037.008,104.616,1.0731,18.744,5415.037
2,1037.208,104.616,1.0317,18.745,5416.079
2,1037.408,104.617,0.9903,18.745,5417.12
2,1037.608,104.618,0.949,18.745,5418.161
2,1037.808,104.619,0.9077,18.746,5419.203
2,1038.008,104.619,0.8655,18.746,5420.244
2,1038.208,104.62,0.8205,18.747,5421.286
2,1038.408,104.621,0.7755,18.747,5422.327
2,1038.608,104.622,0.7305,18.747,5423.369
2,1038.808,104.622,0.6856,18.748,5424.41
2,1039.008,104.623,0.6359,18.748,5425.452
2,1039.208,104.624,0.5802,18.748,5426.493
2,1039.408,104.625,0.5245,18.748,5427.535
2,1039.608,104.626,0.4688,18.749,5428.576
2,1039.808,104.627,0.4131,18.749,5429.618
2,1040.008,104.629,0.3179,18.749,5430.66
2,1040.208,104.631,0.1999,18.749,5431.701
2,1040.408,104.633,0.0819,18.75,5432.743
2,1040.608,104.634,0.0,18.75,5433.784
2,1040.808,104.634,0.0,18.752,5434.826
2,1041.008,104.634,0.0,18.762,5435.868
2,1041.208,104.634,0.0,18.776,5436.91
2,1041.408,104.634,0.0,18.792,5437.953
2,1041.608,104.634,0.0,18.811,5438.997
2,1041.808,104.634,0.0,18.833,5440.042
2,1042.008,104.634,0.0,18.858,5441.089
2,1042.208,104.634,0.0,18.883,5442.136
2,1042.408,104.634,0.0,18.906,5443.185
2,1042.608,104.634,0.0,18.93,5444.236
2,1042.808,104.634,0.0,18.953,5445.287
2,1043.008,104.634,0.0,18.975,5446.34
2,1043.208,104.634,0.0,18.994,5447.394
2,1043.408,104.634,0.0,19.01,5448.45
2,1043.608,104.634,0.0,19.024,5449.506
2,1043.808,104.634,0.0,19.034,5450.563
2,1044.008,104.634,0.0,19.042,5451.62
2,1044.208,104.634,0.0,19.045,5452.678
2,1044.408,104.634,0.0,19.043,5453.736
2,1044.608,104.634,0.0,19.037,5454.794
2,1044.808,104.634,0.0,19.027,5455.852
2,1045.008,104.634,0.0,19.011,5456.909
2,1045.208,104.633,0.068,18.989,5457.965
2,1045.408,104.631,0.2023,18.965,5459.02
2,1045.608,104.628,0.336,18.944,5460.073
2,1045.808,104.625,0.513,18.925,5461.126
2,1046.008,104.622,0.6867,18.907,5462.177
2,1046.208,104.619,0.8573,18.892,5463.228
2,1046.408,104.616,1.0252,18.877,5464.277
2,1046.608,104.614,1.1757,18.865,5465.326
2,1046.808,104.612,1.2907,18.853,5466.374
2,1047.008,104.61,1.4038,18.842,5467.421
2,1047.208,104.608,1.5153,18.833,5468.468
2,1047.408,104.606,1.6254,18.824,5469.514
2,1047.608,104.604,1.7199,18.816,5470.56
2,1047.808,104.603,1.8008,18.809,5471.605
2,1048.008,104.601,1.8807,18.803,5472.65
2,1048.208,104.6,1.9597,18.797,5473.695
2,1048.408,104.598,2.0378,18.791,5474.739
2,1048.608,104.597,2.1143,18.786,5475.783
2,1048.808,104.596,2.1898,18.782,5476.827
2,1049.008,104.594,2.2647,18.777,5477.87
2,1049.208,104.593,2.3391,18.774,5478.914
2,1049.408,104.592,2.4131,18.77,5479.956
2,1049.608,104.59,2.4861,18.767,5480.999
2,1049.808,104.589,2.5587,18.764,5482.042
2,1050.008,104.588,2.631,18.761,5483.084
2,1050.208,104.586,2.7029,18.758,5484.127
2,1050.408,104.585,2.7739,18.756,5485.169
2,1050.608,104.584,2.8406,18.753,5486.211
2,1050.808,104.583,2.907,18.751,5487.252
2,1051.008,104.581,2.9733,18.749,5488.294
2,1051.208,104.58,3.0394,18.747,5489.336
2,1051.408,104.579,3.1027,18.745,5490.377
2,1051.608,104.578,3.1611,18.743,5491.419
2,1051.808,104.577,3.2193,18.742,5492.46
2,1052.008,104.576,3.2775,18.74,5493.501
2,1052.208,104.575,3.3355,18.739,5494.542
2,1052.408,104.573,3.3927,18.737,5495.583
2,1052.608,104.572,3.4492,18.736,5496.624
2,1052.808,104.571,3.5056,18.734,5497.665
2,1053.008,104.57,3.5619,18.733,5498.706
2,1053.208,104.569,3.6182,18.732,5499.747
2,1053.408,104.568,3.6686,18.73,5500.787
2,1053.608,104.567,3.7171,18.729,5501.828
2,1053.808,104.566,3.7655,18.728,5502.869
2,1054.008,104.566,3.8138,18.727,5503.909
2,1054.208,104.565,3.8621,18.726,5504.949
2,1054.408,104.564,3.9025,18.724,5505.99
2,1054.608,104.563,3.9424,18.723,5507.03
2,1054.808,104.562,3.9823,18.722,5508.07
2,1055.008,104.561,4.0221,18.721,5509.11
2,1055.208,104.561,4.0602,18.72,5510.15
2,1055.408,104.56,4.0887,18.719,5511.19
2,1055.608,104.56,4.1171,18.718,5512.23
2,1055.808,104.559,4.1454,18.717,5513.27
2,1056.008,104.558,4.1737,18.716,5514.31
2,1056.208,104.558,4.199,18.716,5515.35
2,1056.408,104.557,4.2183,18.715,5516.39
2,1056.608,104.557,4.2376,18.714,5517.429
2,1056.808,104.557,4.2568,18.713,5518.469
2,1057.008,104.556,4.276,18.713,5519.509
2,1057.208,104.556,4.2937,18.712,5520.548
2,1057.408,104.555,4.3101,18.711,5521.588
2,1057.608,104.555,4.3264,18.711,5522.627
2,1057.808,104.555,4.3427,18.71,5523.667
2,1058.008,104.554,4.3589,18.709,5524.706
2,1058.208,104.554,4.37,18.709,5525.746
2,1058.408,104.554,4.379,18.708,5526.785
2,1058.608,104.553,4.388,18.708,5527.824
2,1058.808,104.553,4.3969,18.707,5528.864
2,1059.008,104.553,4.4058,18.707,5529.903
2,1059.208,104.553,4.4098,18.707,5530.942
2,1059.408,104.553,4.4132,18.706,5531.981
2,1059.608,104.552,4.4166,18.706,5533.021
2,1059.808,104.552,4.4199,18.706,5534.06
2,1060.008,104.552,4.4234,18.705,5535.099
2,1060.208,104.552,4.4285,18.705,5536.138
2,1060.408,104.552,4.4336,18.705,5537.177
2,1060.608,104.551,4.4386,18.704,5538.217
2,1060.808,104.551,4.4437,18.704,5539.256
2,1061.008,104.551,4.4486,18.704,5540.295
2,1061.208,104.551,4.4534,18.704,5541.334
2,1061.408,104.551,4.4581,18.704,5542.373
2,1061.608,104.551,4.4628,18.703,5543.412
2,1061.808,104.55,4.4675,18.703,5544.451
2,1062.008,104.55,4.4713,18.703,5545.49
2,1062.208,104.55,4.4743,18.703,5546.529
2,1062.408,104.55,4.4772,18.703,5547.568
2,1062.608,104.55,4.4801,18.703,5548.607
2,1062.808,104.55,4.483,18.702,5549.646
2,1063.008,104.549,4.4916,18.702,5550.685
2,1063.208,104.549,4.5031,18.702,5551.724
2,1063.408,104.549,4.5147,18.702,5552.763
2,1063.608,104.548,4.5263,18.702,5553.802
2,1063.808,104.548,4.5379,18.702,5554.841
2,1064.008,104.548,4.5432,18.702,5555.88
2,1064.208,104.548,4.5474,18.701,5556.919
2,1064.408,104.548,4.5516,18.701,5557.958
2,1064.608,104.547,4.5557,18.701,5558.997
2,1064.808,104.547,4.5599,18.701,5560.036
2,1065.008,104.547,4.5647,18.701,5561.075
2,1065.208,104.547,4.5695,18.701,5562.114
2,1065.408,104.547,4.5743,18.7,5563.153
2,1065.608,104.546,4.5792,18.7,5564.192
2,1065.808,104.546,4.5838,18.7,5565.231
2,1066.008,104.546,4.5878,18.7,5566.27
2,1066.208,104.546,4.5919,18.7,5567.309
2,1066.408,104.546,4.596,18.7,5568.348
2,1066.608,104.546,4.6,18.7,5569.386
2,1066.808,104.545,4.5999,18.7,5570.425
2,1067.008,104.545,4.5939,18.699,5571.464
2,1067.208,104.545,4.5879,18.699,5572.503
2,1067.408,104.545,4.5819,18.699,5573.542
2,1067.608,104.545,4.5758,18.699,5574.581
2,1067.808,104.545,4.5713,18.699,5575.62
2,1068.008,104.545,4.5679,18.699,5576.658
2,1068.208,104.545,4.5644,18.699,5577.697
2,1068.408,104.545,4.561,18.699,5578.736
2,1068.608,104.545,4.5575,18.699,5579.775
2,1068.808,104.545,4.5544,18.699,5580.814
2,1069.008,104.545,4.5514,18.699,5581.853
2,1069.208,104.545,4.5484,18.699,5582.891
2,1069.408,104.545,4.5454,18.699,5583.93
2,1069.608,104.545,4.5424,18.699,5584.969
2,1069.808,104.545,4.5502,18.699,5586.008
2,1070.008,104.545,4.5584,18.699,5587.047
2,1070.208,104.544,4.5666,18.699,5588.086
2,1070.408,104.544,4.5748,18.699,5589.125
2,1070.608,104.544,4.5839,18.699,5590.163
2,1070.808,104.543,4.5973,18.699,5591.202
2,1071.008,104.543,4.6107,18.699,5592.241
2,1071.208,104.543,4.6242,18.699,5593.28
2,1071.408,104.542,4.6377,18.699,5594.319
2,1071.608,104.542,4.6488,18.699,5595.358
2,1071.808,104.542,4.6555,18.699,5596.397
2,1072.008,104.542,4.6622,18.699,5597.435
2,1072.208,104.541,4.6688,18.698,5598.474
2,1072.408,104.541,4.6755,18.698,5599.513
2,1072.608,104.541,4.6816,18.698,5600.552
2,1072.808,104.541,4.687,18.698,5601.591
2,1073.008,104.541,4.6925,18.698,5602.629
2,1073.208,104.54,4.6979,18.698,5603.668
2,1073.408,104.54,4.7034,18.697,5604.707
2,1073.608,104.54,4.7043,18.697,5605.746
2,1073.808,104.54,4.7034,18.697,5606.784
2,1074.008,104.54,4.7025,18.697,5607.823
2,1074.208,104.54,4.7015,18.697,5608.862
2,1074.408,104.54,4.7006,18.697,5609.9
2,1074.608,104.54,4.6863,18.697,5610.939
2,1074.808,104.54,4.6707,18.697,5611.978
2,1075.008,104.54,4.655,18.697,5613.017
2,1075.208,104.54,4.6392,18.697,5614.055
2,1075.408,104.541,4.6225,18.697,5615.094
2,1075.608,104.541,4.597,18.697,5616.133
2,1075.808,104.541,4.5715,18.697,5617.171
2,1076.008,104.542,4.546,18.697,5618.21
2,1076.208,104.542,4.5203,18.698,5619.249
2,1076.408,104.542,4.4936,18.698,5620.288
2,1076.608,104.543,4.4641,18.698,5621.326
2,1076.808,104.543,4.4346,18.698,5622.365
2,1077.008,104.543,4.405,18.699,5623.404
2,1077.208,104.544,4.3754,18.699,5624.443
2,1077.408,104.544,4.339,18.7,5625.482
2,1077.608,104.545,4.2948,18.7,5626.521
2,1077.808,104.546,4.2506,18.701,5627.56
2,1078.008,104.546,4.2062,18.701,5628.598
2,1078.208,104.547,4.1618,18.702,5629.637
2,1078.408,104.548,4.1168,18.702,5630.676
2,1078.608,104.549,4.0715,18.703,5631.715
2,1078.808,104.549,4.0261,18.704,5632.754
2,1079.008,104.55,3.9807,18.705,5633.794
2,1079.208,104.551,3.9353,18.705,5634.833
2,1079.408,104.551,3.8833,18.706,5635.872
2,1079.608,104.552,3.8301,18.707,5636.911
2,1079.808,104.553,3.7769,18.708,5637.95
2,1080.008,104.554,3.7236,18.708,5638.99
2,1080.208,104.555,3.6703,18.709,5640.029
2,1080.408,104.556,3.6144,18.71,5641.068
2,1080.608,104.557,3.5585,18.711,5642.108
2,1080.808,104.557,3.5026,18.712,5643.147
2,1081.008,104.558,3.4466,18.713,5644.187
2,1081.208,104.559,3.3905,18.714,5645.227
2,1081.408,104.56,3.3336,18.715,5646.266
2,1081.608,104.561,3.2766,18.715,5647.306
2,1081.808,104.562,3.2197,18.716,5648.346
2,1082.008,104.563,3.1627,18.717,5649.385
2,1082.208,104.564,3.109,18.718,5650.425
2,1082.408,104.565,3.06,18.719,5651.465
2,1082.608,104.565,3.011,18.72,5652.505
2,1082.808,104.566,2.9621,18.721,5653.545
2,1083.008,104.567,2.9131,18.722,5654.585
2,1083.208,104.568,2.8649,18.723,5655.625
2,1083.408,104.568,2.8172,18.724,5656.665
2,1083.608,104.569,2.7695,18.724,5657.706
2,1083.808,104.57,2.7219,18.725,5658.746
2,1084.008,104.571,2.6742,18.726,5659.786
2,1084.208,104.571,2.6329,18.727,5660.827
2,1084.408,104.572,2.5932,18.727,5661.867
2,1084.608,104.573,2.5535,18.728,5662.907
2,1084.808,104.573,2.5138,18.729,5663.948
2,1085.008,104.574,2.4742,18.73,5664.988
2,1085.208,104.575,2.4304,18.73,5666.029
2,1085.408,104.575,2.3866,18.731,5667.069
2,1085.608,104.576,2.3428,18.732,5668.11
2,1085.808,104.577,2.299,18.732,5669.151
2,1086.008,104.577,2.2563,18.733,5670.191
2,1086.208,104.578,2.2185,18.733,5671.232
2,1086.408,104.579,2.1806,18.734,5672.273
2,1086.608,104.579,2.1429,18.735,5673.314
2,1086.808,104.58,2.1051,18.735,5674.354
2,1087.008,104.581,2.0632,18.736,5675.395
2,1087.208,104.581,2.0146,18.736,5676.436
2,1087.408,104.582,1.9659,18.737,5677.477
2,1087.608,104.583,1.9173,18.737,5678.518
2,1087.808,104.584,1.8687,18.738,5679.559
2,1088.008,104.585,1.8231,18.738,5680.6
2,1088.208,104.585,1.7798,18.739,5681.641
2,1088.408,104.586,1.7364,18.739,5682.682
2,1088.608,104.587,1.6931,18.74,5683.723
2,1088.808,104.587,1.6498,18.74,5684.764
2,1089.008,104.588,1.6092,18.741,5685.805
2,1089.208,104.589,1.5694,18.741,5686.846
2,1089.408,104.589,1.5296,18.742,5687.888
2,1089.608,104.59,1.4899,18.742,5688.929
2,1089.808,104.591,1.4501,18.742,5689.97
2,1090.008,104.591,1.4118,18.743,5691.011
2,1090.208,104.592,1.3736,18.743,5692.052
2,1090.408,104.593,1.3353,18.744,5693.094
2,1090.608,104.593,1.2971,18.744,5694.135
2,1090.808,104.594,1.2601,18.744,5695.176
2,1091.008,104.594,1.229,18.745,5696.218
2,1091.208,104.595,1.1978,18.745,5697.259
2,1091.408,104.595,1.1667,18.745,5698.3
2,1091.608,104.596,1.1357,18.746,5699.342
2,1091.808,104.596,1.1016,18.746,5700.383
2,1092.008,104.597,1.0626,18.746,5701.425
2,1092.208,104.598,1.0235,18.746,5702.466
2,1092.408,104.598,0.9844,18.747,5703.508
2,1092.608,104.599,0.9454,18.747,5704.549
2,1092.808,104.6,0.9118,18.747,5705.591
2,1093.008,104.6,0.8824,18.747,5706.632
2,1093.208,104.601,0.8529,18.748,5707.674
2,1093.408,104.601,0.8235,18.748,5708.715
2,1093.608,104.602,0.7942,18.748,5709.757
2,1093.808,104.602,0.7662,18.748,5710.798
2,1094.008,104.603,0.7387,18.748,5711.84
2,1094.208,104.603,0.7112,18.749,5712.881
2,1094.408,104.603,0.6838,18.749,5713.923
2,1094.608,104.604,0.6563,18.749,5714.965
2,1094.808,104.604,0.6311,18.749,5716.006
2,1095.008,104.605,0.6059,18.749,5717.048
2,1095.208,104.605,0.5807,18.749,5718.09
2,1095.408,104.606,0.5556,18.75,5719.131
2,1095.608,104.606,0.5226,18.75,5720.173
2,1095.808,104.607,0.4501,18.75,5721.214
2,1096.008,104.609,0.3776,18.75,5722.256
2,1096.208,104.61,0.3051,18.75,5723.298
2,1096.408,104.611,0.2326,18.75,5724.339
2,1096.608,104.612,0.1556,18.75,5725.381
2,1096.808,104.614,0.0708,18.751,5726.423
2,1097.008,104.615,0.0,18.751,5727.465
2,1097.208,104.615,0.0,18.752,5728.506
2,1097.408,104.615,0.0,18.758,5729.548
2,1097.608,104.615,0.0,18.77,5730.59
2,1097.808,104.615,0.0,18.785,5731.633
2,1098.008,104.615,0.0,18.802,5732.676
2,1098.208,104.615,0.0,18.822,5733.721
2,1098.408,104.615,0.0,18.843,5734.767
2,1098.608,104.615,0.0,18.867,5735.813
2,1098.808,104.615,0.0,18.892,5736.862
2,1099.008,104.615,0.0,18.918,5737.911
2,1099.208,104.615,0.0,18.945,5738.962
2,1099.408,104.615,0.0,18.972,5740.015
2,1099.608,104.615,0.0,19.0,5741.069
2,1099.808,104.615,0.0,19.028,5742.124
2,1100.008,104.615,0.0,19.057,5743.181
2,1100.208,104.615,0.0,19.085,5744.24
2,1100.408,104.615,0.0,19.113,5745.3
2,1100.608,104.615,0.0,19.142,5746.362
2,1100.808,104.615,0.0,19.17,5747.426
2,1101.008,104.615,0.0,19.197,5748.491
2,1101.208,104.615,0.0,19.223,5749.557
2,1101.408,104.615,0.0,19.25,5750.625
2,1101.608,104.615,0.0,19.275,5751.695
2,1101.808,104.615,0.0,19.298,5752.765
2,1102.008,104.615,0.0,19.32,5753.837
2,1102.208,104.615,0.0,19.34,5754.911
2,1102.408,104.615,0.0,19.359,5755.985
2,1102.608,104.615,0.0,19.375,5757.061
2,1102.808,104.615,0.0,19.389,5758.137
2,1103.008,104.615,0.0,19.4,5759.214
2,1103.208,104.615,0.0,19.409,5760.292
2,1103.408,104.615,0.0,19.415,5761.37
2,1103.608,104.615,0.0,19.417,5762.449
2,1103.808,104.615,0.0,19.415,5763.528
2,1104.008,104.615,0.0,19.41,5764.606
2,1104.208,104.615,0.0,19.4,5765.685
2,1104.408,104.615,0.0,19.385,5766.762
2,1104.608,104.615,0.0,19.364,5767.839
2,1104.808,104.615,0.0,19.338,5768.915
2,1105.008,104.615,0.0,19.307,5769.989
2,1105.208,104.615,0.0,19.27,5771.062
2,1105.408,104.614,0.0685,19.226,5772.133
2,1105.608,104.611,0.2645,19.178,5773.201
2,1105.808,104.607,0.452,19.136,5774.266
2,1106.008,104.604,0.6433,19.097,5775.329
2,1106.208,104.6,0.8535,19.063,5776.39
2,1106.408,104.597,1.0576,19.031,5777.449
2,1106.608,104.593,1.2561,19.003,5778.507
2,1106.808,104.59,1.4497,18.978,5779.562
2,1107.008,104.587,1.6227,18.954,5780.617
2,1107.208,104.584,1.7804,18.933,5781.67
2,1107.408,104.581,1.9346,18.915,5782.721
2,1107.608,104.579,2.0859,18.897,5783.772
2,1107.808,104.576,2.2345,18.882,5784.822
2,1108.008,104.573,2.3814,18.867,5785.871
2,1108.208,104.571,2.5262,18.854,5786.919
2,1108.408,104.568,2.6692,18.843,5787.967
2,1108.608,104.566,2.8105,18.832,5789.014
2,1108.808,104.563,2.9509,18.822,5790.06
2,1109.008,104.561,3.0983,18.813,5791.105
2,1109.208,104.558,3.2447,18.804,5792.151
2,1109.408,104.555,3.3899,18.796,5793.195
2,1109.608,104.553,3.5343,18.789,5794.24
2,1109.808,104.55,3.6789,18.782,5795.283
2,1110.008,104.548,3.8257,18.776,5796.327
2,1110.208,104.545,3.9719,18.77,5797.37
2,1110.408,104.542,4.1176,18.764,5798.413
2,1110.608,104.54,4.2627,18.758,5799.455
2,1110.808,104.537,4.4028,18.753,5800.497
2,1111.008,104.535,4.5375,18.748,5801.539
2,1111.208,104.532,4.6718,18.743,5802.581
2,1111.408,104.53,4.8057,18.739,5803.622
2,1111.608,104.527,4.9394,18.734,5804.663
2,1111.808,104.525,5.0736,18.73,5805.704
2,1112.008,104.523,5.208,18.726,5806.744
2,1112.208,104.52,5.3421,18.721,5807.785
2,1112.408,104.518,5.4761,18.717,5808.825
2,1112.608,104.515,5.6099,18.713,5809.864
2,1112.808,104.513,5.7275,18.709,5810.904
2,1113.008,104.511,5.8425,18.705,5811.943
2,1113.208,104.509,5.9573,18.701,5812.983
2,1113.408,104.507,6.0721,18.697,5814.022
2,1113.608,104.504,6.1859,18.693,5815.06
2,1113.808,104.503,6.2877,18.69,5816.099
2,1114.008,104.501,6.3894,18.686,5817.137
2,1114.208,104.499,6.491,18.682,5818.175
2,1114.408,104.497,6.5924,18.679,5819.213
2,1114.608,104.495,6.6891,18.675,5820.251
2,1114.808,104.493,6.7708,18.671,5821.288
2,1115.008,104.492,6.8524,18.668,5822.326
2,1115.208,104.49,6.9338,18.664,5823.363
2,1115.408,104.489,7.0152,18.661,5824.4
2,1115.608,104.487,7.092,18.658,5825.436
2,1115.808,104.486,7.1625,18.654,5826.473
2,1116.008,104.484,7.233,18.651,5827.509
2,1116.208,104.483,7.3033,18.648,5828.545
2,1116.408,104.482,7.3735,18.645,5829.581
2,1116.608,104.48,7.4352,18.642,5830.617
2,1116.808,104.479,7.491,18.639,5831.653
2,1117.008,104.478,7.5466,18.636,5832.688
2,1117.208,104.477,7.6022,18.633,5833.724
2,1117.408,104.476,7.6577,18.63,5834.759
2,1117.608,104.475,7.7023,18.628,5835.794
2,1117.808,104.474,7.7436,18.625,5836.829
2,1118.008,104.473,7.7848,18.623,5837.864
2,1118.208,104.472,7.8258,18.62,5838.898
2,1118.408,104.471,7.8668,18.618,5839.933
2,1118.608,104.471,7.8963,18.616,5840.967
2,1118.808,104.47,7.9248,18.614,5842.001
2,1119.008,104.469,7.9532,18.611,5843.035
2,1119.208,104.469,7.9815,18.61,5844.069
2,1119.408,104.468,8.0083,18.608,5845.103
2,1119.608,104.468,8.0225,18.606,5846.137
2,1119.808,104.467,8.0364,18.604,5847.171
2,1120.008,104.467,8.0503,18.603,5848.204
2,1120.208,104.466,8.0641,18.601,5849.238
2,1120.408,104.466,8.0741,18.6,5850.271
2,1120.608,104.466,8.0737,18.598,5851.304
2,1120.808,104.466,8.0733,18.597,5852.338
2,1121.008,104.465,8.0727,18.596,5853.371
2,1121.208,104.465,8.072,18.595,5854.404
2,1121.408,104.465,8.0615,18.594,5855.437
2,1121.608,104.465,8.0378,18.594,5856.47
2,1121.808,104.466,8.0138,18.593,5857.503
2,1122.008,104.466,7.9897,18.593,5858.536
2,1122.208,104.466,7.9654,18.593,5859.569
2,1122.408,104.466,7.9356,18.592,5860.602
2,1122.608,104.467,7.9018,18.592,5861.635
2,1122.808,104.467,7.8678,18.593,5862.668
2,1123.008,104.468,7.8337,18.593,5863.7
2,1123.208,104.468,7.7995,18.593,5864.733
2,1123.408,104.469,7.738,18.594,5865.766
2,1123.608,104.47,7.6668,18.594,5866.799
2,1123.808,104.471,7.5953,18.595,5867.832
2,1124.008,104.472,7.5237,18.596,5868.865
2,1124.208,104.473,7.4518,18.597,5869.898
2,1124.408,104.475,7.3498,18.599,5870.932
2,1124.608,104.477,7.2442,18.6,5871.965
2,1124.808,104.478,7.1383,18.602,5872.998
2,1125.008,104.48,7.0322,18.604,5874.032
2,1125.208,104.482,6.9263,18.607,5875.065
2,1125.408,104.483,6.8275,18.609,5876.099
2,1125.608,104.485,6.7284,18.611,5877.133
2,1125.808,104.486,6.6293,18.614,5878.167
2,1126.008,104.488,6.53,18.617,5879.201
2,1126.208,104.489,6.4307,18.619,5880.235
2,1126.408,104.491,6.3319,18.622,5881.27
2,1126.608,104.493,6.233,18.625,5882.304
2,1126.808,104.494,6.1339,18.628,5883.339
2,1127.008,104.496,6.0349,18.631,5884.374
2,1127.208,104.497,5.9406,18.634,5885.409
2,1127.408,104.499,5.8538,18.637,5886.444
2,1127.608,104.5,5.767,18.639,5887.479
2,1127.808,104.501,5.6802,18.642,5888.515
2,1128.008,104.503,5.5934,18.645,5889.551
2,1128.208,104.504,5.5065,18.648,5890.586
2,1128.408,104.506,5.4197,18.651,5891.622
2,1128.608,104.507,5.3328,18.653,5892.659
2,1128.808,104.508,5.246,18.656,5893.695
2,1129.008,104.51,5.1591,18.659,5894.731
2,1129.208,104.511,5.0797,18.661,5895.768
2,1129.408,104.512,5.0028,18.664,5896.805
2,1129.608,104.513,4.926,18.666,5897.841
2,1129.808,104.515,4.8492,18.669,5898.879
2,1130.008,104.516,4.7725,18.671,5899.916
2,1130.208,104.517,4.7007,18.673,5900.953
2,1130.408,104.518,4.6294,18.676,5901.99
2,1130.608,104.519,4.5582,18.678,5903.028
2,1130.808,104.52,4.487,18.68,5904.066
2,1131.008,104.522,4.4163,18.682,5905.103
2,1131.208,104.523,4.3507,18.684,5906.141
2,1131.408,104.524,4.2852,18.686,5907.179
2,1131.608,104.525,4.2197,18.688,5908.217
2,1131.808,104.526,4.1542,18.69,5909.256
2,1132.008,104.527,4.093,18.692,5910.294
2,1132.208,104.527,4.0424,18.694,5911.332
2,1132.408,104.528,3.9919,18.695,5912.371
2,1132.608,104.529,3.9415,18.697,5913.409
2,1132.808,104.53,3.8912,18.698,5914.448
2,1133.008,104.531,3.8381,18.7,5915.487
2,1133.208,104.532,3.7817,18.701,5916.526
2,1133.408,104.532,3.7254,18.703,5917.565
2,1133.608,104.533,3.6691,18.704,5918.604
2,1133.808,104.534,3.6129,18.706,5919.643
2,1134.008,104.535,3.5611,18.707,5920.682
2,1134.208,104.536,3.5117,18.708,5921.721
2,1134.408,104.537,3.4623,18.709,5922.761
2,1134.608,104.537,3.413,18.711,5923.8
2,1134.808,104.538,3.3637,18.712,5924.84
2,1135.008,104.539,3.3184,18.713,5925.879
2,1135.208,104.54,3.2739,18.714,5926.919
2,1135.408,104.54,3.2293,18.715,5927.959
2,1135.608,104.541,3.1848,18.716,5928.998
2,1135.808,104.542,3.1407,18.717,5930.038
2,1136.008,104.542,3.1036,18.718,5931.078
2,1136.208,104.543,3.0665,18.719,5932.118
2,1136.408,104.543,3.0295,18.72,5933.158
2,1136.608,104.544,2.9925,18.721,5934.198
2,1136.808,104.545,2.9513,18.722,5935.238
2,1137.008,104.546,2.8956,18.722,5936.278
2,1137.208,104.546,2.8398,18.723,5937.318
2,1137.408,104.547,2.7841,18.724,5938.358
2,1137.608,104.548,2.7284,18.725,5939.398
2,1137.808,104.549,2.6741,18.726,5940.439
2,1138.008,104.55,2.622,18.727,5941.479
2,1138.208,104.551,2.5698,18.727,5942.519
2,1138.408,104.552,2.5177,18.728,5943.56
2,1138.608,104.553,2.4655,18.729,5944.6
2,1138.808,104.553,2.4129,18.73,5945.641
2,1139.008,104.554,2.3599,18.73,5946.681
2,1139.208,104.555,2.307,18.731,5947.722
2,1139.408,104.556,2.2541,18.732,5948.762
2,1139.608,104.557,2.2011,18.733,5949.803
2,1139.808,104.558,2.1585,18.733,5950.844
2,1140.008,104.558,2.1183,18.734,5951.885
2,1140.208,104.559,2.0781,18.735,5952.925
2,1140.408,104.56,2.038,18.735,5953.966
2,1140.608,104.56,1.998,18.736,5955.007
2,1140.808,104.561,1.968,18.736,5956.048
2,1141.008,104.561,1.9381,18.737,5957.089
2,1141.208,104.562,1.9082,18.737,5958.13
2,1141.408,104.562,1.8784,18.738,5959.171
2,1141.608,104.563,1.8482,18.738,5960.212
2,1141.808,104.563,1.8168,18.739,5961.253
2,1142.008,104.564,1.7854,18.739,5962.294
2,1142.208,104.564,1.754,18.74,5963.335
2,1142.408,104.565,1.7226,18.74,5964.376
2,1142.608,104.565,1.6945,18.741,5965.417
2,1142.808,104.565,1.6712,18.741,5966.458
2,1143.008,104.566,1.6479,18.741,5967.499
2,1143.208,104.566,1.6246,18.742,5968.541
2,1143.408,104.566,1.6014,18.742,5969.582
2,1143.608,104.567,1.5858,18.742,5970.623
2,1143.808,104.567,1.5753,18.743,5971.664
2,1144.008,104.567,1.5648,18.743,5972.706
2,1144.208,104.567,1.5544,18.743,5973.747
2,1144.408,104.567,1.544,18.743,5974.788
2,1144.608,104.567,1.5391,18.744,5975.829
2,1144.808,104.567,1.5356,18.744,5976.871
2,1145.008,104.567,1.5322,18.744,5977.912
2,1145.208,104.567,1.5288,18.744,5978.953
2,1145.408,104.567,1.5254,18.744,5979.995
2,1145.608,104.567,1.5347,18.745,5981.036
2,1145.808,104.567,1.5441,18.745,5982.077
2,1146.008,104.567,1.5536,18.745,5983.119
2,1146.208,104.567,1.563,18.745,5984.16
2,1146.408,104.566,1.5728,18.745,5985.202
2,1146.608,104.566,1.5836,18.745,5986.243
2,1146.808,104.566,1.5944,18.745,5987.284
2,1147.008,104.566,1.6053,18.745,5988.326
2,1147.208,104.566,1.6161,18.745,5989.367
2,1147.408,104.565,1.632,18.745,5990.409
2,1147.608,104.565,1.6556,18.745,5991.45
2,1147.808,104.564,1.6792,18.745,5992.491
2,1148.008,104.564,1.7028,18.745,5993.533
2,1148.208,104.563,1.7265,18.745,5994.574
2,1148.408,104.563,1.7504,18.745,5995.615
2,1148.608,104.563,1.7744,18.745,5996.657
2,1148.808,104.562,1.7985,18.745,5997.698
2,1149.008,104.562,1.8226,18.745,5998.74
2,1149.208,104.561,1.8467,18.744,5999.781
2,1149.408,104.561,1.8758,18.744,6000.822
2,1149.608,104.56,1.9063,18.744,6001.864
2,1149.808,104.559,1.9369,18.744,6002.905
2,1150.008,104.559,1.9674,18.744,6003.946
2,1150.208,104.558,1.998,18.744,6004.988
2,1150.408,104.558,2.0276,18.743,6006.029
2,1150.608,104.557,2.0572,18.743,6007.07
2,1150.808,104.557,2.0867,18.743,6008.112
2,1151.008,104.556,2.1164,18.743,6009.153
2,1151.208,104.555,2.1464,18.743,6010.194
2,1151.408,104.555,2.178,18.742,6011.235
2,1151.608,104.554,2.2097,18.742,6012.277
2,1151.808,104.554,2.2414,18.742,6013.318
2,1152.008,104.553,2.2731,18.742,6014.359
2,1152.208,104.553,2.2968,18.741,6015.4
2,1152.408,104.552,2.3075,18.741,6016.441
2,1152.608,104.552,2.3183,18.741,6017.483
2,1152.808,104.552,2.3289,18.74,6018.524
2,1153.008,104.552,2.3396,18.74,6019.565
2,1153.208,104.551,2.3478,18.74,6020.606
2,1153.408,104.551,2.3543,18.74,6021.647
2,1153.608,104.551,2.3607,18.74,6022.688
2,1153.808,104.551,2.3671,18.739,6023.729
2,1154.008,104.551,2.3734,18.739,6024.77
2,1154.208,104.55,2.4019,18.739,6025.811
2,1154.408,104.55,2.4367,18.739,6026.852
2,1154.608,104.549,2.4715,18.739,6027.894
2,1154.808,104.548,2.5064,18.738,6028.935
2,1155.008,104.548,2.5413,18.738,6029.976
2,1155.208,104.547,2.5763,18.738,6031.017
2,1155.408,104.546,2.6113,18.738,6032.058
2,1155.608,104.546,2.6464,18.737,6033.099
2,1155.808,104.545,2.6815,18.737,6034.14
2,1156.008,104.544,2.7173,18.737,6035.18
2,1156.208,104.543,2.7567,18.736,6036.221
2,1156.408,104.543,2.7961,18.736,6037.262
2,1156.608,104.542,2.8356,18.736,6038.303
2,1156.808,104.541,2.875,18.735,6039.344
2,1157.008,104.541,2.9099,18.735,6040.385
2,1157.208,104.54,2.9368,18.734,6041.426
2,1157.408,104.539,2.9638,18.734,6042.467
2,1157.608,104.539,2.9907,18.733,6043.507
2,1157.808,104.538,3.0176,18.733,6044.548
2,1158.008,104.538,3.0427,18.733,6045.589
2,1158.208,104.537,3.0664,18.732,6046.629
2,1158.408,104.537,3.09,18.732,6047.67
2,1158.608,104.536,3.1136,18.731,6048.711
2,1158.808,104.536,3.1372,18.731,6049.751
2,1159.008,104.536,3.1518,18.731,6050.792
2,1159.208,104.535,3.1634,18.73,6051.833
2,1159.408,104.535,3.1751,18.73,6052.873
2,1159.608,104.535,3.1867,18.729,6053.914
2,1159.808,104.535,3.1983,18.729,6054.954
2,1160.008,104.534,3.1991,18.729,6055.995
2,1160.208,104.534,3.1994,18.729,6057.035
2,1160.408,104.534,3.1997,18.728,6058.076
2,1160.608,104.534,3.1999,18.728,6059.116
2,1160.808,104.534,3.1995,18.728,6060.157
2,1161.008,104.534,3.1956,18.728,6061.197
2,1161.208,104.534,3.1917,18.727,6062.237
2,1161.408,104.534,3.1878,18.727,6063.278
2,1161.608,104.534,3.1838,18.727,6064.318
2,1161.808,104.534,3.1745,18.727,6065.359
2,1162.008,104.535,3.1548,18.727,6066.399
2,1162.208,104.535,3.135,18.727,6067.44
2,1162.408,104.535,3.1152,18.727,6068.48
2,1162.608,104.535,3.0954,18.727,6069.52
2,1162.808,104.536,3.0746,18.727,6070.561
2,1163.008,104.536,3.0531,18.727,6071.601
2,1163.208,104.536,3.0316,18.727,6072.641
2,1163.408,104.537,3.01,18.727,6073.682
2,1163.608,104.537,2.9884,18.728,6074.722
2,1163.808,104.537,2.9575,18.728,6075.763
2,1164.008,104.538,2.9231,18.728,6076.803
2,1164.208,104.538,2.8886,18.728,6077.844
2,1164.408,104.539,2.8541,18.728,6078.884
2,1164.608,104.539,2.8196,18.729,6079.925
2,1164.808,104.54,2.7806,18.729,6080.965
2,1165.008,104.541,2.7413,18.729,6082.005
2,1165.208,104.541,2.7019,18.73,6083.046
2,1165.408,104.542,2.6625,18.73,6084.087
2,1165.608,104.543,2.6209,18.73,6085.127
2,1165.808,104.544,2.5637,18.731,6086.168
2,1166.008,104.544,2.5064,18.731,6087.208
2,1166.208,104.545,2.4491,18.732,6088.249
2,1166.408,104.546,2.3917,18.732,6089.29
2,1166.608,104.547,2.3348,18.733,6090.33
2,1166.808,104.548,2.2787,18.733,6091.371
2,1167.008,104.549,2.2226,18.734,6092.412
2,1167.208,104.55,2.1665,18.734,6093.452
2,1167.408,104.551,2.1104,18.735,6094.493
2,1167.608,104.552,2.0605,18.735,6095.534
2,1167.808,104.553,2.0167,18.736,6096.575
2,1168.008,104.553,1.9728,18.737,6097.616
2,1168.208,104.554,1.9289,18.737,6098.657
2,1168.408,104.555,1.8851,18.738,6099.698
2,1168.608,104.555,1.8463,18.738,6100.739
2,1168.808,104.556,1.8095,18.739,6101.78
2,1169.008,104.557,1.7727,18.739,6102.821
2,1169.208,104.557,1.736,18.74,6103.862
2,1169.408,104.558,1.6993,18.74,6104.903
2,1169.608,104.558,1.6617,18.74,6105.944
2,1169.808,104.559,1.6241,18.741,6106.985
2,1170.008,104.56,1.5865,18.741,6108.026
2,1170.208,104.56,1.5489,18.742,6109.067
2,1170.408,104.561,1.512,18.742,6110.109
2,1170.608,104.561,1.4806,18.743,6111.15
2,1170.808,104.562,1.4492,18.743,6112.191
2,1171.008,104.562,1.4179,18.743,6113.232
2,1171.208,104.563,1.3866,18.744,6114.274
2,1171.408,104.563,1.3538,18.744,6115.315
2,1171.608,104.564,1.3175,18.744,6116.356
2,1171.808,104.565,1.2813,18.745,6117.398
2,1172.008,104.565,1.2451,18.745,6118.439
2,1172.208,104.566,1.2088,18.745,6119.48
2,1172.408,104.566,1.179,18.745,6120.522
2,1172.608,104.567,1.1556,18.746,6121.563
2,1172.808,104.567,1.1322,18.746,6122.605
2,1173.008,104.567,1.1089,18.746,6123.646
2,1173.208,104.568,1.0855,18.746,6124.688
2,1173.408,104.568,1.0578,18.747,6125.729
2,1173.608,104.569,1.0284,18.747,6126.771
2,1173.808,104.569,0.9989,18.747,6127.812
2,1174.008,104.57,0.9694,18.747,6128.854
2,1174.208,104.57,0.9399,18.748,6129.895
2,1174.408,104.571,0.9161,18.748,6130.937
2,1174.608,104.571,0.8929,18.748,6131.978
2,1174.808,104.571,0.8697,18.748,6133.02
2,1175.008,104.572,0.8465,18.748,6134.061
2,1175.208,104.572,0.8238,18.748,6135.103
2,1175.408,104.572,0.8049,18.749,6136.144
2,1175.608,104.573,0.786,18.749,6137.186
2,1175.808,104.573,0.7671,18.749,6138.228
2,1176.008,104.573,0.7482,18.749,6139.269
2,1176.208,104.574,0.7332,18.749,6140.311
2,1176.408,104.574,0.7275,18.749,6141.352
2,1176.608,104.574,0.7217,18.749,6142.394
2,1176.808,104.574,0.716,18.749,6143.436
2,1177.008,104.574,0.7103,18.75,6144.477
2,1177.208,104.574,0.709,18.75,6145.519
2,1177.408,104.574,0.7122,18.75,6146.561
2,1177.608,104.574,0.7154,18.75,6147.602
2,1177.808,104.574,0.7187,18.75,6148.644
2,1178.008,104.574,0.7219,18.75,6149.686
2,1178.208,104.574,0.7299,18.75,6150.727
2,1178.408,104.573,0.7399,18.75,6151.769
2,1178.608,104.573,0.7499,18.75,6152.811
2,1178.808,104.573,0.7599,18.75,6153.852
2,1179.008,104.573,0.7699,18.75,6154.894
2,1179.208,104.572,0.7934,18.75,6155.936
2,1179.408,104.572,0.8184,18.75,6156.977
2,1179.608,104.571,0.8434,18.75,6158.019
2,1179.808,104.571,0.8684,18.75,6159.061
2,1180.008,104.57,0.8944,18.75,6160.102
2,1180.208,104.57,0.9292,18.75,6161.144
2,1180.408,104.569,0.964,18.75,6162.186
2,1180.608,104.569,0.9989,18.75,6163.227
2,1180.808,104.568,1.0337,18.75,6164.269
2,1181.008,104.567,1.072,18.75,6165.311
2,1181.208,104.566,1.1183,18.75,6166.352
2,1181.408,104.566,1.1646,18.75,6167.394
2,1181.608,104.565,1.2109,18.749,6168.435
2,1181.808,104.564,1.2573,18.749,6169.477
2,1182.008,104.563,1.2989,18.749,6170.519
2,1182.208,104.563,1.3356,18.749,6171.56
2,1182.408,104.562,1.3724,18.749,6172.602
2,1182.608,104.561,1.4091,18.749,6173.644
2,1182.808,104.561,1.4459,18.748,6174.685
2,1183.008,104.56,1.4869,18.748,6175.727
2,1183.208,104.559,1.5298,18.748,6176.768
2,1183.408,104.558,1.5727,18.748,6177.81
2,1183.608,104.557,1.6156,18.748,6178.851
2,1183.808,104.557,1.6586,18.747,6179.893
2,1184.008,104.556,1.6932,18.747,6180.934
2,1184.208,104.555,1.7268,18.747,6181.976
2,1184.408,104.555,1.7605,18.747,6183.017
2,1184.608,104.554,1.7942,18.746,6184.059
2,1184.808,104.554,1.827,18.746,6185.1
2,1185.008,104.553,1.852,18.746,6186.142
2,1185.208,104.553,1.877,18.745,6187.183
2,1185.408,104.552,1.902,18.745,6188.225
2,1185.608,104.552,1.927,18.745,6189.266
2,1185.808,104.551,1.9497,18.745,6190.307
2,1186.008,104.551,1.9667,18.744,6191.349
2,1186.208,104.55,1.9838,18.744,6192.39
2,1186.408,104.55,2.0009,18.744,6193.432
2,1186.608,104.55,2.0179,18.744,6194.473
2,1186.808,104.55,2.0321,18.743,6195.514
2,1187.008,104.549,2.0434,18.743,6196.555
2,1187.208,104.549,2.0546,18.743,6197.597
2,1187.408,104.549,2.0659,18.743,6198.638
2,1187.608,104.549,2.0771,18.743,6199.679
2,1187.808,104.548,2.0844,18.743,6200.721
2,1188.008,104.548,2.0899,18.742,6201.762
2,1188.208,104.548,2.0955,18.742,6202.803
2,1188.408,104.548,2.101,18.742,6203.844
2,1188.608,104.548,2.1065,18.742,6204.886
2,1188.808,104.548,2.1012,18.742,6205.927
2,1189.008,104.548,2.0945,18.742,6206.968
2,1189.208,104.548,2.0878,18.742,6208.009
2,1189.408,104.548,2.081,18.741,6209.05
2,1189.608,104.548,2.0735,18.741,6210.092
2,1189.808,104.548,2.0579,18.741,6211.133
2,1190.008,104.549,2.0422,18.741,6212.174
2,1190.208,104.549,2.0266,18.741,6213.215
2,1190.408,104.549,2.0109,18.741,6214.256
2,1190.608,104.549,1.9937,18.741,6215.297
2,1190.808,104.55,1.9728,18.741,6216.339
2,1191.008,104.55,1.9518,18.741,6217.38
2,1191.208,104.55,1.9309,18.741,6218.421
2,1191.408,104.551,1.9099,18.742,6219.462
2,1191.608,104.551,1.8849,18.742,6220.503
2,1191.808,104.551,1.8556,18.742,6221.545
2,1192.008,104.552,1.8262,18.742,6222.586
2,1192.208,104.552,1.7968,18.742,6223.627
2,1192.408,104.553,1.7674,18.742,6224.668
2,1192.608,104.553,1.7336,18.742,6225.709
2,1192.808,104.554,1.6977,18.743,6226.751
2,1193.008,104.555,1.6617,18.743,6227.792
2,1193.208,104.555,1.6257,18.743,6228.833
2,1193.408,104.556,1.5898,18.743,6229.875
2,1193.608,104.557,1.5428,18.743,6230.916
2,1193.808,104.557,1.4943,18.744,6231.957
2,1194.008,104.558,1.4458,18.744,6232.998
2,1194.208,104.559,1.3972,18.744,6234.04
2,1194.408,104.56,1.3486,18.744,6235.081
2,1194.608,104.561,1.2993,18.745,6236.122
2,1194.808,104.561,1.25,18.745,6237.164
2,1195.008,104.562,1.2006,18.745,6238.205
2,1195.208,104.563,1.1513,18.745,6239.247
2,1195.408,104.564,1.1023,18.746,6240.288
2,1195.608,104.565,1.0541,18.746,6241.329
2,1195.808,104.566,1.006,18.746,6242.371
2,1196.008,104.566,0.9578,18.747,6243.412
2,1196.208,104.567,0.9097,18.747,6244.454
2,1196.408,104.568,0.867,18.747,6245.495
2,1196.608,104.568,0.8304,18.747,6246.537
2,1196.808,104.569,0.7939,18.748,6247.578
2,1197.008,104.57,0.7574,18.748,6248.62
2,1197.208,104.57,0.7208,18.748,6249.661
2,1197.408,104.571,0.6847,18.748,6250.703
2,1197.608,104.572,0.6489,18.749,6251.745
2,1197.808,104.572,0.613,18.749,6252.786
2,1198.008,104.573,0.5771,18.749,6253.828
2,1198.208,104.573,0.5413,18.749,6254.869
2,1198.408,104.574,0.4955,18.749,6255.911
2,1198.608,104.575,0.4482,18.75,6256.953
2,1198.808,104.576,0.401,18.75,6257.994
2,1199.008,104.577,0.3538,18.75,6259.036
2,1199.208,104.577,0.3076,18.75,6260.078
2,1199.408,104.578,0.2738,18.75,6261.119
2,1199.608,104.579,0.2399,18.75,6262.161
2,1199.808,104.579,0.2061,18.75,6263.203
2,1200.008,104.58,0.1723,18.751,6264.244
2,1200.208,104.58,0.1542,18.751,6265.286
2,1200.408,104.58,0.1775,18.751,6266.328
2,1200.608,104.579,0.2008,18.751,6267.369
2,1200.808,104.579,0.2241,18.751,6268.411
2,1201.008,104.578,0.2475,18.751,6269.453
2,1201.208,104.577,0.3077,18.751,6270.495
2,1201.408,104.576,0.4087,18.751,6271.536
2,1201.608,104.574,0.5097,18.751,6272.578
2,1201.808,104.572,0.6108,18.751,6273.62
2,1202.008,104.57,0.7119,18.751,6274.661
2,1202.208,104.569,0.7875,18.751,6275.703
2,1202.408,104.568,0.8509,18.751,6276.745
2,1202.608,104.567,0.9144,18.751,6277.787
2,1202.808,104.566,0.9778,18.751,6278.828
2,1203.008,104.564,1.0413,18.751,6279.87
2,1203.208,104.563,1.0966,18.75,6280.912
2,1203.408,104.563,1.1508,18.75,6281.953
2,1203.608,104.562,1.205,18.75,6282.995
2,1203.808,104.561,1.2593,18.75,6284.037
2,1204.008,104.56,1.3143,18.75,6285.078
2,1204.208,104.558,1.3797,18.749,6286.12
2,1204.408,104.557,1.4451,18.749,6287.162
2,1204.608,104.556,1.5105,18.749,6288.203
2,1204.808,104.555,1.576,18.749,6289.245
2,1205.008,104.554,1.6425,18.748,6290.287
2,1205.208,104.552,1.7117,18.748,6291.328
2,1205.408,104.551,1.7809,18.748,6292.37
2,1205.608,104.55,1.8501,18.747,6293.411
2,1205.808,104.549,1.9194,18.747,6294.453
2,1206.008,104.547,1.9927,18.746,6295.494
2,1206.208,104.546,2.0704,18.746,6296.536
2,1206.408,104.545,2.1482,18.745,6297.577
2,1206.608,104.543,2.226,18.745,6298.618
2,1206.808,104.542,2.3038,18.744,6299.66
2,1207.008,104.54,2.3875,18.744,6300.701
2,1207.208,104.539,2.4741,18.743,6301.743
2,1207.408,104.537,2.5608,18.742,6302.784
2,1207.608,104.536,2.6475,18.742,6303.825
2,1207.808,104.534,2.7342,18.741,6304.866
2,1208.008,104.532,2.8299,18.74,6305.907
2,1208.208,104.531,2.9269,18.739,6306.949
2,1208.408,104.529,3.0239,18.738,6307.99
2,1208.608,104.527,3.1211,18.737,6309.031
2,1208.808,104.525,3.2181,18.736,6310.072
2,1209.008,104.524,3.3131,18.735,6311.113
2,1209.208,104.522,3.4082,18.734,6312.153
2,1209.408,104.52,3.5033,18.733,6313.194
2,1209.608,104.518,3.5985,18.732,6314.235
2,1209.808,104.517,3.6913,18.731,6315.276
2,1210.008,104.515,3.7775,18.729,6316.316
2,1210.208,104.513,3.8637,18.728,6317.357
2,1210.408,104.512,3.9499,18.727,6318.397
2,1210.608,104.51,4.0361,18.725,6319.437
2,1210.808,104.509,4.1178,18.724,6320.478
2,1211.008,104.507,4.1943,18.722,6321.518
2,1211.208,104.506,4.2707,18.721,6322.558
2,1211.408,104.505,4.3472,18.719,6323.598
2,1211.608,104.503,4.4236,18.718,6324.638
2,1211.808,104.502,4.4913,18.716,6325.678
2,1212.008,104.501,4.5543,18.715,6326.718
2,1212.208,104.499,4.6172,18.713,6327.757
2,1212.408,104.498,4.6801,18.712,6328.797
2,1212.608,104.497,4.743,18.71,6329.837
2,1212.808,104.496,4.7913,18.709,6330.876
2,1213.008,104.495,4.8368,18.707,6331.915
2,1213.208,104.494,4.8822,18.706,6332.955
2,1213.408,104.493,4.9276,18.704,6333.994
2,1213.608,104.492,4.972,18.703,6335.033
2,1213.808,104.492,4.9896,18.702,6336.072
2,1214.008,104.492,5.0071,18.7,6337.111
2,1214.208,104.491,5.0244,18.699,6338.15
2,1214.408,104.491,5.0417,18.698,6339.189
2,1214.608,104.49,5.0549,18.697,6340.228
2,1214.808,104.49,5.0539,18.696,6341.266
2,1215.008,104.49,5.0527,18.695,6342.305
2,1215.208,104.49,5.0515,18.694,6343.344
2,1215.408,104.49,5.0501,18.694,6344.382
2,1215.608,104.49,5.0396,18.693,6345.421
2,1215.808,104.49,5.0156,18.693,6346.459
2,1216.008,104.491,4.9915,18.692,6347.498
2,1216.208,104.491,4.9673,18.692,6348.536
2,1216.408,104.491,4.943,18.692,6349.575
2,1216.608,104.492,4.9111,18.691,6350.613
2,1216.808,104.492,4.8741,18.691,6351.651
2,1217.008,104.493,4.8369,18.691,6352.69
2,1217.208,104.493,4.7996,18.692,6353.728
2,1217.408,104.494,4.7622,18.692,6354.767
2,1217.608,104.495,4.7176,18.692,6355.805
2,1217.808,104.495,4.6708,18.692,6356.844
2,1218.008,104.496,4.6238,18.693,6357.882
2,1218.208,104.497,4.5768,18.693,6358.921
2,1218.408,104.497,4.5297,18.694,6359.959
2,1218.608,104.498,4.4901,18.695,6360.998
2,1218.808,104.499,4.4507,18.695,6362.036
2,1219.008,104.499,4.4113,18.696,6363.075
2,1219.208,104.5,4.3719,18.697,6364.114
2,1219.408,104.5,4.3326,18.697,6365.152
2,1219.608,104.501,4.2939,18.698,6366.191
2,1219.808,104.502,4.2552,18.699,6367.23
2,1220.008,104.502,4.2165,18.699,6368.269
2,1220.208,104.503,4.1777,18.7,6369.307
2,1220.408,104.503,4.1383,18.701,6370.346
2,1220.608,104.504,4.0976,18.702,6371.385
2,1220.808,104.505,4.0569,18.702,6372.424
2,1221.008,104.505,4.0161,18.703,6373.463
2,1221.208,104.506,3.9753,18.704,6374.502
2,1221.408,104.506,3.9349,18.705,6375.541
2,1221.608,104.507,3.8946,18.706,6376.581
2,1221.808,104.508,3.8544,18.706,6377.62
2,1222.008,104.508,3.8142,18.707,6378.659
2,1222.208,104.509,3.774,18.708,6379.698
2,1222.408,104.509,3.7319,18.709,6380.738
2,1222.608,104.51,3.6891,18.71,6381.777
2,1222.808,104.511,3.6462,18.71,6382.816
2,1223.008,104.511,3.6034,18.711,6383.856
2,1223.208,104.512,3.5605,18.712,6384.895
2,1223.408,104.513,3.5079,18.713,6385.935
2,1223.608,104.514,3.4542,18.714,6386.975
2,1223.808,104.515,3.4005,18.714,6388.014
2,1224.008,104.516,3.3468,18.715,6389.054
2,1224.208,104.516,3.2931,18.716,6390.094
2,1224.408,104.517,3.24,18.717,6391.133
2,1224.608,104.518,3.1869,18.718,6392.173
2,1224.808,104.519,3.1338,18.719,6393.213
2,1225.008,104.52,3.0807,18.719,6394.253
2,1225.208,104.521,3.0254,18.72,6395.293
2,1225.408,104.522,2.9644,18.721,6396.333
2,1225.608,104.523,2.9033,18.722,6397.373
2,1225.808,104.524,2.8423,18.723,6398.413
2,1226.008,104.525,2.7812,18.724,6399.453
2,1226.208,104.526,2.7241,18.725,6400.494
2,1226.408,104.526,2.6713,18.725,6401.534
2,1226.608,104.527,2.6185,18.726,6402.574
2,1226.808,104.528,2.5658,18.727,6403.614
2,1227.008,104.529,2.513,18.728,6404.655
2,1227.208,104.53,2.4662,18.729,6405.695
2,1227.408,104.53,2.4223,18.729,6406.736
2,1227.608,104.531,2.3784,18.73,6407.776
2,1227.808,104.532,2.3346,18.731,6408.817
2,1228.008,104.533,2.2907,18.732,6409.857
2,1228.208,104.533,2.262,18.732,6410.898
2,1228.408,104.533,2.2356,18.733,6411.939
2,1228.608,104.534,2.2093,18.734,6412.979
2,1228.808,104.534,2.1831,18.734,6414.02
2,1229.008,104.535,2.1573,18.735,6415.061
2,1229.208,104.535,2.1376,18.735,6416.102
2,1229.408,104.535,2.118,18.736,6417.143
2,1229.608,104.536,2.0984,18.736,6418.184
2,1229.808,104.536,2.0788,18.737,6419.224
2,1230.008,104.536,2.0633,18.737,6420.265
2,1230.208,104.536,2.0594,18.737,6421.306
2,1230.408,104.536,2.0555,18.738,6422.347
2,1230.608,104.536,2.0517,18.738,6423.388
2,1230.808,104.536,2.048,18.738,6424.429
2,1231.008,104.536,2.0494,18.739,6425.47
2,1231.208,104.536,2.057,18.739,6426.511
2,1231.408,104.536,2.0647,18.739,6427.552
2,1231.608,104.536,2.0725,18.739,6428.593
2,1231.808,104.535,2.0803,18.74,6429.635
2,1232.008,104.535,2.0871,18.74,6430.676
2,1232.208,104.535,2.0934,18.74,6431.717
2,1232.408,104.535,2.0998,18.74,6432.758
2,1232.608,104.535,2.1062,18.74,6433.799
2,1232.808,104.535,2.1126,18.74,6434.84
2,1233.008,104.534,2.1262,18.74,6435.881
2,1233.208,104.534,2.1411,18.74,6436.922
2,1233.408,104.534,2.156,18.74,6437.963
2,1233.608,104.533,2.171,18.74,6439.004
2,1233.808,104.533,2.1858,18.74,6440.046
2,1234.008,104.533,2.1968,18.74,6441.087
2,1234.208,104.533,2.2078,18.74,6442.128
2,1234.408,104.532,2.2188,18.74,6443.169
2,1234.608,104.532,2.2298,18.74,6444.21
2,1234.808,104.532,2.2377,18.74,6445.251
2,1235.008,104.532,2.236,18.74,6446.292
2,1235.208,104.532,2.2343,18.74,6447.333
2,1235.408,104.532,2.2325,18.74,6448.374
2,1235.608,104.532,2.2307,18.74,6449.416
2,1235.808,104.532,2.2299,18.74,6450.457
2,1236.008,104.532,2.2303,18.739,6451.498
2,1236.208,104.532,2.2306,18.739,6452.539
2,1236.408,104.532,2.231,18.739,6453.58
2,1236.608,104.532,2.2313,18.739,6454.621
2,1236.808,104.532,2.2289,18.739,6455.662
2,1237.008,104.532,2.2249,18.739,6456.703
2,1237.208,104.532,2.2209,18.739,6457.744
2,1237.408,104.532,2.2169,18.739,6458.785
2,1237.608,104.532,2.2129,18.739,6459.826
2,1237.808,104.532,2.2143,18.739,6460.867
2,1238.008,104.531,2.2168,18.739,6461.908
2,1238.208,104.531,2.2192,18.739,6462.95
2,1238.408,104.531,2.2217,18.739,6463.991
2,1238.608,104.531,2.2243,18.739,6465.032
2,1238.808,104.531,2.2292,18.739,6466.073
2,1239.008,104.531,2.234,18.739,6467.114
2,1239.208,104.531,2.2389,18.739,6468.155
2,1239.408,104.531,2.2438,18.739,6469.196
2,1239.608,104.53,2.2481,18.739,6470.237
2,1239.808,104.53,2.2503,18.739,6471.278
2,1240.008,104.53,2.2524,18.739,6472.319
2,1240.208,104.53,2.2546,18.739,6473.36
2,1240.408,104.53,2.2567,18.739,6474.401
2,1240.608,104.53,2.2649,18.739,6475.442
2,1240.808,104.53,2.2811,18.739,6476.483
2,1241.008,104.529,2.2974,18.739,6477.525
2,1241.208,104.529,2.3136,18.739,6478.566
2,1241.408,104.529,2.3299,18.739,6479.607
2,1241.608,104.528,2.351,18.739,6480.648
2,1241.808,104.528,2.375,18.739,6481.689
2,1242.008,104.527,2.399,18.739,6482.73
2,1242.208,104.527,2.4231,18.738,6483.771
2,1242.408,104.526,2.4471,18.738,6484.812
2,1242.608,104.526,2.4728,18.738,6485.853
2,1242.808,104.525,2.4989,18.738,6486.894
2,1243.008,104.525,2.525,18.738,6487.935
2,1243.208,104.524,2.5511,18.738,6488.976
2,1243.408,104.524,2.5775,18.737,6490.017
2,1243.608,104.523,2.6192,18.737,6491.058
2,1243.808,104.522,2.6609,18.737,6492.099
2,1244.008,104.521,2.7027,18.737,6493.14
2,1244.208,104.521,2.7445,18.736,6494.181
2,1244.408,104.52,2.7871,18.736,6495.222
2,1244.608,104.519,2.8323,18.736,6496.262
2,1244.808,104.518,2.8776,18.735,6497.303
2,1245.008,104.517,2.9229,18.735,6498.344
2,1245.208,104.516,2.9682,18.734,6499.385
2,1245.408,104.515,3.0156,18.734,6500.426
2,1245.608,104.515,3.0659,18.733,6501.466
2,1245.808,104.514,3.1162,18.733,6502.507
2,1246.008,104.513,3.1666,18.732,6503.548
2,1246.208,104.512,3.217,18.732,6504.589
2,1246.408,104.511,3.2666,18.731,6505.629
2,1246.608,104.51,3.3157,18.73,6506.67
2,1246.808,104.509,3.3648,18.73,6507.71
2,1247.008,104.508,3.414,18.729,6508.751
2,1247.208,104.507,3.4631,18.728,6509.791
2,1247.408,104.506,3.489,18.728,6510.832
2,1247.608,104.506,3.5091,18.727,6511.872
2,1247.808,104.506,3.5291,18.726,6512.913
2,1248.008,104.505,3.549,18.726,6513.953
2,1248.208,104.505,3.5689,18.725,6514.993
2,1248.408,104.505,3.5704,18.725,6516.034
2,1248.608,104.505,3.5716,18.724,6517.074
2,1248.808,104.504,3.5727,18.724,6518.114
2,1249.008,104.504,3.5738,18.723,6519.154
2,1249.208,104.504,3.5764,18.723,6520.195
2,1249.408,104.504,3.5853,18.723,6521.235
2,1249.608,104.504,3.5941,18.722,6522.275
2,1249.808,104.504,3.603,18.722,6523.315
2,1250.008,104.503,3.6118,18.722,6524.355
2,1250.208,104.503,3.6168,18.721,6525.395
2,1250.408,104.503,3.6154,18.721,6526.435
2,1250.608,104.503,3.6139,18.721,6527.475
2,1250.808,104.503,3.6124,18.721,6528.515
2,1251.008,104.503,3.6109,18.721,6529.556
2,1251.208,104.503,3.6119,18.72,6530.596
2,1251.408,104.503,3.6149,18.72,6531.636
2,1251.608,104.503,3.6178,18.72,6532.676
2,1251.808,104.502,3.6206,18.72,6533.716
2,1252.008,104.502,3.6235,18.72,6534.756
2,1252.208,104.502,3.6294,18.72,6535.796
2,1252.408,104.502,3.6362,18.72,6536.836
2,1252.608,104.502,3.643,18.719,6537.876
2,1252.808,104.501,3.6498,18.719,6538.916
2,1253.008,104.501,3.6566,18.719,6539.955
2,1253.208,104.501,3.653,18.719,6540.995
2,1253.408,104.501,3.649,18.719,6542.035
2,1253.608,104.501,3.6449,18.719,6543.075
2,1253.808,104.501,3.6408,18.719,6544.115
2,1254.008,104.501,3.6374,18.719,6545.155
2,1254.208,104.501,3.6374,18.719,6546.195
2,1254.408,104.501,3.6375,18.719,6547.235
2,1254.608,104.501,3.6376,18.719,6548.275
2,1254.808,104.501,3.6377,18.719,6549.315
2,1255.008,104.501,3.635,18.719,6550.355
2,1255.208,104.501,3.6269,18.719,6551.395
2,1255.408,104.501,3.6188,18.719,6552.435
2,1255.608,104.501,3.6107,18.719,6553.475
2,1255.808,104.501,3.6026,18.719,6554.515
2,1256.008,104.501,3.5936,18.719,6555.555
2,1256.208,104.501,3.584,18.719,6556.594
2,1256.408,104.501,3.5743,18.719,6557.634
2,1256.608,104.501,3.5646,18.719,6558.674
2,1256.808,104.501,3.5549,18.719,6559.714
2,1257.008,104.502,3.5429,18.719,6560.754
2,1257.208,104.502,3.53,18.719,6561.794
2,1257.408,104.502,3.5171,18.719,6562.834
2,1257.608,104.502,3.5042,18.719,6563.874
2,1257.808,104.502,3.4913,18.72,6564.914
2,1258.008,104.503,3.467,18.72,6565.954
2,1258.208,104.503,3.4415,18.72,6566.994
2,1258.408,104.503,3.4161,18.72,6568.034
2,1258.608,104.504,3.3906,18.72,6569.074
2,1258.808,104.504,3.3628,18.721,6570.114
2,1259.008,104.505,3.3168,18.721,6571.154
2,1259.208,104.505,3.2706,18.721,6572.194
2,1259.408,104.506,3.2244,18.722,6573.234
2,1259.608,104.507,3.1782,18.722,6574.274
2,1259.808,104.508,3.1241,18.722,6575.314
2,1260.008,104.509,3.0521,18.723,6576.354
2,1260.208,104.51,2.98,18.723,6577.395
2,1260.408,104.511,2.9077,18.724,6578.435
2,1260.608,104.513,2.8355,18.725,6579.475
2,1260.808,104.514,2.7559,18.725,6580.515
2,1261.008,104.515,2.669,18.726,6581.556
2,1261.208,104.517,2.582,18.727,6582.596
2,1261.408,104.518,2.4949,18.728,6583.636
2,1261.608,104.52,2.4078,18.728,6584.677
2,1261.808,104.521,2.3236,18.729,6585.717
2,1262.008,104.522,2.2408,18.73,6586.758
2,1262.208,104.524,2.158,18.731,6587.798
2,1262.408,104.525,2.0751,18.732,6588.839
2,1262.608,104.527,1.9923,18.733,6589.88
2,1262.808,104.528,1.9266,18.734,6590.92
2,1263.008,104.529,1.8632,18.735,6591.961
2,1263.208,104.53,1.7998,18.735,6593.002
2,1263.408,104.531,1.7364,18.736,6594.043
2,1263.608,104.532,1.6743,18.737,6595.084
2,1263.808,104.533,1.6255,18.738,6596.125
2,1264.008,104.534,1.5768,18.739,6597.166
2,1264.208,104.534,1.5282,18.739,6598.207
2,1264.408,104.535,1.4796,18.74,6599.248
2,1264.608,104.536,1.427,18.741,6600.289
2,1264.808,104.537,1.3638,18.741,6601.33
2,1265.008,104.538,1.3007,18.742,6602.371
2,1265.208,104.539,1.2376,18.742,6603.412
2,1265.408,104.54,1.1745,18.743,6604.454
2,1265.608,104.541,1.1124,18.743,6605.495
2,1265.808,104.542,1.0512,18.744,6606.536
2,1266.008,104.544,0.99,18.744,6607.577
2,1266.208,104.545,0.9288,18.745,6608.619
2,1266.408,104.546,0.8677,18.745,6609.66
2,1266.608,104.547,0.7965,18.746,6610.702
2,1266.808,104.548,0.7203,18.746,6611.743
2,1267.008,104.549,0.6442,18.747,6612.784
2,1267.208,104.551,0.5682,18.747,6613.826
2,1267.408,104.552,0.4921,18.747,6614.867
2,1267.608,104.555,0.3208,18.748,6615.909
2,1267.808,104.558,0.1356,18.748,6616.951
2,1268.008,104.561,0.0,18.748,6617.992
2,1268.208,104.561,0.0,18.752,6619.034
2,1268.408,104.561,0.0,18.767,6620.075
2,1268.608,104.561,0.0,18.793,6621.118
2,1268.808,104.561,0.0,18.829,6622.162
2,1269.008,104.561,0.0,18.872,6623.208
2,1269.208,104.561,0.0,18.925,6624.257
2,1269.408,104.561,0.0,18.987,6625.308
2,1269.608,104.561,0.0,19.056,6626.363
2,1269.808,104.561,0.0,19.133,6627.422
2,1270.008,104.561,0.0,19.216,6628.484
2,1270.208,104.561,0.0,19.306,6629.552
2,1270.408,104.561,0.0,19.403,6630.625
2,1270.608,104.561,0.0,19.507,6631.703
2,1270.808,104.561,0.0,19.618,6632.786
2,1271.008,104.561,0.0,19.736,6633.876
2,1271.208,104.561,0.0,19.861,6634.973
2,1271.408,104.561,0.0,19.992,6636.076
2,1271.608,104.561,0.0,20.131,6637.187
2,1271.808,104.561,0.0,20.277,6638.305
2,1272.008,104.561,0.0,20.43,6639.432
2,1272.208,104.561,0.0,20.59,6640.567
2,1272.408,104.561,0.0,20.756,6641.71
2,1272.608,104.561,0.0,20.93,6642.864
2,1272.808,104.561,0.0,21.11,6644.026
2,1273.008,104.561,0.0,21.296,6645.199
2,1273.208,104.561,0.0,21.49,6646.382
2,1273.408,104.561,0.0,21.688,6647.576
2,1273.608,104.561,0.0,21.893,6648.781
2,1273.808,104.561,0.0,22.103,6649.997
2,1274.008,104.561,0.0,22.319,6651.225
2,1274.208,104.561,0.0,22.539,6652.465
2,1274.408,104.561,0.0,22.764,6653.717
2,1274.608,104.561,0.0,22.993,6654.982
2,1274.808,104.561,0.0,23.225,6656.259
2,1275.008,104.561,0.0,23.459,6657.55
2,1275.208,104.561,0.0,23.693,6658.853
2,1275.408,104.561,0.0,23.927,6660.169
2,1275.608,104.561,0.0,24.162,6661.499
2,1275.808,104.561,0.0,24.394,6662.841
2,1276.008,104.561,0.0,24.623,6664.196
2,1276.208,104.561,0.0,24.85,6665.564
2,1276.408,104.561,0.0,25.073,6666.945
2,1276.608,104.561,0.0,25.292,6668.338
2,1276.808,104.561,0.0,25.505,6669.743
2,1277.008,104.561,0.0,25.713,6671.16
2,1277.208,104.561,0.0,25.914,6672.588
2,1277.408,104.561,0.0,26.108,6674.028
2,1277.608,104.561,0.0,26.293,6675.478
2,1277.808,104.561,0.0,26.471,6676.939
2,1278.008,104.561,0.0,26.638,6678.41
2,1278.208,104.561,0.0,26.796,6679.889
2,1278.408,104.561,0.0,26.945,6681.378
2,1278.608,104.561,0.0,27.082,6682.875
2,1278.808,104.561,0.0,27.207,6684.38
2,1279.008,104.561,0.0,27.32,6685.891
2,1279.208,104.561,0.0,27.421,6687.409
2,1279.408,104.561,0.0,27.51,6688.932
2,1279.608,104.561,0.0,27.585,6690.461
2,1279.808,104.561,0.0,27.647,6691.993
2,1280.008,104.561,0.0,27.696,6693.529
2,1280.208,104.561,0.0,27.73,6695.068
2,1280.408,104.561,0.0,27.751,6696.608
2,1280.608,104.561,0.0,27.756,6698.15
2,1280.808,104.561,0.0,27.746,6699.692
2,1281.008,104.561,0.0,27.722,6701.233
2,1281.208,104.561,0.0,27.681,6702.774
2,1281.408,104.561,0.0,27.625,6704.311
2,1281.608,104.561,0.0,27.552,6705.846
2,1281.808,104.561,0.0,27.463,6707.377
2,1282.008,104.561,0.0,27.356,6708.903
2,1282.208,104.561,0.0,27.233,6710.422
2,1282.408,104.561,0.0,27.092,6711.935
2,1282.608,104.561,0.0,26.934,6713.44
2,1282.808,104.561,0.0,26.758,6714.937
2,1283.008,104.561,0.0,26.565,6716.423
2,1283.208,104.561,0.0,26.355,6717.899
2,1283.408,104.561,0.0,26.128,6719.363
2,1283.608,104.561,0.0,25.885,6720.815
2,1283.808,104.561,0.0,25.625,6722.253
2,1284.008,104.561,0.0,25.349,6723.676
2,1284.208,104.561,0.0,25.059,6725.085
2,1284.408,104.561,0.0,24.754,6726.477
2,1284.608,104.561,0.0,24.436,6727.852
2,1284.808,104.561,0.0,24.105,6729.21
2,1285.008,104.561,0.0,23.762,6730.549
2,1285.208,104.561,0.0,23.408,6731.869
2,1285.408,104.561,0.0,23.044,6733.169
2,1285.608,104.561,0.0,22.671,6734.45
2,1285.808,104.549,0.6916,22.288,6735.709
2,1286.008,104.535,1.4607,21.935,6736.947
2,1286.208,104.523,2.1435,21.616,6738.166
2,1286.408,104.513,2.7526,21.329,6739.367
2,1286.608,104.505,3.1966,21.069,6740.552
2,1286.808,104.5,3.475,20.835,6741.722
2,1287.008,104.496,3.7124,20.624,6742.88
2,1287.208,104.492,3.9141,20.434,6744.026
2,1287.408,104.489,4.0783,20.262,6745.161
2,1287.608,104.487,4.1779,20.107,6746.286
2,1287.808,104.486,4.2544,19.967,6747.403
2,1288.008,104.485,4.3107,19.842,6748.513
2,1288.208,104.484,4.3491,19.728,6749.615
2,1288.408,104.482,4.4557,19.626,6750.711
2,1288.608,104.48,4.5923,19.534,6751.801
2,1288.808,104.477,4.7151,19.451,6752.887
2,1289.008,104.475,4.8259,19.375,6753.967
2,1289.208,104.473,4.9256,19.307,6755.044
2,1289.408,104.472,5.0109,19.246,6756.116
2,1289.608,104.47,5.0877,19.19,6757.185
2,1289.808,104.469,5.1569,19.14,6758.252
2,1290.008,104.468,5.2193,19.095,6759.315
2,1290.208,104.467,5.2728,19.054,6760.376
2,1290.408,104.466,5.3156,19.017,6761.434
2,1290.608,104.465,5.3536,18.983,6762.491
2,1290.808,104.465,5.3873,18.953,6763.545
2,1291.008,104.464,5.4171,18.926,6764.598
2,1291.208,104.463,5.4343,18.901,6765.65
2,1291.408,104.463,5.4427,18.879,6766.7
2,1291.608,104.463,5.4483,18.859,6767.749
2,1291.808,104.463,5.4514,18.84,6768.796
2,1292.008,104.463,5.4522,18.824,6769.843
2,1292.208,104.463,5.4389,18.809,6770.889
2,1292.408,104.463,5.4218,18.796,6771.934
2,1292.608,104.463,5.4029,18.784,6772.978
2,1292.808,104.463,5.3825,18.774,6774.022
2,1293.008,104.464,5.3598,18.764,6775.065
2,1293.208,104.464,5.3227,18.756,6776.107
2,1293.408,104.465,5.2844,18.748,6777.149
2,1293.608,104.465,5.2451,18.742,6778.191
2,1293.808,104.466,5.2048,18.736,6779.232
2,1294.008,104.466,5.1636,18.731,6780.273
2,1294.208,104.467,5.1213,18.726,6781.313
2,1294.408,104.468,5.0783,18.722,6782.354
2,1294.608,104.468,5.0346,18.718,6783.394
2,1294.808,104.469,4.9904,18.715,6784.434
2,1295.008,104.47,4.9384,18.713,6785.473
2,1295.208,104.471,4.877,18.711,6786.513
2,1295.408,104.472,4.8152,18.709,6787.552
2,1295.608,104.473,4.7529,18.707,6788.592
2,1295.808,104.474,4.6903,18.706,6789.631
2,1296.008,104.475,4.6272,18.705,6790.67
2,1296.208,104.476,4.5638,18.704,6791.71
2,1296.408,104.477,4.5,18.704,6792.749
2,1296.608,104.478,4.4361,18.703,6793.788
2,1296.808,104.479,4.3719,18.703,6794.827
2,1297.008,104.48,4.3119,18.703,6795.866
2,1297.208,104.481,4.2526,18.704,6796.905
2,1297.408,104.481,4.1932,18.704,6797.944
2,1297.608,104.482,4.1337,18.704,6798.983
2,1297.808,104.483,4.0742,18.705,6800.022
2,1298.008,104.484,4.0202,18.705,6801.061
2,1298.208,104.485,3.9663,18.706,6802.101
2,1298.408,104.486,3.9122,18.706,6803.14
2,1298.608,104.487,3.8581,18.707,6804.179
2,1298.808,104.488,3.8053,18.708,6805.218
2,1299.008,104.488,3.758,18.709,6806.258
2,1299.208,104.489,3.7107,18.709,6807.297
2,1299.408,104.49,3.6633,18.71,6808.336
2,1299.608,104.491,3.6159,18.711,6809.376
2,1299.808,104.491,3.573,18.712,6810.415
2,1300.008,104.492,3.5368,18.712,6811.455
2,1300.208,104.492,3.5006,18.713,6812.494
2,1300.408,104.493,3.4645,18.714,6813.534
2,1300.608,104.493,3.4283,18.715,6814.574
2,1300.808,104.494,3.3899,18.715,6815.613
2,1301.008,104.495,3.3498,18.716,6816.653
2,1301.208,104.495,3.3097,18.717,6817.693
2,1301.408,104.496,3.2697,18.718,6818.733
2,1301.608,104.496,3.2296,18.718,6819.773
2,1301.808,104.497,3.1917,18.719,6820.813
2,1302.008,104.498,3.1544,18.72,6821.853
2,1302.208,104.498,3.1171,18.72,6822.893
2,1302.408,104.499,3.0798,18.721,6823.933
2,1302.608,104.499,3.0425,18.722,6824.973
2,1302.808,104.5,2.988,18.722,6826.013
2,1303.008,104.501,2.9331,18.723,6827.053
2,1303.208,104.502,2.878,18.724,6828.093
2,1303.408,104.503,2.823,18.725,6829.133
2,1303.608,104.504,2.7673,18.725,6830.174
2,1303.808,104.505,2.7086,18.726,6831.214
2,1304.008,104.506,2.6498,18.727,6832.254
2,1304.208,104.507,2.591,18.727,6833.295
2,1304.408,104.508,2.5322,18.728,6834.335
2,1304.608,104.509,2.4716,18.729,6835.375
2,1304.808,104.51,2.4077,18.73,6836.416
2,1305.008,104.511,2.3439,18.73,6837.456
2,1305.208,104.512,2.28,18.731,6838.497
2,1305.408,104.513,2.2161,18.732,6839.538
2,1305.608,104.514,2.1552,18.733,6840.578
2,1305.808,104.515,2.0966,18.733,6841.619
2,1306.008,104.516,2.0379,18.734,6842.66
2,1306.208,104.517,1.9793,18.735,6843.701
2,1306.408,104.518,1.9208,18.736,6844.741
2,1306.608,104.519,1.864,18.736,6845.782
2,1306.808,104.52,1.8079,18.737,6846.823
2,1307.008,104.521,1.7519,18.738,6847.864
2,1307.208,104.522,1.6958,18.738,6848.905
2,1307.408,104.523,1.6397,18.739,6849.946
2,1307.608,104.523,1.5958,18.739,6850.987
2,1307.808,104.524,1.5525,18.74,6852.028
2,1308.008,104.525,1.5092,18.741,6853.069
2,1308.208,104.525,1.466,18.741,6854.11
2,1308.408,104.526,1.4236,18.742,6855.152
2,1308.608,104.527,1.3855,18.742,6856.193
2,1308.808,104.527,1.3475,18.743,6857.234
2,1309.008,104.528,1.3095,18.743,6858.275
2,1309.208,104.529,1.2716,18.743,6859.317
2,1309.408,104.529,1.2348,18.744,6860.358
2,1309.608,104.53,1.2,18.744,6861.399
2,1309.808,104.53,1.1653,18.745,6862.441
2,1310.008,104.531,1.1305,18.745,6863.482
2,1310.208,104.532,1.0959,18.745,6864.523
2,1310.408,104.532,1.061,18.746,6865.565
2,1310.608,104.533,1.026,18.746,6866.606
2,1310.808,104.533,0.9911,18.746,6867.648
2,1311.008,104.534,0.9561,18.747,6868.689
2,1311.208,104.534,0.9212,18.747,6869.731
2,1311.408,104.535,0.8945,18.747,6870.772
2,1311.608,104.535,0.8707,18.747,6871.814
2,1311.808,104.536,0.8469,18.748,6872.855
2,1312.008,104.536,0.8231,18.748,6873.897
2,1312.208,104.536,0.7993,18.748,6874.938
2,1312.408,104.537,0.7743,18.748,6875.98
2,1312.608,104.537,0.7491,18.748,6877.021
2,1312.808,104.538,0.724,18.749,6878.063
2,1313.008,104.538,0.6989,18.749,6879.104
2,1313.208,104.539,0.6755,18.749,6880.146
2,1313.408,104.539,0.6626,18.749,6881.188
2,1313.608,104.539,0.6496,18.749,6882.229
2,1313.808,104.539,0.6367,18.749,6883.271
2,1314.008,104.539,0.6238,18.75,6884.313
2,1314.208,104.54,0.6072,18.75,6885.354
2,1314.408,104.54,0.5833,18.75,6886.396
2,1314.608,104.54,0.5594,18.75,6887.437
2,1314.808,104.541,0.5356,18.75,6888.479
2,1315.008,104.541,0.5117,18.75,6889.521
2,1315.208,104.542,0.4872,18.75,6890.562
2,1315.408,104.542,0.4621,18.75,6891.604
2,1315.608,104.543,0.4371,18.75,6892.646
2,1315.808,104.543,0.412,18.75,6893.688
2,1316.008,104.543,0.387,18.751,6894.729
2,1316.208,104.544,0.3739,18.751,6895.771
2,1316.408,104.544,0.3651,18.751,6896.813
2,1316.608,104.544,0.3562,18.751,6897.854
2,1316.808,104.544,0.3474,18.751,6898.896
2,1317.008,104.544,0.3386,18.751,6899.938
2,1317.208,104.544,0.3623,18.751,6900.979
2,1317.408,104.543,0.3881,18.751,6902.021
2,1317.608,104.543,0.4139,18.751,6903.063
2,1317.808,104.542,0.4398,18.751,6904.105
2,1318.008,104.542,0.4694,18.751,6905.146
2,1318.208,104.541,0.5221,18.751,6906.188
2,1318.408,104.54,0.5748,18.751,6907.23
2,1318.608,104.539,0.6276,18.751,6908.271
2,1318.808,104.538,0.6804,18.751,6909.313
2,1319.008,104.537,0.725,18.751,6910.355
2,1319.208,104.537,0.7538,18.751,6911.397
2,1319.408,104.536,0.7826,18.751,6912.438
2,1319.608,104.536,0.8114,18.751,6913.48
2,1319.808,104.535,0.8403,18.751,6914.522
2,1320.008,104.535,0.8681,18.751,6915.563
2,1320.208,104.534,0.8952,18.751,6916.605
2,1320.408,104.534,0.9222,18.75,6917.647
2,1320.608,104.533,0.9492,18.75,6918.689
2,1320.808,104.533,0.9763,18.75,6919.73
2,1321.008,104.532,1.0069,18.75,6920.772
2,1321.208,104.532,1.0389,18.75,6921.814
2,1321.408,104.531,1.0708,18.75,6922.855
2,1321.608,104.531,1.1028,18.75,6923.897
2,1321.808,104.53,1.1347,18.75,6924.939
2,1322.008,104.529,1.1788,18.75,6925.98
2,1322.208,104.528,1.2237,18.749,6927.022
2,1322.408,104.528,1.2687,18.749,6928.064
2,1322.608,104.527,1.3136,18.749,6929.105
2,1322.808,104.526,1.3587,18.749,6930.147
2,1323.008,104.525,1.4047,18.749,6931.188
2,1323.208,104.524,1.4508,18.749,6932.23
2,1323.408,104.523,1.4968,18.748,6933.272
2,1323.608,104.523,1.5429,18.748,6934.313
2,1323.808,104.522,1.5961,18.748,6935.355
2,1324.008,104.52,1.6631,18.748,6936.396
2,1324.208,104.519,1.7302,18.747,6937.438
2,1324.408,104.518,1.7972,18.747,6938.479
2,1324.608,104.517,1.8644,18.747,6939.521
2,1324.808,104.516,1.9335,18.746,6940.562
2,1325.008,104.514,2.0044,18.746,6941.604
2,1325.208,104.513,2.0754,18.745,6942.645
2,1325.408,104.512,2.1464,18.745,6943.687
2,1325.608,104.51,2.2175,18.745,6944.728
2,1325.808,104.509,2.2983,18.744,6945.769
2,1326.008,104.507,2.3827,18.743,6946.811
2,1326.208,104.506,2.4671,18.743,6947.852
2,1326.408,104.504,2.5516,18.742,6948.893
2,1326.608,104.503,2.6361,18.742,6949.935
2,1326.808,104.501,2.7144,18.741,6950.976
2,1327.008,104.5,2.7923,18.74,6952.017
2,1327.208,104.499,2.8703,18.739,6953.058
2,1327.408,104.497,2.9483,18.738,6954.099
2,1327.608,104.496,3.0266,18.738,6955.14
2,1327.808,104.494,3.1064,18.737,6956.181
2,1328.008,104.493,3.1863,18.736,6957.222
2,1328.208,104.491,3.2663,18.735,6958.263
2,1328.408,104.49,3.3462,18.734,6959.304
2,1328.608,104.489,3.4189,18.733,6960.344
2,1328.808,104.487,3.4766,18.732,6961.385
2,1329.008,104.486,3.5343,18.731,6962.426
2,1329.208,104.485,3.592,18.73,6963.466
2,1329.408,104.484,3.6496,18.729,6964.507
2,1329.608,104.483,3.7051,18.728,6965.547
2,1329.808,104.482,3.7585,18.727,6966.588
2,1330.008,104.481,3.812,18.726,6967.628
2,1330.208,104.48,3.8654,18.724,6968.668
2,1330.408,104.479,3.9188,18.723,6969.709
2,1330.608,104.478,3.9571,18.722,6970.749
2,1330.808,104.478,3.9895,18.721,6971.789
2,1331.008,104.477,4.0218,18.72,6972.829
2,1331.208,104.476,4.0541,18.719,6973.869
2,1331.408,104.476,4.0863,18.719,6974.909
2,1331.608,104.475,4.119,18.718,6975.949
2,1331.808,104.474,4.1517,18.717,6976.989
2,1332.008,104.474,4.1844,18.716,6978.029
2,1332.208,104.473,4.2171,18.715,6979.069
2,1332.408,104.472,4.2499,18.714,6980.108
2,1332.608,104.472,4.2841,18.714,6981.148
2,1332.808,104.471,4.3182,18.713,6982.188
2,1333.008,104.47,4.3524,18.712,6983.227
2,1333.208,104.47,4.3866,18.711,6984.267
2,1333.408,104.469,4.4207,18.71,6985.306
2,1333.608,104.468,4.4547,18.71,6986.346
2,1333.808,104.468,4.4887,18.709,6987.385
2,1334.008,104.467,4.5227,18.708,6988.425
2,1334.208,104.466,4.5567,18.707,6989.464
2,1334.408,104.465,4.595,18.706,6990.503
2,1334.608,104.465,4.6378,18.706,6991.542
2,1334.808,104.464,4.6806,18.705,6992.582
2,1335.008,104.463,4.7235,18.704,6993.621
2,1335.208,104.462,4.7663,18.703,6994.66
2,1335.408,104.461,4.8127,18.702,6995.699
2,1335.608,104.46,4.8608,18.701,6996.738
2,1335.808,104.459,4.909,18.701,6997.777
2,1336.008,104.458,4.9571,18.7,6998.816
2,1336.208,104.457,5.0053,18.699,6999.855
2,1336.408,104.456,5.0443,18.698,7000.894
2,1336.608,104.456,5.0817,18.697,7001.932
2,1336.808,104.455,5.1192,18.696,7002.971
2,1337.008,104.454,5.1566,18.695,7004.01
2,1337.208,104.453,5.1931,18.694,7005.048
2,1337.408,104.453,5.2123,18.693,7006.087
2,1337.608,104.453,5.2314,18.692,7007.125
2,1337.808,104.452,5.2505,18.691,7008.164
2,1338.008,104.452,5.2695,18.69,7009.202
2,1338.208,104.451,5.2837,18.689,7010.24
2,1338.408,104.451,5.2822,18.688,7011.279
2,1338.608,104.451,5.2806,18.688,7012.317
2,1338.808,104.451,5.2789,18.687,7013.355
2,1339.008,104.451,5.2772,18.687,7014.393
2,1339.208,104.451,5.2634,18.686,7015.431
2,1339.408,104.451,5.2328,18.686,7016.47
2,1339.608,104.452,5.2021,18.685,7017.508
2,1339.808,104.452,5.1713,18.685,7018.546
2,1340.008,104.453,5.1403,18.685,7019.584
2,1340.208,104.453,5.0934,18.685,7020.622
2,1340.408,104.454,5.0359,18.685,7021.66
2,1340.608,104.455,4.9782,18.685,7022.698
2,1340.808,104.456,4.9203,18.686,7023.736
2,1341.008,104.457,4.8623,18.686,7024.774
2,1341.208,104.458,4.7861,18.687,7025.812
2,1341.408,104.459,4.7046,18.688,7026.85
2,1341.608,104.461,4.623,18.688,7027.889
2,1341.808,104.462,4.5412,18.689,7028.927
2,1342.008,104.463,4.4592,18.69,7029.965
2,1342.208,104.465,4.3721,18.692,7031.004
2,1342.408,104.466,4.2846,18.693,7032.042
2,1342.608,104.468,4.197,18.694,7033.08
2,1342.808,104.469,4.1093,18.695,7034.119
2,1343.008,104.471,4.0209,18.697,7035.158
2,1343.208,104.472,3.9285,18.698,7036.196
2,1343.408,104.474,3.8361,18.7,7037.235
2,1343.608,104.475,3.7437,18.701,7038.274
2,1343.808,104.477,3.6511,18.703,7039.313
2,1344.008,104.478,3.5625,18.704,7040.352
2,1344.208,104.479,3.4817,18.706,7041.391
2,1344.408,104.481,3.4009,18.707,7042.43
2,1344.608,104.482,3.32,18.709,7043.47
2,1344.808,104.483,3.2392,18.71,7044.509
2,1345.008,104.485,3.1695,18.712,7045.548
2,1345.208,104.486,3.1099,18.713,7046.588
2,1345.408,104.486,3.0503,18.715,7047.628
2,1345.608,104.487,2.9908,18.716,7048.667
2,1345.808,104.488,2.9313,18.717,7049.707
2,1346.008,104.489,2.8735,18.719,7050.747
2,1346.208,104.49,2.8163,18.72,7051.787
2,1346.408,104.491,2.7591,18.721,7052.827
2,1346.608,104.492,2.702,18.722,7053.867
2,1346.808,104.493,2.6449,18.723,7054.907
2,1347.008,104.494,2.5968,18.724,7055.947
2,1347.208,104.495,2.5495,18.725,7056.988
2,1347.408,104.495,2.5023,18.726,7058.028
2,1347.608,104.496,2.4552,18.727,7059.068
2,1347.808,104.497,2.4091,18.728,7060.109
2,1348.008,104.497,2.3717,18.729,7061.149
2,1348.208,104.498,2.3343,18.73,7062.19
2,1348.408,104.499,2.297,18.731,7063.23
2,1348.608,104.499,2.2597,18.732,7064.271
2,1348.808,104.5,2.22,18.732,7065.311
2,1349.008,104.501,2.1746,18.733,7066.352
2,1349.208,104.501,2.1293,18.734,7067.393
2,1349.408,104.502,2.0839,18.734,7068.434
2,1349.608,104.503,2.0386,18.735,7069.474
2,1349.808,104.504,1.9922,18.736,7070.515
2,1350.008,104.504,1.9447,18.736,7071.556
2,1350.208,104.505,1.8973,18.737,7072.597
2,1350.408,104.506,1.8499,18.737,7073.638
2,1350.608,104.507,1.8025,18.738,7074.679
2,1350.808,104.508,1.7568,18.739,7075.72
2,1351.008,104.508,1.712,18.739,7076.761
2,1351.208,104.509,1.6672,18.74,7077.802
2,1351.408,104.51,1.6224,18.74,7078.843
2,1351.608,104.51,1.5777,18.741,7079.884
2,1351.808,104.511,1.5421,18.741,7080.925
2,1352.008,104.512,1.5077,18.742,7081.966
2,1352.208,104.512,1.4733,18.742,7083.008
2,1352.408,104.513,1.439,18.742,7084.049
2,1352.608,104.513,1.4057,18.743,7085.09
2,1352.808,104.514,1.3833,18.743,7086.131
2,1353.008,104.514,1.361,18.744,7087.173
2,1353.208,104.514,1.3386,18.744,7088.214
2,1353.408,104.515,1.3163,18.744,7089.255
2,1353.608,104.515,1.3003,18.745,7090.297
2,1353.808,104.515,1.3,18.745,7091.338
2,1354.008,104.515,1.2998,18.745,7092.379
2,1354.208,104.515,1.2997,18.745,7093.421
2,1354.408,104.515,1.2995,18.746,7094.462
2,1354.608,104.515,1.3083,18.746,7095.504
2,1354.808,104.514,1.3266,18.746,7096.545
2,1355.008,104.514,1.3449,18.746,7097.586
2,1355.208,104.514,1.3632,18.746,7098.628
2,1355.408,104.513,1.3816,18.746,7099.669
2,1355.608,104.513,1.4107,18.746,7100.711
2,1355.808,104.512,1.4447,18.746,7101.752
2,1356.008,104.511,1.4788,18.746,7102.794
2,1356.208,104.511,1.5129,18.746,7103.835
2,1356.408,104.51,1.5471,18.746,7104.877
2,1356.608,104.509,1.5908,18.746,7105.918
2,1356.808,104.509,1.6359,18.746,7106.96
2,1357.008,104.508,1.681,18.746,7108.001
2,1357.208,104.507,1.7262,18.746,7109.043
2,1357.408,104.506,1.7713,18.746,7110.084
2,1357.608,104.505,1.815,18.746,7111.125
2,1357.808,104.505,1.8587,18.745,7112.167
2,1358.008,104.504,1.9024,18.745,7113.208
2,1358.208,104.503,1.9462,18.745,7114.25
2,1358.408,104.502,1.9873,18.745,7115.291
2,1358.608,104.502,2.0216,18.744,7116.332
2,1358.808,104.501,2.056,18.744,7117.374
2,1359.008,104.5,2.0903,18.744,7118.415
2,1359.208,104.5,2.1247,18.743,7119.456
2,1359.408,104.499,2.1535,18.743,7120.498
2,1359.608,104.499,2.1762,18.743,7121.539
2,1359.808,104.498,2.1989,18.743,7122.58
2,1360.008,104.498,2.2216,18.742,7123.621
2,1360.208,104.497,2.2442,18.742,7124.663
2,1360.408,104.497,2.2484,18.742,7125.704
2,1360.608,104.497,2.2437,18.741,7126.745
2,1360.808,104.497,2.2389,18.741,7127.786
2,1361.008,104.497,2.2341,18.741,7128.827
2,1361.208,104.497,2.2293,18.741,7129.869
2,1361.408,104.497,2.2171,18.741,7130.91
2,1361.608,104.498,2.2038,18.74,7131.951
2,1361.808,104.498,2.1904,18.74,7132.992
2,1362.008,104.498,2.1771,18.74,7134.033
2,1362.208,104.498,2.1632,18.74,7135.074
2,1362.408,104.498,2.1428,18.74,7136.115
2,1362.608,104.499,2.1225,18.74,7137.157
2,1362.808,104.499,2.102,18.74,7138.198
2,1363.008,104.499,2.0816,18.74,7139.239
2,1363.208,104.5,2.0575,18.74,7140.28
2,1363.408,104.5,2.0237,18.74,7141.321
2,1363.608,104.501,1.9898,18.74,7142.362
2,1363.808,104.501,1.9559,18.741,7143.403
2,1364.008,104.502,1.922,18.741,7144.444
2,1364.208,104.502,1.8937,18.741,7145.486
2,1364.408,104.503,1.872,18.741,7146.527
2,1364.608,104.503,1.8503,18.741,7147.568
2,1364.808,104.503,1.8285,18.741,7148.609
2,1365.008,104.504,1.8068,18.742,7149.65
2,1365.208,104.504,1.776,18.742,7150.692
2,1365.408,104.505,1.7406,18.742,7151.733
2,1365.608,104.505,1.7053,18.742,7152.774
2,1365.808,104.506,1.6699,18.742,7153.815
2,1366.008,104.507,1.6345,18.743,7154.856
2,1366.208,104.507,1.6026,18.743,7155.898
2,1366.408,104.508,1.5713,18.743,7156.939
2,1366.608,104.508,1.54,18.743,7157.98
2,1366.808,104.509,1.5087,18.744,7159.022
2,1367.008,104.509,1.4773,18.744,7160.063
2,1367.208,104.51,1.443,18.744,7161.104
2,1367.408,104.51,1.4087,18.744,7162.146
2,1367.608,104.511,1.3744,18.745,7163.187
2,1367.808,104.511,1.3402,18.745,7164.228
2,1368.008,104.512,1.3013,18.745,7165.27
2,1368.208,104.513,1.2493,18.745,7166.311
2,1368.408,104.514,1.1973,18.746,7167.352
2,1368.608,104.515,1.1452,18.746,7168.394
2,1368.808,104.516,1.0932,18.746,7169.435
2,1369.008,104.516,1.0383,18.746,7170.477
2,1369.208,104.517,0.9801,18.747,7171.518
2,1369.408,104.518,0.9218,18.747,7172.56
2,1369.608,104.519,0.8636,18.747,7173.601
2,1369.808,104.52,0.8053,18.747,7174.643
2,1370.008,104.522,0.7319,18.748,7175.684
2,1370.208,104.523,0.6506,18.748,7176.726
2,1370.408,104.524,0.5693,18.748,7177.767
2,1370.608,104.526,0.488,18.748,7178.809
2,1370.808,104.527,0.4067,18.749,7179.85
2,1371.008,104.53,0.2273,18.749,7180.892
2,1371.208,104.534,0.0314,18.749,7181.934
2,1371.408,104.534,0.0,18.749,7182.975
2,1371.608,104.534,0.0,18.76,7184.017
2,1371.808,104.534,0.0,18.783,7185.059
2,1372.008,104.534,0.0,18.818,7186.103
2,1372.208,104.534,0.0,18.86,7187.148
2,1372.408,104.534,0.0,18.91,7188.196
2,1372.608,104.534,0.0,18.967,7189.246
2,1372.808,104.534,0.0,19.032,7190.3
2,1373.008,104.534,0.0,19.103,7191.357
2,1373.208,104.534,0.0,19.18,7192.419
2,1373.408,104.534,0.0,19.261,7193.484
2,1373.608,104.534,0.0,19.348,7194.554
2,1373.808,104.534,0.0,19.439,7195.629
2,1374.008,104.534,0.0,19.534,7196.709
2,1374.208,104.534,0.0,19.633,7197.794
2,1374.408,104.534,0.0,19.734,7198.885
2,1374.608,104.534,0.0,19.838,7199.981
2,1374.808,104.534,0.0,19.946,7201.084
2,1375.008,104.534,0.0,20.054,7202.192
2,1375.208,104.534,0.0,20.164,7203.306
2,1375.408,104.534,0.0,20.274,7204.426
2,1375.608,104.534,0.0,20.385,7205.552
2,1375.808,104.534,0.0,20.496,7206.685
2,1376.008,104.534,0.0,20.605,7207.823
2,1376.208,104.534,0.0,20.714,7208.968
2,1376.408,104.534,0.0,20.821,7210.119
2,1376.608,104.534,0.0,20.926,7211.276
2,1376.808,104.534,0.0,21.028,7212.438
2,1377.008,104.534,0.0,21.127,7213.606
2,1377.208,104.534,0.0,21.223,7214.78
2,1377.408,104.534,0.0,21.315,7215.959
2,1377.608,104.534,0.0,21.403,7217.143
2,1377.808,104.534,0.0,21.486,7218.332
2,1378.008,104.534,0.0,21.565,7219.526
2,1378.208,104.534,0.0,21.64,7220.724
2,1378.408,104.534,0.0,21.709,7221.926
2,1378.608,104.534,0.0,21.774,7223.132
2,1378.808,104.534,0.0,21.833,7224.342
2,1379.008,104.534,0.0,21.887,7225.555
2,1379.208,104.534,0.0,21.936,7226.771
2,1379.408,104.534,0.0,21.979,7227.99
2,1379.608,104.534,0.0,22.016,7229.211
2,1379.808,104.534,0.0,22.048,7230.434
2,1380.008,104.534,0.0,22.074,7231.659
2,1380.208,104.534,0.0,22.094,7232.885
2,1380.408,104.534,0.0,22.108,7234.112
2,1380.608,104.534,0.0,22.115,7235.341
2,1380.808,104.534,0.0,22.117,7236.569
2,1381.008,104.534,0.0,22.112,7237.798
2,1381.208,104.534,0.0,22.101,7239.026
2,1381.408,104.534,0.0,22.084,7240.254
2,1381.608,104.534,0.0,22.061,7241.481
2,1381.808,104.534,0.0,22.032,7242.707
2,1382.008,104.534,0.0,21.996,7243.931
2,1382.208,104.534,0.0,21.954,7245.153
2,1382.408,104.534,0.0,21.905,7246.372
2,1382.608,104.534,0.0,21.85,7247.589
2,1382.808,104.534,0.0,21.788,7248.803
2,1383.008,104.534,0.0,21.719,7250.014
2,1383.208,104.534,0.0,21.643,7251.22
2,1383.408,104.534,0.0,21.56,7252.423
2,1383.608,104.534,0.0,21.47,7253.621
2,1383.808,104.534,0.0,21.372,7254.813
2,1384.008,104.534,0.0,21.268,7256.001
2,1384.208,104.534,0.0,21.156,7257.182
2,1384.408,104.534,0.0,21.036,7258.357
2,1384.608,104.534,0.0,20.91,7259.526
2,1384.808,104.534,0.0,20.775,7260.688
2,1385.008,104.534,0.0,20.634,7261.842
2,1385.208,104.534,0.0,20.485,7262.988
2,1385.408,104.533,0.0859,20.33,7264.126
2,1385.608,104.526,0.4733,20.172,7265.256
2,1385.808,104.52,0.821,20.03,7266.376
2,1386.008,104.514,1.1404,19.902,7267.489
2,1386.208,104.509,1.4352,19.787,7268.595
2,1386.408,104.505,1.7082,19.683,7269.694
2,1386.608,104.501,1.8964,19.589,7270.788
2,1386.808,104.499,2.0433,19.504,7271.876
2,1387.008,104.496,2.1764,19.428,7272.959
2,1387.208,104.494,2.2971,19.359,7274.039
2,1387.408,104.492,2.4072,19.297,7275.114
2,1387.608,104.49,2.5112,19.241,7276.186
2,1387.808,104.489,2.6065,19.191,7277.255
2,1388.008,104.487,2.6941,19.145,7278.321
2,1388.208,104.485,2.7748,19.104,7279.385
2,1388.408,104.484,2.857,19.067,7280.446
2,1388.608,104.482,2.9441,19.033,7281.506
2,1388.808,104.481,3.0262,19.003,7282.563
2,1389.008,104.48,3.1038,18.976,7283.619
2,1389.208,104.478,3.1775,18.951,7284.673
2,1389.408,104.477,3.2404,18.928,7285.726
2,1389.608,104.476,3.2968,18.908,7286.777
2,1389.808,104.475,3.3504,18.89,7287.828
2,1390.008,104.474,3.4014,18.873,7288.877
2,1390.208,104.473,3.4501,18.858,7289.926
2,1390.408,104.472,3.4995,18.845,7290.974
2,1390.608,104.471,3.5473,18.832,7292.02
2,1390.808,104.47,3.5934,18.821,7293.067
2,1391.008,104.469,3.638,18.811,7294.112
2,1391.208,104.469,3.6798,18.802,7295.157
2,1391.408,104.468,3.7118,18.793,7296.202
2,1391.608,104.467,3.7427,18.786,7297.246
2,1391.808,104.467,3.7726,18.779,7298.29
2,1392.008,104.466,3.8017,18.772,7299.333
2,1392.208,104.466,3.8289,18.767,7300.376
2,1392.408,104.465,3.8535,18.762,7301.418
2,1392.608,104.465,3.8775,18.757,7302.461
2,1392.808,104.464,3.9009,18.753,7303.503
2,1393.008,104.464,3.9238,18.749,7304.545
2,1393.208,104.463,3.9369,18.745,7305.586
2,1393.408,104.463,3.9423,18.742,7306.627
2,1393.608,104.463,3.9474,18.739,7307.669
2,1393.808,104.463,3.952,18.736,7308.71
2,1394.008,104.463,3.9564,18.734,7309.751
2,1394.208,104.462,3.9623,18.732,7310.791
2,1394.408,104.462,3.9686,18.73,7311.832
2,1394.608,104.462,3.9747,18.728,7312.873
2,1394.808,104.462,3.9805,18.726,7313.913
2,1395.008,104.462,3.9861,18.725,7314.953
2,1395.208,104.462,3.987,18.724,7315.994
2,1395.408,104.461,3.9875,18.722,7317.034
2,1395.608,104.461,3.9878,18.721,7318.074
2,1395.808,104.461,3.988,18.72,7319.114
2,1396.008,104.461,3.9874,18.72,7320.154
2,1396.208,104.461,3.9827,18.719,7321.194
2,1396.408,104.461,3.9779,18.718,7322.234
2,1396.608,104.461,3.973,18.717,7323.274
2,1396.808,104.461,3.968,18.717,7324.314
2,1397.008,104.461,3.9594,18.716,7325.354
2,1397.208,104.461,3.9438,18.716,7326.393
2,1397.408,104.462,3.9281,18.716,7327.433
2,1397.608,104.462,3.9124,18.715,7328.473
2,1397.808,104.462,3.8965,18.715,7329.513
2,1398.008,104.462,3.8797,18.715,7330.552
2,1398.208,104.462,3.8621,18.715,7331.592
2,1398.408,104.463,3.8444,18.715,7332.632
2,1398.608,104.463,3.8266,18.715,7333.672
2,1398.808,104.463,3.8088,18.715,7334.711
2,1399.008,104.463,3.7896,18.715,7335.751
2,1399.208,104.464,3.7697,18.715,7336.791
2,1399.408,104.464,3.7498,18.715,7337.83
2,1399.608,104.464,3.7299,18.715,7338.87
2,1399.808,104.464,3.7099,18.715,7339.91
2,1400.008,104.465,3.6847,18.715,7340.95
2,1400.208,104.465,3.659,18.716,7341.989
2,1400.408,104.465,3.6332,18.716,7343.029
2,1400.608,104.466,3.6075,18.716,7344.069
2,1400.808,104.466,3.5843,18.716,7345.109
2,1401.008,104.466,3.5839,18.717,7346.149
2,1401.208,104.466,3.5835,18.717,7347.188
2,1401.408,104.466,3.5832,18.717,7348.228
2,1401.608,104.466,3.5829,18.717,7349.268
3,1401.808,104.469,3.4156,18.718,7350.308
3,1402.008,104.469,3.3836,18.718,7351.348
3,1402.208,104.47,3.3515,18.719,7352.388
3,1402.408,104.47,3.3195,18.719,7353.428
3,1402.608,104.471,3.2874,18.72,7354.468
3,1402.808,104.471,3.2532,18.72,7355.508
3,1403.008,104.472,3.2169,18.721,7356.548
3,1403.208,104.472,3.1805,18.721,7357.588
3,1403.408,104.473,3.1441,18.722,7358.628
3,1403.608,104.473,3.1077,18.722,7359.668
3,1403.808,104.474,3.0695,18.723,7360.708
3,1404.008,104.474,3.0304,18.723,7361.748
3,1404.208,104.475,2.9913,18.724,7362.788
3,1404.408,104.476,2.9522,18.724,7363.828
3,1404.608,104.476,2.9131,18.725,7364.869
3,1404.808,104.477,2.8671,18.725,7365.909
3,1405.008,104.478,2.8201,18.726,7366.949
3,1405.208,104.479,2.773,18.727,7367.99
3,1405.408,104.479,2.726,18.727,7369.03
3,1405.608,104.48,2.6779,18.728,7370.07
3,1405.808,104.481,2.6163,18.728,7371.111
3,1406.008,104.482,2.5546,18.729,7372.151
3,1406.208,104.483,2.4929,18.73,7373.192
3,1406.408,104.484,2.4311,18.73,7374.232
3,1406.608,104.485,2.3683,18.731,7375.273
3,1406.808,104.486,2.3026,18.732,7376.313
3,1407.008,104.487,2.2368,18.732,7377.354
3,1407.208,104.488,2.1711,18.733,7378.395
3,1407.408,104.49,2.1053,18.734,7379.435
3,1407.608,104.491,2.0399,18.734,7380.476
3,1407.808,104.492,1.9751,18.735,7381.517
3,1408.008,104.493,1.9102,18.736,7382.558
3,1408.208,104.494,1.8454,18.736,7383.599
3,1408.408,104.495,1.7806,18.737,7384.64
3,1408.608,104.496,1.7176,18.738,7385.681
3,1408.808,104.497,1.6557,18.738,7386.722
3,1409.008,104.498,1.5938,18.739,7387.763
3,1409.208,104.499,1.5319,18.74,7388.804
3,1409.408,104.5,1.47,18.74,7389.845
3,1409.608,104.501,1.4095,18.741,7390.886
3,1409.808,104.502,1.3492,18.741,7391.927
3,1410.008,104.503,1.2889,18.742,7392.968
3,1410.208,104.504,1.2286,18.743,7394.009
3,1410.408,104.505,1.1686,18.743,7395.051
3,1410.608,104.506,1.1141,18.744,7396.092
3,1410.808,104.507,1.0595,18.744,7397.133
3,1411.008,104.508,1.005,18.745,7398.175
3,1411.208,104.509,0.9505,18.745,7399.216
3,1411.408,104.51,0.8981,18.745,7400.257
3,1411.608,104.511,0.8521,18.746,7401.299
3,1411.808,104.511,0.806,18.746,7402.34
3,1412.008,104.512,0.76,18.747,7403.382
3,1412.208,104.513,0.714,18.747,7404.423
3,1412.408,104.514,0.6708,18.747,7405.465
3,1412.608,104.514,0.6311,18.748,7406.506
3,1412.808,104.515,0.5914,18.748,7407.548
3,1413.008,104.516,0.5517,18.748,7408.589
3,1413.208,104.516,0.512,18.749,7409.631
3,1413.408,104.518,0.4316,18.749,7410.672
3,1413.608,104.52,0.3287,18.749,7411.714
3,1413.808,104.521,0.2258,18.749,7412.756
3,1414.008,104.523,0.123,18.749,7413.797
3,1414.208,104.525,0.0202,18.75,7414.839
3,1414.408,104.525,0.0,18.75,7415.881
3,1414.608,104.525,0.0,18.754,7416.922
3,1414.808,104.525,0.0,18.762,7417.964
3,1415.008,104.525,0.0,18.776,7419.006
3,1415.208,104.525,0.0,18.794,7420.049
3,1415.408,104.525,0.0,18.816,7421.094
3,1415.608,104.525,0.0,18.839,7422.139
3,1415.808,104.525,0.0,18.861,7423.185
3,1416.008,104.525,0.0,18.884,7424.233
3,1416.208,104.525,0.0,18.907,7425.282
3,1416.408,104.525,0.0,18.931,7426.333
3,1416.608,104.525,0.0,18.953,7427.385
3,1416.808,104.525,0.0,18.976,7428.438
3,1417.008,104.525,0.0,18.998,7429.492
3,1417.208,104.525,0.0,19.019,7430.547
3,1417.408,104.525,0.0,19.04,7431.604
3,1417.608,104.525,0.0,19.06,7432.662
3,1417.808,104.525,0.0,19.078,7433.72
3,1418.008,104.525,0.0,19.096,7434.78
3,1418.208,104.525,0.0,19.112,7435.841
3,1418.408,104.525,0.0,19.127,7436.903
3,1418.608,104.525,0.0,19.14,7437.966
3,1418.808,104.525,0.0,19.151,7439.029
3,1419.008,104.525,0.0,19.159,7440.093
3,1419.208,104.525,0.0,19.166,7441.157
3,1419.408,104.525,0.0,19.17,7442.222
3,1419.608,104.525,0.0,19.171,7443.287
3,1419.808,104.525,0.0,19.17,7444.352
3,1420.008,104.525,0.0,19.166,7445.417
3,1420.208,104.525,0.0,19.158,7446.482
3,1420.408,104.525,0.0,19.147,7447.546
3,1420.608,104.525,0.0,19.132,7448.61
3,1420.808,104.525,0.0,19.114,7449.673
3,1421.008,104.525,0.0,19.091,7450.735
3,1421.208,104.525,0.0,19.065,7451.795
3,1421.408,104.523,0.1059,19.034,7452.855
3,1421.608,104.521,0.2193,19.006,7453.912
3,1421.808,104.52,0.3279,18.981,7454.968
3,1422.008,104.517,0.4713,18.958,7456.022
3,1422.208,104.515,0.612,18.937,7457.076
3,1422.408,104.512,0.7491,18.918,7458.128
3,1422.608,104.51,0.8831,18.902,7459.179
3,1422.808,104.508,1.0095,18.886,7460.229
3,1423.008,104.506,1.1159,18.873,7461.278
3,1423.208,104.504,1.2202,18.86,7462.327
3,1423.408,104.502,1.3225,18.849,7463.374
3,1423.608,104.5,1.423,18.839,7464.422
3,1423.808,104.499,1.5091,18.83,7465.468
3,1424.008,104.498,1.5779,18.821,7466.514
3,1424.208,104.496,1.6454,18.814,7467.56
3,1424.408,104.495,1.7118,18.807,7468.605
3,1424.608,104.494,1.7773,18.801,7469.65
3,1424.808,104.493,1.8398,18.795,7470.694
3,1425.008,104.492,1.9005,18.79,7471.739
3,1425.208,104.491,1.9605,18.785,7472.782
3,1425.408,104.49,2.0198,18.781,7473.826
3,1425.608,104.489,2.0786,18.777,7474.869
3,1425.808,104.488,2.134,18.773,7475.913
3,1426.008,104.487,2.1886,18.77,7476.955
3,1426.208,104.486,2.2427,18.767,7477.998
3,1426.408,104.485,2.2964,18.764,7479.041
3,1426.608,104.484,2.349,18.762,7480.083
3,1426.808,104.483,2.3912,18.759,7481.126
3,1427.008,104.482,2.4331,18.757,7482.168
3,1427.208,104.481,2.4748,18.755,7483.21
3,1427.408,104.48,2.5162,18.753,7484.252
3,1427.608,104.48,2.556,18.751,7485.294
3,1427.808,104.479,2.5918,18.75,7486.335
3,1428.008,104.478,2.6274,18.748,7487.377
3,1428.208,104.478,2.6629,18.747,7488.419
3,1428.408,104.477,2.6983,18.746,7489.46
3,1428.608,104.476,2.7262,18.744,7490.502
3,1428.808,104.476,2.746,18.743,7491.543
3,1429.008,104.476,2.7656,18.742,7492.584
3,1429.208,104.475,2.7852,18.741,7493.625
3,1429.408,104.475,2.8047,18.74,7494.667
3,1429.608,104.475,2.8151,18.739,7495.708
3,1429.808,104.474,2.8211,18.739,7496.749
3,1430.008,104.474,2.8271,18.738,7497.79
3,1430.208,104.474,2.8329,18.737,7498.831
3,1430.408,104.474,2.8387,18.737,7499.872
3,1430.608,104.474,2.8278,18.736,7500.913
3,1430.808,104.474,2.8145,18.736,7501.954
3,1431.008,104.474,2.8011,18.735,7502.995
3,1431.208,104.475,2.7876,18.735,7504.035
3,1431.408,104.475,2.7734,18.735,7505.076
3,1431.608,104.475,2.7504,18.735,7506.117
3,1431.808,104.475,2.7274,18.734,7507.158
3,1432.008,104.476,2.7043,18.734,7508.199
3,1432.208,104.476,2.6811,18.734,7509.239
3,1432.408,104.477,2.6525,18.734,7510.28
3,1432.608,104.477,2.6093,18.734,7511.321
3,1432.808,104.478,2.566,18.734,7512.362
3,1433.008,104.479,2.5227,18.734,7513.403
3,1433.208,104.479,2.4793,18.734,7514.443
3,1433.408,104.48,2.4354,18.735,7515.484
3,1433.608,104.481,2.3909,18.735,7516.525
3,1433.808,104.481,2.3464,18.735,7517.566
3,1434.008,104.482,2.3018,18.735,7518.607
3,1434.208,104.483,2.2572,18.736,7519.647
3,1434.408,104.484,2.2037,18.736,7520.688
3,1434.608,104.485,2.1456,18.736,7521.729
3,1434.808,104.486,2.0874,18.737,7522.77
3,1435.008,104.487,2.0292,18.737,7523.811
3,1435.208,104.488,1.9709,18.738,7524.852
3,1435.408,104.489,1.9176,18.738,7525.893
3,1435.608,104.489,1.8652,18.738,7526.934
3,1435.808,104.49,1.8128,18.739,7527.975
3,1436.008,104.491,1.7603,18.739,7529.016
3,1436.208,104.492,1.7078,18.74,7530.057
3,1436.408,104.493,1.6542,18.74,7531.098
3,1436.608,104.494,1.6006,18.741,7532.139
3,1436.808,104.495,1.5471,18.741,7533.18
3,1437.008,104.496,1.4935,18.742,7534.222
3,1437.208,104.497,1.4384,18.742,7535.263
3,1437.408,104.498,1.3786,18.742,7536.304
3,1437.608,104.499,1.3188,18.743,7537.345
3,1437.808,104.5,1.2591,18.743,7538.387
3,1438.008,104.501,1.1993,18.744,7539.428
3,1438.208,104.501,1.1462,18.744,7540.469
3,1438.408,104.502,1.1014,18.745,7541.511
3,1438.608,104.503,1.0565,18.745,7542.552
3,1438.808,104.504,1.0116,18.745,7543.593
3,1439.008,104.504,0.9668,18.746,7544.635
3,1439.208,104.505,0.9123,18.746,7545.676
3,1439.408,104.506,0.8526,18.746,7546.718
3,1439.608,104.507,0.7929,18.747,7547.759
3,1439.808,104.508,0.7332,18.747,7548.801
3,1440.008,104.509,0.6735,18.747,7549.842
3,1440.208,104.511,0.6,18.748,7550.884
3,1440.408,104.512,0.524,18.748,7551.925
3,1440.608,104.513,0.448,18.748,7552.967
3,1440.808,104.515,0.372,18.749,7554.008
3,1441.008,104.516,0.2922,18.749,7555.05
3,1441.208,104.519,0.1352,18.749,7556.092
3,1441.408,104.521,0.0,18.749,7557.133
3,1441.608,104.521,0.0,18.751,7558.175
3,1441.808,104.521,0.0,18.762,7559.216
3,1442.008,104.521,0.0,18.784,7560.259
3,1442.208,104.521,0.0,18.814,7561.302
3,1442.408,104.521,0.0,18.849,7562.348
3,1442.608,104.521,0.0,18.889,7563.395
3,1442.808,104.521,0.0,18.935,7564.444
3,1443.008,104.521,0.0,18.985,7565.496
3,1443.208,104.521,0.0,19.041,7566.551
3,1443.408,104.521,0.0,19.1,7567.609
3,1443.608,104.521,0.0,19.162,7568.67
3,1443.808,104.521,0.0,19.228,7569.734
3,1444.008,104.521,0.0,19.298,7570.803
3,1444.208,104.521,0.0,19.371,7571.875
3,1444.408,104.521,0.0,19.445,7572.951
3,1444.608,104.521,0.0,19.523,7574.031
3,1444.808,104.521,0.0,19.602,7575.116
3,1445.008,104.521,0.0,19.684,7576.205
3,1445.208,104.521,0.0,19.767,7577.298
3,1445.408,104.521,0.0,19.851,7578.396
3,1445.608,104.521,0.0,19.936,7579.499
3,1445.808,104.521,0.0,20.023,7580.607
3,1446.008,104.521,0.0,20.109,7581.719
3,1446.208,104.521,0.0,20.195,7582.836
3,1446.408,104.521,0.0,20.28,7583.958
3,1446.608,104.521,0.0,20.364,7585.085
3,1446.808,104.521,0.0,20.447,7586.216
3,1447.008,104.521,0.0,20.527,7587.352
3,1447.208,104.521,0.0,20.605,7588.493
3,1447.408,104.521,0.0,20.679,7589.637
3,1447.608,104.521,0.0,20.751,7590.786
3,1447.808,104.521,0.0,20.818,7591.939
3,1448.008,104.521,0.0,20.881,7593.096
3,1448.208,104.521,0.0,20.94,7594.256
3,1448.408,104.521,0.0,20.993,7595.419
3,1448.608,104.521,0.0,21.042,7596.585
3,1448.808,104.521,0.0,21.085,7597.754
3,1449.008,104.521,0.0,21.123,7598.926
3,1449.208,104.521,0.0,21.154,7600.099
3,1449.408,104.521,0.0,21.18,7601.274
3,1449.608,104.521,0.0,21.2,7602.451
3,1449.808,104.521,0.0,21.214,7603.629
3,1450.008,104.521,0.0,21.222,7604.807
3,1450.208,104.521,0.0,21.223,7605.986
3,1450.408,104.521,0.0,21.218,7607.165
3,1450.608,104.521,0.0,21.205,7608.344
3,1450.808,104.521,0.0,21.186,7609.522
3,1451.008,104.521,0.0,21.159,7610.699
3,1451.208,104.521,0.0,21.126,7611.875
3,1451.408,104.521,0.0,21.085,7613.048
3,1451.608,104.521,0.0,21.036,7614.22
3,1451.808,104.521,0.0,20.98,7615.388
3,1452.008,104.521,0.0,20.916,7616.554
3,1452.208,104.521,0.0,20.844,7617.716
3,1452.408,104.521,0.0,20.764,7618.874
3,1452.608,104.521,0.0,20.675,7620.028
3,1452.808,104.521,0.0,20.578,7621.176
3,1453.008,104.521,0.0,20.471,7622.319
3,1453.208,104.521,0.0,20.355,7623.457
3,1453.408,104.521,0.0,20.23,7624.588
3,1453.608,104.518,0.1521,20.096,7625.711
3,1453.808,104.512,0.5412,19.962,7626.828
3,1454.008,104.505,0.9026,19.841,7627.937
3,1454.208,104.5,1.2397,19.732,7629.039
3,1454.408,104.494,1.5475,19.633,7630.135
3,1454.608,104.49,1.781,19.545,7631.226
3,1454.808,104.486,1.9986,19.465,7632.312
3,1455.008,104.483,2.2024,19.392,7633.393
3,1455.208,104.479,2.3939,19.327,7634.471
3,1455.408,104.476,2.5631,19.268,7635.544
3,1455.608,104.474,2.7117,19.215,7636.615
3,1455.808,104.471,2.8519,19.167,7637.682
3,1456.008,104.469,2.9845,19.123,7638.747
3,1456.208,104.466,3.1105,19.084,7639.81
3,1456.408,104.464,3.2589,19.048,7640.87
3,1456.608,104.461,3.4081,19.016,7641.928
3,1456.808,104.459,3.5525,18.987,7642.985
3,1457.008,104.456,3.6926,18.96,7644.039
3,1457.208,104.454,3.8288,18.936,7645.093
3,1457.408,104.451,3.9609,18.914,7646.145
3,1457.608,104.449,4.0899,18.894,7647.195
3,1457.808,104.447,4.2161,18.875,7648.245
3,1458.008,104.444,4.34,18.859,7649.294
3,1458.208,104.442,4.4564,18.843,7650.341
3,1458.408,104.44,4.56,18.829,7651.388
3,1458.608,104.438,4.6619,18.816,7652.434
3,1458.808,104.437,4.7622,18.804,7653.48
3,1459.008,104.435,4.861,18.793,7654.524
3,1459.208,104.433,4.9525,18.783,7655.568
3,1459.408,104.431,5.0377,18.774,7656.612
3,1459.608,104.43,5.1219,18.765,7657.655
3,1459.808,104.428,5.2052,18.757,7658.697
3,1460.008,104.427,5.2876,18.75,7659.739
3,1460.208,104.426,5.3507,18.743,7660.781
3,1460.408,104.424,5.4069,18.737,7661.822
3,1460.608,104.423,5.4625,18.731,7662.863
3,1460.808,104.422,5.5174,18.726,7663.904
3,1461.008,104.421,5.5719,18.721,7664.944
3,1461.208,104.42,5.6114,18.716,7665.984
3,1461.408,104.42,5.6497,18.712,7667.024
3,1461.608,104.419,5.6875,18.708,7668.064
3,1461.808,104.418,5.7249,18.704,7669.103
3,1462.008,104.417,5.7592,18.7,7670.142
3,1462.208,104.417,5.7758,18.697,7671.181
3,1462.408,104.416,5.792,18.694,7672.22
3,1462.608,104.416,5.8078,18.692,7673.258
3,1462.808,104.416,5.8234,18.689,7674.297
3,1463.008,104.415,5.8372,18.687,7675.335
3,1463.208,104.415,5.8475,18.685,7676.373
3,1463.408,104.415,5.8576,18.683,7677.411
3,1463.608,104.414,5.8675,18.681,7678.449
3,1463.808,104.414,5.8772,18.679,7679.487
3,1464.008,104.414,5.8788,18.678,7680.525
3,1464.208,104.414,5.8726,18.677,7681.562
3,1464.408,104.414,5.8662,18.675,7682.6
3,1464.608,104.414,5.8597,18.674,7683.637
3,1464.808,104.414,5.8529,18.673,7684.675
3,1465.008,104.414,5.8436,18.673,7685.712
3,1465.208,104.414,5.8331,18.672,7686.75
3,1465.408,104.414,5.8224,18.671,7687.787
3,1465.608,104.414,5.8116,18.671,7688.824
3,1465.808,104.414,5.8007,18.67,7689.862
3,1466.008,104.414,5.7819,18.67,7690.899
3,1466.208,104.414,5.7617,18.67,7691.936
3,1466.408,104.415,5.7414,18.67,7692.973
3,1466.608,104.415,5.721,18.67,7694.01
3,1466.808,104.415,5.6998,18.67,7695.048
3,1467.008,104.416,5.6632,18.67,7696.085
3,1467.208,104.416,5.6264,18.67,7697.122
3,1467.408,104.417,5.5895,18.67,7698.159
3,1467.608,104.417,5.5526,18.67,7699.196
3,1467.808,104.418,5.5127,18.671,7700.234
3,1468.008,104.418,5.4633,18.671,7701.271
3,1468.208,104.419,5.4137,18.672,7702.308
3,1468.408,104.42,5.3641,18.672,7703.346
3,1468.608,104.421,5.3143,18.673,7704.383
3,1468.808,104.421,5.2613,18.674,7705.42
3,1469.008,104.422,5.2037,18.675,7706.458
3,1469.208,104.423,5.1459,18.675,7707.495
3,1469.408,104.424,5.0881,18.676,7708.533
3,1469.608,104.425,5.0302,18.677,7709.57
3,1469.808,104.426,4.9699,18.678,7710.608
3,1470.008,104.427,4.908,18.68,7711.646
3,1470.208,104.428,4.846,18.681,7712.683
3,1470.408,104.429,4.7839,18.682,7713.721
3,1470.608,104.43,4.7218,18.683,7714.759
3,1470.808,104.431,4.6555,18.684,7715.797
3,1471.008,104.432,4.588,18.686,7716.835
3,1471.208,104.433,4.5204,18.687,7717.873
3,1471.408,104.434,4.4528,18.688,7718.911
3,1471.608,104.435,4.3851,18.69,7719.95
3,1471.808,104.436,4.3064,18.691,7720.988
3,1472.008,104.438,4.227,18.692,7722.026
3,1472.208,104.439,4.1477,18.694,7723.065
3,1472.408,104.44,4.0682,18.695,7724.103
3,1472.608,104.442,3.9879,18.697,7725.142
3,1472.808,104.443,3.9027,18.698,7726.181
3,1473.008,104.444,3.8174,18.7,7727.219
3,1473.208,104.446,3.732,18.701,7728.258
3,1473.408,104.447,3.6466,18.703,7729.297
3,1473.608,104.449,3.5616,18.704,7730.336
3,1473.808,104.45,3.4773,18.706,7731.375
3,1474.008,104.451,3.3929,18.707,7732.415
3,1474.208,104.453,3.3085,18.709,7733.454
3,1474.408,104.454,3.2242,18.71,7734.493
3,1474.608,104.456,3.1423,18.712,7735.533
3,1474.808,104.457,3.0628,18.713,7736.572
3,1475.008,104.458,2.9833,18.715,7737.612
3,1475.208,104.459,2.9039,18.716,7738.652
3,1475.408,104.461,2.8244,18.718,7739.691
3,1475.608,104.462,2.7491,18.719,7740.731
3,1475.808,104.463,2.6756,18.721,7741.771
3,1476.008,104.464,2.602,18.722,7742.811
3,1476.208,104.466,2.5285,18.723,7743.851
3,1476.408,104.467,2.4551,18.724,7744.892
3,1476.608,104.468,2.3996,18.726,7745.932
3,1476.808,104.469,2.3462,18.727,7746.972
3,1477.008,104.47,2.2928,18.728,7748.013
3,1477.208,104.47,2.2396,18.729,7749.053
3,1477.408,104.471,2.1871,18.73,7750.093
3,1477.608,104.472,2.1416,18.731,7751.134
3,1477.808,104.473,2.0962,18.732,7752.175
3,1478.008,104.473,2.0508,18.733,7753.215
3,1478.208,104.474,2.0055,18.734,7754.256
3,1478.408,104.475,1.965,18.734,7755.297
3,1478.608,104.475,1.9363,18.735,7756.338
3,1478.808,104.476,1.9076,18.736,7757.378
3,1479.008,104.476,1.879,18.737,7758.419
3,1479.208,104.477,1.8505,18.737,7759.46
3,1479.408,104.477,1.827,18.738,7760.501
3,1479.608,104.477,1.809,18.738,7761.542
3,1479.808,104.478,1.7911,18.739,7762.583
3,1480.008,104.478,1.7732,18.739,7763.624
3,1480.208,104.478,1.7553,18.74,7764.665
3,1480.408,104.478,1.7371,18.74,7765.706
3,1480.608,104.479,1.7187,18.741,7766.747
3,1480.808,104.479,1.7003,18.741,7767.789
3,1481.008,104.479,1.682,18.741,7768.83
3,1481.208,104.48,1.6637,18.742,7769.871
3,1481.408,104.48,1.6486,18.742,7770.912
3,1481.608,104.48,1.6341,18.742,7771.953
3,1481.808,104.48,1.6196,18.742,7772.995
3,1482.008,104.48,1.6051,18.743,7774.036
3,1482.208,104.481,1.5901,18.743,7775.077
3,1482.408,104.481,1.5676,18.743,7776.118
3,1482.608,104.481,1.5451,18.743,7777.16
3,1482.808,104.482,1.5227,18.744,7778.201
3,1483.008,104.482,1.5002,18.744,7779.242
3,1483.208,104.482,1.4772,18.744,7780.284
3,1483.408,104.483,1.4526,18.744,7781.325
3,1483.608,104.483,1.428,18.745,7782.366
3,1483.808,104.484,1.4034,18.745,7783.408
3,1484.008,104.484,1.3788,18.745,7784.449
3,1484.208,104.484,1.3588,18.745,7785.49
3,1484.408,104.485,1.3441,18.745,7786.532
3,1484.608,104.485,1.3293,18.746,7787.573
3,1484.808,104.485,1.3146,18.746,7788.615
3,1485.008,104.485,1.2999,18.746,7789.656
3,1485.208,104.485,1.2975,18.746,7790.698
3,1485.408,104.485,1.3013,18.746,7791.739
3,1485.608,104.485,1.3052,18.746,7792.78
3,1485.808,104.485,1.309,18.746,7793.822
3,1486.008,104.485,1.3129,18.746,7794.863
3,1486.208,104.485,1.3281,18.747,7795.905
3,1486.408,104.484,1.3452,18.747,7796.946
3,1486.608,104.484,1.3622,18.747,7797.988
3,1486.808,104.484,1.3793,18.747,7799.029
3,1487.008,104.483,1.3979,18.747,7800.071
3,1487.208,104.483,1.4359,18.747,7801.112
3,1487.408,104.482,1.4739,18.747,7802.154
3,1487.608,104.481,1.512,18.747,7803.195
3,1487.808,104.48,1.5502,18.747,7804.237
3,1488.008,104.48,1.595,18.747,7805.278
3,1488.208,104.479,1.658,18.746,7806.32
3,1488.408,104.477,1.7212,18.746,7807.361
3,1488.608,104.476,1.7843,18.746,7808.403
3,1488.808,104.475,1.8475,18.746,7809.444
3,1489.008,104.474,1.9088,18.746,7810.485
3,1489.208,104.473,1.9679,18.745,7811.527
3,1489.408,104.472,2.027,18.745,7812.568
3,1489.608,104.471,2.0861,18.745,7813.61
3,1489.808,104.47,2.1452,18.744,7814.651
3,1490.008,104.469,2.2098,18.744,7815.692
3,1490.208,104.467,2.2772,18.743,7816.734
3,1490.408,104.466,2.3447,18.743,7817.775
3,1490.608,104.465,2.4121,18.742,7818.816
3,1490.808,104.464,2.4796,18.742,7819.857
3,1491.008,104.463,2.533,18.741,7820.899
3,1491.208,104.462,2.5842,18.741,7821.94
3,1491.408,104.461,2.6353,18.74,7822.981
3,1491.608,104.46,2.6865,18.74,7824.022
3,1491.808,104.459,2.7365,18.739,7825.063
3,1492.008,104.458,2.7687,18.738,7826.104
3,1492.208,104.458,2.8009,18.738,7827.145
3,1492.408,104.457,2.8331,18.737,7828.186
3,1492.608,104.456,2.8652,18.737,7829.227
3,1492.808,104.456,2.8912,18.736,7830.268
3,1493.008,104.456,2.8997,18.736,7831.309
3,1493.208,104.455,2.9082,18.735,7832.35
3,1493.408,104.455,2.9166,18.735,7833.391
3,1493.608,104.455,2.9249,18.734,7834.432
3,1493.808,104.455,2.9263,18.734,7835.472
3,1494.008,104.455,2.9194,18.733,7836.513
3,1494.208,104.455,2.9124,18.733,7837.554
3,1494.408,104.455,2.9053,18.733,7838.595
3,1494.608,104.455,2.8982,18.733,7839.635
3,1494.808,104.455,2.8824,18.732,7840.676
3,1495.008,104.456,2.8619,18.732,7841.717
3,1495.208,104.456,2.8414,18.732,7842.757
3,1495.408,104.456,2.8208,18.732,7843.798
3,1495.608,104.456,2.8002,18.732,7844.839
3,1495.808,104.457,2.7757,18.732,7845.879
3,1496.008,104.457,2.7505,18.732,7846.92
3,1496.208,104.458,2.7252,18.732,7847.961
3,1496.408,104.458,2.6999,18.732,7849.001
3,1496.608,104.458,2.6747,18.732,7850.042
3,1496.808,104.459,2.6527,18.732,7851.083
3,1497.008,104.459,2.6304,18.733,7852.123
3,1497.208,104.459,2.6085,18.733,7853.164
3,1497.408,104.46,2.5858,18.733,7854.205
3,1497.608,104.46,2.5642,18.733,7855.246
3,1497.808,104.46,2.5447,18.733,7856.286
3,1498.008,104.461,2.5231,18.734,7857.327
3,1498.208,104.461,2.5049,18.734,7858.368
3,1498.408,104.461,2.4843,18.734,7859.409
3,1498.608,104.461,2.4648,18.734,7860.449
3,1498.808,104.462,2.4489,18.734,7861.49
3,1499.008,104.462,2.4302,18.735,7862.531
3,1499.208,104.462,2.4116,18.735,7863.572
3,1499.408,104.463,2.3888,18.735,7864.613
3,1499.608,104.463,2.3692,18.735,7865.653
3,1499.808,104.463,2.3498,18.736,7866.694
3,1500.008,104.463,2.3274,18.736,7867.735
3,1500.208,104.464,2.3099,18.736,7868.776
3,1500.408,104.464,2.294,18.736,7869.817
3,1500.608,104.464,2.2694,18.736,7870.858
3,1500.808,104.465,2.2398,18.737,7871.899
3,1501.008,104.465,2.2143,18.737,7872.94
3,1501.208,104.466,2.1891,18.737,7873.981
3,1501.408,104.466,2.1613,18.737,7875.022
3,1501.608,104.466,2.131,18.738,7876.062
3,1501.808,104.467,2.0978,18.738,7877.103
3,1502.008,104.468,2.0563,18.738,7878.144
3,1502.208,104.468,2.0194,18.738,7879.185
3,1502.408,104.469,1.9863,18.739,7880.226
3,1502.608,104.469,1.9525,18.739,7881.268
3,1502.808,104.47,1.9171,18.739,7882.309
3,1503.008,104.47,1.8905,18.74,7883.35
3,1503.208,104.471,1.8666,18.74,7884.391
3,1503.408,104.471,1.8376,18.74,7885.432
3,1503.608,104.471,1.8249,18.741,7886.473
3,1503.808,104.472,1.8023,18.741,7887.514
3,1504.008,104.472,1.7776,18.741,7888.555
3,1504.208,104.472,1.7681,18.741,7889.596
3,1504.408,104.472,1.7677,18.742,7890.638
3,1504.608,104.472,1.7613,18.742,7891.679
3,1504.808,104.472,1.7562,18.742,7892.72
3,1505.008,104.472,1.7644,18.742,7893.761
3,1505.208,104.472,1.7648,18.742,7894.803
3,1505.408,104.472,1.781,18.743,7895.844
3,1505.608,104.471,1.7963,18.743,7896.885
3,1505.808,104.471,1.821,18.743,7897.926
3,1506.008,104.47,1.8685,18.743,7898.968
3,1506.208,104.47,1.8811,18.743,7900.009
3,1506.408,104.469,1.9525,18.743,7901.05
3,1506.608,104.468,2.0,18.743,7902.091
3,1506.808,104.467,2.0444,18.743,7903.133
3,1507.008,104.466,2.1091,18.743,7904.174
3,1507.208,104.465,2.1689,18.742,7905.215
3,1507.408,104.463,2.2515,18.742,7906.256
3,1507.608,104.461,2.3491,18.742,7907.298
3,1507.808,104.459,2.4569,18.741,7908.339
3,1508.008,104.458,2.5471,18.741,7909.38
3,1508.208,104.456,2.6291,18.74,7910.421
3,1508.408,104.455,2.724,18.74,7911.462
3,1508.608,104.453,2.8306,18.739,7912.503
3,1508.808,104.451,2.951,18.738,7913.544
3,1509.008,104.448,3.0644,18.737,7914.585
3,1509.208,104.446,3.1816,18.737,7915.626
3,1509.408,104.444,3.3138,18.736,7916.667
3,1509.608,104.442,3.4011,18.734,7917.708
3,1509.808,104.44,3.5308,18.733,7918.749
3,1510.008,104.438,3.6494,18.732,7919.79
3,1510.208,104.436,3.7675,18.731,7920.83
3,1510.408,104.434,3.8918,18.729,7921.871
3,1510.608,104.431,4.0056,18.728,7922.912
3,1510.808,104.43,4.1078,18.726,7923.952
3,1511.008,104.428,4.1965,18.724,7924.992
3,1511.208,104.426,4.3126,18.723,7926.032
3,1511.408,104.424,4.4052,18.721,7927.073
3,1511.608,104.422,4.515,18.719,7928.113
3,1511.808,104.421,4.6003,18.717,7929.153
3,1512.008,104.419,4.7081,18.715,7930.192
3,1512.208,104.417,4.8105,18.713,7931.232
3,1512.408,104.415,4.8994,18.711,7932.272
3,1512.608,104.413,5.001,18.709,7933.311
3,1512.808,104.412,5.084,18.707,7934.351
3,1513.008,104.41,5.165,18.705,7935.39
3,1513.208,104.408,5.2475,18.703,7936.429
3,1513.408,104.407,5.3268,18.701,7937.468
3,1513.608,104.405,5.4145,18.699,7938.507
3,1513.808,104.404,5.4961,18.697,7939.546
3,1514.008,104.402,5.5882,18.695,7940.585
3,1514.208,104.4,5.6895,18.693,7941.623
3,1514.408,104.399,5.7721,18.69,7942.662
3,1514.608,104.397,5.8615,18.688,7943.7
3,1514.808,104.395,5.9389,18.686,7944.738
3,1515.008,104.395,5.9837,18.684,7945.777
3,1515.208,104.393,6.0684,18.681,7946.815
3,1515.408,104.391,6.1538,18.679,7947.852
3,1515.608,104.39,6.1951,18.677,7948.89
3,1515.808,104.389,6.2576,18.675,7949.928
3,1516.008,104.389,6.2744,18.672,7950.965
3,1516.208,104.388,6.332,18.67,7952.003
3,1516.408,104.386,6.4157,18.669,7953.04
3,1516.608,104.385,6.4688,18.666,7954.077
3,1516.808,104.384,6.5014,18.664,7955.114
3,1517.008,104.383,6.5691,18.663,7956.151
3,1517.208,104.382,6.6235,18.661,7957.188
3,1517.408,104.381,6.6701,18.659,7958.224
3,1517.608,104.38,6.7313,18.657,7959.261
3,1517.808,104.379,6.7591,18.655,7960.297
3,1518.008,104.378,6.7974,18.653,7961.334
3,1518.208,104.379,6.7596,18.651,7962.37
3,1518.408,104.378,6.7845,18.65,7963.406
3,1518.608,104.378,6.7777,18.648,7964.442
3,1518.808,104.378,6.7857,18.647,7965.478
3,1519.008,104.378,6.7514,18.646,7966.514
3,1519.208,104.379,6.6986,18.645,7967.55
3,1519.408,104.379,6.6945,18.644,7968.586
3,1519.608,104.38,6.6486,18.644,7969.622
3,1519.808,104.381,6.5571,18.643,7970.658
3,1520.008,104.382,6.4998,18.643,7971.693
3,1520.208,104.382,6.4751,18.644,7972.729
3,1520.408,104.382,6.4605,18.644,7973.765
3,1520.608,104.382,6.4409,18.644,7974.801
3,1520.808,104.384,6.3156,18.644,7975.836
3,1521.008,104.386,6.226,18.645,7976.872
3,1521.208,104.388,6.1158,18.646,7977.908
3,1521.408,104.389,6.0316,18.647,7978.944
3,1521.608,104.391,5.9016,18.648,7979.98
3,1521.808,104.393,5.8029,18.65,7981.016
3,1522.008,104.394,5.6938,18.652,7982.052
3,1522.208,104.396,5.6084,18.653,7983.088
3,1522.408,104.397,5.5214,18.655,7984.125
3,1522.608,104.399,5.407,18.657,7985.161
3,1522.808,104.402,5.2452,18.659,7986.197
3,1523.008,104.404,5.1329,18.662,7987.234
3,1523.208,104.406,4.9926,18.664,7988.271
3,1523.408,104.408,4.8682,18.666,7989.308
3,1523.608,104.41,4.7669,18.669,7990.345
3,1523.808,104.413,4.5905,18.672,7991.382
3,1524.008,104.415,4.4517,18.674,7992.419
3,1524.208,104.417,4.2976,18.677,7993.457
3,1524.408,104.42,4.1701,18.68,7994.494
3,1524.608,104.422,4.0471,18.683,7995.532
3,1524.808,104.424,3.9209,18.685,7996.57
3,1525.008,104.426,3.7965,18.688,7997.608
3,1525.208,104.428,3.6447,18.691,7998.646
3,1525.408,104.431,3.498,18.694,7999.685
3,1525.608,104.433,3.3675,18.696,8000.723
3,1525.808,104.435,3.2453,18.699,8001.762
3,1526.008,104.437,3.1163,18.702,8002.801
3,1526.208,104.44,2.9694,18.704,8003.84
3,1526.408,104.442,2.8361,18.707,8004.879
3,1526.608,104.444,2.7275,18.709,8005.918
3,1526.808,104.446,2.5927,18.712,8006.957
3,1527.008,104.448,2.4632,18.714,8007.997
3,1527.208,104.45,2.364,18.716,8009.037
3,1527.408,104.451,2.3054,18.718,8010.076
3,1527.608,104.452,2.2223,18.72,8011.116
3,1527.808,104.454,2.1112,18.722,8012.156
3,1528.008,104.455,2.0604,18.724,8013.197
3,1528.208,104.456,1.9861,18.726,8014.237
3,1528.408,104.458,1.8821,18.727,8015.277
3,1528.608,104.459,1.8249,18.729,8016.317
3,1528.808,104.46,1.7704,18.73,8017.358
3,1529.008,104.461,1.7303,18.732,8018.399
3,1529.208,104.462,1.6447,18.733,8019.439
3,1529.408,104.463,1.612,18.734,8020.48
3,1529.608,104.464,1.5534,18.735,8021.521
3,1529.808,104.464,1.5106,18.736,8022.562
3,1530.008,104.466,1.4332,18.737,8023.602
3,1530.208,104.466,1.4129,18.738,8024.643
3,1530.408,104.466,1.3811,18.739,8025.684
3,1530.608,104.467,1.3301,18.74,8026.725
3,1530.808,104.468,1.31,18.741,8027.767
3,1531.008,104.468,1.2965,18.741,8028.808
3,1531.208,104.468,1.2885,18.742,8029.849
3,1531.408,104.468,1.2782,18.742,8030.89
3,1531.608,104.469,1.2023,18.743,8031.931
3,1531.808,104.47,1.1471,18.743,8032.973
3,1532.008,104.471,1.116,18.744,8034.014
3,1532.208,104.471,1.0916,18.744,8035.055
3,1532.408,104.472,1.0496,18.745,8036.097
3,1532.608,104.472,1.0609,18.745,8037.138
3,1532.808,104.472,1.058,18.746,8038.179
3,1533.008,104.473,1.0032,18.746,8039.221
3,1533.208,104.473,0.9661,18.746,8040.262
3,1533.408,104.473,0.9924,18.747,8041.304
3,1533.608,104.473,0.9514,18.747,8042.345
3,1533.808,104.473,0.998,18.747,8043.387
3,1534.008,104.472,1.035,18.747,8044.428
3,1534.208,104.472,1.0118,18.747,8045.47
3,1534.408,104.472,1.0367,18.748,8046.511
3,1534.608,104.471,1.0762,18.748,8047.553
3,1534.808,104.471,1.0586,18.748,8048.594
3,1535.008,104.472,1.0312,18.748,8049.636
3,1535.208,104.471,1.0925,18.748,8050.677
3,1535.408,104.47,1.1195,18.748,8051.719
3,1535.608,104.47,1.1142,18.748,8052.761
3,1535.808,104.469,1.1718,18.748,8053.802
3,1536.008,104.468,1.229,18.748,8054.844
3,1536.208,104.467,1.2898,18.748,8055.885
3,1536.408,104.466,1.3419,18.748,8056.927
3,1536.608,104.466,1.3736,18.748,8057.968
3,1536.808,104.465,1.3908,18.748,8059.01
3,1537.008,104.464,1.4634,18.748,8060.051
3,1537.208,104.463,1.5391,18.748,8061.093
3,1537.408,104.462,1.5713,18.747,8062.135
3,1537.608,104.461,1.6165,18.747,8063.176
3,1537.808,104.46,1.6646,18.747,8064.218
3,1538.008,104.459,1.7208,18.747,8065.259
3,1538.208,104.458,1.7853,18.747,8066.301
3,1538.408,104.457,1.8826,18.746,8067.342
3,1538.608,104.455,1.95,18.746,8068.384
3,1538.808,104.454,2.0399,18.746,8069.425
3,1539.008,104.452,2.1115,18.745,8070.466
3,1539.208,104.451,2.2082,18.745,8071.508
3,1539.408,104.449,2.2794,18.744,8072.549
3,1539.608,104.448,2.3748,18.744,8073.59
3,1539.808,104.447,2.4322,18.743,8074.632
3,1540.008,104.446,2.4681,18.742,8075.673
3,1540.208,104.444,2.5655,18.742,8076.714
3,1540.408,104.443,2.6114,18.741,8077.756
3,1540.608,104.442,2.6616,18.74,8078.797
3,1540.808,104.44,2.7687,18.74,8079.838
3,1541.008,104.439,2.8335,18.739,8080.879
3,1541.208,104.438,2.907,18.738,8081.92
3,1541.408,104.437,2.9848,18.738,8082.961
3,1541.608,104.435,3.0676,18.737,8084.002
3,1541.808,104.433,3.1615,18.736,8085.043
3,1542.008,104.432,3.2296,18.735,8086.084
3,1542.208,104.431,3.2829,18.734,8087.125
3,1542.408,104.429,3.3792,18.733,8088.165
3,1542.608,104.428,3.4508,18.732,8089.206
3,1542.808,104.427,3.5133,18.731,8090.247
3,1543.008,104.425,3.6001,18.73,8091.287
3,1543.208,104.424,3.6884,18.729,8092.328
3,1543.408,104.422,3.7653,18.728,8093.368
3,1543.608,104.422,3.7909,18.727,8094.409
3,1543.808,104.419,3.9113,18.725,8095.449
3,1544.008,104.418,3.9845,18.724,8096.49
3,1544.208,104.417,4.0274,18.723,8097.53
3,1544.408,104.416,4.115,18.722,8098.57
3,1544.608,104.414,4.2196,18.721,8099.61
3,1544.808,104.412,4.3205,18.719,8100.65
3,1545.008,104.41,4.4028,18.718,8101.69
3,1545.208,104.409,4.487,18.716,8102.73
3,1545.408,104.408,4.5182,18.715,8103.77
3,1545.608,104.408,4.5316,18.713,8104.809
3,1545.808,104.406,4.6179,18.712,8105.849
3,1546.008,104.405,4.6777,18.711,8106.889
3,1546.208,104.404,4.7371,18.709,8107.928
3,1546.408,104.403,4.7573,18.708,8108.967
3,1546.608,104.402,4.8491,18.707,8110.007
3,1546.808,104.401,4.8773,18.705,8111.046
3,1547.008,104.4,4.9378,18.704,8112.085
3,1547.208,104.4,4.9483,18.702,8113.124
3,1547.408,104.4,4.9447,18.701,8114.163
3,1547.608,104.399,4.9904,18.7,8115.202
3,1547.808,104.398,5.033,18.699,8116.241
3,1548.008,104.398,5.0406,18.698,8117.28
3,1548.208,104.396,5.1245,18.697,8118.319
3,1548.408,104.396,5.1437,18.696,8119.358
3,1548.608,104.394,5.2009,18.695,8120.396
3,1548.808,104.394,5.2453,18.694,8121.435
3,1549.008,104.394,5.2316,18.692,8122.473
3,1549.208,104.393,5.2613,18.692,8123.512
3,1549.408,104.393,5.2615,18.691,8124.55
3,1549.608,104.392,5.2831,18.69,8125.589
3,1549.808,104.392,5.2955,18.689,8126.627
3,1550.008,104.391,5.3326,18.688,8127.665
3,1550.208,104.391,5.331,18.687,8128.703
3,1550.408,104.391,5.3584,18.687,8129.742
3,1550.608,104.39,5.3862,18.686,8130.78
3,1550.808,104.389,5.421,18.685,8131.818
3,1551.008,104.389,5.4108,18.684,8132.856
3,1551.208,104.389,5.4359,18.684,8133.894
3,1551.408,104.388,5.4618,18.683,8134.932
3,1551.608,104.388,5.4892,18.682,8135.97
3,1551.808,104.388,5.4352,18.682,8137.008
3,1552.008,104.389,5.394,18.681,8138.046
3,1552.208,104.39,5.3541,18.681,8139.083
3,1552.408,104.39,5.3449,18.681,8140.121
3,1552.608,104.39,5.3122,18.681,8141.159
3,1552.808,104.39,5.2974,18.681,8142.197
3,1553.008,104.39,5.2863,18.681,8143.235
3,1553.208,104.39,5.302,18.681,8144.273
3,1553.408,104.39,5.3151,18.681,8145.31
3,1553.608,104.39,5.2985,18.681,8146.348
3,1553.808,104.39,5.2893,18.681,8147.386
3,1554.008,104.39,5.2473,18.681,8148.424
3,1554.208,104.391,5.2299,18.681,8149.462
3,1554.408,104.391,5.2179,18.681,8150.5
3,1554.608,104.391,5.1967,18.681,8151.537
3,1554.808,104.39,5.2255,18.682,8152.575
3,1555.008,104.391,5.1631,18.682,8153.613
3,1555.208,104.392,5.1406,18.682,8154.651
3,1555.408,104.392,5.1206,18.682,8155.689
3,1555.608,104.392,5.113,18.683,8156.727
3,1555.808,104.392,5.0955,18.683,8157.765
3,1556.008,104.393,5.0369,18.683,8158.803
3,1556.208,104.394,4.9936,18.684,8159.841
3,1556.408,104.394,4.9719,18.684,8160.879
3,1556.608,104.394,4.9416,18.685,8161.917
3,1556.808,104.394,4.9309,18.685,8162.955
3,1557.008,104.395,4.9093,18.686,8163.993
3,1557.208,104.395,4.8711,18.686,8165.031
3,1557.408,104.396,4.8177,18.687,8166.069
3,1557.608,104.396,4.7859,18.688,8167.107
3,1557.808,104.397,4.725,18.688,8168.145
3,1558.008,104.398,4.673,18.689,8169.184
3,1558.208,104.398,4.6465,18.69,8170.222
3,1558.408,104.4,4.5753,18.69,8171.26
3,1558.608,104.4,4.5224,18.691,8172.299
3,1558.808,104.402,4.4077,18.692,8173.337
3,1559.008,104.404,4.3304,18.693,8174.375
3,1559.208,104.405,4.268,18.694,8175.414
3,1559.408,104.405,4.2147,18.696,8176.452
3,1559.608,104.406,4.1474,18.697,8177.491
3,1559.808,104.407,4.0844,18.698,8178.53
3,1560.008,104.409,4.0034,18.699,8179.569
3,1560.208,104.41,3.9391,18.7,8180.607
3,1560.408,104.41,3.8923,18.702,8181.646
3,1560.608,104.412,3.8112,18.703,8182.685
3,1560.808,104.413,3.7225,18.704,8183.724
3,1561.008,104.414,3.6802,18.705,8184.763
3,1561.208,104.414,3.6612,18.706,8185.803
3,1561.408,104.415,3.6362,18.708,8186.842
3,1561.608,104.416,3.5678,18.709,8187.881
3,1561.808,104.417,3.5078,18.71,8188.921
3,1562.008,104.418,3.4448,18.711,8189.96
3,1562.208,104.418,3.4279,18.712,8191.0
3,1562.408,104.418,3.4173,18.713,8192.039
3,1562.608,104.419,3.3741,18.714,8193.079
3,1562.808,104.419,3.3598,18.715,8194.118
3,1563.008,104.419,3.3417,18.716,8195.158
3,1563.208,104.419,3.3541,18.716,8196.198
3,1563.408,104.419,3.3306,18.717,8197.238
3,1563.608,104.419,3.318,18.718,8198.277
3,1563.808,104.42,3.2595,18.718,8199.317
3,1564.008,104.42,3.2347,18.719,8200.357
3,1564.208,104.42,3.2403,18.72,8201.397
3,1564.408,104.421,3.2048,18.72,8202.437
3,1564.608,104.421,3.1797,18.721,8203.477
3,1564.808,104.421,3.1713,18.721,8204.517
3,1565.008,104.421,3.1662,18.722,8205.557
3,1565.208,104.421,3.1575,18.722,8206.597
3,1565.408,104.421,3.157,18.723,8207.638
3,1565.608,104.421,3.1789,18.723,8208.678
3,1565.808,104.42,3.2191,18.723,8209.718
3,1566.008,104.42,3.2425,18.724,8210.758
3,1566.208,104.419,3.2502,18.724,8211.798
3,1566.408,104.419,3.281,18.724,8212.839
3,1566.608,104.419,3.2479,18.724,8213.879
3,1566.808,104.419,3.2739,18.724,8214.919
3,1567.008,104.419,3.281,18.724,8215.959
3,1567.208,104.418,3.2844,18.724,8216.999
3,1567.408,104.419,3.2757,18.724,8218.04
3,1567.608,104.418,3.2813,18.724,8219.08
3,1567.808,104.418,3.2975,18.724,8220.12
3,1568.008,104.418,3.293,18.724,8221.16
3,1568.208,104.418,3.2829,18.724,8222.201
3,1568.408,104.418,3.3029,18.724,8223.241
3,1568.608,104.417,3.3474,18.724,8224.281
3,1568.808,104.416,3.3823,18.724,8225.321
3,1569.008,104.416,3.4146,18.724,8226.362
3,1569.208,104.416,3.4051,18.724,8227.402
3,1569.408,104.416,3.4002,18.724,8228.442
3,1569.608,104.416,3.3978,18.724,8229.482
3,1569.808,104.415,3.4521,18.724,8230.522
3,1570.008,104.414,3.4546,18.723,8231.563
3,1570.208,104.414,3.4957,18.723,8232.603
3,1570.408,104.413,3.528,18.723,8233.643
3,1570.608,104.413,3.5202,18.723,8234.683
3,1570.808,104.413,3.5419,18.723,8235.723
3,1571.008,104.412,3.5849,18.722,8236.764
3,1571.208,104.411,3.6112,18.722,8237.804
3,1571.408,104.411,3.6266,18.722,8238.844
3,1571.608,104.41,3.6631,18.721,8239.884
3,1571.808,104.41,3.6457,18.721,8240.924
3,1572.008,104.41,3.653,18.721,8241.964
3,1572.208,104.41,3.6742,18.721,8243.004
3,1572.408,104.409,3.7122,18.72,8244.044
3,1572.608,104.408,3.7621,18.72,8245.084
3,1572.808,104.408,3.7555,18.72,8246.124
3,1573.008,104.408,3.766,18.719,8247.164
3,1573.208,104.407,3.8057,18.719,8248.204
3,1573.408,104.406,3.8437,18.719,8249.244
3,1573.608,104.406,3.8385,18.718,8250.284
3,1573.808,104.406,3.8338,18.718,8251.324
3,1574.008,104.406,3.8439,18.717,8252.364
3,1574.208,104.405,3.8723,18.717,8253.403
3,1574.408,104.406,3.8328,18.717,8254.443
3,1574.608,104.405,3.8794,18.717,8255.483
3,1574.808,104.405,3.8768,18.716,8256.523
3,1575.008,104.404,3.9047,18.716,8257.563
3,1575.208,104.404,3.9437,18.716,8258.603
3,1575.408,104.404,3.9344,18.716,8259.642
3,1575.608,104.404,3.9067,18.715,8260.682
3,1575.808,104.405,3.8796,18.715,8261.722
3,1576.008,104.404,3.9338,18.715,8262.762
3,1576.208,104.403,3.9314,18.715,8263.801
3,1576.408,104.403,3.9444,18.715,8264.841
3,1576.608,104.404,3.9104,18.714,8265.881
3,1576.808,104.404,3.8945,18.714,8266.92
3,1577.008,104.404,3.8974,18.714,8267.96
3,1577.208,104.403,3.906,18.714,8269.0
3,1577.408,104.403,3.9016,18.714,8270.039
3,1577.608,104.404,3.8739,18.714,8271.079
3,1577.808,104.404,3.8655,18.714,8272.119
3,1578.008,104.404,3.8557,18.714,8273.158
3,1578.208,104.403,3.8806,18.714,8274.198
3,1578.408,104.404,3.8598,18.714,8275.238
3,1578.608,104.404,3.8139,18.714,8276.277
3,1578.808,104.405,3.8062,18.714,8277.317
3,1579.008,104.405,3.7685,18.714,8278.357
3,1579.208,104.405,3.7815,18.714,8279.396
3,1579.408,104.404,3.7928,18.715,8280.436
3,1579.608,104.405,3.7614,18.715,8281.476
3,1579.808,104.405,3.7298,18.715,8282.515
3,1580.008,104.405,3.7229,18.715,8283.555
3,1580.208,104.406,3.6626,18.715,8284.595
3,1580.408,104.406,3.6654,18.715,8285.635
3,1580.608,104.406,3.6753,18.716,8286.674
3,1580.808,104.406,3.659,18.716,8287.714
3,1581.008,104.406,3.6393,18.716,8288.754
3,1581.208,104.407,3.6021,18.716,8289.794
3,1581.408,104.408,3.5552,18.717,8290.834
3,1581.608,104.408,3.5366,18.717,8291.873
3,1581.808,104.408,3.5161,18.717,8292.913
3,1582.008,104.409,3.4746,18.718,8293.953
3,1582.208,104.409,3.4708,18.718,8294.993
3,1582.408,104.409,3.4341,18.718,8296.033
3,1582.608,104.409,3.4294,18.719,8297.073
3,1582.808,104.41,3.3776,18.719,8298.113
3,1583.008,104.411,3.3576,18.719,8299.153
3,1583.208,104.411,3.3449,18.72,8300.193
3,1583.408,104.411,3.3425,18.72,8301.233
3,1583.608,104.411,3.3083,18.721,8302.273
3,1583.808,104.412,3.2825,18.721,8303.313
3,1584.008,104.412,3.2588,18.721,8304.353
3,1584.208,104.412,3.2547,18.722,8305.393
3,1584.408,104.413,3.1938,18.722,8306.433
3,1584.608,104.414,3.1499,18.722,8307.473
3,1584.808,104.415,3.0689,18.723,8308.513
3,1585.008,104.415,3.0704,18.723,8309.553
3,1585.208,104.415,3.0362,18.724,8310.593
3,1585.408,104.416,2.9889,18.724,8311.634
3,1585.608,104.417,2.9471,18.725,8312.674
3,1585.808,104.417,2.9268,18.725,8313.714
3,1586.008,104.418,2.8797,18.726,8314.754
3,1586.208,104.418,2.8559,18.726,8315.795
3,1586.408,104.419,2.7938,18.727,8316.835
3,1586.608,104.42,2.7373,18.727,8317.875
3,1586.808,104.42,2.7384,18.728,8318.916
3,1587.008,104.42,2.7128,18.728,8319.956
3,1587.208,104.421,2.6587,18.729,8320.997
3,1587.408,104.421,2.646,18.729,8322.037
3,1587.608,104.421,2.6488,18.73,8323.078
3,1587.808,104.421,2.6701,18.73,8324.118
3,1588.008,104.421,2.6374,18.731,8325.159
3,1588.208,104.421,2.6405,18.731,8326.199
3,1588.408,104.422,2.6202,18.731,8327.24
3,1588.608,104.422,2.5806,18.732,8328.281
3,1588.808,104.423,2.5585,18.732,8329.321
3,1589.008,104.422,2.5637,18.732,8330.362
3,1589.208,104.422,2.5692,18.733,8331.403
3,1589.408,104.422,2.5812,18.733,8332.443
3,1589.608,104.422,2.5878,18.733,8333.484
3,1589.808,104.421,2.6103,18.733,8334.525
3,1590.008,104.42,2.6856,18.733,8335.566
3,1590.208,104.419,2.7285,18.733,8336.606
3,1590.408,104.418,2.7818,18.733,8337.647
3,1590.608,104.417,2.8584,18.733,8338.688
3,1590.808,104.417,2.8529,18.733,8339.728
3,1591.008,104.417,2.8566,18.733,8340.769
3,1591.208,104.416,2.8724,18.733,8341.81
3,1591.408,104.416,2.878,18.733,8342.851
3,1591.608,104.415,2.9383,18.732,8343.891
3,1591.808,104.415,2.9465,18.732,8344.932
3,1592.008,104.414,2.9781,18.732,8345.973
3,1592.208,104.413,3.0472,18.732,8347.013
3,1592.408,104.412,3.0755,18.731,8348.054
3,1592.608,104.411,3.1289,18.731,8349.095
3,1592.808,104.41,3.1941,18.731,8350.135
3,1593.008,104.41,3.2176,18.73,8351.176
3,1593.208,104.409,3.2837,18.73,8352.216
3,1593.408,104.407,3.3373,18.729,8353.257
3,1593.608,104.407,3.3854,18.729,8354.297
3,1593.808,104.406,3.425,18.728,8355.338
3,1594.008,104.405,3.4563,18.727,8356.378
3,1594.208,104.403,3.5561,18.727,8357.419
3,1594.408,104.403,3.596,18.726,8358.459
3,1594.608,104.402,3.6436,18.725,8359.499
3,1594.808,104.401,3.687,18.725,8360.54
3,1595.008,104.4,3.7221,18.724,8361.58
3,1595.208,104.399,3.7745,18.723,8362.62
3,1595.408,104.399,3.795,18.723,8363.66
3,1595.608,104.398,3.8334,18.722,8364.701
3,1595.808,104.397,3.8923,18.721,8365.741
3,1596.008,104.397,3.9015,18.72,8366.781
3,1596.208,104.396,3.9357,18.72,8367.821
3,1596.408,104.396,3.9416,18.719,8368.861
3,1596.608,104.395,3.9738,18.718,8369.901
3,1596.808,104.394,4.0176,18.718,8370.941
3,1597.008,104.394,4.0372,18.717,8371.981
3,1597.208,104.392,4.1196,18.716,8373.02
3,1597.408,104.392,4.1249,18.716,8374.06
3,1597.608,104.391,4.19,18.715,8375.1
3,1597.808,104.39,4.2181,18.714,8376.14
3,1598.008,104.389,4.2573,18.714,8377.179
3,1598.208,104.389,4.2661,18.713,8378.219
3,1598.408,104.388,4.3121,18.712,8379.259
3,1598.608,104.388,4.3542,18.711,8380.298
3,1598.808,104.387,4.3492,18.711,8381.338
3,1599.008,104.387,4.3789,18.71,8382.377
3,1599.208,104.386,4.4073,18.709,8383.417
3,1599.408,104.385,4.4603,18.709,8384.456
3,1599.608,104.385,4.4643,18.708,8385.495
3,1599.808,104.384,4.5117,18.707,8386.535
3,1600.008,104.383,4.5496,18.707,8387.574
3,1600.208,104.382,4.6154,18.706,8388.613
3,1600.408,104.382,4.6137,18.705,8389.652
3,1600.608,104.381,4.6666,18.704,8390.692
3,1600.808,104.381,4.6349,18.704,8391.731
3,1601.008,104.381,4.6372,18.703,8392.77
3,1601.208,104.381,4.6619,18.703,8393.809
3,1601.408,104.381,4.6687,18.702,8394.848
3,1601.608,104.38,4.7219,18.701,8395.887
3,1601.808,104.379,4.7485,18.701,8396.926
3,1602.008,104.378,4.7882,18.7,8397.965
3,1602.208,104.377,4.8249,18.7,8399.004
3,1602.408,104.376,4.8775,18.699,8400.043
3,1602.608,104.376,4.8912,18.698,8401.082
3,1602.808,104.375,4.943,18.698,8402.12
3,1603.008,104.375,4.9676,18.697,8403.159
3,1603.208,104.374,5.0062,18.696,8404.198
3,1603.408,104.373,5.0453,18.695,8405.236
3,1603.608,104.372,5.0701,18.695,8406.275
3,1603.808,104.372,5.0651,18.694,8407.314
3,1604.008,104.372,5.0658,18.693,8408.352
3,1604.208,104.372,5.066,18.693,8409.391
3,1604.408,104.372,5.0796,18.692,8410.429
3,1604.608,104.372,5.0847,18.692,8411.468
3,1604.808,104.372,5.0376,18.691,8412.506
3,1605.008,104.373,4.9952,18.691,8413.544
3,1605.208,104.372,5.0131,18.691,8414.583
3,1605.408,104.373,4.983,18.69,8415.621
3,1605.608,104.373,4.9812,18.69,8416.66
3,1605.808,104.373,4.9533,18.69,8417.698
3,1606.008,104.373,4.9501,18.69,8418.736
3,1606.208,104.373,4.9442,18.69,8419.775
3,1606.408,104.373,4.916,18.69,8420.813
3,1606.608,104.373,4.9362,18.69,8421.851
3,1606.808,104.373,4.9567,18.69,8422.89
3,1607.008,104.372,4.9634,18.69,8423.928
3,1607.208,104.373,4.9184,18.69,8424.966
3,1607.408,104.373,4.8932,18.69,8426.005
3,1607.608,104.373,4.894,18.69,8427.043
3,1607.808,104.373,4.9046,18.69,8428.081
3,1608.008,104.373,4.8766,18.69,8429.12
3,1608.208,104.374,4.8144,18.691,8430.158
3,1608.408,104.374,4.794,18.691,8431.196
3,1608.608,104.374,4.8081,18.691,8432.235
3,1608.808,104.374,4.7921,18.691,8433.273
3,1609.008,104.374,4.8224,18.692,8434.312
3,1609.208,104.374,4.8163,18.692,8435.35
3,1609.408,104.373,4.8522,18.692,8436.388
3,1609.608,104.373,4.8287,18.692,8437.427
3,1609.808,104.373,4.8291,18.692,8438.465
3,1610.008,104.373,4.8466,18.692,8439.504
3,1610.208,104.373,4.8346,18.692,8440.542
3,1610.408,104.371,4.9232,18.692,8441.581
3,1610.608,104.37,4.9629,18.692,8442.619
3,1610.808,104.37,4.9639,18.692,8443.658
3,1611.008,104.37,4.9863,18.692,8444.696
3,1611.208,104.37,4.9815,18.691,8445.734
3,1611.408,104.37,4.9768,18.691,8446.773
3,1611.608,104.369,5.0078,18.691,8447.811
3,1611.808,104.369,5.0118,18.691,8448.85
3,1612.008,104.368,5.0519,18.691,8449.888
3,1612.208,104.368,5.0416,18.69,8450.926
3,1612.408,104.368,5.0537,18.69,8451.965
3,1612.608,104.368,5.059,18.69,8453.003
3,1612.808,104.367,5.0783,18.689,8454.041
3,1613.008,104.367,5.0582,18.689,8455.08
3,1613.208,104.367,5.0502,18.689,8456.118
3,1613.408,104.367,5.041,18.689,8457.156
3,1613.608,104.368,4.9843,18.689,8458.195
3,1613.808,104.368,4.9858,18.689,8459.233
3,1614.008,104.368,4.9726,18.689,8460.271
3,1614.208,104.369,4.9277,18.689,8461.309
3,1614.408,104.369,4.9205,18.689,8462.348
3,1614.608,104.369,4.9193,18.689,8463.386
3,1614.808,104.369,4.883,18.689,8464.424
3,1615.008,104.369,4.8733,18.69,8465.462
3,1615.208,104.369,4.8908,18.69,8466.501
3,1615.408,104.369,4.8808,18.69,8467.539
3,1615.608,104.369,4.8631,18.69,8468.577
3,1615.808,104.37,4.8391,18.69,8469.616
3,1616.008,104.37,4.7981,18.691,8470.654
3,1616.208,104.37,4.8102,18.691,8471.693
3,1616.408,104.37,4.7913,18.691,8472.731
3,1616.608,104.371,4.7526,18.691,8473.769
3,1616.808,104.372,4.6663,18.692,8474.808
3,1617.008,104.372,4.6572,18.692,8475.846
3,1617.208,104.372,4.6336,18.693,8476.885
3,1617.408,104.372,4.6209,18.693,8477.923
3,1617.608,104.372,4.6138,18.694,8478.962
3,1617.808,104.373,4.6012,18.694,8480.0
3,1618.008,104.372,4.6231,18.695,8481.039
3,1618.208,104.371,4.6587,18.695,8482.077
3,1618.408,104.371,4.6598,18.695,8483.116
3,1618.608,104.371,4.6792,18.695,8484.155
3,1618.808,104.371,4.6804,18.695,8485.193
3,1619.008,104.37,4.7245,18.696,8486.232
3,1619.208,104.369,4.7436,18.696,8487.27
3,1619.408,104.369,4.7623,18.696,8488.309
3,1619.608,104.368,4.7947,18.695,8489.348
3,1619.808,104.368,4.8226,18.695,8490.386
3,1620.008,104.367,4.8401,18.695,8491.425
3,1620.208,104.366,4.8781,18.695,8492.464
3,1620.408,104.366,4.9269,18.695,8493.502
3,1620.608,104.365,4.9571,18.694,8494.541
3,1620.808,104.364,4.9732,18.694,8495.579
3,1621.008,104.363,5.0298,18.693,8496.618
3,1621.208,104.363,5.0593,18.693,8497.656
3,1621.408,104.363,5.0665,18.692,8498.695
3,1621.608,104.362,5.073,18.692,8499.733
3,1621.808,104.362,5.0876,18.691,8500.772
3,1622.008,104.361,5.131,18.691,8501.81
3,1622.208,104.36,5.1763,18.69,8502.849
3,1622.408,104.359,5.2086,18.69,8503.887
3,1622.608,104.36,5.1941,18.689,8504.925
3,1622.808,104.36,5.1848,18.688,8505.963
3,1623.008,104.359,5.2149,18.688,8507.002
3,1623.208,104.359,5.2331,18.688,8508.04
3,1623.408,104.358,5.2365,18.687,8509.078
3,1623.608,104.358,5.2525,18.687,8510.116
3,1623.808,104.358,5.2291,18.686,8511.154
3,1624.008,104.358,5.2217,18.686,8512.193
3,1624.208,104.358,5.2173,18.686,8513.231
3,1624.408,104.359,5.1802,18.685,8514.269
3,1624.608,104.359,5.1861,18.685,8515.307
3,1624.808,104.359,5.1498,18.685,8516.345
3,1625.008,104.359,5.1399,18.685,8517.383
3,1625.208,104.36,5.0881,18.685,8518.421
3,1625.408,104.36,5.0979,18.685,8519.459
3,1625.608,104.359,5.1295,18.685,8520.497
3,1625.808,104.36,5.0904,18.685,8521.535
3,1626.008,104.36,5.0844,18.685,8522.573
3,1626.208,104.36,5.0355,18.686,8523.611
3,1626.408,104.36,5.0606,18.686,8524.649
3,1626.608,104.361,4.9987,18.686,8525.688
3,1626.808,104.361,4.9627,18.686,8526.726
3,1627.008,104.362,4.9224,18.687,8527.764
3,1627.208,104.361,4.9397,18.687,8528.802
3,1627.408,104.362,4.8848,18.687,8529.84
3,1627.608,104.362,4.8851,18.688,8530.878
3,1627.808,104.362,4.9075,18.688,8531.917
3,1628.008,104.361,4.909,18.688,8532.955
3,1628.208,104.362,4.8906,18.689,8533.993
3,1628.408,104.361,4.8925,18.689,8535.031
3,1628.608,104.362,4.8759,18.689,8536.07
3,1628.808,104.361,4.8897,18.689,8537.108
3,1629.008,104.361,4.9012,18.69,8538.146
3,1629.208,104.361,4.9034,18.69,8539.184
3,1629.408,104.36,4.9261,18.69,8540.223
3,1629.608,104.36,4.9194,18.69,8541.261
3,1629.808,104.36,4.9166,18.69,8542.299
3,1630.008,104.36,4.9284,18.69,8543.338
3,1630.208,104.36,4.948,18.69,8544.376
3,1630.408,104.36,4.939,18.69,8545.414
3,1630.608,104.359,4.9535,18.69,8546.453
3,1630.808,104.359,4.969,18.69,8547.491
3,1631.008,104.359,4.9698,18.69,8548.53
3,1631.208,104.359,4.965,18.69,8549.568
3,1631.408,104.359,4.9489,18.69,8550.606
3,1631.608,104.358,4.9777,18.69,8551.645
3,1631.808,104.359,4.952,18.69,8552.683
3,1632.008,104.358,4.9892,18.69,8553.721
3,1632.208,104.358,4.9739,18.69,8554.76
3,1632.408,104.359,4.9207,18.69,8555.798
3,1632.608,104.359,4.9216,18.69,8556.836
3,1632.808,104.359,4.909,18.69,8557.874
3,1633.008,104.359,4.8806,18.69,8558.913
3,1633.208,104.359,4.8607,18.69,8559.951
3,1633.408,104.36,4.8334,18.69,8560.99
3,1633.608,104.36,4.829,18.691,8562.028
3,1633.808,104.36,4.7775,18.691,8563.066
3,1634.008,104.361,4.731,18.691,8564.105
3,1634.208,104.361,4.7397,18.692,8565.143
3,1634.408,104.361,4.726,18.692,8566.181
3,1634.608,104.361,4.6936,18.692,8567.22
3,1634.808,104.361,4.7046,18.693,8568.258
3,1635.008,104.362,4.6635,18.693,8569.297
3,1635.208,104.361,4.6883,18.693,8570.335
3,1635.408,104.362,4.636,18.694,8571.374
3,1635.608,104.362,4.6108,18.694,8572.412
3,1635.808,104.363,4.5839,18.695,8573.451
3,1636.008,104.363,4.59,18.695,8574.49
3,1636.208,104.363,4.5735,18.695,8575.528
3,1636.408,104.363,4.5541,18.696,8576.567
3,1636.608,104.363,4.5385,18.696,8577.605
3,1636.808,104.363,4.5316,18.696,8578.644
3,1637.008,104.363,4.5266,18.697,8579.683
3,1637.208,104.364,4.4813,18.697,8580.722
3,1637.408,104.364,4.4418,18.698,8581.76
3,1637.608,104.365,4.4233,18.698,8582.799
3,1637.808,104.366,4.3558,18.698,8583.838
3,1638.008,104.367,4.288,18.699,8584.877
3,1638.208,104.367,4.2761,18.7,8585.915
3,1638.408,104.367,4.2671,18.7,8586.954
3,1638.608,104.367,4.2381,18.701,8587.993
3,1638.808,104.368,4.1989,18.701,8589.032
3,1639.008,104.369,4.1587,18.702,8590.071
3,1639.208,104.368,4.158,18.703,8591.11
3,1639.408,104.368,4.196,18.703,8592.149
3,1639.608,104.368,4.1805,18.704,8593.188
3,1639.808,104.368,4.1849,18.704,8594.227
3,1640.008,104.368,4.1771,18.704,8595.266
3,1640.208,104.368,4.1677,18.705,8596.306
3,1640.408,104.367,4.185,18.705,8597.345
3,1640.608,104.368,4.143,18.705,8598.384
3,1640.808,104.368,4.1274,18.706,8599.423
3,1641.008,104.368,4.1352,18.706,8600.462
3,1641.208,104.368,4.139,18.706,8601.501
3,1641.408,104.368,4.1019,18.706,8602.541
3,1641.608,104.368,4.1462,18.707,8603.58
3,1641.808,104.366,4.208,18.707,8604.619
3,1642.008,104.367,4.1923,18.707,8605.658
3,1642.208,104.366,4.2163,18.707,8606.698
3,1642.408,104.366,4.2281,18.707,8607.737
3,1642.608,104.366,4.2302,18.707,8608.776
3,1642.808,104.366,4.196,18.707,8609.816
3,1643.008,104.366,4.2163,18.707,8610.855
3,1643.208,104.365,4.2279,18.707,8611.894
3,1643.408,104.366,4.2071,18.707,8612.933
3,1643.608,104.365,4.235,18.707,8613.973
3,1643.808,104.365,4.222,18.707,8615.012
3,1644.008,104.365,4.2445,18.707,8616.051
3,1644.208,104.365,4.2419,18.707,8617.091
3,1644.408,104.365,4.2249,18.707,8618.13
3,1644.608,104.364,4.2722,18.707,8619.169
3,1644.808,104.363,4.3049,18.707,8620.208
3,1645.008,104.363,4.3268,18.707,8621.248
3,1645.208,104.363,4.3054,18.706,8622.287
3,1645.408,104.363,4.2987,18.706,8623.326
3,1645.608,104.363,4.3172,18.706,8624.365
3,1645.808,104.363,4.3056,18.706,8625.405
3,1646.008,104.363,4.2893,18.706,8626.444
3,1646.208,104.363,4.3018,18.706,8627.483
3,1646.408,104.362,4.3103,18.706,8628.522
3,1646.608,104.363,4.278,18.706,8629.561
3,1646.808,104.362,4.3012,18.706,8630.601
3,1647.008,104.362,4.3039,18.706,8631.64
3,1647.208,104.361,4.3594,18.706,8632.679
3,1647.408,104.361,4.359,18.705,8633.718
3,1647.608,104.361,4.3565,18.705,8634.757
3,1647.808,104.361,4.3454,18.705,8635.797
3,1648.008,104.36,4.3717,18.705,8636.836
3,1648.208,104.36,4.3728,18.705,8637.875
3,1648.408,104.36,4.3859,18.705,8638.914
3,1648.608,104.359,4.4238,18.705,8639.953
3,1648.808,104.358,4.4693,18.704,8640.992
3,1649.008,104.358,4.484,18.704,8642.032
3,1649.208,104.358,4.4846,18.704,8643.071
3,1649.408,104.358,4.4891,18.704,8644.11
3,1649.608,104.358,4.4708,18.703,8645.149
3,1649.808,104.357,4.5181,18.703,8646.188
3,1650.008,104.356,4.5459,18.703,8647.227
3,1650.208,104.357,4.5225,18.703,8648.266
3,1650.408,104.357,4.5035,18.702,8649.305
3,1650.608,104.357,4.5005,18.702,8650.344
3,1650.808,104.356,4.5567,18.702,8651.383
3,1651.008,104.356,4.5362,18.702,8652.422
3,1651.208,104.356,4.5497,18.702,8653.461
3,1651.408,104.355,4.5694,18.701,8654.5
3,1651.608,104.355,4.5577,18.701,8655.539
3,1651.808,104.355,4.5649,18.701,8656.578
3,1652.008,104.354,4.6174,18.701,8657.617
3,1652.208,104.353,4.6608,18.701,8658.656
3,1652.408,104.354,4.6381,18.7,8659.695
3,1652.608,104.353,4.6645,18.7,8660.734
3,1652.808,104.353,4.6814,18.7,8661.773
3,1653.008,104.352,4.7263,18.699,8662.811
3,1653.208,104.352,4.7122,18.699,8663.85
3,1653.408,104.351,4.7315,18.699,8664.889
3,1653.608,104.351,4.7621,18.698,8665.928
3,1653.808,104.351,4.7472,18.698,8666.967
3,1654.008,104.351,4.7592,18.698,8668.005
3,1654.208,104.35,4.771,18.697,8669.044
3,1654.408,104.35,4.7949,18.697,8670.083
3,1654.608,104.35,4.7973,18.697,8671.122
3,1654.808,104.348,4.8796,18.696,8672.16
3,1655.008,104.347,4.9123,18.696,8673.199
3,1655.208,104.347,4.9012,18.695,8674.238
3,1655.408,104.347,4.8953,18.695,8675.276
3,1655.608,104.348,4.8757,18.695,8676.315
3,1655.808,104.347,4.886,18.694,8677.354
3,1656.008,104.347,4.8953,18.694,8678.392
3,1656.208,104.347,4.921,18.694,8679.431
3,1656.408,104.346,4.9358,18.694,8680.469
3,1656.608,104.346,4.9259,18.693,8681.508
3,1656.808,104.346,4.9221,18.693,8682.546
3,1657.008,104.346,4.9438,18.693,8683.585
3,1657.208,104.345,4.9691,18.692,8684.623
3,1657.408,104.346,4.9424,18.692,8685.662
3,1657.608,104.346,4.9345,18.692,8686.7
3,1657.808,104.345,4.9588,18.692,8687.739
3,1658.008,104.345,4.9477,18.692,8688.777
3,1658.208,104.345,4.9549,18.691,8689.816
3,1658.408,104.345,4.9305,18.691,8690.854
3,1658.608,104.345,4.9521,18.691,8691.892
3,1658.808,104.345,4.9386,18.691,8692.931
3,1659.008,104.345,4.9218,18.691,8693.969
3,1659.208,104.345,4.9272,18.691,8695.008
3,1659.408,104.345,4.9063,18.691,8696.046
3,1659.608,104.345,4.8957,18.691,8697.084
3,1659.808,104.345,4.9082,18.691,8698.123
3,1660.008,104.345,4.8902,18.691,8699.161
3,1660.208,104.345,4.8746,18.691,8700.199
3,1660.408,104.345,4.8942,18.691,8701.238
3,1660.608,104.345,4.8718,18.691,8702.276
3,1660.808,104.345,4.8484,18.691,8703.315
3,1661.008,104.345,4.8529,18.691,8704.353
3,1661.208,104.346,4.8003,18.691,8705.391
3,1661.408,104.346,4.8038,18.692,8706.43
3,1661.608,104.346,4.773,18.692,8707.468
3,1661.808,104.347,4.7296,18.692,8708.507
3,1662.008,104.347,4.6918,18.692,8709.545
3,1662.208,104.348,4.6374,18.693,8710.584
3,1662.408,104.349,4.6106,18.693,8711.622
3,1662.608,104.349,4.5514,18.694,8712.661
3,1662.808,104.351,4.4571,18.694,8713.699
3,1663.008,104.352,4.3979,18.695,8714.738
3,1663.208,104.352,4.37,18.696,8715.776
3,1663.408,104.353,4.32,18.697,8716.815
3,1663.608,104.354,4.2606,18.697,8717.854
3,1663.808,104.355,4.1918,18.698,8718.893
3,1664.008,104.355,4.1743,18.699,8719.931
3,1664.208,104.356,4.1212,18.7,8720.97
3,1664.408,104.357,4.0957,18.701,8722.009
3,1664.608,104.358,4.0101,18.702,8723.048
3,1664.808,104.359,3.9648,18.703,8724.087
3,1665.008,104.36,3.9069,18.704,8725.126
3,1665.208,104.36,3.8664,18.705,8726.165
3,1665.408,104.361,3.8353,18.706,8727.204
3,1665.608,104.361,3.7915,18.707,8728.244
3,1665.808,104.362,3.7657,18.707,8729.283
3,1666.008,104.362,3.7579,18.708,8730.322
3,1666.208,104.362,3.7299,18.709,8731.361
3,1666.408,104.363,3.6736,18.71,8732.401
3,1666.608,104.363,3.6658,18.711,8733.44
3,1666.808,104.364,3.62,18.711,8734.48
3,1667.008,104.364,3.5963,18.712,8735.519
3,1667.208,104.364,3.6038,18.713,8736.559
3,1667.408,104.364,3.5892,18.713,8737.598
3,1667.608,104.364,3.5685,18.714,8738.638
3,1667.808,104.365,3.5464,18.715,8739.678
3,1668.008,104.365,3.4992,18.715,8740.717
3,1668.208,104.366,3.4697,18.716,8741.757
3,1668.408,104.367,3.4227,18.716,8742.797
3,1668.608,104.367,3.4127,18.717,8743.837
3,1668.808,104.367,3.383,18.717,8744.877
3,1669.008,104.367,3.3689,18.718,8745.916
3,1669.208,104.367,3.3788,18.718,8746.956
3,1669.408,104.367,3.3834,18.719,8747.996
3,1669.608,104.367,3.3763,18.719,8749.036
3,1669.808,104.367,3.3806,18.72,8750.076
3,1670.008,104.367,3.373,18.72,8751.116
3,1670.208,104.367,3.3483,18.72,8752.156
3,1670.408,104.367,3.3387,18.721,8753.196
3,1670.608,104.367,3.3471,18.721,8754.236
3,1670.808,104.367,3.3141,18.721,8755.276
3,1671.008,104.368,3.2913,18.722,8756.316
3,1671.208,104.369,3.2242,18.722,8757.356
3,1671.408,104.37,3.1763,18.722,8758.396
3,1671.608,104.37,3.1511,18.723,8759.437
3,1671.808,104.371,3.1113,18.723,8760.477
3,1672.008,104.371,3.0842,18.723,8761.517
3,1672.208,104.372,3.0451,18.724,8762.557
3,1672.408,104.372,3.0084,18.724,8763.597
3,1672.608,104.373,2.9748,18.725,8764.637
3,1672.808,104.374,2.9234,18.725,8765.678
3,1673.008,104.374,2.8995,18.726,8766.718
3,1673.208,104.375,2.8432,18.726,8767.758
3,1673.408,104.375,2.8048,18.727,8768.799
3,1673.608,104.376,2.7946,18.727,8769.839
3,1673.808,104.376,2.7561,18.728,8770.88
3,1674.008,104.377,2.7,18.728,8771.92
3,1674.208,104.378,2.6467,18.729,8772.96
3,1674.408,104.378,2.6186,18.729,8774.001
3,1674.608,104.379,2.5932,18.73,8775.041
3,1674.808,104.38,2.5437,18.73,8776.082
3,1675.008,104.38,2.4964,18.731,8777.123
3,1675.208,104.38,2.5106,18.731,8778.163
3,1675.408,104.381,2.4571,18.732,8779.204
3,1675.608,104.381,2.4617,18.732,8780.244
3,1675.808,104.381,2.4393,18.733,8781.285
3,1676.008,104.382,2.3969,18.733,8782.326
3,1676.208,104.382,2.3643,18.734,8783.367
3,1676.408,104.383,2.3293,18.734,8784.407
3,1676.608,104.383,2.2974,18.734,8785.448
3,1676.808,104.383,2.287,18.735,8786.489
3,1677.008,104.384,2.2278,18.735,8787.53
3,1677.208,104.384,2.2338,18.736,8788.57
3,1677.408,104.384,2.2254,18.736,8789.611
3,1677.608,104.385,2.1937,18.736,8790.652
3,1677.808,104.386,2.1492,18.737,8791.693
3,1678.008,104.385,2.1804,18.737,8792.734
3,1678.208,104.386,2.135,18.737,8793.775
3,1678.408,104.386,2.1343,18.738,8794.816
3,1678.608,104.386,2.1348,18.738,8795.857
3,1678.808,104.386,2.0937,18.738,8796.898
3,1679.008,104.386,2.1082,18.738,8797.939
3,1679.208,104.387,2.0593,18.739,8798.98
3,1679.408,104.388,2.0073,18.739,8800.021
3,1679.608,104.388,1.9778,18.739,8801.062
3,1679.808,104.388,1.9583,18.739,8802.103
3,1680.008,104.388,1.9867,18.74,8803.144
3,1680.208,104.388,1.9583,18.74,8804.185
3,1680.408,104.388,1.9965,18.74,8805.226
3,1680.608,104.388,1.9922,18.74,8806.267
3,1680.808,104.387,2.0063,18.74,8807.309
3,1681.008,104.387,2.0091,18.74,8808.35
3,1681.208,104.388,1.9826,18.741,8809.391
3,1681.408,104.388,1.9671,18.741,8810.432
3,1681.608,104.388,1.9691,18.741,8811.473
3,1681.808,104.388,1.97,18.741,8812.514
3,1682.008,104.387,2.0078,18.741,8813.555
3,1682.208,104.388,1.9762,18.741,8814.597
3,1682.408,104.388,1.9385,18.741,8815.638
3,1682.608,104.389,1.9068,18.741,8816.679
3,1682.808,104.389,1.8741,18.741,8817.72
3,1683.008,104.389,1.8674,18.742,8818.761
3,1683.208,104.389,1.8719,18.742,8819.803
3,1683.408,104.388,1.9126,18.742,8820.844
3,1683.608,104.388,1.9109,18.742,8821.885
3,1683.808,104.389,1.8925,18.742,8822.926
3,1684.008,104.389,1.8917,18.742,8823.967
3,1684.208,104.388,1.9343,18.742,8825.009
3,1684.408,104.388,1.9272,18.742,8826.05
3,1684.608,104.388,1.912,18.742,8827.091
3,1684.808,104.388,1.9289,18.742,8828.132
3,1685.008,104.387,1.9514,18.742,8829.174
3,1685.208,104.387,1.9755,18.742,8830.215
3,1685.408,104.386,2.0026,18.742,8831.256
3,1685.608,104.386,2.039,18.742,8832.297
3,1685.808,104.385,2.0961,18.742,8833.338
3,1686.008,104.384,2.1541,18.742,8834.38
3,1686.208,104.383,2.1931,18.742,8835.421
3,1686.408,104.382,2.2187,18.741,8836.462
3,1686.608,104.382,2.2124,18.741,8837.503
3,1686.808,104.382,2.212,18.741,8838.544
3,1687.008,104.383,2.1933,18.741,8839.586
3,1687.208,104.383,2.1988,18.741,8840.627
3,1687.408,104.382,2.2245,18.741,8841.668
3,1687.608,104.381,2.2674,18.741,8842.709
3,1687.808,104.381,2.2588,18.74,8843.75
3,1688.008,104.38,2.3151,18.74,8844.791
3,1688.208,104.38,2.3393,18.74,8845.832
3,1688.408,104.38,2.3242,18.74,8846.874
3,1688.608,104.379,2.3647,18.74,8847.915
3,1688.808,104.379,2.3742,18.739,8848.956
3,1689.008,104.379,2.386,18.739,8849.997
3,1689.208,104.378,2.4175,18.739,8851.038
3,1689.408,104.378,2.4246,18.739,8852.079
3,1689.608,104.377,2.4596,18.739,8853.12
3,1689.808,104.377,2.4973,18.738,8854.161
3,1690.008,104.376,2.558,18.738,8855.202
3,1690.208,104.375,2.5726,18.738,8856.243
3,1690.408,104.375,2.5817,18.738,8857.284
3,1690.608,104.373,2.6798,18.737,8858.325
3,1690.808,104.373,2.7015,18.737,8859.366
3,1691.008,104.372,2.7711,18.737,8860.407
3,1691.208,104.371,2.8057,18.736,8861.448
3,1691.408,104.37,2.8348,18.736,8862.489
3,1691.608,104.369,2.9257,18.735,8863.53
3,1691.808,104.368,2.9845,18.735,8864.571
3,1692.008,104.367,3.0153,18.734,8865.611
3,1692.208,104.366,3.0548,18.734,8866.652
3,1692.408,104.365,3.119,18.733,8867.693
3,1692.608,104.364,3.1607,18.733,8868.734
3,1692.808,104.363,3.2201,18.732,8869.774
3,1693.008,104.362,3.2558,18.731,8870.815
3,1693.208,104.362,3.2958,18.731,8871.856
3,1693.408,104.361,3.3464,18.73,8872.896
3,1693.608,104.36,3.3859,18.729,8873.937
3,1693.808,104.36,3.3963,18.729,8874.977
3,1694.008,104.359,3.4547,18.728,8876.018
3,1694.208,104.358,3.487,18.728,8877.058
3,1694.408,104.357,3.5343,18.727,8878.099
3,1694.608,104.356,3.5803,18.726,8879.139
3,1694.808,104.356,3.6115,18.726,8880.179
3,1695.008,104.354,3.7074,18.725,8881.22
3,1695.208,104.353,3.7216,18.724,8882.26
3,1695.408,104.352,3.8006,18.723,8883.3
3,1695.608,104.352,3.8213,18.723,8884.34
3,1695.808,104.351,3.8615,18.722,8885.381
3,1696.008,104.349,3.9355,18.721,8886.421
3,1696.208,104.348,3.989,18.72,8887.461
3,1696.408,104.347,4.0469,18.719,8888.501
3,1696.608,104.345,4.1456,18.719,8889.541
3,1696.808,104.344,4.2081,18.718,8890.581
3,1697.008,104.343,4.2808,18.716,8891.621
3,1697.208,104.342,4.3268,18.715,8892.66
3,1697.408,104.341,4.3694,18.714,8893.7
3,1697.608,104.34,4.4112,18.713,8894.74
3,1697.808,104.339,4.4888,18.712,8895.779
3,1698.008,104.34,4.4427,18.711,8896.819
3,1698.208,104.339,4.4876,18.71,8897.858
3,1698.408,104.338,4.535,18.709,8898.898
3,1698.608,104.338,4.5282,18.708,8899.937
3,1698.808,104.337,4.5486,18.708,8900.977
3,1699.008,104.337,4.5562,18.707,8902.016
3,1699.208,104.337,4.5466,18.706,8903.055
3,1699.408,104.337,4.5652,18.705,8904.094
3,1699.608,104.337,4.5512,18.705,8905.134
3,1699.808,104.336,4.5924,18.704,8906.173
3,1700.008,104.336,4.5677,18.704,8907.212
3,1700.208,104.337,4.5463,18.703,8908.251
3,1700.408,104.337,4.5429,18.703,8909.29
3,1700.608,104.336,4.5469,18.703,8910.329
3,1700.808,104.336,4.5607,18.702,8911.368
3,1701.008,104.336,4.5663,18.702,8912.407
3,1701.208,104.336,4.5663,18.702,8913.446
3,1701.408,104.337,4.5059,18.701,8914.485
3,1701.608,104.337,4.5004,18.701,8915.524
3,1701.808,104.337,4.5078,18.701,8916.563
3,1702.008,104.336,4.5381,18.701,8917.602
3,1702.208,104.336,4.524,18.701,8918.641
3,1702.408,104.336,4.5419,18.701,8919.68
3,1702.608,104.336,4.5379,18.701,8920.719
3,1702.808,104.336,4.5233,18.701,8921.758
3,1703.008,104.336,4.5261,18.701,8922.797
3,1703.208,104.336,4.5245,18.701,8923.836
3,1703.408,104.335,4.5306,18.701,8924.875
3,1703.608,104.335,4.5471,18.701,8925.914
3,1703.808,104.334,4.587,18.7,8926.952
3,1704.008,104.333,4.625,18.7,8927.991
3,1704.208,104.333,4.6206,18.7,8929.03
3,1704.408,104.332,4.6754,18.7,8930.069
3,1704.608,104.331,4.7368,18.7,8931.108
3,1704.808,104.33,4.786,18.699,8932.147
3,1705.008,104.329,4.8191,18.699,8933.186
3,1705.208,104.328,4.8947,18.698,8934.225
3,1705.408,104.328,4.9147,18.697,8935.263
3,1705.608,104.327,4.9547,18.697,8936.302
3,1705.808,104.326,4.9654,18.696,8937.341
3,1706.008,104.326,5.0045,18.695,8938.379
3,1706.208,104.324,5.0679,18.695,8939.418
3,1706.408,104.324,5.088,18.694,8940.457
3,1706.608,104.323,5.1344,18.693,8941.495
3,1706.808,104.323,5.1371,18.692,8942.534
3,1707.008,104.322,5.1765,18.692,8943.572
3,1707.208,104.321,5.2443,18.691,8944.611
3,1707.408,104.32,5.2591,18.69,8945.649
3,1707.608,104.32,5.2753,18.689,8946.687
3,1707.808,104.319,5.3218,18.689,8947.726
3,1708.008,104.318,5.3661,18.688,8948.764
3,1708.208,104.318,5.382,18.687,8949.802
3,1708.408,104.317,5.3937,18.686,8950.84
3,1708.608,104.317,5.3972,18.685,8951.878
3,1708.808,104.317,5.4246,18.685,8952.917
3,1709.008,104.316,5.4439,18.684,8953.955
3,1709.208,104.316,5.4531,18.683,8954.993
3,1709.408,104.316,5.4358,18.683,8956.031
3,1709.608,104.317,5.3996,18.682,8957.068
3,1709.808,104.317,5.3555,18.682,8958.106
3,1710.008,104.317,5.3703,18.681,8959.144
3,1710.208,104.315,5.4471,18.681,8960.182
3,1710.408,104.315,5.437,18.681,8961.22
3,1710.608,104.315,5.4344,18.68,8962.258
3,1710.808,104.316,5.4055,18.68,8963.296
3,1711.008,104.316,5.389,18.68,8964.333
3,1711.208,104.317,5.3351,18.68,8965.371
3,1711.408,104.317,5.3142,18.68,8966.409
3,1711.608,104.318,5.2598,18.68,8967.447
3,1711.808,104.318,5.2523,18.68,8968.484
3,1712.008,104.319,5.1973,18.68,8969.522
3,1712.208,104.319,5.199,18.681,8970.56
3,1712.408,104.319,5.1728,18.681,8971.598
3,1712.608,104.319,5.1645,18.681,8972.636
3,1712.808,104.319,5.149,18.682,8973.673
3,1713.008,104.32,5.0863,18.682,8974.711
3,1713.208,104.321,5.0356,18.682,8975.749
3,1713.408,104.32,5.0469,18.683,8976.787
3,1713.608,104.32,5.0417,18.683,8977.825
3,1713.808,104.32,5.047,18.684,8978.863
3,1714.008,104.319,5.0854,18.684,8979.901
3,1714.208,104.319,5.0972,18.684,8980.939
3,1714.408,104.318,5.1352,18.685,8981.977
3,1714.608,104.318,5.1237,18.685,8983.015
3,1714.808,104.319,5.0993,18.685,8984.053
3,1715.008,104.319,5.0989,18.685,8985.091
3,1715.208,104.318,5.1041,18.685,8986.129
3,1715.408,104.318,5.1146,18.685,8987.167
3,1715.608,104.318,5.1383,18.685,8988.205
3,1715.808,104.317,5.1634,18.685,8989.243
3,1716.008,104.316,5.201,18.685,8990.281
3,1716.208,104.316,5.1916,18.685,8991.32
3,1716.408,104.316,5.1757,18.685,8992.358
3,1716.608,104.316,5.1915,18.685,8993.396
3,1716.808,104.316,5.2171,18.685,8994.434
3,1717.008,104.315,5.2294,18.685,8995.472
3,1717.208,104.315,5.2419,18.684,8996.51
3,1717.408,104.314,5.3002,18.684,8997.548
3,1717.608,104.313,5.3181,18.684,8998.586
3,1717.808,104.314,5.2912,18.684,8999.624
3,1718.008,104.314,5.2786,18.683,9000.662
3,1718.208,104.313,5.3266,18.683,9001.7
3,1718.408,104.312,5.351,18.683,9002.738
3,1718.608,104.313,5.3101,18.683,9003.776
3,1718.808,104.313,5.2854,18.682,9004.814
3,1719.008,104.313,5.2922,18.682,9005.851
3,1719.208,104.313,5.2778,18.682,9006.889
3,1719.408,104.313,5.2866,18.682,9007.927
3,1719.608,104.313,5.252,18.682,9008.965
3,1719.808,104.313,5.2471,18.682,9010.003
3,1720.008,104.313,5.235,18.682,9011.041
3,1720.208,104.313,5.2319,18.682,9012.079
3,1720.408,104.313,5.2139,18.682,9013.117
3,1720.608,104.314,5.192,18.682,9014.155
3,1720.808,104.314,5.1671,18.682,9015.193
3,1721.008,104.314,5.1505,18.683,9016.23
3,1721.208,104.314,5.1374,18.683,9017.268
3,1721.408,104.315,5.0863,18.683,9018.306
3,1721.608,104.316,5.034,18.683,9019.344
3,1721.808,104.316,5.0054,18.684,9020.382
3,1722.008,104.317,4.9444,18.684,9021.42
3,1722.208,104.318,4.9062,18.685,9022.458
3,1722.408,104.317,4.9382,18.686,9023.496
3,1722.608,104.317,4.9189,18.686,9024.534
3,1722.808,104.318,4.873,18.687,9025.572
3,1723.008,104.319,4.8263,18.687,9026.611
3,1723.208,104.319,4.7758,18.688,9027.649
3,1723.408,104.32,4.7161,18.688,9028.687
3,1723.608,104.321,4.6775,18.689,9029.725
3,1723.808,104.321,4.6639,18.69,9030.764
3,1724.008,104.321,4.6551,18.691,9031.802
3,1724.208,104.321,4.6422,18.691,9032.84
3,1724.408,104.323,4.556,18.692,9033.879
3,1724.608,104.323,4.5291,18.693,9034.917
3,1724.808,104.324,4.4783,18.693,9035.955
3,1725.008,104.324,4.4514,18.694,9036.994
3,1725.208,104.325,4.4186,18.695,9038.033
3,1725.408,104.325,4.3792,18.696,9039.071
3,1725.608,104.326,4.3165,18.696,9040.11
3,1725.808,104.327,4.2724,18.697,9041.149
3,1726.008,104.327,4.2301,18.698,9042.187
3,1726.208,104.328,4.2004,18.699,9043.226
3,1726.408,104.328,4.1598,18.7,9044.265
3,1726.608,104.33,4.0914,18.701,9045.304
3,1726.808,104.33,4.0726,18.702,9046.343
3,1727.008,104.33,4.0573,18.702,9047.382
3,1727.208,104.331,3.9919,18.703,9048.421
3,1727.408,104.333,3.9015,18.704,9049.46
3,1727.608,104.332,3.9012,18.705,9050.499
3,1727.808,104.333,3.8807,18.706,9051.538
3,1728.008,104.333,3.8367,18.707,9052.577
3,1728.208,104.335,3.7307,18.707,9053.616
3,1728.408,104.335,3.7125,18.708,9054.656
3,1728.608,104.336,3.6734,18.709,9055.695
3,1728.808,104.337,3.5849,18.71,9056.735
3,1729.008,104.34,3.4511,18.711,9057.774
3,1729.208,104.34,3.4193,18.712,9058.813
3,1729.408,104.342,3.3331,18.713,9059.853
3,1729.608,104.343,3.2647,18.714,9060.893
3,1729.808,104.344,3.2103,18.715,9061.932
3,1730.008,104.344,3.1677,18.716,9062.972
3,1730.208,104.346,3.0889,18.717,9064.012
3,1730.408,104.346,3.0341,18.718,9065.052
3,1730.608,104.347,2.9764,18.719,9066.092
3,1730.808,104.348,2.9061,18.72,9067.132
3,1731.008,104.349,2.8552,18.721,9068.172
3,1731.208,104.351,2.7834,18.722,9069.212
3,1731.408,104.352,2.7118,18.723,9070.252
3,1731.608,104.353,2.6416,18.724,9071.292
3,1731.808,104.355,2.535,18.725,9072.332
3,1732.008,104.356,2.4533,18.726,9073.373
3,1732.208,104.358,2.3602,18.727,9074.413
3,1732.408,104.358,2.3151,18.728,9075.453
3,1732.608,104.36,2.216,18.729,9076.494
3,1732.808,104.36,2.2041,18.73,9077.534
3,1733.008,104.361,2.1471,18.731,9078.575
3,1733.208,104.362,2.0851,18.732,9079.615
3,1733.408,104.364,1.9934,18.733,9080.656
3,1733.608,104.365,1.923,18.734,9081.697
3,1733.808,104.365,1.9062,18.735,9082.738
3,1734.008,104.366,1.8492,18.736,9083.778
3,1734.208,104.368,1.7508,18.736,9084.819
3,1734.408,104.368,1.7141,18.737,9085.86
3,1734.608,104.369,1.6973,18.738,9086.901
3,1734.808,104.37,1.626,18.738,9087.942
3,1735.008,104.371,1.5657,18.739,9088.983
3,1735.208,104.371,1.5468,18.74,9090.024
3,1735.408,104.373,1.4407,18.74,9091.065
3,1735.608,104.373,1.4286,18.741,9092.106
3,1735.808,104.374,1.3685,18.742,9093.148
3,1736.008,104.375,1.3357,18.742,9094.189
3,1736.208,104.375,1.3231,18.743,9095.23
3,1736.408,104.375,1.2966,18.743,9096.271
3,1736.608,104.376,1.2626,18.743,9097.313
3,1736.808,104.376,1.2485,18.744,9098.354
3,1737.008,104.377,1.1821,18.744,9099.395
3,1737.208,104.378,1.134,18.745,9100.437
3,1737.408,104.379,1.055,18.745,9101.478
3,1737.608,104.38,1.0052,18.745,9102.519
3,1737.808,104.381,0.9337,18.746,9103.561
3,1738.008,104.383,0.8511,18.746,9104.602
3,1738.208,104.385,0.7311,18.747,9105.644
3,1738.408,104.386,0.6352,18.747,9106.685
3,1738.608,104.389,0.4707,18.747,9107.727
3,1738.808,104.392,0.3186,18.748,9108.768
3,1739.008,104.395,0.1557,18.748,9109.81
3,1739.208,104.396,0.0678,18.748,9110.851
3,1739.408,104.397,0.0,18.749,9111.893
3,1739.608,104.397,0.0,18.75,9112.934
3,1739.808,104.397,0.0,18.756,9113.976
3,1740.008,104.397,0.0,18.767,9115.018
3,1740.208,104.397,0.0,18.778,9116.061
3,1740.408,104.397,0.0,18.789,9117.104
3,1740.608,104.397,0.0,18.8,9118.148
3,1740.808,104.397,0.0,18.813,9119.192
3,1741.008,104.397,0.0,18.826,9120.237
3,1741.208,104.397,0.0,18.837,9121.283
3,1741.408,104.397,0.0,18.845,9122.33
3,1741.608,104.397,0.0,18.849,9123.377
3,1741.808,104.397,0.0,18.85,9124.424
3,1742.008,104.397,0.0,18.848,9125.471
3,1742.208,104.397,0.0,18.843,9126.518
3,1742.408,104.396,0.0758,18.834,9127.565
3,1742.608,104.395,0.1443,18.826,9128.611
3,1742.808,104.394,0.2276,18.819,9129.657
3,1743.008,104.391,0.3481,18.812,9130.703
3,1743.208,104.389,0.466,18.806,9131.748
3,1743.408,104.388,0.5378,18.8,9132.793
3,1743.608,104.386,0.6549,18.795,9133.837
3,1743.808,104.384,0.7667,18.791,9134.881
3,1744.008,104.382,0.9015,18.787,9135.925
3,1744.208,104.379,1.0722,18.783,9136.969
3,1744.408,104.376,1.237,18.78,9138.012
3,1744.608,104.372,1.4291,18.777,9139.056
3,1744.808,104.371,1.5261,18.774,9140.099
3,1745.008,104.369,1.6442,18.771,9141.142
3,1745.208,104.367,1.7214,18.768,9142.185
3,1745.408,104.365,1.8257,18.766,9143.227
3,1745.608,104.363,1.9381,18.764,9144.27
3,1745.808,104.361,2.0637,18.761,9145.312
3,1746.008,104.36,2.1414,18.759,9146.355
3,1746.208,104.359,2.196,18.757,9147.397
3,1746.408,104.357,2.2873,18.756,9148.439
3,1746.608,104.356,2.3715,18.754,9149.481
3,1746.808,104.354,2.4698,18.752,9150.523
3,1747.008,104.354,2.4785,18.751,9151.564
3,1747.208,104.352,2.5512,18.749,9152.606
3,1747.408,104.352,2.5578,18.748,9153.648
3,1747.608,104.351,2.636,18.747,9154.689
3,1747.808,104.349,2.7072,18.745,9155.731
3,1748.008,104.348,2.7615,18.744,9156.772
3,1748.208,104.347,2.8423,18.743,9157.814
3,1748.408,104.346,2.9184,18.742,9158.855
3,1748.608,104.344,3.0131,18.741,9159.896
3,1748.808,104.342,3.1115,18.74,9160.937
3,1749.008,104.341,3.1796,18.738,9161.978
3,1749.208,104.34,3.2407,18.737,9163.019
3,1749.408,104.339,3.2895,18.736,9164.06
3,1749.608,104.337,3.3826,18.735,9165.101
3,1749.808,104.336,3.439,18.734,9166.142
3,1750.008,104.335,3.4921,18.732,9167.183
3,1750.208,104.334,3.5646,18.731,9168.223
3,1750.408,104.333,3.6091,18.73,9169.264
3,1750.608,104.332,3.6617,18.729,9170.305
3,1750.808,104.331,3.7188,18.728,9171.345
3,1751.008,104.329,3.7977,18.727,9172.386
3,1751.208,104.329,3.8303,18.726,9173.426
3,1751.408,104.328,3.8612,18.725,9174.466
3,1751.608,104.327,3.9013,18.724,9175.507
3,1751.808,104.327,3.9361,18.723,9176.547
3,1752.008,104.326,3.9693,18.722,9177.587
3,1752.208,104.325,4.0355,18.721,9178.627
3,1752.408,104.324,4.0747,18.72,9179.667
3,1752.608,104.322,4.1584,18.719,9180.707
3,1752.808,104.321,4.221,18.718,9181.747
3,1753.008,104.32,4.2622,18.717,9182.787
3,1753.208,104.32,4.3,18.716,9183.827
3,1753.408,104.318,4.3561,18.714,9184.866
3,1753.608,104.317,4.4424,18.713,9185.906
3,1753.808,104.316,4.4806,18.712,9186.946
3,1754.008,104.316,4.4854,18.711,9187.985
3,1754.208,104.315,4.5143,18.71,9189.025
3,1754.408,104.313,4.6237,18.709,9190.064
3,1754.608,104.313,4.6179,18.708,9191.104
3,1754.808,104.313,4.6284,18.707,9192.143
3,1755.008,104.313,4.6475,18.706,9193.182
3,1755.208,104.312,4.652,18.705,9194.221
3,1755.408,104.311,4.7024,18.704,9195.261
3,1755.608,104.311,4.701,18.704,9196.3
3,1755.808,104.311,4.7135,18.703,9197.339
3,1756.008,104.31,4.7411,18.702,9198.378
3,1756.208,104.31,4.77,18.701,9199.417
3,1756.408,104.31,4.7755,18.701,9200.456
3,1756.608,104.309,4.7865,18.7,9201.495
3,1756.808,104.309,4.7918,18.7,9202.534
3,1757.008,104.31,4.7178,18.699,9203.573
3,1757.208,104.31,4.7441,18.699,9204.611
3,1757.408,104.309,4.7545,18.698,9205.65
3,1757.608,104.309,4.7542,18.698,9206.689
3,1757.808,104.309,4.7789,18.698,9207.728
3,1758.008,104.309,4.7397,18.697,9208.767
3,1758.208,104.309,4.7728,18.697,9209.805
3,1758.408,104.309,4.7637,18.697,9210.844
3,1758.608,104.309,4.7466,18.697,9211.883
3,1758.808,104.309,4.7287,18.696,9212.921
3,1759.008,104.309,4.7433,18.696,9213.96
3,1759.208,104.309,4.7347,18.696,9214.999
3,1759.408,104.308,4.7571,18.696,9216.037
3,1759.608,104.309,4.7307,18.696,9217.076
3,1759.808,104.308,4.764,18.696,9218.115
3,1760.008,104.308,4.7648,18.696,9219.153
3,1760.208,104.307,4.8123,18.696,9220.192
3,1760.408,104.307,4.8251,18.695,9221.231
3,1760.608,104.307,4.8179,18.695,9222.269
3,1760.808,104.307,4.8149,18.695,9223.308
3,1761.008,104.307,4.7746,18.695,9224.347
3,1761.208,104.307,4.7763,18.695,9225.385
3,1761.408,104.307,4.7611,18.695,9226.424
3,1761.608,104.307,4.7599,18.695,9227.462
3,1761.808,104.306,4.8209,18.695,9228.501
3,1762.008,104.306,4.8097,18.695,9229.54
3,1762.208,104.305,4.8314,18.694,9230.578
3,1762.408,104.305,4.8489,18.694,9231.617
3,1762.608,104.305,4.8472,18.694,9232.655
3,1762.808,104.305,4.85,18.694,9233.694
3,1763.008,104.305,4.8402,18.694,9234.732
3,1763.208,104.304,4.8876,18.694,9235.771
3,1763.408,104.304,4.9061,18.694,9236.81
3,1763.608,104.303,4.9358,18.693,9237.848
3,1763.808,104.303,4.8986,18.693,9238.887
3,1764.008,104.303,4.9002,18.693,9239.925
3,1764.208,104.304,4.8797,18.693,9240.964
3,1764.408,104.303,4.9101,18.693,9242.002
3,1764.608,104.303,4.9081,18.692,9243.041
3,1764.808,104.303,4.895,18.692,9244.079
3,1765.008,104.303,4.9011,18.692,9245.117
3,1765.208,104.303,4.8998,18.692,9246.156
3,1765.408,104.303,4.8925,18.692,9247.194
3,1765.608,104.302,4.9243,18.692,9248.233
3,1765.808,104.302,4.9417,18.692,9249.271
3,1766.008,104.301,4.9396,18.692,9250.31
3,1766.208,104.301,4.9457,18.692,9251.348
3,1766.408,104.301,4.9286,18.691,9252.387
3,1766.608,104.302,4.8881,18.691,9253.425
3,1766.808,104.302,4.8801,18.691,9254.463
3,1767.008,104.303,4.8223,18.691,9255.502
3,1767.208,104.303,4.8364,18.692,9256.54
3,1767.408,104.303,4.8215,18.692,9257.579
3,1767.608,104.303,4.7778,18.692,9258.617
3,1767.808,104.303,4.7758,18.692,9259.655
3,1768.008,104.302,4.8311,18.692,9260.694
3,1768.208,104.302,4.8224,18.692,9261.732
3,1768.408,104.302,4.8251,18.692,9262.771
3,1768.608,104.302,4.8397,18.693,9263.809
3,1768.808,104.302,4.8227,18.693,9264.848
3,1769.008,104.301,4.8613,18.693,9265.886
3,1769.208,104.301,4.8644,18.693,9266.925
3,1769.408,104.301,4.8808,18.693,9267.963
3,1769.608,104.3,4.9064,18.692,9269.002
3,1769.808,104.3,4.9137,18.692,9270.04
3,1770.008,104.299,4.9293,18.692,9271.079
3,1770.208,104.3,4.9049,18.692,9272.117
3,1770.408,104.3,4.8854,18.692,9273.156
3,1770.608,104.3,4.8929,18.692,9274.194
3,1770.808,104.3,4.8861,18.692,9275.232
3,1771.008,104.3,4.8799,18.692,9276.271
3,1771.208,104.3,4.8836,18.692,9277.309
3,1771.408,104.299,4.8965,18.692,9278.348
3,1771.608,104.299,4.9193,18.692,9279.386
3,1771.808,104.298,4.948,18.692,9280.425
3,1772.008,104.298,4.9646,18.691,9281.463
3,1772.208,104.297,4.9733,18.691,9282.501
3,1772.408,104.298,4.9549,18.691,9283.54
3,1772.608,104.298,4.9368,18.691,9284.578
3,1772.808,104.298,4.9061,18.691,9285.617
3,1773.008,104.299,4.8816,18.691,9286.655
3,1773.208,104.299,4.8661,18.691,9287.693
3,1773.408,104.299,4.8734,18.691,9288.732
3,1773.608,104.299,4.8442,18.691,9289.77
3,1773.808,104.299,4.8252,18.691,9290.809
3,1774.008,104.3,4.789,18.692,9291.847
3,1774.208,104.3,4.7589,18.692,9292.885
3,1774.408,104.301,4.709,18.692,9293.924
3,1774.608,104.301,4.7081,18.692,9294.962
3,1774.808,104.301,4.6774,18.693,9296.001
3,1775.008,104.302,4.6435,18.693,9297.039
3,1775.208,104.302,4.6104,18.694,9298.078
3,1775.408,104.303,4.5616,18.694,9299.116
3,1775.608,104.303,4.5352,18.695,9300.155
3,1775.808,104.304,4.4909,18.695,9301.193
3,1776.008,104.304,4.4516,18.696,9302.232
3,1776.208,104.305,4.4186,18.696,9303.271
3,1776.408,104.306,4.3767,18.697,9304.309
3,1776.608,104.306,4.3221,18.698,9305.348
3,1776.808,104.307,4.269,18.698,9306.387
3,1777.008,104.308,4.2062,18.699,9307.426
3,1777.208,104.309,4.1766,18.7,9308.464
3,1777.408,104.31,4.1143,18.701,9309.503
3,1777.608,104.31,4.0701,18.702,9310.542
3,1777.808,104.311,4.0048,18.702,9311.581
3,1778.008,104.312,3.9488,18.703,9312.62
3,1778.208,104.313,3.8906,18.704,9313.659
3,1778.408,104.314,3.8256,18.705,9314.698
3,1778.608,104.315,3.7723,18.706,9315.738
3,1778.808,104.316,3.7166,18.707,9316.777
3,1779.008,104.317,3.6565,18.708,9317.816
3,1779.208,104.318,3.6009,18.709,9318.855
3,1779.408,104.319,3.5501,18.71,9319.895
3,1779.608,104.32,3.4808,18.711,9320.934
3,1779.808,104.321,3.4157,18.712,9321.974
3,1780.008,104.322,3.3465,18.713,9323.013
3,1780.208,104.323,3.281,18.714,9324.053
3,1780.408,104.324,3.2188,18.715,9325.093
3,1780.608,104.325,3.1641,18.716,9326.132
3,1780.808,104.326,3.1111,18.717,9327.172
3,1781.008,104.326,3.0644,18.718,9328.212
3,1781.208,104.327,3.014,18.719,9329.252
3,1781.408,104.328,2.9589,18.72,9330.292
3,1781.608,104.329,2.9082,18.721,9331.332
3,1781.808,104.33,2.8537,18.722,9332.372
3,1782.008,104.331,2.8042,18.723,9333.412
3,1782.208,104.331,2.7503,18.724,9334.452
3,1782.408,104.332,2.7012,18.725,9335.492
3,1782.608,104.333,2.6533,18.726,9336.533
3,1782.808,104.334,2.6082,18.726,9337.573
3,1783.008,104.334,2.5683,18.727,9338.613
3,1783.208,104.335,2.5194,18.728,9339.654
3,1783.408,104.336,2.4727,18.729,9340.694
3,1783.608,104.337,2.4239,18.73,9341.735
3,1783.808,104.338,2.3756,18.73,9342.775
3,1784.008,104.338,2.3294,18.731,9343.816
3,1784.208,104.339,2.281,18.732,9344.856
3,1784.408,104.34,2.2375,18.732,9345.897
3,1784.608,104.34,2.1962,18.733,9346.938
3,1784.808,104.341,2.155,18.734,9347.979
3,1785.008,104.342,2.114,18.734,9349.019
3,1785.208,104.342,2.0724,18.735,9350.06
3,1785.408,104.343,2.0236,18.736,9351.101
3,1785.608,104.344,1.9747,18.736,9352.142
3,1785.808,104.345,1.9259,18.737,9353.183
3,1786.008,104.346,1.8771,18.737,9354.224
3,1786.208,104.346,1.8297,18.738,9355.265
3,1786.408,104.347,1.7862,18.738,9356.306
3,1786.608,104.348,1.7427,18.739,9357.347
3,1786.808,104.349,1.6993,18.739,9358.388
3,1787.008,104.349,1.6559,18.74,9359.429
3,1787.208,104.35,1.614,18.74,9360.47
3,1787.408,104.351,1.5741,18.741,9361.511
3,1787.608,104.351,1.5342,18.741,9362.552
3,1787.808,104.352,1.4943,18.742,9363.593
3,1788.008,104.353,1.4544,18.742,9364.635
3,1788.208,104.353,1.4156,18.743,9365.676
3,1788.408,104.354,1.3772,18.743,9366.717
3,1788.608,104.355,1.3389,18.743,9367.758
3,1788.808,104.355,1.3006,18.744,9368.8
3,1789.008,104.356,1.2623,18.744,9369.841
3,1789.208,104.356,1.23,18.745,9370.882
3,1789.408,104.357,1.1988,18.745,9371.924
3,1789.608,104.357,1.1676,18.745,9372.965
3,1789.808,104.358,1.1364,18.745,9374.006
3,1790.008,104.358,1.1049,18.746,9375.048
3,1790.208,104.359,1.0658,18.746,9376.089
3,1790.408,104.36,1.0266,18.746,9377.131
3,1790.608,104.36,0.9875,18.747,9378.172
3,1790.808,104.361,0.9483,18.747,9379.214
3,1791.008,104.362,0.9115,18.747,9380.255
3,1791.208,104.362,0.882,18.747,9381.297
3,1791.408,104.363,0.8526,18.748,9382.338
3,1791.608,104.363,0.8231,18.748,9383.38
3,1791.808,104.364,0.7936,18.748,9384.421
3,1792.008,104.364,0.765,18.748,9385.463
3,1792.208,104.365,0.7375,18.748,9386.504
3,1792.408,104.365,0.7099,18.749,9387.546
3,1792.608,104.366,0.6824,18.749,9388.588
3,1792.808,104.366,0.6549,18.749,9389.629
3,1793.008,104.366,0.6289,18.749,9390.671
3,1793.208,104.367,0.6036,18.749,9391.712
3,1793.408,104.367,0.5784,18.749,9392.754
3,1793.608,104.368,0.5532,18.75,9393.796
3,1793.808,104.368,0.5281,18.75,9394.837
3,1794.008,104.369,0.4628,18.75,9395.879
3,1794.208,104.371,0.3902,18.75,9396.921
3,1794.408,104.372,0.3175,18.75,9397.962
3,1794.608,104.373,0.2448,18.75,9399.004
3,1794.808,104.374,0.1716,18.75,9400.046
3,1795.008,104.376,0.0867,18.75,9401.087
3,1795.208,104.377,0.0017,18.751,9402.129
3,1795.408,104.377,0.0,18.751,9403.171
3,1795.608,104.377,0.0,18.756,9404.212
3,1795.808,104.377,0.0,18.767,9405.254
3,1796.008,104.377,0.0,18.782,9406.297
3,1796.208,104.377,0.0,18.799,9407.34
3,1796.408,104.377,0.0,18.819,9408.385
3,1796.608,104.377,0.0,18.841,9409.43
3,1796.808,104.377,0.0,18.865,9410.477
3,1797.008,104.377,0.0,18.89,9411.525
3,1797.208,104.377,0.0,18.916,9412.575
3,1797.408,104.377,0.0,18.943,9413.625
3,1797.608,104.377,0.0,18.971,9414.678
3,1797.808,104.377,0.0,19.0,9415.732
3,1798.008,104.377,0.0,19.029,9416.787
3,1798.208,104.377,0.0,19.058,9417.844
3,1798.408,104.377,0.0,19.087,9418.903
3,1798.608,104.377,0.0,19.116,9419.964
3,1798.808,104.377,0.0,19.145,9421.026
3,1799.008,104.377,0.0,19.173,9422.089
3,1799.208,104.377,0.0,19.202,9423.154
3,1799.408,104.377,0.0,19.229,9424.221
3,1799.608,104.377,0.0,19.256,9425.289
3,1799.808,104.377,0.0,19.282,9426.359
3,1800.008,104.377,0.0,19.307,9427.43
3,1800.208,104.377,0.0,19.33,9428.503
3,1800.408,104.377,0.0,19.351,9429.577
3,1800.608,104.377,0.0,19.371,9430.652
3,1800.808,104.377,0.0,19.389,9431.728
3,1801.008,104.377,0.0,19.404,9432.805
3,1801.208,104.377,0.0,19.417,9433.883
3,1801.408,104.377,0.0,19.427,9434.962
3,1801.608,104.377,0.0,19.435,9436.041
3,1801.808,104.377,0.0,19.439,9437.121
3,1802.008,104.377,0.0,19.439,9438.201
3,1802.208,104.377,0.0,19.435,9439.281
3,1802.408,104.377,0.0,19.427,9440.361
3,1802.608,104.377,0.0,19.415,9441.44
3,1802.808,104.377,0.0,19.396,9442.519
3,1803.008,104.377,0.0,19.373,9443.596
3,1803.208,104.377,0.0,19.344,9444.672
3,1803.408,104.377,0.0,19.309,9445.747
3,1803.608,104.377,0.0,19.268,9446.82
3,1803.808,104.375,0.1542,19.219,9447.89
3,1804.008,104.371,0.3493,19.172,9448.958
3,1804.208,104.368,0.5367,19.13,9450.023
3,1804.408,104.364,0.7533,19.092,9451.086
3,1804.608,104.36,0.963,19.058,9452.147
3,1804.808,104.357,1.1666,19.027,9453.205
3,1805.008,104.353,1.3648,18.999,9454.262
3,1805.208,104.35,1.5498,18.974,9455.318
3,1805.408,104.347,1.711,18.951,9456.372
3,1805.608,104.345,1.8685,18.93,9457.425
3,1805.808,104.342,2.0227,18.912,9458.477
3,1806.008,104.339,2.1739,18.895,9459.527
3,1806.208,104.337,2.3229,18.879,9460.577
3,1806.408,104.334,2.4699,18.865,9461.626
3,1806.608,104.331,2.6149,18.852,9462.674
3,1806.808,104.329,2.758,18.841,9463.721
3,1807.008,104.326,2.8994,18.83,9464.768
3,1807.208,104.324,3.0464,18.82,9465.814
3,1807.408,104.321,3.1941,18.811,9466.859
3,1807.608,104.318,3.3406,18.802,9467.905
3,1807.808,104.316,3.4861,18.794,9468.949
3,1808.008,104.313,3.6307,18.787,9469.993
3,1808.208,104.311,3.7785,18.78,9471.037
3,1808.408,104.308,3.9257,18.774,9472.08
3,1808.608,104.305,4.0722,18.768,9473.123
3,1808.808,104.303,4.2181,18.762,9474.166
3,1809.008,104.3,4.3617,18.756,9475.208
3,1809.208,104.298,4.497,18.751,9476.25
3,1809.408,104.295,4.632,18.746,9477.292
3,1809.608,104.293,4.7666,18.741,9478.333
3,1809.808,104.29,4.9008,18.737,9479.375
3,1810.008,104.288,5.0353,18.732,9480.416
3,1810.208,104.285,5.1702,18.728,9481.456
3,1810.408,104.283,5.3048,18.723,9482.497
3,1810.608,104.28,5.4393,18.719,9483.537
3,1810.808,104.278,5.5736,18.715,9484.577
3,1811.008,104.276,5.6968,18.711,9485.617
3,1811.208,104.273,5.8122,18.707,9486.656
3,1811.408,104.271,5.9274,18.703,9487.695
3,1811.608,104.269,6.0425,18.699,9488.734
3,1811.808,104.267,6.1575,18.695,9489.773
3,1812.008,104.265,6.2624,18.691,9490.812
3,1812.208,104.263,6.3644,18.687,9491.85
3,1812.408,104.261,6.4663,18.684,9492.888
3,1812.608,104.259,6.5681,18.68,9493.926
3,1812.808,104.257,6.6698,18.676,9494.964
3,1813.008,104.256,6.7525,18.672,9496.002
3,1813.208,104.254,6.8343,18.669,9497.039
3,1813.408,104.253,6.9161,18.665,9498.076
3,1813.608,104.251,6.9977,18.662,9499.113
3,1813.808,104.25,7.0776,18.659,9500.15
3,1814.008,104.248,7.1484,18.655,9501.187
3,1814.208,104.247,7.2191,18.652,9502.223
3,1814.408,104.245,7.2896,18.649,9503.259
3,1814.608,104.244,7.3601,18.646,9504.295
3,1814.808,104.243,7.4258,18.643,9505.331
3,1815.008,104.242,7.4818,18.64,9506.367
3,1815.208,104.24,7.5377,18.637,9507.402
3,1815.408,104.239,7.5935,18.634,9508.438
3,1815.608,104.238,7.6491,18.631,9509.473
3,1815.808,104.237,7.6978,18.628,9510.508
3,1816.008,104.236,7.7392,18.626,9511.543
3,1816.208,104.235,7.7806,18.623,9512.578
3,1816.408,104.234,7.8217,18.621,9513.612
3,1816.608,104.234,7.8628,18.618,9514.647
3,1816.808,104.233,7.8958,18.616,9515.681
3,1817.008,104.232,7.9245,18.614,9516.715
3,1817.208,104.231,7.953,18.612,9517.749
3,1817.408,104.231,7.9814,18.61,9518.783
3,1817.608,104.23,8.0097,18.608,9519.817
3,1817.808,104.23,8.0264,18.606,9520.851
3,1818.008,104.229,8.0405,18.604,9521.885
3,1818.208,104.229,8.0544,18.603,9522.918
3,1818.408,104.228,8.0682,18.601,9523.952
3,1818.608,104.228,8.082,18.6,9524.985
3,1818.808,104.228,8.0819,18.598,9526.019
3,1819.008,104.228,8.0815,18.597,9527.052
3,1819.208,104.227,8.0809,18.596,9528.085
3,1819.408,104.227,8.0803,18.595,9529.118
3,1819.608,104.227,8.0762,18.594,9530.151
3,1819.808,104.227,8.0524,18.594,9531.184
3,1820.008,104.228,8.0285,18.593,9532.217
3,1820.208,104.228,8.0043,18.593,9533.25
3,1820.408,104.228,7.9801,18.592,9534.283
3,1820.608,104.228,7.9528,18.592,9535.316
3,1820.808,104.229,7.919,18.592,9536.349
3,1821.008,104.229,7.885,18.592,9537.382
3,1821.208,104.23,7.8508,18.592,9538.415
3,1821.408,104.23,7.8165,18.593,9539.448
3,1821.608,104.231,7.7651,18.593,9540.48
3,1821.808,104.232,7.6938,18.594,9541.513
3,1822.008,104.233,7.6223,18.595,9542.546
3,1822.208,104.234,7.5505,18.596,9543.579
3,1822.408,104.235,7.4786,18.597,9544.613
3,1822.608,104.236,7.3856,18.598,9545.646
3,1822.808,104.238,7.2799,18.6,9546.679
3,1823.008,104.24,7.1738,18.601,9547.712
3,1823.208,104.241,7.0675,18.603,9548.746
3,1823.408,104.243,6.961,18.606,9549.779
3,1823.608,104.245,6.8603,18.608,9550.813
3,1823.808,104.246,6.7611,18.61,9551.847
3,1824.008,104.248,6.6617,18.613,9552.88
3,1824.208,104.249,6.5622,18.616,9553.915
3,1824.408,104.251,6.4626,18.618,9554.949
3,1824.608,104.253,6.3636,18.621,9555.983
3,1824.808,104.254,6.2644,18.624,9557.018
3,1825.008,104.256,6.1652,18.627,9558.052
3,1825.208,104.257,6.0659,18.63,9559.087
3,1825.408,104.259,5.968,18.633,9560.122
3,1825.608,104.26,5.881,18.636,9561.157
3,1825.808,104.262,5.794,18.638,9562.193
3,1826.008,104.263,5.707,18.641,9563.228
3,1826.208,104.264,5.62,18.644,9564.264
3,1826.408,104.266,5.533,18.647,9565.299
3,1826.608,104.267,5.4459,18.65,9566.335
3,1826.808,104.269,5.3588,18.652,9567.371
3,1827.008,104.27,5.2718,18.655,9568.408
3,1827.208,104.271,5.1848,18.658,9569.444
3,1827.408,104.273,5.1023,18.66,9570.481
3,1827.608,104.274,5.0253,18.663,9571.517
3,1827.808,104.275,4.9483,18.665,9572.554
3,1828.008,104.276,4.8714,18.668,9573.591
3,1828.208,104.278,4.7944,18.67,9574.628
3,1828.408,104.279,4.721,18.673,9575.665
3,1828.608,104.28,4.6495,18.675,9576.703
3,1828.808,104.281,4.5781,18.677,9577.74
3,1829.008,104.282,4.5067,18.679,9578.778
3,1829.208,104.283,4.4353,18.681,9579.816
3,1829.408,104.284,4.3686,18.684,9580.854
3,1829.608,104.285,4.3029,18.686,9581.892
3,1829.808,104.286,4.2372,18.687,9582.93
3,1830.008,104.288,4.1716,18.689,9583.968
3,1830.208,104.289,4.1061,18.691,9585.006
3,1830.408,104.289,4.0554,18.693,9586.045
3,1830.608,104.29,4.0048,18.695,9587.083
3,1830.808,104.291,3.9542,18.696,9588.122
3,1831.008,104.292,3.9038,18.698,9589.16
3,1831.208,104.293,3.8522,18.7,9590.199
3,1831.408,104.293,3.7957,18.701,9591.238
3,1831.608,104.294,3.7392,18.702,9592.277
3,1831.808,104.295,3.6828,18.704,9593.316
3,1832.008,104.296,3.6264,18.705,9594.355
3,1832.208,104.297,3.5727,18.707,9595.394
3,1832.408,104.298,3.5231,18.708,9596.433
3,1832.608,104.299,3.4737,18.709,9597.473
3,1832.808,104.299,3.4242,18.71,9598.512
3,1833.008,104.3,3.3748,18.712,9599.552
3,1833.208,104.301,3.3281,18.713,9600.591
3,1833.408,104.302,3.2834,18.714,9601.631
3,1833.608,104.302,3.2388,18.715,9602.67
3,1833.808,104.303,3.1942,18.716,9603.71
3,1834.008,104.304,3.1497,18.717,9604.75
3,1834.208,104.304,3.1107,18.718,9605.79
3,1834.408,104.305,3.0736,18.719,9606.83
3,1834.608,104.305,3.0364,18.72,9607.87
3,1834.808,104.306,2.9994,18.721,9608.91
3,1835.008,104.307,2.9623,18.721,9609.95
3,1835.208,104.307,2.9074,18.722,9610.99
3,1835.408,104.308,2.8516,18.723,9612.03
3,1835.608,104.309,2.7957,18.724,9613.07
3,1835.808,104.31,2.7399,18.725,9614.11
3,1836.008,104.311,2.6845,18.726,9615.15
3,1836.208,104.312,2.6322,18.726,9616.191
3,1836.408,104.313,2.58,18.727,9617.231
3,1836.608,104.314,2.5277,18.728,9618.272
3,1836.808,104.314,2.4754,18.729,9619.312
3,1837.008,104.315,2.4229,18.729,9620.352
3,1837.208,104.316,2.3698,18.73,9621.393
3,1837.408,104.317,2.3168,18.731,9622.434
3,1837.608,104.318,2.2637,18.732,9623.474
3,1837.808,104.319,2.2107,18.732,9624.515
3,1838.008,104.32,2.1645,18.733,9625.555
3,1838.208,104.32,2.1242,18.734,9626.596
3,1838.408,104.321,2.0839,18.734,9627.637
3,1838.608,104.321,2.0437,18.735,9628.678
3,1838.808,104.322,2.0035,18.736,9629.719
3,1839.008,104.323,1.9707,18.736,9630.759
3,1839.208,104.323,1.9407,18.737,9631.8
3,1839.408,104.324,1.9107,18.737,9632.841
3,1839.608,104.324,1.8808,18.738,9633.882
3,1839.808,104.325,1.8509,18.738,9634.923
3,1840.008,104.325,1.8196,18.739,9635.964
3,1840.208,104.326,1.7881,18.739,9637.005
3,1840.408,104.326,1.7566,18.74,9638.046
3,1840.608,104.327,1.7252,18.74,9639.088
3,1840.808,104.327,1.6947,18.741,9640.129
3,1841.008,104.327,1.6714,18.741,9641.17
3,1841.208,104.328,1.648,18.741,9642.211
3,1841.408,104.328,1.6247,18.742,9643.252
3,1841.608,104.329,1.6014,18.742,9644.293
3,1841.808,104.329,1.5823,18.742,9645.335
3,1842.008,104.329,1.5717,18.743,9646.376
3,1842.208,104.329,1.5613,18.743,9647.417
3,1842.408,104.329,1.5508,18.743,9648.458
3,1842.608,104.329,1.5404,18.743,9649.5
3,1842.808,104.33,1.5336,18.744,9650.541
3,1843.008,104.33,1.5301,18.744,9651.582
3,1843.208,104.33,1.5266,18.744,9652.624
3,1843.408,104.33,1.5232,18.744,9653.665
3,1843.608,104.33,1.5198,18.744,9654.706
3,1843.808,104.329,1.5256,18.745,9655.748
3,1844.008,104.329,1.5351,18.745,9656.789
3,1844.208,104.329,1.5445,18.745,9657.83
3,1844.408,104.329,1.554,18.745,9658.872
3,1844.608,104.329,1.5635,18.745,9659.913
3,1844.808,104.328,1.5743,18.745,9660.954
3,1845.008,104.328,1.5851,18.745,9661.996
3,1845.208,104.328,1.596,18.745,9663.037
3,1845.408,104.328,1.6069,18.745,9664.079
3,1845.608,104.328,1.6193,18.745,9665.12
3,1845.808,104.327,1.6429,18.745,9666.161
3,1846.008,104.327,1.6666,18.745,9667.203
3,1846.208,104.326,1.6903,18.745,9668.244
3,1846.408,104.326,1.714,18.745,9669.286
3,1846.608,104.325,1.7378,18.745,9670.327
3,1846.808,104.325,1.7619,18.745,9671.368
3,1847.008,104.324,1.7861,18.745,9672.41
3,1847.208,104.324,1.8102,18.745,9673.451
3,1847.408,104.323,1.8343,18.745,9674.493
3,1847.608,104.323,1.8618,18.744,9675.534
3,1847.808,104.322,1.8924,18.744,9676.575
3,1848.008,104.322,1.923,18.744,9677.617
3,1848.208,104.321,1.9536,18.744,9678.658
3,1848.408,104.321,1.9842,18.744,9679.699
3,1848.608,104.32,2.0142,18.744,9680.741
3,1848.808,104.32,2.0438,18.743,9681.782
3,1849.008,104.319,2.0735,18.743,9682.823
3,1849.208,104.318,2.1032,18.743,9683.864
3,1849.408,104.318,2.1329,18.743,9684.906
3,1849.608,104.317,2.1644,18.742,9685.947
3,1849.808,104.317,2.1962,18.742,9686.988
3,1850.008,104.316,2.228,18.742,9688.029
3,1850.208,104.315,2.2598,18.742,9689.071
3,1850.408,104.315,2.2893,18.741,9690.112
3,1850.608,104.315,2.3001,18.741,9691.153
3,1850.808,104.314,2.3108,18.741,9692.194
3,1851.008,104.314,2.3216,18.741,9693.235
3,1851.208,104.314,2.3323,18.74,9694.277
3,1851.408,104.314,2.3417,18.74,9695.318
3,1851.608,104.313,2.3481,18.74,9696.359
3,1851.808,104.313,2.3546,18.74,9697.4
3,1852.008,104.313,2.361,18.739,9698.441
3,1852.208,104.313,2.3674,18.739,9699.482
3,1852.408,104.313,2.3881,18.739,9700.523
3,1852.608,104.312,2.423,18.739,9701.564
3,1852.808,104.311,2.4578,18.739,9702.605
3,1853.008,104.311,2.4928,18.739,9703.646
3,1853.208,104.31,2.5277,18.738,9704.687
3,1853.408,104.309,2.5628,18.738,9705.728
3,1853.608,104.309,2.5979,18.738,9706.769
3,1853.808,104.308,2.6331,18.737,9707.81
3,1854.008,104.307,2.6682,18.737,9708.851
3,1854.208,104.307,2.7034,18.737,9709.892
3,1854.408,104.306,2.7425,18.736,9710.933
3,1854.608,104.305,2.782,18.736,9711.974
3,1854.808,104.304,2.8215,18.736,9713.015
3,1855.008,104.304,2.861,18.735,9714.056
3,1855.208,104.303,2.8994,18.735,9715.097
3,1855.408,104.302,2.9265,18.734,9716.138
3,1855.608,104.302,2.9535,18.734,9717.178
3,1855.808,104.301,2.9805,18.734,9718.219
3,1856.008,104.301,3.0075,18.733,9719.26
3,1856.208,104.3,3.0336,18.733,9720.301
3,1856.408,104.3,3.0573,18.732,9721.341
3,1856.608,104.299,3.0809,18.732,9722.382
3,1856.808,104.299,3.1046,18.732,9723.423
3,1857.008,104.298,3.1283,18.731,9724.463
3,1857.208,104.298,3.1462,18.731,9725.504
3,1857.408,104.298,3.1579,18.73,9726.545
3,1857.608,104.297,3.1696,18.73,9727.585
3,1857.808,104.297,3.1813,18.73,9728.626
3,1858.008,104.297,3.1929,18.729,9729.666
3,1858.208,104.297,3.1969,18.729,9730.707
3,1858.408,104.297,3.1972,18.729,9731.747
3,1858.608,104.296,3.1974,18.728,9732.788
3,1858.808,104.296,3.1977,18.728,9733.828
3,1859.008,104.296,3.1979,18.728,9734.869
3,1859.208,104.296,3.1945,18.728,9735.909
3,1859.408,104.296,3.1906,18.728,9736.95
3,1859.608,104.296,3.1867,18.727,9737.99
3,1859.808,104.296,3.1828,18.727,9739.03
3,1860.008,104.296,3.1777,18.727,9740.071
3,1860.208,104.297,3.158,18.727,9741.111
3,1860.408,104.297,3.1383,18.727,9742.152
3,1860.608,104.297,3.1184,18.727,9743.192
3,1860.808,104.297,3.0986,18.727,9744.232
3,1861.008,104.298,3.0782,18.727,9745.273
3,1861.208,104.298,3.0567,18.727,9746.313
3,1861.408,104.298,3.0351,18.727,9747.354
3,1861.608,104.299,3.0135,18.727,9748.394
3,1861.808,104.299,2.9919,18.728,9749.434
3,1862.008,104.299,2.9644,18.728,9750.475
3,1862.208,104.3,2.9299,18.728,9751.515
3,1862.408,104.3,2.8954,18.728,9752.556
3,1862.608,104.301,2.8608,18.728,9753.596
3,1862.808,104.301,2.8262,18.729,9754.637
3,1863.008,104.302,2.7885,18.729,9755.677
3,1863.208,104.303,2.7491,18.729,9756.718
3,1863.408,104.303,2.7097,18.73,9757.758
3,1863.608,104.304,2.6702,18.73,9758.799
3,1863.808,104.305,2.6307,18.73,9759.839
3,1864.008,104.305,2.5761,18.731,9760.88
3,1864.208,104.306,2.5187,18.731,9761.92
3,1864.408,104.307,2.4613,18.732,9762.961
3,1864.608,104.308,2.4038,18.732,9764.002
3,1864.808,104.309,2.3463,18.733,9765.042
3,1865.008,104.31,2.2902,18.733,9766.083
3,1865.208,104.311,2.234,18.734,9767.124
3,1865.408,104.312,2.1777,18.734,9768.164
3,1865.608,104.313,2.1215,18.735,9769.205
3,1865.808,104.314,2.0682,18.735,9770.246
3,1866.008,104.315,2.0242,18.736,9771.287
3,1866.208,104.315,1.9802,18.736,9772.328
3,1866.408,104.316,1.9363,18.737,9773.369
3,1866.608,104.317,1.8923,18.738,9774.41
3,1866.808,104.317,1.8514,18.738,9775.451
3,1867.008,104.318,1.8146,18.739,9776.492
3,1867.208,104.319,1.7778,18.739,9777.533
3,1867.408,104.319,1.7409,18.74,9778.574
3,1867.608,104.32,1.7042,18.74,9779.615
3,1867.808,104.32,1.6668,18.74,9780.656
3,1868.008,104.321,1.6291,18.741,9781.697
3,1868.208,104.322,1.5914,18.741,9782.738
3,1868.408,104.322,1.5537,18.742,9783.779
3,1868.608,104.323,1.516,18.742,9784.821
3,1868.808,104.323,1.4835,18.742,9785.862
3,1869.008,104.324,1.4521,18.743,9786.903
3,1869.208,104.324,1.4207,18.743,9787.944
3,1869.408,104.325,1.3893,18.744,9788.986
3,1869.608,104.325,1.3578,18.744,9790.027
3,1869.808,104.326,1.3215,18.744,9791.068
3,1870.008,104.327,1.2851,18.744,9792.11
3,1870.208,104.327,1.2488,18.745,9793.151
3,1870.408,104.328,1.2125,18.745,9794.192
3,1870.608,104.328,1.1791,18.745,9795.234
3,1870.808,104.329,1.1556,18.746,9796.275
3,1871.008,104.329,1.1322,18.746,9797.317
3,1871.208,104.33,1.1088,18.746,9798.358
3,1871.408,104.33,1.0854,18.746,9799.399
3,1871.608,104.33,1.0594,18.747,9800.441
3,1871.808,104.331,1.0298,18.747,9801.482
3,1872.008,104.331,1.0003,18.747,9802.524
3,1872.208,104.332,0.9707,18.747,9803.565
3,1872.408,104.332,0.9412,18.748,9804.607
3,1872.608,104.333,0.9156,18.748,9805.648
3,1872.808,104.333,0.8923,18.748,9806.69
3,1873.008,104.333,0.8691,18.748,9807.732
3,1873.208,104.334,0.8459,18.748,9808.773
3,1873.408,104.334,0.8226,18.748,9809.815
3,1873.608,104.335,0.8029,18.749,9810.856
3,1873.808,104.335,0.784,18.749,9811.898
3,1874.008,104.335,0.7651,18.749,9812.939
3,1874.208,104.336,0.7461,18.749,9813.981
3,1874.408,104.336,0.7275,18.749,9815.023
3,1874.608,104.336,0.7217,18.749,9816.064
3,1874.808,104.336,0.716,18.749,9817.106
3,1875.008,104.336,0.7102,18.749,9818.147
3,1875.208,104.336,0.7045,18.75,9819.189
3,1875.408,104.336,0.7008,18.75,9820.231
3,1875.608,104.336,0.704,18.75,9821.272
3,1875.808,104.336,0.7072,18.75,9822.314
3,1876.008,104.336,0.7105,18.75,9823.356
3,1876.208,104.336,0.7137,18.75,9824.397
3,1876.408,104.336,0.7198,18.75,9825.439
3,1876.608,104.336,0.7299,18.75,9826.481
3,1876.808,104.335,0.7399,18.75,9827.522
3,1877.008,104.335,0.7499,18.75,9828.564
3,1877.208,104.335,0.76,18.75,9829.606
3,1877.408,104.335,0.7794,18.75,9830.647
3,1877.608,104.334,0.8044,18.75,9831.689
3,1877.808,104.334,0.8295,18.75,9832.731
3,1878.008,104.333,0.8546,18.75,9833.772
3,1878.208,104.333,0.8797,18.75,9834.814
3,1878.408,104.332,0.9128,18.75,9835.856
3,1878.608,104.332,0.9477,18.75,9836.897
3,1878.808,104.331,0.9826,18.75,9837.939
3,1879.008,104.33,1.0176,18.75,9838.981
3,1879.208,104.33,1.0527,18.75,9840.022
3,1879.408,104.329,1.0991,18.75,9841.064
3,1879.608,104.328,1.1456,18.75,9842.106
3,1879.808,104.327,1.192,18.749,9843.147
3,1880.008,104.326,1.2385,18.749,9844.189
3,1880.208,104.326,1.2828,18.749,9845.231
3,1880.408,104.325,1.3197,18.749,9846.272
3,1880.608,104.324,1.3565,18.749,9847.314
3,1880.808,104.324,1.3934,18.749,9848.355
3,1881.008,104.323,1.4302,18.748,9849.397
3,1881.208,104.322,1.4697,18.748,9850.439
3,1881.408,104.321,1.5126,18.748,9851.48
3,1881.608,104.321,1.5556,18.748,9852.522
3,1881.808,104.32,1.5987,18.748,9853.563
3,1882.008,104.319,1.6417,18.747,9854.605
3,1882.208,104.318,1.679,18.747,9855.646
3,1882.408,104.318,1.7127,18.747,9856.688
3,1882.608,104.317,1.7464,18.747,9857.729
3,1882.808,104.316,1.7802,18.746,9858.771
3,1883.008,104.316,1.8139,18.746,9859.812
3,1883.208,104.315,1.8406,18.746,9860.854
3,1883.408,104.315,1.8656,18.746,9861.895
3,1883.608,104.314,1.8907,18.745,9862.937
3,1883.808,104.314,1.9158,18.745,9863.978
3,1884.008,104.313,1.9407,18.745,9865.019
3,1884.208,104.313,1.9578,18.745,9866.061
3,1884.408,104.313,1.9749,18.744,9867.102
3,1884.608,104.312,1.992,18.744,9868.144
3,1884.808,104.312,2.0091,18.744,9869.185
3,1885.008,104.312,2.0249,18.744,9870.226
3,1885.208,104.312,2.0362,18.743,9871.267
3,1885.408,104.311,2.0475,18.743,9872.309
3,1885.608,104.311,2.0588,18.743,9873.35
3,1885.808,104.311,2.0701,18.743,9874.391
3,1886.008,104.311,2.079,18.743,9875.433
3,1886.208,104.31,2.0845,18.742,9876.474
3,1886.408,104.31,2.0901,18.742,9877.515
3,1886.608,104.31,2.0956,18.742,9878.556
3,1886.808,104.31,2.1011,18.742,9879.598
3,1887.008,104.31,2.0992,18.742,9880.639
3,1887.208,104.31,2.0925,18.742,9881.68
3,1887.408,104.31,2.0858,18.742,9882.721
3,1887.608,104.31,2.079,18.742,9883.762
3,1887.808,104.31,2.0723,18.741,9884.804
3,1888.008,104.31,2.0583,18.741,9885.845
3,1888.208,104.311,2.0426,18.741,9886.886
3,1888.408,104.311,2.027,18.741,9887.927
3,1888.608,104.311,2.0112,18.741,9888.968
3,1888.808,104.311,1.9955,18.741,9890.01
3,1889.008,104.312,1.9745,18.741,9891.051
3,1889.208,104.312,1.9535,18.741,9892.092
3,1889.408,104.312,1.9325,18.742,9893.133
3,1889.608,104.313,1.9115,18.742,9894.174
3,1889.808,104.313,1.8888,18.742,9895.216
3,1890.008,104.313,1.8594,18.742,9896.257
3,1890.208,104.314,1.83,18.742,9897.298
3,1890.408,104.314,1.8005,18.742,9898.339
3,1890.608,104.315,1.7711,18.742,9899.38
3,1890.808,104.315,1.739,18.742,9900.422
3,1891.008,104.316,1.703,18.743,9901.463
3,1891.208,104.317,1.667,18.743,9902.504
3,1891.408,104.317,1.6309,18.743,9903.545
3,1891.608,104.318,1.5949,18.743,9904.587
3,1891.808,104.318,1.5513,18.743,9905.628
3,1892.008,104.319,1.5027,18.744,9906.669
3,1892.208,104.32,1.454,18.744,9907.711
3,1892.408,104.321,1.4054,18.744,9908.752
3,1892.608,104.322,1.3568,18.744,9909.793
3,1892.808,104.323,1.3075,18.745,9910.835
3,1893.008,104.323,1.258,18.745,9911.876
3,1893.208,104.324,1.2086,18.745,9912.917
3,1893.408,104.325,1.1591,18.745,9913.959
3,1893.608,104.326,1.1097,18.746,9915.0
3,1893.808,104.327,1.0614,18.746,9916.042
3,1894.008,104.328,1.0132,18.746,9917.083
3,1894.208,104.328,0.9649,18.747,9918.124
3,1894.408,104.329,0.9167,18.747,9919.166
3,1894.608,104.33,0.8707,18.747,9920.207
3,1894.808,104.331,0.8341,18.747,9921.249
3,1895.008,104.331,0.7974,18.748,9922.29
3,1895.208,104.332,0.7608,18.748,9923.332
3,1895.408,104.332,0.7242,18.748,9924.374
3,1895.608,104.333,0.6879,18.748,9925.415
3,1895.808,104.334,0.6519,18.749,9926.457
3,1896.008,104.334,0.616,18.749,9927.498
3,1896.208,104.335,0.58,18.749,9928.54
3,1896.408,104.335,0.5441,18.749,9929.581
3,1896.608,104.336,0.5013,18.749,9930.623
3,1896.808,104.337,0.454,18.75,9931.665
3,1897.008,104.338,0.4067,18.75,9932.706
3,1897.208,104.339,0.3594,18.75,9933.748
3,1897.408,104.339,0.3121,18.75,9934.79
3,1897.608,104.34,0.2755,18.75,9935.831
3,1897.808,104.341,0.2416,18.75,9936.873
3,1898.008,104.341,0.2077,18.75,9937.915
3,1898.208,104.342,0.1738,18.751,9938.956
3,1898.408,104.342,0.1399,18.751,9939.998
3,1898.608,104.342,0.1632,18.751,9941.04
3,1898.808,104.342,0.1865,18.751,9942.081
3,1899.008,104.341,0.2099,18.751,9943.123
3,1899.208,104.341,0.2333,18.751,9944.165
3,1899.408,104.34,0.2722,18.751,9945.207
3,1899.608,104.338,0.3734,18.751,9946.248
3,1899.808,104.337,0.4746,18.751,9947.29
3,1900.008,104.335,0.5759,18.751,9948.332
3,1900.208,104.333,0.6773,18.751,9949.374
3,1900.408,104.331,0.7635,18.751,9950.415
3,1900.608,104.33,0.8271,18.751,9951.457
3,1900.808,104.329,0.8907,18.751,9952.499
3,1901.008,104.328,0.9543,18.751,9953.54
3,1901.208,104.327,1.0179,18.751,9954.582
3,1901.408,104.326,1.0759,18.75,9955.624
3,1901.608,104.325,1.1303,18.75,9956.666
3,1901.808,104.324,1.1846,18.75,9957.707
3,1902.008,104.323,1.2389,18.75,9958.749
3,1902.208,104.322,1.2933,18.75,9959.791
3,1902.408,104.321,1.3566,18.749,9960.832
3,1902.608,104.32,1.4221,18.749,9961.874
3,1902.808,104.319,1.4877,18.749,9962.915
3,1903.008,104.317,1.5533,18.749,9963.957
3,1903.208,104.316,1.6189,18.748,9964.999
3,1903.408,104.315,1.6882,18.748,9966.04
3,1903.608,104.314,1.7576,18.748,9967.082
3,1903.808,104.312,1.827,18.747,9968.123
3,1904.008,104.311,1.8965,18.747,9969.165
3,1904.208,104.31,1.9676,18.746,9970.206
3,1904.408,104.309,2.0455,18.746,9971.248
3,1904.608,104.307,2.1234,18.746,9972.289
3,1904.808,104.306,2.2014,18.745,9973.331
3,1905.008,104.304,2.2794,18.744,9974.372
3,1905.208,104.303,2.3609,18.744,9975.413
3,1905.408,104.301,2.4477,18.743,9976.455
3,1905.608,104.3,2.5345,18.743,9977.496
3,1905.808,104.298,2.6214,18.742,9978.537
3,1906.008,104.297,2.7083,18.741,9979.579
3,1906.208,104.295,2.8014,18.74,9980.62
3,1906.408,104.293,2.8986,18.74,9981.661
3,1906.608,104.291,2.9959,18.739,9982.702
3,1906.808,104.29,3.0932,18.738,9983.743
3,1907.008,104.288,3.1906,18.737,9984.784
3,1907.208,104.286,3.2863,18.736,9985.825
3,1907.408,104.284,3.3816,18.735,9986.866
3,1907.608,104.283,3.4769,18.733,9987.907
3,1907.808,104.281,3.5723,18.732,9988.947
3,1908.008,104.279,3.6678,18.731,9989.988
3,1908.208,104.278,3.7542,18.73,9991.029
3,1908.408,104.276,3.8406,18.728,9992.069
3,1908.608,104.274,3.927,18.727,9993.11
3,1908.808,104.273,4.0134,18.726,9994.15
3,1909.008,104.271,4.0981,18.724,9995.19
3,1909.208,104.27,4.1747,18.723,9996.23
3,1909.408,104.268,4.2514,18.721,9997.271
3,1909.608,104.267,4.328,18.72,9998.311
3,1909.808,104.266,4.4046,18.718,9999.351
3,1910.008,104.264,4.4762,18.717,10000.391
3,1910.208,104.263,4.5393,18.715,10001.43
3,1910.408,104.262,4.6024,18.714,10002.47
3,1910.608,104.261,4.6655,18.712,10003.51
3,1910.808,104.259,4.7286,18.711,10004.549
3,1911.008,104.258,4.7818,18.709,10005.589
3,1911.208,104.257,4.8274,18.708,10006.628
3,1911.408,104.257,4.8729,18.706,10007.667
3,1911.608,104.256,4.9184,18.705,10008.707
3,1911.808,104.255,4.9639,18.703,10009.746
3,1912.008,104.254,4.9883,18.702,10010.785
3,1912.208,104.254,5.0059,18.701,10011.824
3,1912.408,104.253,5.0233,18.699,10012.863
3,1912.608,104.253,5.0407,18.698,10013.902
3,1912.808,104.253,5.0579,18.697,10014.941
3,1913.008,104.252,5.058,18.696,10015.979
3,1913.208,104.252,5.0569,18.695,10017.018
3,1913.408,104.252,5.0556,18.695,10018.057
3,1913.608,104.252,5.0543,18.694,10019.095
3,1913.808,104.252,5.05,18.693,10020.134
3,1914.008,104.252,5.026,18.693,10021.172
3,1914.208,104.253,5.0019,18.692,10022.211
3,1914.408,104.253,4.9777,18.692,10023.249
3,1914.608,104.253,4.9533,18.692,10024.288
3,1914.808,104.254,4.9249,18.691,10025.326
3,1915.008,104.254,4.8878,18.691,10026.364
3,1915.208,104.255,4.8506,18.691,10027.403
3,1915.408,104.255,4.8132,18.691,10028.441
3,1915.608,104.256,4.7758,18.692,10029.48
3,1915.808,104.256,4.7336,18.692,10030.518
3,1916.008,104.257,4.6867,18.692,10031.557
3,1916.208,104.258,4.6397,18.693,10032.595
3,1916.408,104.259,4.5926,18.693,10033.633
3,1916.608,104.259,4.5455,18.694,10034.672
3,1916.808,104.26,4.5036,18.694,10035.711
3,1917.008,104.261,4.4642,18.695,10036.749
3,1917.208,104.261,4.4247,18.696,10037.788
3,1917.408,104.262,4.3852,18.696,10038.826
3,1917.608,104.262,4.3456,18.697,10039.865
3,1917.808,104.263,4.3068,18.698,10040.904
3,1918.008,104.263,4.268,18.698,10041.942
3,1918.208,104.264,4.2292,18.699,10042.981
3,1918.408,104.265,4.1904,18.7,10044.02
3,1918.608,104.265,4.1514,18.701,10045.059
3,1918.808,104.266,4.1106,18.701,10046.098
3,1919.008,104.266,4.0698,18.702,10047.137
3,1919.208,104.267,4.029,18.703,10048.176
3,1919.408,104.268,3.9881,18.704,10049.215
3,1919.608,104.268,3.9474,18.705,10050.254
3,1919.808,104.269,3.9071,18.705,10051.293
3,1920.008,104.27,3.8668,18.706,10052.332
3,1920.208,104.27,3.8265,18.707,10053.372
3,1920.408,104.271,3.7862,18.708,10054.411
3,1920.608,104.271,3.7447,18.709,10055.45
3,1920.808,104.272,3.7018,18.709,10056.49
3,1921.008,104.273,3.6588,18.71,10057.529
3,1921.208,104.273,3.6159,18.711,10058.568
3,1921.408,104.274,3.5729,18.712,10059.608
3,1921.608,104.275,3.5232,18.712,10060.648
3,1921.808,104.276,3.4694,18.713,10061.687
3,1922.008,104.277,3.4156,18.714,10062.727
3,1922.208,104.277,3.3617,18.715,10063.766
3,1922.408,104.278,3.3079,18.716,10064.806
3,1922.608,104.279,3.2545,18.717,10065.846
3,1922.808,104.28,3.2013,18.717,10066.886
3,1923.008,104.281,3.1481,18.718,10067.926
3,1923.208,104.282,3.0949,18.719,10068.965
3,1923.408,104.283,3.0416,18.72,10070.005
3,1923.608,104.284,2.9805,18.721,10071.045
3,1923.808,104.285,2.9193,18.722,10072.085
3,1924.008,104.286,2.8581,18.723,10073.126
3,1924.208,104.287,2.7969,18.723,10074.166
3,1924.408,104.287,2.7374,18.724,10075.206
3,1924.608,104.288,2.6845,18.725,10076.246
3,1924.808,104.289,2.6316,18.726,10077.286
3,1925.008,104.29,2.5787,18.727,10078.327
3,1925.208,104.291,2.5259,18.728,10079.367
3,1925.408,104.292,2.4765,18.728,10080.408
3,1925.608,104.292,2.4324,18.729,10081.448
3,1925.808,104.293,2.3885,18.73,10082.489
3,1926.008,104.294,2.3445,18.731,10083.529
3,1926.208,104.295,2.3006,18.731,10084.57
3,1926.408,104.295,2.2669,18.732,10085.61
3,1926.608,104.295,2.2405,18.733,10086.651
3,1926.808,104.296,2.2141,18.733,10087.692
3,1927.008,104.296,2.1878,18.734,10088.732
3,1927.208,104.297,2.1615,18.735,10089.773
3,1927.408,104.297,2.1404,18.735,10090.814
3,1927.608,104.297,2.1207,18.736,10091.855
3,1927.808,104.298,2.1011,18.736,10092.896
3,1928.008,104.298,2.0815,18.737,10093.937
3,1928.208,104.298,2.0619,18.737,10094.978
3,1928.408,104.298,2.0576,18.737,10096.018
3,1928.608,104.298,2.0538,18.738,10097.059
3,1928.808,104.298,2.05,18.738,10098.1
3,1929.008,104.298,2.0462,18.738,10099.141
3,1929.208,104.298,2.0445,18.739,10100.182
3,1929.408,104.298,2.0521,18.739,10101.223
3,1929.608,104.298,2.0598,18.739,10102.265
3,1929.808,104.298,2.0676,18.739,10103.306
3,1930.008,104.298,2.0754,18.739,10104.347
3,1930.208,104.297,2.0826,18.74,10105.388
3,1930.408,104.297,2.089,18.74,10106.429
3,1930.608,104.297,2.0954,18.74,10107.47
3,1930.808,104.297,2.1018,18.74,10108.511
3,1931.008,104.297,2.1082,18.74,10109.552
3,1931.208,104.297,2.1195,18.74,10110.593
3,1931.408,104.296,2.1344,18.74,10111.634
3,1931.608,104.296,2.1494,18.74,10112.675
3,1931.808,104.296,2.1644,18.74,10113.717
3,1932.008,104.295,2.1794,18.74,10114.758
3,1932.208,104.295,2.1913,18.74,10115.799
3,1932.408,104.295,2.2024,18.74,10116.84
3,1932.608,104.295,2.2134,18.74,10117.881
3,1932.808,104.294,2.2244,18.74,10118.922
3,1933.008,104.294,2.2355,18.74,10119.963
3,1933.208,104.294,2.2342,18.74,10121.004
3,1933.408,104.294,2.2325,18.74,10122.045
3,1933.608,104.294,2.2307,18.74,10123.087
3,1933.808,104.294,2.229,18.74,10124.128
3,1934.008,104.294,2.2275,18.74,10125.169
3,1934.208,104.294,2.2279,18.74,10126.21
3,1934.408,104.294,2.2283,18.74,10127.251
3,1934.608,104.294,2.2286,18.739,10128.292
3,1934.808,104.294,2.229,18.739,10129.333
3,1935.008,104.294,2.2278,18.739,10130.374
3,1935.208,104.294,2.2238,18.739,10131.415
3,1935.408,104.294,2.2198,18.739,10132.456
3,1935.608,104.294,2.2158,18.739,10133.497
3,1935.808,104.294,2.2118,18.739,10134.538
3,1936.008,104.294,2.2114,18.739,10135.58
3,1936.208,104.294,2.2138,18.739,10136.621
3,1936.408,104.294,2.2163,18.739,10137.662
3,1936.608,104.293,2.2188,18.739,10138.703
3,1936.808,104.293,2.2213,18.739,10139.744
3,1937.008,104.293,2.2256,18.739,10140.785
3,1937.208,104.293,2.2305,18.739,10141.826
3,1937.408,104.293,2.2354,18.739,10142.867
3,1937.608,104.293,2.2403,18.739,10143.908
3,1937.808,104.293,2.2452,18.739,10144.949
3,1938.008,104.293,2.2475,18.739,10145.99
3,1938.208,104.292,2.2497,18.739,10147.031
3,1938.408,104.292,2.2519,18.739,10148.072
3,1938.608,104.292,2.254,18.739,10149.114
3,1938.808,104.292,2.2583,18.739,10150.155
3,1939.008,104.292,2.2746,18.739,10151.196
3,1939.208,104.291,2.2909,18.739,10152.237
3,1939.408,104.291,2.3072,18.739,10153.278
3,1939.608,104.291,2.3235,18.739,10154.319
3,1939.808,104.29,2.3425,18.739,10155.36
3,1940.008,104.29,2.3666,18.739,10156.401
3,1940.208,104.289,2.3906,18.739,10157.442
3,1940.408,104.289,2.4147,18.739,10158.483
3,1940.608,104.289,2.4388,18.738,10159.524
3,1940.808,104.288,2.4641,18.738,10160.565
3,1941.008,104.288,2.4902,18.738,10161.606
3,1941.208,104.287,2.5164,18.738,10162.647
3,1941.408,104.287,2.5425,18.738,10163.688
3,1941.608,104.286,2.5687,18.737,10164.729
3,1941.808,104.285,2.6065,18.737,10165.77
3,1942.008,104.284,2.6483,18.737,10166.811
3,1942.208,104.284,2.6902,18.737,10167.852
3,1942.408,104.283,2.7321,18.736,10168.893
3,1942.608,104.282,2.774,18.736,10169.934
3,1942.808,104.281,2.8191,18.736,10170.975
3,1943.008,104.28,2.8645,18.735,10172.016
3,1943.208,104.28,2.9099,18.735,10173.056
3,1943.408,104.279,2.9553,18.734,10174.097
3,1943.608,104.278,3.0014,18.734,10175.138
3,1943.808,104.277,3.0518,18.733,10176.179
3,1944.008,104.276,3.1023,18.733,10177.22
3,1944.208,104.275,3.1528,18.732,10178.26
3,1944.408,104.274,3.2033,18.732,10179.301
3,1944.608,104.273,3.2534,18.731,10180.342
3,1944.808,104.272,3.3026,18.731,10181.382
3,1945.008,104.271,3.3518,18.73,10182.423
3,1945.208,104.27,3.4011,18.729,10183.463
3,1945.408,104.269,3.4504,18.729,10184.504
3,1945.608,104.269,3.4844,18.728,10185.544
3,1945.808,104.268,3.5045,18.727,10186.585
3,1946.008,104.268,3.5246,18.727,10187.625
3,1946.208,104.267,3.5446,18.726,10188.666
3,1946.408,104.267,3.5646,18.725,10189.706
3,1946.608,104.267,3.5711,18.725,10190.746
3,1946.808,104.267,3.5724,18.724,10191.786
3,1947.008,104.267,3.5736,18.724,10192.827
3,1947.208,104.266,3.5747,18.723,10193.867
3,1947.408,104.266,3.5758,18.723,10194.907
3,1947.608,104.266,3.584,18.723,10195.947
3,1947.808,104.266,3.5929,18.722,10196.987
3,1948.008,104.266,3.6018,18.722,10198.028
3,1948.208,104.265,3.6107,18.722,10199.068
3,1948.408,104.265,3.6184,18.721,10200.108
3,1948.608,104.265,3.6171,18.721,10201.148
3,1948.808,104.265,3.6156,18.721,10202.188
3,1949.008,104.265,3.6142,18.721,10203.228
3,1949.208,104.265,3.6127,18.721,10204.268
3,1949.408,104.265,3.6125,18.72,10205.308
3,1949.608,104.265,3.6154,18.72,10206.348
3,1949.808,104.265,3.6183,18.72,10207.388
3,1950.008,104.265,3.6212,18.72,10208.428
3,1950.208,104.264,3.6241,18.72,10209.468
3,1950.408,104.264,3.6289,18.72,10210.508
3,1950.608,104.264,3.6357,18.72,10211.548
3,1950.808,104.264,3.6425,18.72,10212.588
3,1951.008,104.264,3.6493,18.719,10213.628
3,1951.208,104.263,3.6562,18.719,10214.668
3,1951.408,104.263,3.6556,18.719,10215.708
3,1951.608,104.263,3.6516,18.719,10216.748
3,1951.808,104.263,3.6475,18.719,10217.788
3,1952.008,104.263,3.6434,18.719,10218.828
3,1952.208,104.263,3.6393,18.719,10219.868
3,1952.408,104.263,3.6389,18.719,10220.908
3,1952.608,104.263,3.639,18.719,10221.948
3,1952.808,104.263,3.639,18.719,10222.988
3,1953.008,104.263,3.6391,18.719,10224.027
3,1953.208,104.263,3.6387,18.719,10225.067
3,1953.408,104.263,3.6306,18.719,10226.107
3,1953.608,104.263,3.6225,18.719,10227.147
3,1953.808,104.263,3.6144,18.719,10228.187
3,1954.008,104.263,3.6062,18.719,10229.227
3,1954.208,104.263,3.5977,18.719,10230.267
3,1954.408,104.263,3.588,18.719,10231.307
3,1954.608,104.263,3.5784,18.719,10232.347
3,1954.808,104.263,3.5687,18.719,10233.387
3,1955.008,104.264,3.5589,18.719,10234.427
3,1955.208,104.264,3.5478,18.719,10235.467
3,1955.408,104.264,3.5349,18.719,10236.507
3,1955.608,104.264,3.522,18.719,10237.547
3,1955.808,104.264,3.509,18.719,10238.587
3,1956.008,104.264,3.4961,18.72,10239.627
3,1956.208,104.265,3.4751,18.72,10240.666
3,1956.408,104.265,3.4497,18.72,10241.706
3,1956.608,104.265,3.4242,18.72,10242.746
3,1956.808,104.266,3.3987,18.72,10243.786
3,1957.008,104.266,3.3731,18.72,10244.826
3,1957.208,104.267,3.3304,18.721,10245.866
3,1957.408,104.267,3.2842,18.721,10246.907
3,1957.608,104.268,3.2379,18.721,10247.947
3,1957.808,104.269,3.1915,18.722,10248.987
3,1958.008,104.27,3.1445,18.722,10250.027
3,1958.208,104.271,3.0723,18.723,10251.067
3,1958.408,104.272,3.0,18.723,10252.107
3,1958.608,104.273,2.9277,18.724,10253.147
3,1958.808,104.274,2.8553,18.724,10254.187
3,1959.008,104.276,2.7796,18.725,10255.228
3,1959.208,104.277,2.6925,18.726,10256.268
3,1959.408,104.278,2.6053,18.727,10257.308
3,1959.608,104.28,2.518,18.727,10258.349
3,1959.808,104.281,2.4307,18.728,10259.389
3,1960.008,104.283,2.3452,18.729,10260.43
3,1960.208,104.284,2.2622,18.73,10261.47
3,1960.408,104.286,2.1792,18.731,10262.511
3,1960.608,104.287,2.0961,18.732,10263.551
3,1960.808,104.288,2.0131,18.733,10264.592
3,1961.008,104.29,1.9419,18.734,10265.633
3,1961.208,104.291,1.8783,18.734,10266.673
3,1961.408,104.292,1.8148,18.735,10267.714
3,1961.608,104.293,1.7513,18.736,10268.755
3,1961.808,104.294,1.6878,18.737,10269.796
3,1962.008,104.295,1.6361,18.738,10270.837
3,1962.208,104.296,1.5873,18.738,10271.878
3,1962.408,104.296,1.5385,18.739,10272.919
3,1962.608,104.297,1.4897,18.74,10273.96
3,1962.808,104.298,1.441,18.74,10275.001
3,1963.008,104.299,1.3778,18.741,10276.042
3,1963.208,104.3,1.3145,18.742,10277.083
3,1963.408,104.301,1.2513,18.742,10278.124
3,1963.608,104.302,1.188,18.743,10279.166
3,1963.808,104.303,1.1252,18.743,10280.207
3,1964.008,104.304,1.0639,18.744,10281.248
3,1964.208,104.305,1.0025,18.744,10282.29
3,1964.408,104.306,0.9412,18.745,10283.331
3,1964.608,104.308,0.88,18.745,10284.372
3,1964.808,104.309,0.8127,18.746,10285.414
3,1965.008,104.31,0.7364,18.746,10286.455
3,1965.208,104.311,0.6602,18.747,10287.497
3,1965.408,104.313,0.5839,18.747,10288.538
3,1965.608,104.314,0.5077,18.747,10289.58
3,1965.808,104.316,0.3662,18.748,10290.621
3,1966.008,104.32,0.1806,18.748,10291.663
3,1966.208,104.323,0.0,18.748,10292.704
3,1966.408,104.323,0.0,18.749,10293.746
3,1966.608,104.323,0.0,18.761,10294.787
3,1966.808,104.323,0.0,18.785,10295.83
3,1967.008,104.323,0.0,18.818,10296.873
3,1967.208,104.323,0.0,18.86,10297.919
3,1967.408,104.323,0.0,18.911,10298.966
3,1967.608,104.323,0.0,18.97,10300.017
3,1967.808,104.323,0.0,19.039,10301.071
3,1968.008,104.323,0.0,19.114,10302.129
3,1968.208,104.323,0.0,19.195,10303.191
3,1968.408,104.323,0.0,19.284,10304.257
3,1968.608,104.323,0.0,19.38,10305.328
3,1968.808,104.323,0.0,19.482,10306.405
3,1969.008,104.323,0.0,19.591,10307.487
3,1969.208,104.323,0.0,19.708,10308.576
3,1969.408,104.323,0.0,19.831,10309.671
3,1969.608,104.323,0.0,19.961,10310.772
3,1969.808,104.323,0.0,20.098,10311.881
3,1970.008,104.323,0.0,20.243,10312.998
3,1970.208,104.323,0.0,20.394,10314.122
3,1970.408,104.323,0.0,20.552,10315.255
3,1970.608,104.323,0.0,20.718,10316.397
3,1970.808,104.323,0.0,20.89,10317.548
3,1971.008,104.323,0.0,21.068,10318.709
3,1971.208,104.323,0.0,21.253,10319.879
3,1971.408,104.323,0.0,21.445,10321.06
3,1971.608,104.323,0.0,21.643,10322.251
3,1971.808,104.323,0.0,21.846,10323.454
3,1972.008,104.323,0.0,22.055,10324.667
3,1972.208,104.323,0.0,22.27,10325.893
3,1972.408,104.323,0.0,22.49,10327.13
3,1972.608,104.323,0.0,22.713,10328.379
3,1972.808,104.323,0.0,22.941,10329.641
3,1973.008,104.323,0.0,23.173,10330.916
3,1973.208,104.323,0.0,23.407,10332.203
3,1973.408,104.323,0.0,23.641,10333.503
3,1973.608,104.323,0.0,23.876,10334.817
3,1973.808,104.323,0.0,24.111,10336.143
3,1974.008,104.323,0.0,24.344,10337.483
3,1974.208,104.323,0.0,24.574,10338.835
3,1974.408,104.323,0.0,24.802,10340.2
3,1974.608,104.323,0.0,25.027,10341.578
3,1974.808,104.323,0.0,25.247,10342.969
3,1975.008,104.323,0.0,25.463,10344.371
3,1975.208,104.323,0.0,25.672,10345.786
3,1975.408,104.323,0.0,25.876,10347.212
3,1975.608,104.323,0.0,26.072,10348.65
3,1975.808,104.323,0.0,26.26,10350.098
3,1976.008,104.323,0.0,26.44,10351.557
3,1976.208,104.323,0.0,26.611,10353.026
3,1976.408,104.323,0.0,26.771,10354.504
3,1976.608,104.323,0.0,26.923,10355.992
3,1976.808,104.323,0.0,27.063,10357.487
3,1977.008,104.323,0.0,27.191,10358.991
3,1977.208,104.323,0.0,27.308,10360.501
3,1977.408,104.323,0.0,27.413,10362.019
3,1977.608,104.323,0.0,27.505,10363.542
3,1977.808,104.323,0.0,27.584,10365.07
3,1978.008,104.323,0.0,27.65,10366.602
3,1978.208,104.323,0.0,27.702,10368.138
3,1978.408,104.323,0.0,27.741,10369.677
3,1978.608,104.323,0.0,27.765,10371.218
3,1978.808,104.323,0.0,27.775,10372.761
3,1979.008,104.323,0.0,27.769,10374.304
3,1979.208,104.323,0.0,27.749,10375.847
3,1979.408,104.323,0.0,27.713,10377.388
3,1979.608,104.323,0.0,27.66,10378.928
3,1979.808,104.323,0.0,27.592,10380.464
3,1980.008,104.323,0.0,27.507,10381.997
3,1980.208,104.323,0.0,27.405,10383.526
3,1980.408,104.323,0.0,27.286,10385.048
3,1980.608,104.323,0.0,27.15,10386.564
3,1980.808,104.323,0.0,26.997,10388.072
3,1981.008,104.323,0.0,26.825,10389.572
3,1981.208,104.323,0.0,26.637,10391.062
3,1981.408,104.323,0.0,26.432,10392.542
3,1981.608,104.323,0.0,26.209,10394.011
3,1981.808,104.323,0.0,25.97,10395.467
3,1982.008,104.323,0.0,25.714,10396.91
3,1982.208,104.323,0.0,25.443,10398.338
3,1982.408,104.323,0.0,25.156,10399.752
3,1982.608,104.323,0.0,24.855,10401.149
3,1982.808,104.323,0.0,24.54,10402.53
3,1983.008,104.323,0.0,24.213,10403.893
3,1983.208,104.323,0.0,23.873,10405.238
3,1983.408,104.323,0.0,23.521,10406.565
3,1983.608,104.323,0.0,23.16,10407.871
3,1983.808,104.323,0.0,22.789,10409.158
3,1984.008,104.315,0.4325,22.409,10410.424
3,1984.208,104.301,1.2338,22.044,10411.669
3,1984.408,104.289,1.9442,21.714,10412.894
3,1984.608,104.278,2.577,21.417,10414.1
3,1984.808,104.269,3.0893,21.149,10415.29
3,1985.008,104.264,3.383,20.907,10416.465
3,1985.208,104.259,3.6335,20.689,10417.626
3,1985.408,104.255,3.8467,20.492,10418.776
3,1985.608,104.252,4.0272,20.315,10419.914
3,1985.808,104.25,4.1386,20.155,10421.043
3,1986.008,104.249,4.2224,20.01,10422.163
3,1986.208,104.247,4.2851,19.88,10423.274
3,1986.408,104.247,4.3292,19.763,10424.379
3,1986.608,104.245,4.4133,19.658,10425.477
3,1986.808,104.242,4.555,19.562,10426.569
3,1987.008,104.24,4.6824,19.476,10427.656
3,1987.208,104.238,4.7972,19.398,10428.738
3,1987.408,104.236,4.9007,19.328,10429.815
3,1987.608,104.234,4.99,19.265,10430.889
3,1987.808,104.233,5.0696,19.207,10431.959
3,1988.008,104.232,5.1414,19.155,10433.026
3,1988.208,104.23,5.2061,19.109,10434.091
3,1988.408,104.229,5.2633,19.066,10435.152
3,1988.608,104.228,5.3079,19.028,10436.211
3,1988.808,104.227,5.3475,18.993,10437.269
3,1989.008,104.227,5.3826,18.962,10438.324
3,1989.208,104.226,5.4137,18.934,10439.377
3,1989.408,104.226,5.4351,18.908,10440.429
3,1989.608,104.225,5.4445,18.885,10441.48
3,1989.808,104.225,5.451,18.865,10442.529
3,1990.008,104.225,5.4549,18.846,10443.577
3,1990.208,104.225,5.4564,18.829,10444.624
3,1990.408,104.225,5.4468,18.814,10445.67
3,1990.608,104.225,5.4301,18.8,10446.715
3,1990.808,104.225,5.4117,18.788,10447.759
3,1991.008,104.225,5.3918,18.777,10448.803
3,1991.208,104.226,5.3704,18.767,10449.846
3,1991.408,104.226,5.3356,18.758,10450.889
3,1991.608,104.227,5.2976,18.751,10451.931
3,1991.808,104.227,5.2585,18.744,10452.973
3,1992.008,104.228,5.2184,18.738,10454.014
3,1992.208,104.228,5.1774,18.732,10455.055
3,1992.408,104.229,5.1353,18.727,10456.096
3,1992.608,104.23,5.0924,18.723,10457.136
3,1992.808,104.23,5.0489,18.72,10458.176
3,1993.008,104.231,5.0047,18.716,10459.216
3,1993.208,104.232,4.9561,18.714,10460.256
3,1993.408,104.233,4.8947,18.711,10461.296
3,1993.608,104.234,4.8329,18.709,10462.335
3,1993.808,104.235,4.7706,18.708,10463.375
3,1994.008,104.236,4.708,18.706,10464.414
3,1994.208,104.236,4.6449,18.705,10465.453
3,1994.408,104.237,4.5814,18.704,10466.492
3,1994.608,104.238,4.5176,18.704,10467.532
3,1994.808,104.24,4.4536,18.704,10468.571
3,1995.008,104.241,4.3893,18.703,10469.61
3,1995.208,104.241,4.3281,18.703,10470.649
3,1995.408,104.242,4.2688,18.703,10471.688
3,1995.608,104.243,4.2093,18.704,10472.727
3,1995.808,104.244,4.1497,18.704,10473.766
3,1996.008,104.245,4.0899,18.704,10474.805
3,1996.208,104.246,4.0348,18.705,10475.844
3,1996.408,104.247,3.9807,18.706,10476.884
3,1996.608,104.248,3.9265,18.706,10477.923
3,1996.808,104.249,3.8723,18.707,10478.962
3,1997.008,104.25,3.818,18.708,10480.001
3,1997.208,104.25,3.7706,18.708,10481.041
3,1997.408,104.251,3.7232,18.709,10482.08
3,1997.608,104.252,3.6757,18.71,10483.119
3,1997.808,104.252,3.6282,18.711,10484.159
3,1998.008,104.253,3.5828,18.711,10485.198
3,1998.208,104.254,3.5466,18.712,10486.238
3,1998.408,104.254,3.5103,18.713,10487.277
3,1998.608,104.255,3.4741,18.714,10488.317
3,1998.808,104.255,3.4379,18.715,10489.357
3,1999.008,104.256,3.4002,18.715,10490.396
3,1999.208,104.257,3.36,18.716,10491.436
3,1999.408,104.257,3.3198,18.717,10492.476
3,1999.608,104.258,3.2797,18.717,10493.516
3,1999.808,104.258,3.2395,18.718,10494.555
3,2000.008,104.259,3.201,18.719,10495.595
3,2000.208,104.26,3.1636,18.72,10496.635
3,2000.408,104.26,3.1262,18.72,10497.675
3,2000.608,104.261,3.0888,18.721,10498.715
3,2000.808,104.261,3.0515,18.722,10499.755
3,2001.008,104.262,3.0006,18.722,10500.795
3,2001.208,104.263,2.9454,18.723,10501.836
3,2001.408,104.264,2.8903,18.724,10502.876
3,2001.608,104.265,2.8352,18.724,10503.916
3,2001.808,104.266,2.78,18.725,10504.956
3,2002.008,104.267,2.7212,18.726,10505.997
3,2002.208,104.268,2.6623,18.727,10507.037
3,2002.408,104.269,2.6034,18.727,10508.077
3,2002.608,104.27,2.5445,18.728,10509.118
3,2002.808,104.271,2.4848,18.729,10510.158
3,2003.008,104.272,2.4208,18.729,10511.199
3,2003.208,104.273,2.3568,18.73,10512.239
3,2003.408,104.274,2.2928,18.731,10513.28
3,2003.608,104.275,2.2288,18.732,10514.32
3,2003.808,104.276,2.1666,18.732,10515.361
3,2004.008,104.277,2.1078,18.733,10516.402
3,2004.208,104.278,2.0491,18.734,10517.442
3,2004.408,104.279,1.9903,18.735,10518.483
3,2004.608,104.28,1.9316,18.735,10519.524
3,2004.808,104.281,1.8742,18.736,10520.565
3,2005.008,104.282,1.818,18.737,10521.606
3,2005.208,104.283,1.7618,18.737,10522.647
3,2005.408,104.284,1.7056,18.738,10523.688
3,2005.608,104.284,1.6494,18.739,10524.729
3,2005.808,104.285,1.6027,18.739,10525.77
3,2006.008,104.286,1.5593,18.74,10526.811
3,2006.208,104.287,1.516,18.74,10527.852
3,2006.408,104.287,1.4726,18.741,10528.893
3,2006.608,104.288,1.4293,18.742,10529.934
3,2006.808,104.289,1.3909,18.742,10530.975
3,2007.008,104.289,1.3528,18.743,10532.016
3,2007.208,104.29,1.3147,18.743,10533.058
3,2007.408,104.291,1.2767,18.743,10534.099
3,2007.608,104.291,1.2391,18.744,10535.14
3,2007.808,104.292,1.2043,18.744,10536.182
3,2008.008,104.292,1.1694,18.745,10537.223
3,2008.208,104.293,1.1346,18.745,10538.264
3,2008.408,104.294,1.0999,18.745,10539.306
3,2008.608,104.294,1.065,18.746,10540.347
3,2008.808,104.295,1.03,18.746,10541.389
3,2009.008,104.295,0.9949,18.746,10542.43
3,2009.208,104.296,0.9599,18.747,10543.471
3,2009.408,104.297,0.9249,18.747,10544.513
3,2009.608,104.297,0.8958,18.747,10545.554
3,2009.808,104.297,0.8719,18.747,10546.596
3,2010.008,104.298,0.8481,18.748,10547.637
3,2010.208,104.298,0.8242,18.748,10548.679
3,2010.408,104.299,0.8004,18.748,10549.721
3,2010.608,104.299,0.7756,18.748,10550.762
3,2010.808,104.299,0.7504,18.748,10551.804
3,2011.008,104.3,0.7252,18.749,10552.845
3,2011.208,104.3,0.7001,18.749,10553.887
3,2011.408,104.301,0.6749,18.749,10554.928
3,2011.608,104.301,0.6611,18.749,10555.97
3,2011.808,104.301,0.6481,18.749,10557.012
3,2012.008,104.301,0.6352,18.749,10558.053
3,2012.208,104.302,0.6223,18.75,10559.095
3,2012.408,104.302,0.6079,18.75,10560.137
3,2012.608,104.302,0.584,18.75,10561.178
3,2012.808,104.303,0.56,18.75,10562.22
3,2013.008,104.303,0.5361,18.75,10563.262
3,2013.208,104.303,0.5122,18.75,10564.303
3,2013.408,104.304,0.4879,18.75,10565.345
3,2013.608,104.304,0.4628,18.75,10566.387
3,2013.808,104.305,0.4377,18.75,10567.428
3,2014.008,104.305,0.4126,18.75,10568.47
3,2014.208,104.306,0.3875,18.751,10569.512
3,2014.408,104.306,0.371,18.751,10570.553
3,2014.608,104.306,0.3621,18.751,10571.595
3,2014.808,104.306,0.3533,18.751,10572.637
3,2015.008,104.306,0.3444,18.751,10573.678
3,2015.208,104.306,0.3356,18.751,10574.72
3,2015.408,104.306,0.3521,18.751,10575.762
3,2015.608,104.306,0.378,18.751,10576.804
3,2015.808,104.305,0.4039,18.751,10577.845
3,2016.008,104.305,0.4298,18.751,10578.887
3,2016.208,104.304,0.4557,18.751,10579.929
3,2016.408,104.303,0.5067,18.751,10580.97
3,2016.608,104.302,0.5595,18.751,10582.012
3,2016.808,104.301,0.6124,18.751,10583.054
3,2017.008,104.301,0.6653,18.751,10584.096
3,2017.208,104.3,0.715,18.751,10585.137
3,2017.408,104.299,0.7439,18.751,10586.179
3,2017.608,104.299,0.7728,18.751,10587.221
3,2017.808,104.298,0.8017,18.751,10588.263
3,2018.008,104.298,0.8306,18.751,10589.304
3,2018.208,104.297,0.8589,18.751,10590.346
3,2018.408,104.297,0.886,18.751,10591.388
3,2018.608,104.296,0.9131,18.75,10592.429
3,2018.808,104.296,0.9402,18.75,10593.471
3,2019.008,104.295,0.9673,18.75,10594.513
3,2019.208,104.295,0.997,18.75,10595.554
3,2019.408,104.294,1.029,18.75,10596.596
3,2019.608,104.293,1.061,18.75,10597.638
3,2019.808,104.293,1.0931,18.75,10598.679
3,2020.008,104.292,1.1251,18.75,10599.721
3,2020.208,104.291,1.1666,18.75,10600.763
3,2020.408,104.291,1.2116,18.749,10601.804
3,2020.608,104.29,1.2567,18.749,10602.846
3,2020.808,104.289,1.3017,18.749,10603.888
3,2021.008,104.288,1.3468,18.749,10604.929
3,2021.208,104.287,1.3928,18.749,10605.971
3,2021.408,104.287,1.439,18.749,10607.012
3,2021.608,104.286,1.4851,18.748,10608.054
3,2021.808,104.285,1.5313,18.748,10609.096
3,2022.008,104.284,1.5802,18.748,10610.137
3,2022.208,104.283,1.6474,18.748,10611.179
3,2022.408,104.282,1.7146,18.747,10612.22
3,2022.608,104.28,1.7818,18.747,10613.262
3,2022.808,104.279,1.8491,18.747,10614.303
3,2023.008,104.278,1.9176,18.746,10615.345
3,2023.208,104.277,1.9887,18.746,10616.386
3,2023.408,104.275,2.0598,18.746,10617.428
3,2023.608,104.274,2.131,18.745,10618.469
3,2023.808,104.273,2.2022,18.745,10619.511
3,2024.008,104.271,2.2805,18.744,10620.552
3,2024.208,104.27,2.365,18.744,10621.593
3,2024.408,104.268,2.4496,18.743,10622.635
3,2024.608,104.267,2.5343,18.742,10623.676
3,2024.808,104.265,2.619,18.742,10624.717
3,2025.008,104.264,2.6989,18.741,10625.758
3,2025.208,104.262,2.777,18.74,10626.799
3,2025.408,104.261,2.8551,18.739,10627.841
3,2025.608,104.26,2.9333,18.739,10628.882
3,2025.808,104.258,3.0115,18.738,10629.923
3,2026.008,104.257,3.0914,18.737,10630.964
3,2026.208,104.255,3.1715,18.736,10632.005
3,2026.408,104.254,3.2516,18.735,10633.045
3,2026.608,104.252,3.3318,18.734,10634.086
3,2026.808,104.251,3.4092,18.733,10635.127
3,2027.008,104.25,3.4671,18.732,10636.168
3,2027.208,104.249,3.5249,18.731,10637.208
3,2027.408,104.248,3.5827,18.73,10638.249
3,2027.608,104.247,3.6406,18.729,10639.29
3,2027.808,104.245,3.697,18.728,10640.33
3,2028.008,104.244,3.7506,18.727,10641.371
3,2028.208,104.243,3.8042,18.726,10642.411
3,2028.408,104.242,3.8578,18.725,10643.451
3,2028.608,104.241,3.9113,18.724,10644.492
3,2028.808,104.241,3.9541,18.723,10645.532
3,2029.008,104.24,3.9866,18.722,10646.572
3,2029.208,104.239,4.019,18.721,10647.612
3,2029.408,104.239,4.0513,18.72,10648.652
3,2029.608,104.238,4.0836,18.719,10649.692
3,2029.808,104.237,4.1163,18.718,10650.732
3,2030.008,104.237,4.1491,18.717,10651.772
3,2030.208,104.236,4.1819,18.716,10652.812
3,2030.408,104.235,4.2146,18.715,10653.851
3,2030.608,104.235,4.2473,18.714,10654.891
3,2030.808,104.234,4.2815,18.714,10655.931
3,2031.008,104.233,4.3157,18.713,10656.97
3,2031.208,104.233,4.35,18.712,10658.01
3,2031.408,104.232,4.3843,18.711,10659.05
3,2031.608,104.231,4.4185,18.71,10660.089
3,2031.808,104.23,4.4526,18.71,10661.129
3,2032.008,104.23,4.4867,18.709,10662.168
3,2032.208,104.229,4.5208,18.708,10663.207
3,2032.408,104.228,4.5548,18.707,10664.247
3,2032.608,104.228,4.5914,18.707,10665.286
3,2032.808,104.227,4.6343,18.706,10666.325
3,2033.008,104.226,4.6772,18.705,10667.364
3,2033.208,104.225,4.7201,18.704,10668.404
3,2033.408,104.224,4.7631,18.703,10669.443
3,2033.608,104.223,4.8085,18.702,10670.482
3,2033.808,104.222,4.8567,18.702,10671.521
3,2034.008,104.221,4.905,18.701,10672.56
3,2034.208,104.22,4.9533,18.7,10673.599
3,2034.408,104.219,5.0016,18.699,10674.638
3,2034.608,104.219,5.0429,18.698,10675.676
3,2034.808,104.218,5.0804,18.697,10676.715
3,2035.008,104.217,5.1179,18.696,10677.754
3,2035.208,104.216,5.1555,18.695,10678.793
3,2035.408,104.216,5.193,18.694,10679.831
3,2035.608,104.215,5.2152,18.693,10680.87
3,2035.808,104.215,5.2344,18.692,10681.908
3,2036.008,104.214,5.2535,18.691,10682.947
3,2036.208,104.214,5.2725,18.69,10683.985
3,2036.408,104.213,5.2911,18.689,10685.023
3,2036.608,104.213,5.2896,18.688,10686.062
3,2036.808,104.213,5.288,18.688,10687.1
3,2037.008,104.213,5.2864,18.687,10688.138
3,2037.208,104.213,5.2846,18.686,10689.176
3,2037.408,104.213,5.2768,18.686,10690.214
3,2037.608,104.213,5.2463,18.686,10691.252
3,2037.808,104.214,5.2155,18.685,10692.291
3,2038.008,104.214,5.1846,18.685,10693.329
3,2038.208,104.215,5.1536,18.685,10694.367
3,2038.408,104.215,5.1122,18.685,10695.405
3,2038.608,104.216,5.0545,18.685,10696.443
3,2038.808,104.217,4.9967,18.685,10697.481
3,2039.008,104.218,4.9388,18.686,10698.519
3,2039.208,104.219,4.8807,18.686,10699.557
3,2039.408,104.22,4.8091,18.687,10700.595
3,2039.608,104.221,4.7275,18.687,10701.633
3,2039.808,104.223,4.6457,18.688,10702.671
3,2040.008,104.224,4.5638,18.689,10703.71
3,2040.208,104.225,4.4817,18.69,10704.748
3,2040.408,104.227,4.3955,18.691,10705.786
3,2040.608,104.228,4.3078,18.692,10706.825
3,2040.808,104.229,4.22,18.694,10707.863
3,2041.008,104.231,4.1322,18.695,10708.902
3,2041.208,104.232,4.0442,18.696,10709.94
3,2041.408,104.234,3.9519,18.698,10710.979
3,2041.608,104.235,3.8593,18.699,10712.018
3,2041.808,104.237,3.7667,18.701,10713.057
3,2042.008,104.238,3.6739,18.702,10714.096
3,2042.208,104.24,3.5827,18.704,10715.135
3,2042.408,104.241,3.5017,18.705,10716.174
3,2042.608,104.243,3.4206,18.707,10717.213
3,2042.808,104.244,3.3396,18.708,10718.252
3,2043.008,104.245,3.2586,18.71,10719.291
3,2043.208,104.246,3.1843,18.711,10720.331
3,2043.408,104.247,3.1245,18.713,10721.37
3,2043.608,104.248,3.0648,18.714,10722.41
3,2043.808,104.249,3.0051,18.716,10723.45
3,2044.008,104.25,2.9455,18.717,10724.489
3,2044.208,104.251,2.887,18.718,10725.529
3,2044.408,104.252,2.8297,18.72,10726.569
3,2044.608,104.253,2.7724,18.721,10727.609
3,2044.808,104.254,2.7152,18.722,10728.649
3,2045.008,104.255,2.6579,18.723,10729.689
3,2045.208,104.256,2.6076,18.724,10730.73
3,2045.408,104.257,2.5603,18.725,10731.77
3,2045.608,104.257,2.513,18.726,10732.81
3,2045.808,104.258,2.4657,18.727,10733.85
3,2046.008,104.259,2.4185,18.728,10734.891
3,2046.208,104.259,2.3799,18.729,10735.931
3,2046.408,104.26,2.3425,18.73,10736.972
3,2046.608,104.261,2.3051,18.731,10738.012
3,2046.808,104.261,2.2677,18.731,10739.053
3,2047.008,104.262,2.2296,18.732,10740.093
3,2047.208,104.263,2.1841,18.733,10741.134
3,2047.408,104.263,2.1386,18.734,10742.175
3,2047.608,104.264,2.0932,18.734,10743.216
3,2047.808,104.265,2.0478,18.735,10744.256
3,2048.008,104.266,2.0017,18.735,10745.297
3,2048.208,104.266,1.9541,18.736,10746.338
3,2048.408,104.267,1.9066,18.737,10747.379
3,2048.608,104.268,1.8591,18.737,10748.42
3,2048.808,104.269,1.8115,18.738,10749.461
3,2049.008,104.269,1.7653,18.738,10750.502
3,2049.208,104.27,1.7203,18.739,10751.543
3,2049.408,104.271,1.6754,18.739,10752.584
3,2049.608,104.272,1.6305,18.74,10753.625
3,2049.808,104.272,1.5857,18.741,10754.666
3,2050.008,104.273,1.5479,18.741,10755.707
3,2050.208,104.274,1.5134,18.741,10756.748
3,2050.408,104.274,1.4789,18.742,10757.79
3,2050.608,104.275,1.4445,18.742,10758.831
3,2050.808,104.275,1.4101,18.743,10759.872
3,2051.008,104.276,1.3862,18.743,10760.913
3,2051.208,104.276,1.3638,18.744,10761.955
3,2051.408,104.276,1.3414,18.744,10762.996
3,2051.608,104.277,1.319,18.744,10764.037
3,2051.808,104.277,1.2984,18.745,10765.079
3,2052.008,104.277,1.2981,18.745,10766.12
3,2052.208,104.277,1.2979,18.745,10767.161
3,2052.408,104.277,1.2977,18.745,10768.203
3,2052.608,104.277,1.2976,18.746,10769.244
3,2052.808,104.277,1.3025,18.746,10770.286
3,2053.008,104.277,1.3208,18.746,10771.327
3,2053.208,104.276,1.3392,18.746,10772.368
3,2053.408,104.276,1.3576,18.746,10773.41
3,2053.608,104.276,1.376,18.746,10774.451
3,2053.808,104.275,1.4018,18.746,10775.493
3,2054.008,104.274,1.4359,18.746,10776.534
3,2054.208,104.274,1.4701,18.746,10777.576
3,2054.408,104.273,1.5043,18.746,10778.617
3,2054.608,104.273,1.5385,18.746,10779.659
3,2054.808,104.272,1.5801,18.746,10780.7
3,2055.008,104.271,1.6253,18.746,10781.742
3,2055.208,104.27,1.6705,18.746,10782.783
3,2055.408,104.269,1.7158,18.746,10783.824
3,2055.608,104.268,1.7611,18.746,10784.866
3,2055.808,104.268,1.805,18.746,10785.907
3,2056.008,104.267,1.8488,18.745,10786.949
3,2056.208,104.266,1.8927,18.745,10787.99
3,2056.408,104.265,1.9365,18.745,10789.032
3,2056.608,104.264,1.9798,18.745,10790.073
3,2056.808,104.264,2.0142,18.744,10791.114
3,2057.008,104.263,2.0486,18.744,10792.156
3,2057.208,104.263,2.083,18.744,10793.197
3,2057.408,104.262,2.1174,18.743,10794.238
3,2057.608,104.261,2.1487,18.743,10795.28
3,2057.808,104.261,2.1715,18.743,10796.321
3,2058.008,104.26,2.1943,18.743,10797.362
3,2058.208,104.26,2.217,18.742,10798.403
3,2058.408,104.259,2.2398,18.742,10799.445
3,2058.608,104.259,2.2497,18.742,10800.486
3,2058.808,104.259,2.245,18.741,10801.527
3,2059.008,104.259,2.2402,18.741,10802.568
3,2059.208,104.259,2.2354,18.741,10803.609
3,2059.408,104.259,2.2305,18.741,10804.651
3,2059.608,104.26,2.2201,18.741,10805.692
3,2059.808,104.26,2.2068,18.74,10806.733
3,2060.008,104.26,2.1934,18.74,10807.774
3,2060.208,104.26,2.1801,18.74,10808.815
3,2060.408,104.26,2.1666,18.74,10809.856
3,2060.608,104.261,2.1472,18.74,10810.897
3,2060.808,104.261,2.1268,18.74,10811.939
3,2061.008,104.261,2.1063,18.74,10812.98
3,2061.208,104.261,2.0858,18.74,10814.021
3,2061.408,104.262,2.0645,18.74,10815.062
3,2061.608,104.262,2.0306,18.74,10816.103
3,2061.808,104.263,1.9967,18.74,10817.144
3,2062.008,104.263,1.9627,18.741,10818.185
3,2062.208,104.264,1.9287,18.741,10819.227
3,2062.408,104.264,1.8978,18.741,10820.268
3,2062.608,104.265,1.8761,18.741,10821.309
3,2062.808,104.265,1.8543,18.741,10822.35
3,2063.008,104.265,1.8325,18.741,10823.391
3,2063.208,104.266,1.8107,18.742,10824.432
3,2063.408,104.266,1.7827,18.742,10825.474
3,2063.608,104.267,1.7473,18.742,10826.515
3,2063.808,104.267,1.7118,18.742,10827.556
3,2064.008,104.268,1.6763,18.742,10828.597
3,2064.208,104.269,1.6409,18.743,10829.638
3,2064.408,104.269,1.6081,18.743,10830.68
3,2064.608,104.27,1.5767,18.743,10831.721
3,2064.808,104.27,1.5454,18.743,10832.762
3,2065.008,104.271,1.514,18.744,10833.804
3,2065.208,104.271,1.4826,18.744,10834.845
3,2065.408,104.272,1.4487,18.744,10835.886
3,2065.608,104.272,1.4144,18.744,10836.928
3,2065.808,104.273,1.38,18.745,10837.969
3,2066.008,104.273,1.3457,18.745,10839.01
3,2066.208,104.274,1.3105,18.745,10840.052
3,2066.408,104.275,1.2583,18.745,10841.093
3,2066.608,104.276,1.2062,18.745,10842.134
3,2066.808,104.277,1.154,18.746,10843.176
3,2067.008,104.277,1.1019,18.746,10844.217
3,2067.208,104.278,1.0482,18.746,10845.259
3,2067.408,104.279,0.9898,18.747,10846.3
3,2067.608,104.28,0.9314,18.747,10847.342
3,2067.808,104.281,0.8731,18.747,10848.383
3,2068.008,104.282,0.8147,18.747,10849.425
3,2068.208,104.284,0.746,18.748,10850.466
3,2068.408,104.285,0.6645,18.748,10851.508
3,2068.608,104.286,0.583,18.748,10852.549
3,2068.808,104.288,0.5015,18.748,10853.591
3,2069.008,104.289,0.42,18.749,10854.632
3,2069.208,104.292,0.2642,18.749,10855.674
3,2069.408,104.295,0.0679,18.749,10856.716
3,2069.608,104.296,0.0,18.749,10857.757
3,2069.808,104.296,0.0,18.758,10858.799
3,2070.008,104.296,0.0,18.778,10859.841
3,2070.208,104.296,0.0,18.811,10860.884
3,2070.408,104.296,0.0,18.852,10861.929
3,2070.608,104.296,0.0,18.901,10862.977
3,2070.808,104.296,0.0,18.957,10864.027
3,2071.008,104.296,0.0,19.02,10865.08
3,2071.208,104.296,0.0,19.091,10866.136
3,2071.408,104.296,0.0,19.167,10867.197
3,2071.608,104.296,0.0,19.247,10868.262
3,2071.808,104.296,0.0,19.333,10869.331
3,2072.008,104.296,0.0,19.424,10870.405
3,2072.208,104.296,0.0,19.519,10871.484
3,2072.408,104.296,0.0,19.616,10872.569
3,2072.608,104.296,0.0,19.717,10873.658
3,2072.808,104.296,0.0,19.822,10874.754
3,2073.008,104.296,0.0,19.929,10875.855
3,2073.208,104.296,0.0,20.037,10876.962
3,2073.408,104.296,0.0,20.147,10878.075
3,2073.608,104.296,0.0,20.257,10879.195
3,2073.808,104.296,0.0,20.368,10880.32
3,2074.008,104.296,0.0,20.479,10881.452
3,2074.208,104.296,0.0,20.59,10882.589
3,2074.408,104.296,0.0,20.698,10883.733
3,2074.608,104.296,0.0,20.806,10884.883
3,2074.808,104.296,0.0,20.912,10886.039
3,2075.008,104.296,0.0,21.015,10887.201
3,2075.208,104.296,0.0,21.115,10888.368
3,2075.408,104.296,0.0,21.211,10889.541
3,2075.608,104.296,0.0,21.305,10890.72
3,2075.808,104.296,0.0,21.394,10891.903
3,2076.008,104.296,0.0,21.478,10893.092
3,2076.208,104.296,0.0,21.559,10894.285
3,2076.408,104.296,0.0,21.634,10895.483
3,2076.608,104.296,0.0,21.705,10896.685
3,2076.808,104.296,0.0,21.771,10897.891
3,2077.008,104.296,0.0,21.832,10899.1
3,2077.208,104.296,0.0,21.887,10900.313
3,2077.408,104.296,0.0,21.937,10901.529
3,2077.608,104.296,0.0,21.981,10902.748
3,2077.808,104.296,0.0,22.02,10903.969
3,2078.008,104.296,0.0,22.053,10905.192
3,2078.208,104.296,0.0,22.081,10906.417
3,2078.408,104.296,0.0,22.102,10907.644
3,2078.608,104.296,0.0,22.117,10908.872
3,2078.808,104.296,0.0,22.126,10910.101
3,2079.008,104.296,0.0,22.129,10911.33
3,2079.208,104.296,0.0,22.126,10912.559
3,2079.408,104.296,0.0,22.117,10913.788
3,2079.608,104.296,0.0,22.101,10915.017
3,2079.808,104.296,0.0,22.08,10916.245
3,2080.008,104.296,0.0,22.052,10917.472
3,2080.208,104.296,0.0,22.018,10918.697
3,2080.408,104.296,0.0,21.977,10919.92
3,2080.608,104.296,0.0,21.93,10921.141
3,2080.808,104.296,0.0,21.876,10922.359
3,2081.008,104.296,0.0,21.815,10923.574
3,2081.208,104.296,0.0,21.748,10924.786
3,2081.408,104.296,0.0,21.673,10925.995
3,2081.608,104.296,0.0,21.592,10927.199
3,2081.808,104.296,0.0,21.503,10928.398
3,2082.008,104.296,0.0,21.407,10929.593
3,2082.208,104.296,0.0,21.304,10930.782
3,2082.408,104.296,0.0,21.194,10931.966
3,2082.608,104.296,0.0,21.076,10933.143
3,2082.808,104.296,0.0,20.951,10934.314
3,2083.008,104.296,0.0,20.818,10935.478
3,2083.208,104.296,0.0,20.679,10936.635
3,2083.408,104.296,0.0,20.532,10937.783
3,2083.608,104.296,0.0,20.377,10938.924
3,2083.808,104.29,0.3756,20.216,10940.056
3,2084.008,104.284,0.733,20.07,10941.179
3,2084.208,104.278,1.061,19.938,10942.294
3,2084.408,104.273,1.3632,19.819,10943.402
3,2084.608,104.268,1.6429,19.712,10944.503
3,2084.808,104.264,1.8526,19.615,10945.598
3,2085.008,104.261,2.0042,19.528,10946.688
3,2085.208,104.259,2.1414,19.449,10947.773
3,2085.408,104.257,2.2659,19.378,10948.853
3,2085.608,104.255,2.379,19.315,10949.93
3,2085.808,104.253,2.4857,19.257,10951.003
3,2086.008,104.251,2.5836,19.205,10952.073
3,2086.208,104.249,2.6736,19.158,10953.14
3,2086.408,104.248,2.7564,19.116,10954.204
3,2086.608,104.246,2.8374,19.077,10955.266
3,2086.808,104.245,2.9262,19.043,10956.326
3,2087.008,104.243,3.0099,19.011,10957.384
3,2087.208,104.242,3.089,18.983,10958.44
3,2087.408,104.241,3.164,18.958,10959.494
3,2087.608,104.239,3.2298,18.935,10960.548
3,2087.808,104.238,3.2873,18.914,10961.6
3,2088.008,104.237,3.3418,18.895,10962.65
3,2088.208,104.236,3.3937,18.878,10963.7
3,2088.408,104.235,3.4431,18.862,10964.749
3,2088.608,104.234,3.4927,18.848,10965.797
3,2088.808,104.233,3.5411,18.836,10966.844
3,2089.008,104.233,3.5878,18.824,10967.89
3,2089.208,104.232,3.633,18.814,10968.936
3,2089.408,104.231,3.6767,18.804,10969.981
3,2089.608,104.23,3.7093,18.795,10971.026
3,2089.808,104.23,3.7406,18.788,10972.07
3,2090.008,104.229,3.7709,18.781,10973.114
3,2090.208,104.228,3.8003,18.774,10974.157
3,2090.408,104.228,3.8282,18.768,10975.2
3,2090.608,104.227,3.8531,18.763,10976.243
3,2090.808,104.227,3.8774,18.758,10977.285
3,2091.008,104.226,3.901,18.754,10978.327
3,2091.208,104.226,3.9241,18.75,10979.369
3,2091.408,104.225,3.9402,18.746,10980.411
3,2091.608,104.225,3.9458,18.743,10981.452
3,2091.808,104.225,3.9509,18.74,10982.494
3,2092.008,104.225,3.9557,18.737,10983.535
3,2092.208,104.225,3.9601,18.734,10984.576
3,2092.408,104.224,3.9658,18.732,10985.616
3,2092.608,104.224,3.9721,18.73,10986.657
3,2092.808,104.224,3.9783,18.728,10987.698
3,2093.008,104.224,3.9842,18.727,10988.738
3,2093.208,104.224,3.9899,18.725,10989.779
3,2093.408,104.224,3.9916,18.724,10990.819
3,2093.608,104.223,3.9922,18.723,10991.859
3,2093.808,104.223,3.9925,18.722,10992.899
3,2094.008,104.223,3.9928,18.721,10993.939
3,2094.208,104.223,3.9929,18.72,10994.979
3,2094.408,104.223,3.9883,18.719,10996.019
3,2094.608,104.223,3.9835,18.718,10997.059
3,2094.808,104.223,3.9787,18.718,10998.099
3,2095.008,104.223,3.9737,18.717,10999.139
3,2095.208,104.223,3.9668,18.716,11000.179
3,2095.408,104.223,3.9512,18.716,11001.219
3,2095.608,104.224,3.9355,18.716,11002.258
3,2095.808,104.224,3.9198,18.715,11003.298
3,2096.008,104.224,3.9039,18.715,11004.338
3,2096.208,104.224,3.8874,18.715,11005.378
3,2096.408,104.224,3.8697,18.715,11006.417
3,2096.608,104.225,3.852,18.715,11007.457
3,2096.808,104.225,3.8342,18.715,11008.497
3,2097.008,104.225,3.8164,18.715,11009.537
3,2097.208,104.225,3.7974,18.715,11010.576
3,2097.408,104.226,3.7775,18.715,11011.616
3,2097.608,104.226,3.7576,18.715,11012.656
3,2097.808,104.226,3.7376,18.715,11013.695
3,2098.008,104.226,3.7176,18.715,11014.735
3,2098.208,104.227,3.6933,18.715,11015.775
3,2098.408,104.227,3.6676,18.716,11016.815
3,2098.608,104.227,3.6418,18.716,11017.854
3,2098.808,104.228,3.6159,18.716,11018.894
3,2099.008,104.228,3.5901,18.716,11019.934
3,2099.208,104.228,3.588,18.717,11020.974
3,2099.408,104.228,3.5877,18.717,11022.014
3,2099.608,104.228,3.5873,18.717,11023.053
3,2099.808,104.228,3.587,18.717,11024.093
