lap,time_s,voltage_V,current_A,speed_kmh,distance_m
1,0.008,104.998,0.1071,0.0,0.0
1,0.208,104.995,0.2857,0.48,0.0
1,0.408,104.99,0.571,0.959,0.027
1,0.608,104.985,0.8558,1.438,0.08
1,0.808,104.98,1.1401,1.916,0.16
1,1.008,104.975,1.4238,2.393,0.266
1,1.208,104.97,1.7068,2.869,0.399
1,1.408,104.965,1.9892,3.345,0.559
1,1.608,104.96,2.2709,3.819,0.744
1,1.808,104.955,2.5519,4.293,0.957
1,2.008,104.95,2.8321,4.766,1.195
1,2.208,104.945,3.1116,5.239,1.46
1,2.408,104.941,3.3902,5.71,1.751
1,2.608,104.936,3.6681,6.181,2.068
1,2.808,104.931,3.9451,6.651,2.412
1,3.008,104.926,4.2212,7.12,2.781
1,3.208,104.921,4.4964,7.589,3.177
1,3.408,104.916,4.7706,8.056,3.598
1,3.608,104.912,5.0,8.523,4.046
1,3.808,104.912,5.0,8.984,4.519
1,4.008,104.912,5.0,9.41,5.018
1,4.208,104.912,5.0,9.807,5.541
1,4.408,104.912,5.0,10.18,6.086
1,4.608,104.911,5.0,10.532,6.652
1,4.808,104.911,5.0,10.866,7.237
1,5.008,104.911,5.0,11.184,7.84
1,5.208,104.911,5.0,11.488,8.462
1,5.408,104.911,5.0,11.779,9.1
1,5.608,104.911,5.0,12.058,9.754
1,5.808,104.911,5.0,12.328,10.424
1,6.008,104.911,5.0,12.588,11.109
1,6.208,104.911,5.0,12.839,11.808
1,6.408,104.91,5.0,13.083,12.522
1,6.608,104.91,5.0,13.319,13.248
1,6.808,104.91,5.0,13.549,13.988
1,7.008,104.91,5.0,13.774,14.741
1,7.208,104.91,5.0,13.992,15.506
1,7.408,104.91,5.0,14.206,16.284
1,7.608,104.91,5.0,14.415,17.073
1,7.808,104.91,5.0,14.62,17.874
1,8.008,104.91,5.0,14.822,18.686
1,8.208,104.909,5.0,15.02,19.509
1,8.408,104.909,5.0,15.215,20.344
1,8.608,104.909,5.0,15.408,21.189
1,8.808,104.909,5.0,15.598,22.045
1,9.008,104.909,5.0,15.787,22.912
1,9.208,104.909,5.0,15.974,23.789
1,9.408,104.909,5.0,16.16,24.676
1,9.608,104.909,5.0,16.344,25.574
1,9.808,104.908,5.0,16.528,26.482
1,10.008,104.908,5.0,16.711,27.4
1,10.208,104.908,5.0,16.893,28.329
1,10.408,104.908,5.0,17.075,29.267
1,10.608,104.912,4.755,17.257,30.216
1,10.808,104.916,4.507,17.422,31.174
1,11.008,104.92,4.2722,17.572,32.142
1,11.208,104.924,4.0501,17.707,33.119
1,11.408,104.928,3.8401,17.829,34.102
1,11.608,104.931,3.6419,17.939,35.093
1,11.808,104.934,3.4568,18.039,36.089
1,12.008,104.937,3.2819,18.129,37.092
1,12.208,104.94,3.1164,18.21,38.099
1,12.408,104.943,2.9597,18.284,39.11
1,12.608,104.945,2.8112,18.351,40.126
1,12.808,104.948,2.6716,18.411,41.146
1,13.008,104.95,2.5389,18.465,42.168
1,13.208,104.952,2.4126,18.514,43.194
1,13.408,104.954,2.2922,18.558,44.223
1,13.608,104.956,2.1784,18.598,45.254
1,13.808,104.958,2.0737,18.634,46.287
1,14.008,104.959,1.9736,18.667,47.322
1,14.208,104.961,1.8776,18.696,48.359
1,14.408,104.963,1.7853,18.723,49.398
1,14.608,104.964,1.7,18.747,50.438
1,14.808,104.965,1.6226,18.769,51.48
1,15.008,104.967,1.5481,18.788,52.522
1,15.208,104.968,1.4762,18.806,53.566
1,15.408,104.969,1.4066,18.822,54.611
1,15.608,104.97,1.3432,18.836,55.657
1,15.808,104.971,1.284,18.85,56.703
1,16.008,104.972,1.2265,18.861,57.75
1,16.208,104.973,1.1707,18.872,58.798
1,16.408,104.974,1.1164,18.882,59.847
1,16.608,104.976,1.0088,18.89,60.896
1,16.808,104.978,0.893,18.898,61.945
1,17.008,104.98,0.7782,18.905,62.995
1,17.208,104.982,0.6642,18.912,64.045
1,17.408,104.984,0.5536,18.918,65.096
1,17.608,104.985,0.4694,18.923,66.147
1,17.808,104.987,0.3859,18.928,67.198
1,18.008,104.988,0.303,18.932,68.25
1,18.208,104.989,0.2207,18.936,69.301
1,18.408,104.99,0.1632,18.939,70.353
1,18.608,104.991,0.154,18.943,71.406
1,18.808,104.991,0.1453,18.946,72.458
1,19.008,104.991,0.1371,18.948,73.511
1,19.208,104.991,0.1292,18.95,74.563
1,19.408,104.991,0.1276,18.953,75.616
1,19.608,104.991,0.1306,18.954,76.669
1,19.808,104.991,0.1338,18.956,77.722
1,20.008,104.991,0.1373,18.958,78.775
1,20.208,104.991,0.141,18.959,79.828
1,20.408,104.991,0.1532,18.96,80.882
1,20.608,104.99,0.1671,18.961,81.935
1,20.808,104.99,0.1813,18.962,82.988
1,21.008,104.99,0.1956,18.963,84.042
1,21.208,104.989,0.2115,18.964,85.095
1,21.408,104.989,0.2411,18.965,86.149
1,21.608,104.988,0.2709,18.965,87.202
1,21.808,104.988,0.3008,18.966,88.256
1,22.008,104.987,0.3307,18.967,89.31
1,22.208,104.987,0.3651,18.967,90.363
1,22.408,104.986,0.4078,18.967,91.417
1,22.608,104.985,0.4505,18.968,92.471
1,22.808,104.985,0.4933,18.968,93.525
1,23.008,104.984,0.5362,18.968,94.578
1,23.208,104.983,0.5888,18.969,95.632
1,23.408,104.982,0.6478,18.969,96.686
1,23.608,104.981,0.7068,18.969,97.74
1,23.808,104.98,0.766,18.969,98.794
1,24.008,104.979,0.8252,18.969,99.848
1,24.208,104.977,0.8918,18.969,100.901
1,24.408,104.976,0.9596,18.969,101.955
1,24.608,104.975,1.0276,18.969,103.009
1,24.808,104.974,1.0956,18.969,104.063
1,25.008,104.973,1.1681,18.969,105.117
1,25.208,104.971,1.2764,18.969,106.171
1,25.408,104.969,1.3847,18.969,107.224
1,25.608,104.967,1.4931,18.969,108.278
1,25.808,104.965,1.6017,18.968,109.332
1,26.008,104.963,1.7021,18.968,110.386
1,26.208,104.962,1.7884,18.968,111.44
1,26.408,104.96,1.8748,18.967,112.493
1,26.608,104.958,1.9612,18.967,113.547
1,26.808,104.957,2.0477,18.966,114.601
1,27.008,104.956,2.1161,18.966,115.655
1,27.208,104.955,2.1735,18.965,116.708
1,27.408,104.954,2.231,18.965,117.762
1,27.608,104.953,2.2884,18.964,118.815
1,27.808,104.952,2.3458,18.964,119.869
1,28.008,104.951,2.4006,18.963,120.922
1,28.208,104.95,2.455,18.962,121.976
1,28.408,104.949,2.5094,18.962,123.029
1,28.608,104.947,2.5639,18.961,124.083
1,28.808,104.947,2.6179,18.961,125.136
1,29.008,104.946,2.669,18.96,126.19
1,29.208,104.945,2.7201,18.959,127.243
1,29.408,104.944,2.7713,18.959,128.296
1,29.608,104.943,2.8224,18.958,129.35
1,29.808,104.942,2.8693,18.957,130.403
1,30.008,104.941,2.9094,18.957,131.456
1,30.208,104.94,2.9494,18.956,132.509
1,30.408,104.94,2.9895,18.956,133.562
1,30.608,104.939,3.0295,18.955,134.615
1,30.808,104.938,3.0661,18.954,135.668
1,31.008,104.937,3.1008,18.954,136.721
1,31.208,104.937,3.1355,18.953,137.774
1,31.408,104.936,3.1702,18.952,138.827
1,31.608,104.935,3.2048,18.952,139.88
1,31.808,104.935,3.2256,18.951,140.933
1,32.008,104.935,3.2446,18.951,141.986
1,32.208,104.934,3.2636,18.95,143.039
1,32.408,104.934,3.2826,18.95,144.092
1,32.608,104.933,3.2997,18.949,145.144
1,32.808,104.933,3.3051,18.949,146.197
1,33.008,104.933,3.3104,18.948,147.25
1,33.208,104.933,3.3157,18.948,148.302
1,33.408,104.933,3.321,18.947,149.355
1,33.608,104.933,3.3188,18.947,150.408
1,33.808,104.933,3.3047,18.947,151.46
1,34.008,104.933,3.2905,18.947,152.513
1,34.208,104.933,3.2763,18.946,153.565
1,34.408,104.933,3.262,18.946,154.618
1,34.608,104.934,3.2416,18.946,155.671
1,34.808,104.934,3.2177,18.946,156.723
1,35.008,104.934,3.1937,18.946,157.776
1,35.208,104.935,3.1697,18.946,158.828
1,35.408,104.935,3.1456,18.946,159.881
1,35.608,104.936,3.1035,18.946,160.933
1,35.808,104.936,3.059,18.946,161.986
1,36.008,104.937,3.0145,18.946,163.039
1,36.208,104.938,2.9698,18.947,164.091
1,36.408,104.938,2.925,18.947,165.144
1,36.608,104.939,2.8793,18.947,166.196
1,36.808,104.94,2.8336,18.948,167.249
1,37.008,104.941,2.7878,18.948,168.302
1,37.208,104.941,2.742,18.948,169.354
1,37.408,104.942,2.6908,18.949,170.407
1,37.608,104.943,2.6312,18.949,171.46
1,37.808,104.944,2.5715,18.95,172.512
1,38.008,104.945,2.5117,18.95,173.565
1,38.208,104.946,2.452,18.951,174.618
1,38.408,104.947,2.396,18.951,175.671
1,38.608,104.948,2.3421,18.952,176.724
1,38.808,104.949,2.2883,18.953,177.777
1,39.008,104.95,2.2344,18.953,178.829
1,39.208,104.951,2.1805,18.954,179.882
1,39.408,104.951,2.1256,18.954,180.935
1,39.608,104.952,2.0706,18.955,181.988
1,39.808,104.953,2.0156,18.956,183.041
1,40.008,104.954,1.9606,18.956,184.095
1,40.208,104.955,1.9046,18.957,185.148
1,40.408,104.956,1.8433,18.957,186.201
1,40.608,104.957,1.782,18.958,187.254
1,40.808,104.958,1.7206,18.958,188.307
1,41.008,104.959,1.6593,18.959,189.36
1,41.208,104.96,1.6039,18.96,190.414
1,41.408,104.961,1.5577,18.96,191.467
1,41.608,104.962,1.5115,18.961,192.52
1,41.808,104.962,1.4654,18.961,193.574
1,42.008,104.963,1.4193,18.962,194.627
1,42.208,104.964,1.3634,18.962,195.681
1,42.408,104.965,1.3021,18.963,196.734
1,42.608,104.966,1.2408,18.963,197.787
1,42.808,104.967,1.1795,18.963,198.841
1,43.008,104.968,1.1182,18.964,199.895
1,43.208,104.97,1.042,18.964,200.948
1,43.408,104.971,0.9641,18.965,202.002
1,43.608,104.972,0.8862,18.965,203.055
1,43.808,104.974,0.8083,18.966,204.109
1,44.008,104.975,0.7177,18.966,205.163
1,44.208,104.978,0.5572,18.966,206.216
1,44.408,104.981,0.3968,18.967,207.27
1,44.608,104.984,0.2363,18.967,208.324
1,44.808,104.986,0.0759,18.968,209.377
1,45.008,104.988,0.0,18.968,210.431
1,45.208,104.988,0.0,18.972,211.485
1,45.408,104.988,0.0,18.981,212.539
1,45.608,104.988,0.0,18.995,213.593
1,45.808,104.988,0.0,19.015,214.649
1,46.008,104.988,0.0,19.04,215.705
1,46.208,104.988,0.0,19.069,216.763
1,46.408,104.988,0.0,19.102,217.822
1,46.608,104.988,0.0,19.139,218.883
1,46.808,104.988,0.0,19.179,219.947
1,47.008,104.988,0.0,19.224,221.012
1,47.208,104.988,0.0,19.27,222.08
1,47.408,104.988,0.0,19.319,223.151
1,47.608,104.988,0.0,19.371,224.224
1,47.808,104.988,0.0,19.425,225.3
1,48.008,104.988,0.0,19.481,226.379
1,48.208,104.988,0.0,19.538,227.462
1,48.408,104.988,0.0,19.596,228.547
1,48.608,104.988,0.0,19.656,229.636
1,48.808,104.988,0.0,19.716,230.728
1,49.008,104.988,0.0,19.777,231.823
1,49.208,104.988,0.0,19.837,232.922
1,49.408,104.988,0.0,19.896,234.024
1,49.608,104.988,0.0,19.955,235.129
1,49.808,104.988,0.0,20.013,236.238
1,50.008,104.988,0.0,20.068,237.35
1,50.208,104.988,0.0,20.12,238.465
1,50.408,104.988,0.0,20.169,239.582
1,50.608,104.988,0.0,20.216,240.703
1,50.808,104.988,0.0,20.259,241.826
1,51.008,104.988,0.0,20.297,242.951
1,51.208,104.988,0.0,20.331,244.079
1,51.408,104.988,0.0,20.361,245.209
1,51.608,104.988,0.0,20.386,246.34
1,51.808,104.988,0.0,20.406,247.472
1,52.008,104.988,0.0,20.42,248.606
1,52.208,104.988,0.0,20.429,249.74
1,52.408,104.988,0.0,20.432,250.875
1,52.608,104.988,0.0,20.43,252.01
1,52.808,104.988,0.0,20.422,253.145
1,53.008,104.988,0.0,20.407,254.28
1,53.208,104.988,0.0,20.388,255.414
1,53.408,104.988,0.0,20.361,256.546
1,53.608,104.988,0.0,20.329,257.678
1,53.808,104.988,0.0,20.289,258.807
1,54.008,104.988,0.0,20.243,259.934
1,54.208,104.988,0.0,20.19,261.059
1,54.408,104.988,0.0,20.131,262.18
1,54.608,104.988,0.0,20.064,263.299
1,54.808,104.988,0.0,19.99,264.413
1,55.008,104.988,0.0,19.91,265.524
1,55.208,104.984,0.1848,19.821,266.63
1,55.408,104.98,0.4582,19.736,267.731
1,55.608,104.975,0.7152,19.66,268.828
1,55.808,104.971,0.9577,19.591,269.92
1,56.008,104.967,1.2023,19.529,271.008
1,56.208,104.963,1.4367,19.473,272.093
1,56.408,104.959,1.661,19.422,273.175
1,56.608,104.955,1.8763,19.376,274.254
1,56.808,104.951,2.0868,19.335,275.331
1,57.008,104.947,2.297,19.298,276.405
1,57.208,104.944,2.501,19.264,277.477
1,57.408,104.94,2.6994,19.233,278.547
1,57.608,104.937,2.8929,19.205,279.615
1,57.808,104.934,3.0431,19.18,280.682
1,58.008,104.932,3.1676,19.156,281.748
1,58.208,104.93,3.2887,19.136,282.812
1,58.408,104.928,3.4067,19.116,283.875
1,58.608,104.926,3.522,19.099,284.937
1,58.808,104.924,3.6144,19.083,285.998
1,59.008,104.922,3.7032,19.069,287.059
1,59.208,104.921,3.7902,19.056,288.118
1,59.408,104.919,3.8753,19.044,289.177
1,59.608,104.917,3.9666,19.033,290.235
1,59.808,104.915,4.0832,19.023,291.292
1,60.008,104.913,4.1986,19.014,292.349
1,60.208,104.911,4.3129,19.005,293.405
1,60.408,104.909,4.4263,18.997,294.461
1,60.608,104.907,4.5384,18.99,295.516
1,60.808,104.905,4.6495,18.983,296.571
1,61.008,104.903,4.7598,18.976,297.626
1,61.208,104.901,4.8695,18.97,298.68
1,61.408,104.899,4.9786,18.964,299.734
1,61.608,104.898,5.0,18.959,300.788
1,61.808,104.898,5.0,18.949,301.841
1,62.008,104.898,5.0,18.934,302.894
1,62.208,104.898,5.0,18.915,303.945
1,62.408,104.898,5.0,18.89,304.996
1,62.608,104.898,5.0,18.86,306.046
1,62.808,104.898,5.0,18.826,307.094
1,63.008,104.898,5.0,18.789,308.139
1,63.208,104.898,5.0,18.747,309.183
1,63.408,104.897,5.0,18.702,310.225
1,63.608,104.897,5.0,18.653,311.264
1,63.808,104.897,5.0,18.602,312.3
1,64.008,104.897,5.0,18.549,313.333
1,64.208,104.897,5.0,18.494,314.364
1,64.408,104.897,5.0,18.437,315.391
1,64.608,104.897,5.0,18.379,316.416
1,64.808,104.897,5.0,18.32,317.437
1,65.008,104.896,5.0,18.26,318.455
1,65.208,104.896,5.0,18.199,319.469
1,65.408,104.896,5.0,18.137,320.48
1,65.608,104.896,5.0,18.075,321.488
1,65.808,104.896,5.0,18.013,322.492
1,66.008,104.896,5.0,17.952,323.493
1,66.208,104.896,5.0,17.892,324.49
1,66.408,104.896,5.0,17.832,325.484
1,66.608,104.896,5.0,17.772,326.474
1,66.808,104.895,5.0,17.713,327.462
1,67.008,104.895,5.0,17.655,328.446
1,67.208,104.895,5.0,17.598,329.427
1,67.408,104.895,5.0,17.542,330.404
1,67.608,104.895,5.0,17.486,331.379
1,67.808,104.895,5.0,17.432,332.35
1,68.008,104.895,5.0,17.38,333.319
1,68.208,104.895,5.0,17.33,334.284
1,68.408,104.895,5.0,17.28,335.247
1,68.608,104.894,5.0,17.233,336.207
1,68.808,104.894,5.0,17.187,337.165
1,69.008,104.894,5.0,17.143,338.119
1,69.208,104.894,5.0,17.101,339.072
1,69.408,104.894,5.0,17.06,340.022
1,69.608,104.894,5.0,17.02,340.97
1,69.808,104.894,5.0,16.983,341.915
1,70.008,104.894,5.0,16.948,342.859
1,70.208,104.894,5.0,16.915,343.8
1,70.408,104.893,5.0,16.883,344.74
1,70.608,104.893,5.0,16.854,345.678
1,70.808,104.893,5.0,16.827,346.614
1,71.008,104.893,5.0,16.803,347.549
1,71.208,104.893,5.0,16.781,348.483
1,71.408,104.893,5.0,16.762,349.415
1,71.608,104.893,5.0,16.745,350.346
1,71.808,104.893,5.0,16.732,351.276
1,72.008,104.893,5.0,16.721,352.206
1,72.208,104.892,5.0,16.713,353.135
1,72.408,104.892,5.0,16.708,354.063
1,72.608,104.892,5.0,16.707,354.992
1,72.808,104.892,5.0,16.708,355.92
1,73.008,104.892,5.0,16.712,356.848
1,73.208,104.892,5.0,16.719,357.776
1,73.408,104.892,5.0,16.729,358.705
1,73.608,104.892,5.0,16.743,359.635
1,73.808,104.891,5.0,16.759,360.565
1,74.008,104.891,5.0,16.778,361.496
1,74.208,104.891,5.0,16.8,362.428
1,74.408,104.891,5.0,16.825,363.361
1,74.608,104.891,5.0,16.853,364.296
1,74.808,104.891,5.0,16.884,365.232
1,75.008,104.891,5.0,16.918,366.17
1,75.208,104.891,5.0,16.955,367.11
1,75.408,104.891,5.0,16.994,368.052
1,75.608,104.89,5.0,17.037,368.996
1,75.808,104.89,5.0,17.082,369.943
1,76.008,104.89,5.0,17.131,370.892
1,76.208,104.89,5.0,17.182,371.843
1,76.408,104.89,5.0,17.237,372.798
1,76.608,104.89,5.0,17.296,373.756
1,76.808,104.89,5.0,17.357,374.716
1,77.008,104.89,5.0,17.422,375.681
1,77.208,104.89,5.0,17.49,376.649
1,77.408,104.889,5.0,17.562,377.62
1,77.608,104.889,5.0,17.637,378.596
1,77.808,104.889,5.0,17.716,379.576
1,78.008,104.889,5.0,17.798,380.56
1,78.208,104.889,5.0,17.883,381.549
1,78.408,104.889,5.0,17.972,382.542
1,78.608,104.892,4.8397,18.063,383.541
1,78.808,104.895,4.658,18.148,384.544
1,79.008,104.897,4.4867,18.225,385.552
1,79.208,104.9,4.3249,18.294,386.565
1,79.408,104.903,4.1699,18.357,387.581
1,79.608,104.905,4.0213,18.414,388.601
1,79.808,104.908,3.8785,18.466,389.624
1,80.008,104.91,3.7447,18.512,390.65
1,80.208,104.912,3.6181,18.555,391.678
1,80.408,104.914,3.496,18.593,392.709
1,80.608,104.916,3.3782,18.628,393.742
1,80.808,104.918,3.2643,18.659,394.777
1,81.008,104.92,3.1694,18.688,395.814
1,81.208,104.921,3.0821,18.714,396.852
1,81.408,104.922,2.998,18.737,397.892
1,81.608,104.924,2.9166,18.758,398.933
1,81.808,104.925,2.8377,18.777,399.975
1,82.008,104.926,2.7688,18.795,401.018
1,82.208,104.927,2.7021,18.811,402.062
1,82.408,104.928,2.6374,18.825,403.107
1,82.608,104.929,2.5744,18.838,404.153
1,82.808,104.93,2.5163,18.849,405.199
1,83.008,104.931,2.473,18.86,406.247
1,83.208,104.932,2.4311,18.87,407.294
1,83.408,104.932,2.3905,18.878,408.343
1,83.608,104.933,2.351,18.886,409.391
1,83.808,104.933,2.3169,18.893,410.441
1,84.008,104.934,2.29,18.9,411.49
1,84.208,104.934,2.2638,18.906,412.54
1,84.408,104.935,2.2385,18.911,413.591
1,84.608,104.935,2.2139,18.916,414.641
1,84.808,104.935,2.1895,18.92,415.692
1,85.008,104.936,2.1654,18.924,416.743
1,85.208,104.936,2.1419,18.928,417.795
1,85.408,104.937,2.1189,18.931,418.846
1,85.608,104.937,2.0962,18.934,419.898
1,85.808,104.937,2.0774,18.936,420.95
1,86.008,104.937,2.0593,18.939,422.002
1,86.208,104.938,2.0415,18.941,423.054
1,86.408,104.938,2.024,18.943,424.106
1,86.608,104.938,2.0055,18.945,425.159
1,86.808,104.939,1.9803,18.947,426.211
1,87.008,104.939,1.9554,18.948,427.264
1,87.208,104.939,1.9306,18.949,428.316
1,87.408,104.94,1.9059,18.951,429.369
1,87.608,104.94,1.8806,18.952,430.422
1,87.808,104.941,1.854,18.953,431.475
1,88.008,104.941,1.8276,18.954,432.528
1,88.208,104.941,1.8013,18.955,433.581
1,88.408,104.942,1.775,18.956,434.634
1,88.608,104.942,1.7554,18.957,435.687
1,88.808,104.942,1.7394,18.957,436.74
1,89.008,104.943,1.7234,18.958,437.793
1,89.208,104.943,1.7075,18.959,438.846
1,89.408,104.943,1.6917,18.959,439.9
1,89.608,104.943,1.693,18.96,440.953
1,89.808,104.943,1.6961,18.96,442.006
1,90.008,104.943,1.6993,18.96,443.06
1,90.208,104.943,1.7026,18.961,444.113
1,90.408,104.943,1.708,18.961,445.166
1,90.608,104.942,1.7248,18.962,446.22
1,90.808,104.942,1.7417,18.962,447.273
1,91.008,104.942,1.7586,18.962,448.327
1,91.208,104.941,1.7755,18.962,449.38
1,91.408,104.941,1.8013,18.962,450.434
1,91.608,104.94,1.8396,18.962,451.487
1,91.808,104.939,1.878,18.962,452.54
1,92.008,104.939,1.9165,18.962,453.594
1,92.208,104.938,1.955,18.962,454.647
1,92.408,104.937,2.0104,18.962,455.701
1,92.608,104.936,2.0743,18.962,456.754
1,92.808,104.935,2.1384,18.962,457.808
1,93.008,104.933,2.2025,18.962,458.861
1,93.208,104.932,2.2667,18.962,459.915
1,93.408,104.931,2.3269,18.961,460.968
1,93.608,104.93,2.3869,18.961,462.021
1,93.808,104.929,2.4469,18.961,463.075
1,94.008,104.928,2.5069,18.96,464.128
1,94.208,104.927,2.5685,18.96,465.182
1,94.408,104.925,2.6369,18.959,466.235
1,94.608,104.924,2.7054,18.959,467.288
1,94.808,104.923,2.774,18.958,468.341
1,95.008,104.922,2.8425,18.958,469.395
1,95.208,104.921,2.9041,18.957,470.448
1,95.408,104.92,2.9561,18.956,471.501
1,95.608,104.919,3.008,18.956,472.554
1,95.808,104.918,3.06,18.955,473.607
1,96.008,104.917,3.112,18.954,474.66
1,96.208,104.916,3.1509,18.954,475.713
1,96.408,104.915,3.1836,18.953,476.766
1,96.608,104.915,3.2162,18.952,477.819
1,96.808,104.914,3.2488,18.952,478.872
1,97.008,104.913,3.2814,18.951,479.925
1,97.208,104.913,3.2916,18.95,480.978
1,97.408,104.913,3.3001,18.95,482.031
1,97.608,104.913,3.3085,18.949,483.084
1,97.808,104.912,3.3169,18.949,484.136
1,98.008,104.912,3.3224,18.948,485.189
1,98.208,104.912,3.3152,18.948,486.242
1,98.408,104.912,3.3079,18.947,487.294
1,98.608,104.912,3.3005,18.947,488.347
1,98.808,104.913,3.293,18.947,489.4
1,99.008,104.913,3.2798,18.947,490.452
1,99.208,104.913,3.2587,18.946,491.505
1,99.408,104.913,3.2376,18.946,492.557
1,99.608,104.914,3.2164,18.946,493.61
1,99.808,104.914,3.1952,18.946,494.662
1,100.008,104.914,3.1708,18.946,495.715
1,100.208,104.915,3.1449,18.946,496.768
1,100.408,104.915,3.1189,18.946,497.82
1,100.608,104.915,3.0929,18.946,498.873
1,100.808,104.916,3.0668,18.946,499.925
1,101.008,104.916,3.0407,18.947,500.978
1,101.208,104.916,3.0145,18.947,502.03
1,101.408,104.917,2.9883,18.947,503.083
1,101.608,104.917,2.962,18.947,504.136
1,101.808,104.918,2.9364,18.947,505.188
1,102.008,104.918,2.9136,18.948,506.241
1,102.208,104.918,2.8908,18.948,507.294
1,102.408,104.919,2.868,18.948,508.346
1,102.608,104.919,2.8451,18.949,509.399
1,102.808,104.919,2.8236,18.949,510.452
1,103.008,104.92,2.8039,18.949,511.504
1,103.208,104.92,2.7842,18.949,512.557
1,103.408,104.92,2.7645,18.95,513.61
1,103.608,104.92,2.7448,18.95,514.663
1,103.808,104.921,2.722,18.95,515.715
1,104.008,104.921,2.6977,18.95,516.768
1,104.208,104.921,2.6734,18.951,517.821
1,104.408,104.922,2.6491,18.951,518.874
1,104.608,104.922,2.6247,18.951,519.927
1,104.808,104.923,2.5931,18.952,520.979
1,105.008,104.923,2.5608,18.952,522.032
1,105.208,104.924,2.5286,18.952,523.085
1,105.408,104.924,2.4963,18.953,524.138
1,105.608,104.925,2.4626,18.953,525.191
1,105.808,104.925,2.4229,18.953,526.244
1,106.008,104.926,2.3831,18.954,527.297
1,106.208,104.927,2.3433,18.954,528.35
1,106.408,104.927,2.3035,18.954,529.403
1,106.608,104.928,2.2675,18.955,530.456
1,106.808,104.928,2.2365,18.955,531.509
1,107.008,104.929,2.2055,18.956,532.562
1,107.208,104.929,2.1745,18.956,533.615
1,107.408,104.93,2.1435,18.956,534.668
1,107.608,104.93,2.1202,18.957,535.721
1,107.808,104.93,2.1003,18.957,536.775
1,108.008,104.931,2.0805,18.957,537.828
1,108.208,104.931,2.0606,18.958,538.881
1,108.408,104.931,2.0408,18.958,539.934
1,108.608,104.931,2.0435,18.958,540.987
1,108.808,104.931,2.0477,18.959,542.041
1,109.008,104.931,2.0519,18.959,543.094
1,109.208,104.931,2.0562,18.959,544.147
1,109.408,104.931,2.0642,18.959,545.2
1,109.608,104.93,2.0882,18.959,546.254
1,109.808,104.93,2.1122,18.96,547.307
1,110.008,104.929,2.1363,18.96,548.36
1,110.208,104.929,2.1604,18.96,549.414
1,110.408,104.928,2.1975,18.96,550.467
1,110.608,104.927,2.251,18.96,551.52
1,110.808,104.926,2.3045,18.96,552.574
1,111.008,104.925,2.3581,18.959,553.627
1,111.208,104.924,2.4117,18.959,554.68
1,111.408,104.923,2.4861,18.959,555.733
1,111.608,104.921,2.5695,18.959,556.787
1,111.808,104.92,2.653,18.958,557.84
1,112.008,104.918,2.7366,18.958,558.893
1,112.208,104.917,2.8203,18.957,559.946
1,112.408,104.915,2.9252,18.957,561.0
1,112.608,104.913,3.0314,18.956,562.053
1,112.808,104.911,3.1377,18.955,563.106
1,113.008,104.909,3.2441,18.955,564.159
1,113.208,104.907,3.3524,18.954,565.212
1,113.408,104.905,3.4681,18.953,566.265
1,113.608,104.903,3.584,18.952,567.318
1,113.808,104.901,3.6999,18.95,568.371
1,114.008,104.899,3.8159,18.949,569.424
1,114.208,104.897,3.9322,18.948,570.476
1,114.408,104.895,4.0487,18.946,571.529
1,114.608,104.892,4.1653,18.945,572.581
1,114.808,104.89,4.282,18.943,573.634
1,115.008,104.888,4.3988,18.941,574.686
1,115.208,104.886,4.5101,18.94,575.739
1,115.408,104.884,4.6191,18.938,576.791
1,115.608,104.882,4.7281,18.936,577.843
1,115.808,104.88,4.8371,18.934,578.895
1,116.008,104.878,4.9462,18.932,579.947
1,116.208,104.877,5.0,18.93,580.999
1,116.408,104.877,5.0,18.925,582.05
1,116.608,104.877,5.0,18.915,583.102
1,116.808,104.877,5.0,18.9,584.152
1,117.008,104.877,5.0,18.879,585.202
1,117.208,104.877,5.0,18.853,586.251
1,117.408,104.876,5.0,18.824,587.299
1,117.608,104.876,5.0,18.79,588.344
1,117.808,104.876,5.0,18.752,589.388
1,118.008,104.876,5.0,18.711,590.43
1,118.208,104.876,5.0,18.666,591.47
1,118.408,104.876,5.0,18.618,592.507
1,118.608,104.876,5.0,18.567,593.541
1,118.808,104.876,5.0,18.513,594.572
1,119.008,104.876,5.0,18.456,595.601
1,119.208,104.875,5.0,18.396,596.626
1,119.408,104.875,5.0,18.334,597.648
1,119.608,104.875,5.0,18.27,598.667
1,119.808,104.875,5.0,18.203,599.682
1,120.008,104.875,5.0,18.134,600.693
1,120.208,104.875,5.0,18.063,601.7
1,120.408,104.875,5.0,17.991,602.704
1,120.608,104.875,5.0,17.918,603.703
1,120.808,104.874,5.0,17.843,604.699
1,121.008,104.874,5.0,17.767,605.69
1,121.208,104.874,5.0,17.69,606.677
1,121.408,104.874,5.0,17.612,607.66
1,121.608,104.874,5.0,17.533,608.638
1,121.808,104.874,5.0,17.454,609.612
1,122.008,104.874,5.0,17.374,610.582
1,122.208,104.874,5.0,17.295,611.547
1,122.408,104.874,5.0,17.217,612.508
1,122.608,104.873,5.0,17.14,613.465
1,122.808,104.873,5.0,17.063,614.417
1,123.008,104.873,5.0,16.988,615.365
1,123.208,104.873,5.0,16.915,616.309
1,123.408,104.873,5.0,16.844,617.248
1,123.608,104.873,5.0,16.776,618.184
1,123.808,104.873,5.0,16.711,619.116
1,124.008,104.873,5.0,16.648,620.045
1,124.208,104.873,5.0,16.587,620.969
1,124.408,104.872,5.0,16.532,621.891
1,124.608,104.872,5.0,16.48,622.809
1,124.808,104.872,5.0,16.433,623.725
1,125.008,104.872,5.0,16.39,624.638
1,125.208,104.872,5.0,16.351,625.549
1,125.408,104.872,5.0,16.318,626.457
1,125.608,104.872,5.0,16.29,627.363
1,125.808,104.872,5.0,16.267,628.268
1,126.008,104.872,5.0,16.25,629.172
1,126.208,104.871,5.0,16.239,630.075
1,126.408,104.871,5.0,16.232,630.977
1,126.608,104.871,5.0,16.232,631.879
1,126.808,104.871,5.0,16.239,632.781
1,127.008,104.871,5.0,16.251,633.683
1,127.208,104.871,5.0,16.27,634.586
1,127.408,104.871,5.0,16.294,635.49
1,127.608,104.871,5.0,16.324,636.395
1,127.808,104.87,5.0,16.36,637.302
1,128.008,104.87,5.0,16.403,638.211
1,128.208,104.87,5.0,16.451,639.122
1,128.408,104.87,5.0,16.505,640.036
1,128.608,104.87,5.0,16.564,640.953
1,128.808,104.87,5.0,16.63,641.873
1,129.008,104.87,5.0,16.701,642.797
1,129.208,104.87,5.0,16.778,643.725
1,129.408,104.87,5.0,16.861,644.657
1,129.608,104.869,5.0,16.949,645.593
1,129.808,104.869,5.0,17.043,646.535
1,130.008,104.869,5.0,17.142,647.482
1,130.208,104.869,5.0,17.247,648.434
1,130.408,104.869,5.0,17.357,649.392
1,130.608,104.869,5.0,17.472,650.357
1,130.808,104.869,5.0,17.593,651.327
1,131.008,104.872,4.8267,17.718,652.305
1,131.208,104.876,4.5706,17.838,653.289
1,131.408,104.88,4.3238,17.945,654.28
1,131.608,104.884,4.0901,18.043,655.277
1,131.808,104.888,3.8753,18.132,656.279
1,132.008,104.891,3.6687,18.212,657.287
1,132.208,104.895,3.4698,18.284,658.298
1,132.408,104.898,3.278,18.35,659.314
1,132.608,104.901,3.1003,18.409,660.334
1,132.808,104.904,2.9445,18.463,661.356
1,133.008,104.906,2.7945,18.512,662.382
1,133.208,104.909,2.65,18.556,663.411
1,133.408,104.911,2.5104,18.595,664.441
1,133.608,104.913,2.3857,18.631,665.475
1,133.808,104.915,2.2772,18.664,666.51
1,134.008,104.917,2.1727,18.693,667.546
1,134.208,104.918,2.0719,18.72,668.585
1,134.408,104.92,1.9743,18.744,669.625
1,134.608,104.921,1.8891,18.766,670.666
1,134.808,104.923,1.8119,18.785,671.709
1,135.008,104.924,1.7373,18.803,672.753
1,135.208,104.925,1.665,18.819,673.797
1,135.408,104.926,1.5948,18.834,674.843
1,135.608,104.927,1.5425,18.847,675.889
1,135.808,104.928,1.4948,18.859,676.936
1,136.008,104.929,1.4488,18.87,677.984
1,136.208,104.93,1.4042,18.879,679.032
1,136.408,104.93,1.361,18.888,680.081
1,136.608,104.931,1.3195,18.896,681.13
1,136.808,104.932,1.2791,18.903,682.18
1,137.008,104.932,1.2397,18.909,683.23
1,137.208,104.933,1.2012,18.915,684.281
1,137.408,104.934,1.1685,18.92,685.332
1,137.608,104.934,1.1476,18.925,686.383
1,137.808,104.934,1.1273,18.93,687.434
1,138.008,104.935,1.1076,18.933,688.486
1,138.208,104.935,1.0885,18.937,689.538
1,138.408,104.935,1.077,18.94,690.59
1,138.608,104.935,1.0713,18.943,691.642
1,138.808,104.935,1.0661,18.945,692.694
1,139.008,104.935,1.0613,18.948,693.747
1,139.208,104.935,1.0569,18.95,694.799
1,139.408,104.935,1.0664,18.952,695.852
1,139.608,104.935,1.0795,18.953,696.905
1,139.808,104.935,1.0929,18.955,697.958
1,140.008,104.934,1.1065,18.956,699.011
1,140.208,104.934,1.1213,18.957,700.064
1,140.408,104.933,1.1529,18.959,701.117
1,140.608,104.933,1.1846,18.96,702.171
1,140.808,104.932,1.2164,18.96,703.224
1,141.008,104.932,1.2485,18.961,704.277
1,141.208,104.931,1.2877,18.962,705.331
1,141.408,104.93,1.3426,18.962,706.384
1,141.608,104.929,1.3975,18.963,707.438
1,141.808,104.928,1.4526,18.963,708.491
1,142.008,104.927,1.5078,18.963,709.545
1,142.208,104.926,1.5688,18.964,710.598
1,142.408,104.925,1.6342,18.964,711.652
1,142.608,104.924,1.6998,18.964,712.705
1,142.808,104.922,1.7654,18.964,713.759
1,143.008,104.921,1.8311,18.964,714.812
1,143.208,104.92,1.8973,18.964,715.866
1,143.408,104.919,1.9638,18.964,716.919
1,143.608,104.918,2.0303,18.964,717.973
1,143.808,104.916,2.0969,18.963,719.026
1,144.008,104.915,2.1642,18.963,720.08
1,144.208,104.914,2.2404,18.963,721.133
1,144.408,104.912,2.3166,18.962,722.187
1,144.608,104.911,2.3929,18.962,723.24
1,144.808,104.91,2.4693,18.961,724.294
1,145.008,104.908,2.5453,18.961,725.347
1,145.208,104.907,2.6206,18.96,726.401
1,145.408,104.906,2.696,18.96,727.454
1,145.608,104.904,2.7715,18.959,728.507
1,145.808,104.903,2.8469,18.958,729.561
1,146.008,104.901,2.9207,18.958,730.614
1,146.208,104.9,2.9934,18.957,731.667
1,146.408,104.899,3.066,18.956,732.72
1,146.608,104.897,3.1387,18.955,733.773
1,146.808,104.896,3.2115,18.955,734.826
1,147.008,104.895,3.2867,18.954,735.879
1,147.208,104.893,3.3625,18.953,736.932
1,147.408,104.892,3.4384,18.952,737.985
1,147.608,104.891,3.5142,18.951,739.038
1,147.808,104.889,3.59,18.95,740.091
1,148.008,104.888,3.6639,18.949,741.144
1,148.208,104.886,3.7379,18.948,742.197
1,148.408,104.885,3.8119,18.947,743.249
1,148.608,104.884,3.8859,18.945,744.302
1,148.808,104.882,3.9608,18.944,745.354
1,149.008,104.881,4.0372,18.943,746.407
1,149.208,104.879,4.1137,18.942,747.459
1,149.408,104.878,4.1903,18.941,748.512
1,149.608,104.877,4.2668,18.939,749.564
1,149.808,104.875,4.3429,18.938,750.616
1,150.008,104.874,4.4185,18.937,751.668
1,150.208,104.872,4.4943,18.935,752.72
1,150.408,104.871,4.57,18.934,753.772
1,150.608,104.87,4.6457,18.932,754.824
1,150.808,104.868,4.7048,18.931,755.876
1,151.008,104.867,4.7604,18.93,756.928
1,151.208,104.866,4.816,18.928,757.979
1,151.408,104.865,4.8716,18.927,759.031
1,151.608,104.864,4.9262,18.925,760.082
1,151.808,104.863,4.9693,18.924,761.134
1,152.008,104.863,5.0,18.922,762.185
1,152.208,104.862,5.0,18.92,763.236
1,152.408,104.862,5.0,18.916,764.287
1,152.608,104.862,5.0,18.909,765.338
1,152.808,104.862,5.0,18.899,766.389
1,153.008,104.862,5.0,18.888,767.439
1,153.208,104.862,5.0,18.876,768.488
1,153.408,104.862,5.0,18.861,769.537
1,153.608,104.862,5.0,18.845,770.584
1,153.808,104.862,5.0,18.828,771.631
1,154.008,104.861,5.0,18.811,772.677
1,154.208,104.861,5.0,18.792,773.722
1,154.408,104.861,5.0,18.773,774.766
1,154.608,104.861,5.0,18.752,775.809
1,154.808,104.861,5.0,18.732,776.851
1,155.008,104.861,5.0,18.711,777.892
1,155.208,104.861,5.0,18.689,778.931
1,155.408,104.861,5.0,18.667,779.97
1,155.608,104.861,5.0,18.645,781.007
1,155.808,104.86,5.0,18.622,782.042
1,156.008,104.86,5.0,18.6,783.077
1,156.208,104.86,5.0,18.577,784.11
1,156.408,104.86,5.0,18.554,785.142
1,156.608,104.86,5.0,18.532,786.173
1,156.808,104.86,5.0,18.509,787.203
1,157.008,104.86,5.0,18.487,788.231
1,157.208,104.86,5.0,18.466,789.258
1,157.408,104.859,5.0,18.444,790.284
1,157.608,104.859,5.0,18.423,791.309
1,157.808,104.859,5.0,18.404,792.332
1,158.008,104.859,5.0,18.385,793.355
1,158.208,104.859,5.0,18.366,794.376
1,158.408,104.859,5.0,18.349,795.396
1,158.608,104.859,5.0,18.333,796.416
1,158.808,104.859,5.0,18.317,797.434
1,159.008,104.859,5.0,18.302,798.452
1,159.208,104.858,5.0,18.288,799.469
1,159.408,104.858,5.0,18.274,800.485
1,159.608,104.858,5.0,18.262,801.5
1,159.808,104.858,5.0,18.25,802.514
1,160.008,104.858,5.0,18.24,803.528
1,160.208,104.858,5.0,18.23,804.542
1,160.408,104.858,5.0,18.222,805.554
1,160.608,104.858,5.0,18.215,806.567
1,160.808,104.858,5.0,18.21,807.579
1,161.008,104.857,5.0,18.206,808.59
1,161.208,104.857,5.0,18.205,809.602
1,161.408,104.857,5.0,18.204,810.613
1,161.608,104.857,5.0,18.206,811.624
1,161.808,104.857,5.0,18.21,812.636
1,162.008,104.857,5.0,18.216,813.648
1,162.208,104.857,5.0,18.225,814.66
1,162.408,104.857,5.0,18.235,815.672
1,162.608,104.857,5.0,18.247,816.685
1,162.808,104.856,5.0,18.262,817.699
1,163.008,104.856,5.0,18.28,818.713
1,163.208,104.856,5.0,18.301,819.729
1,163.408,104.856,5.0,18.324,820.746
1,163.608,104.856,5.0,18.35,821.764
1,163.808,104.856,5.0,18.38,822.783
1,164.008,104.856,5.0,18.413,823.804
1,164.208,104.856,5.0,18.449,824.827
1,164.408,104.856,4.9848,18.489,825.852
1,164.608,104.858,4.8679,18.531,826.879
1,164.808,104.86,4.7553,18.569,827.909
1,165.008,104.861,4.6465,18.603,828.941
1,165.208,104.863,4.5414,18.635,829.974
1,165.408,104.865,4.4415,18.663,831.009
1,165.608,104.866,4.3447,18.689,832.046
1,165.808,104.868,4.2507,18.713,833.084
1,166.008,104.869,4.1592,18.734,834.124
1,166.208,104.871,4.0714,18.753,835.165
1,166.408,104.872,3.9929,18.771,836.207
1,166.608,104.873,3.9164,18.787,837.25
1,166.808,104.874,3.8416,18.802,838.293
1,167.008,104.876,3.7685,18.815,839.338
1,167.208,104.877,3.7067,18.827,840.383
1,167.408,104.877,3.6634,18.838,841.429
1,167.608,104.878,3.6215,18.848,842.476
1,167.808,104.879,3.5807,18.857,843.523
1,168.008,104.879,3.541,18.865,844.57
1,168.208,104.88,3.5072,18.873,845.618
1,168.408,104.88,3.4776,18.88,846.667
1,168.608,104.881,3.4488,18.886,847.716
1,168.808,104.881,3.4208,18.891,848.765
1,169.008,104.881,3.3935,18.896,849.814
1,169.208,104.882,3.376,18.901,850.864
1,169.408,104.882,3.361,18.905,851.914
1,169.608,104.882,3.3465,18.909,852.965
1,169.808,104.882,3.3325,18.913,854.015
1,170.008,104.882,3.3201,18.916,855.066
1,170.208,104.882,3.3248,18.918,856.117
1,170.408,104.882,3.33,18.921,857.168
1,170.608,104.882,3.3355,18.923,858.219
1,170.808,104.882,3.3414,18.925,859.27
1,171.008,104.881,3.3448,18.927,860.322
1,171.208,104.881,3.3421,18.929,861.373
1,171.408,104.881,3.3397,18.93,862.425
1,171.608,104.881,3.3375,18.932,863.476
1,171.808,104.881,3.3355,18.933,864.528
1,172.008,104.881,3.3364,18.934,865.58
1,172.208,104.881,3.3396,18.935,866.632
1,172.408,104.881,3.343,18.936,867.684
1,172.608,104.881,3.3465,18.937,868.736
1,172.808,104.881,3.3501,18.937,869.788
1,173.008,104.88,3.3574,18.938,870.84
1,173.208,104.88,3.3658,18.938,871.892
1,173.408,104.88,3.3742,18.939,872.944
1,173.608,104.88,3.3828,18.939,873.996
1,173.808,104.88,3.3913,18.94,875.048
1,174.008,104.879,3.397,18.94,876.101
1,174.208,104.879,3.4028,18.94,877.153
1,174.408,104.879,3.4087,18.941,878.205
1,174.608,104.879,3.4146,18.941,879.257
1,174.808,104.879,3.4228,18.941,880.31
1,175.008,104.878,3.4362,18.941,881.362
1,175.208,104.878,3.4498,18.941,882.414
1,175.408,104.878,3.4633,18.941,883.466
1,175.608,104.877,3.4769,18.941,884.519
1,175.808,104.877,3.4889,18.941,885.571
1,176.008,104.877,3.4996,18.941,886.623
1,176.208,104.877,3.5103,18.941,887.676
1,176.408,104.876,3.521,18.941,888.728
1,176.608,104.876,3.5317,18.941,889.78
1,176.808,104.876,3.5509,18.941,890.833
1,177.008,104.875,3.5723,18.941,891.885
1,177.208,104.875,3.5938,18.941,892.937
1,177.408,104.874,3.6153,18.941,893.989
1,177.608,104.874,3.6364,18.941,895.042
1,177.808,104.874,3.6472,18.94,896.094
1,178.008,104.873,3.6581,18.94,897.146
1,178.208,104.873,3.669,18.94,898.198
1,178.408,104.873,3.6799,18.94,899.251
1,178.608,104.872,3.6938,18.94,900.303
1,178.808,104.872,3.7152,18.939,901.355
1,179.008,104.871,3.7366,18.939,902.407
1,179.208,104.871,3.758,18.939,903.459
1,179.408,104.871,3.7795,18.939,904.511
1,179.608,104.87,3.7915,18.938,905.564
1,179.808,104.87,3.7953,18.938,906.616
1,180.008,104.87,3.799,18.938,907.668
1,180.208,104.87,3.8027,18.938,908.72
1,180.408,104.87,3.8064,18.937,909.772
1,180.608,104.869,3.819,18.937,910.824
1,180.808,104.869,3.8342,18.937,911.876
1,181.008,104.869,3.8493,18.937,912.928
1,181.208,104.868,3.8645,18.937,913.98
1,181.408,104.868,3.8791,18.936,915.032
1,181.608,104.868,3.8756,18.936,916.084
1,181.808,104.868,3.872,18.936,917.136
1,182.008,104.868,3.8684,18.936,918.188
1,182.208,104.868,3.8647,18.936,919.24
1,182.408,104.868,3.8611,18.935,920.292
1,182.608,104.868,3.8575,18.935,921.344
1,182.808,104.868,3.8538,18.935,922.396
1,183.008,104.868,3.8501,18.935,923.448
1,183.208,104.868,3.8465,18.935,924.5
1,183.408,104.868,3.8353,18.935,925.552
1,183.608,104.868,3.8174,18.935,926.604
1,183.808,104.868,3.7994,18.935,927.656
1,184.008,104.868,3.7813,18.935,928.708
1,184.208,104.869,3.7633,18.935,929.76
1,184.408,104.869,3.7416,18.935,930.812
1,184.608,104.869,3.7189,18.935,931.864
1,184.808,104.87,3.6961,18.936,932.916
1,185.008,104.87,3.6733,18.936,933.968
1,185.208,104.87,3.6505,18.936,935.02
1,185.408,104.871,3.6287,18.936,936.072
1,185.608,104.871,3.6069,18.936,937.124
1,185.808,104.871,3.585,18.937,938.176
1,186.008,104.871,3.5631,18.937,939.228
1,186.208,104.872,3.5395,18.937,940.28
1,186.408,104.872,3.5111,18.938,941.332
1,186.608,104.873,3.4827,18.938,942.384
1,186.808,104.873,3.4542,18.938,943.436
1,187.008,104.873,3.4257,18.939,944.488
1,187.208,104.874,3.3973,18.939,945.54
1,187.408,104.874,3.3689,18.939,946.593
1,187.608,104.875,3.3404,18.94,947.645
1,187.808,104.875,3.312,18.94,948.697
1,188.008,104.876,3.2835,18.941,949.749
1,188.208,104.876,3.2565,18.941,950.801
1,188.408,104.876,3.2298,18.941,951.854
1,188.608,104.877,3.2032,18.942,952.906
1,188.808,104.877,3.1766,18.942,953.958
1,189.008,104.877,3.1498,18.943,955.011
1,189.208,104.878,3.1112,18.943,956.063
1,189.408,104.879,3.0726,18.943,957.115
1,189.608,104.879,3.0339,18.944,958.168
1,189.808,104.88,2.9952,18.944,959.22
1,190.008,104.88,2.9563,18.945,960.273
1,190.208,104.881,2.917,18.945,961.325
1,190.408,104.882,2.8777,18.946,962.378
1,190.608,104.882,2.8384,18.946,963.43
1,190.808,104.883,2.799,18.947,964.483
1,191.008,104.883,2.7657,18.947,965.536
1,191.208,104.884,2.7382,18.948,966.588
1,191.408,104.884,2.7108,18.948,967.641
1,191.608,104.885,2.6833,18.949,968.694
1,191.808,104.885,2.6559,18.949,969.746
1,192.008,104.885,2.6369,18.95,970.799
1,192.208,104.886,2.6205,18.95,971.852
1,192.408,104.886,2.6042,18.951,972.905
1,192.608,104.886,2.5879,18.951,973.957
1,192.808,104.886,2.5718,18.951,975.01
1,193.008,104.886,2.5708,18.952,976.063
1,193.208,104.886,2.5698,18.952,977.116
1,193.408,104.886,2.5689,18.952,978.169
1,193.608,104.886,2.568,18.953,979.222
1,193.808,104.886,2.5715,18.953,980.275
1,194.008,104.886,2.5876,18.953,981.328
1,194.208,104.885,2.6038,18.953,982.381
1,194.408,104.885,2.62,18.953,983.433
1,194.608,104.885,2.6363,18.953,984.486
1,194.808,104.884,2.6594,18.954,985.539
1,195.008,104.884,2.689,18.954,986.592
1,195.208,104.883,2.7186,18.954,987.645
1,195.408,104.882,2.7483,18.954,988.698
1,195.608,104.882,2.7781,18.953,989.751
1,195.808,104.881,2.8117,18.953,990.804
1,196.008,104.881,2.8466,18.953,991.857
1,196.208,104.88,2.8816,18.953,992.91
1,196.408,104.879,2.9165,18.953,993.963
1,196.608,104.879,2.9517,18.953,995.016
1,196.808,104.878,2.9984,18.952,996.069
1,197.008,104.877,3.0452,18.952,997.122
1,197.208,104.876,3.092,18.952,998.175
1,197.408,104.875,3.1389,18.951,999.228
1,197.608,104.874,3.1835,18.951,1000.28
1,197.808,104.873,3.2215,18.95,1001.333
1,198.008,104.873,3.2596,18.95,1002.386
1,198.208,104.872,3.2977,18.949,1003.439
1,198.408,104.871,3.3358,18.949,1004.492
1,198.608,104.87,3.3823,18.948,1005.544
1,198.808,104.869,3.4366,18.948,1006.597
1,199.008,104.868,3.4909,18.947,1007.65
1,199.208,104.867,3.5453,18.947,1008.702
1,199.408,104.866,3.5998,18.946,1009.755
1,199.608,104.865,3.6425,18.945,1010.807
1,199.808,104.865,3.6816,18.945,1011.86
1,200.008,104.864,3.7207,18.944,1012.912
1,200.208,104.863,3.7598,18.943,1013.965
1,200.408,104.862,3.7988,18.943,1015.017
1,200.608,104.862,3.8337,18.942,1016.07
1,200.808,104.861,3.8686,18.941,1017.122
1,201.008,104.86,3.9034,18.94,1018.174
1,201.208,104.86,3.9383,18.94,1019.227
1,201.408,104.859,3.974,18.939,1020.279
1,201.608,104.858,4.012,18.938,1021.331
1,201.808,104.857,4.0501,18.938,1022.383
1,202.008,104.857,4.0882,18.937,1023.435
1,202.208,104.856,4.1263,18.936,1024.487
1,202.408,104.855,4.1611,18.936,1025.539
1,202.608,104.854,4.1927,18.935,1026.591
1,202.808,104.854,4.2243,18.934,1027.643
1,203.008,104.853,4.2558,18.933,1028.695
1,203.208,104.853,4.2874,18.933,1029.747
1,203.408,104.852,4.3199,18.932,1030.799
1,203.608,104.851,4.3528,18.931,1031.85
1,203.808,104.851,4.3857,18.931,1032.902
1,204.008,104.85,4.4185,18.93,1033.954
1,204.208,104.849,4.4514,18.929,1035.006
1,204.408,104.849,4.4811,18.929,1036.057
1,204.608,104.848,4.5107,18.928,1037.109
1,204.808,104.847,4.5404,18.927,1038.16
1,205.008,104.847,4.57,18.926,1039.212
1,205.208,104.846,4.5997,18.926,1040.263
1,205.408,104.845,4.6298,18.925,1041.315
1,205.608,104.845,4.6598,18.924,1042.366
1,205.808,104.844,4.6899,18.924,1043.417
1,206.008,104.844,4.7199,18.923,1044.469
1,206.208,104.843,4.7529,18.922,1045.52
1,206.408,104.842,4.7888,18.922,1046.571
1,206.608,104.841,4.8248,18.921,1047.622
1,206.808,104.841,4.8607,18.92,1048.674
1,207.008,104.84,4.8967,18.919,1049.725
1,207.208,104.839,4.9265,18.919,1050.776
1,207.408,104.839,4.954,18.918,1051.827
1,207.608,104.838,4.9815,18.917,1052.878
1,207.808,104.838,5.0,18.916,1053.929
1,208.008,104.838,5.0,18.915,1054.98
1,208.208,104.838,5.0,18.912,1056.031
1,208.408,104.837,5.0,18.909,1057.081
1,208.608,104.837,5.0,18.904,1058.132
1,208.808,104.837,5.0,18.9,1059.182
1,209.008,104.837,5.0,18.894,1060.232
1,209.208,104.837,5.0,18.889,1061.282
1,209.408,104.837,5.0,18.883,1062.331
1,209.608,104.837,5.0,18.878,1063.38
1,209.808,104.837,5.0,18.873,1064.429
1,210.008,104.836,5.0,18.868,1065.477
1,210.208,104.836,5.0,18.863,1066.525
1,210.408,104.836,5.0,18.86,1067.573
1,210.608,104.836,5.0,18.858,1068.621
1,210.808,104.836,5.0,18.857,1069.669
1,211.008,104.836,5.0,18.856,1070.716
1,211.208,104.836,5.0,18.857,1071.764
1,211.408,104.836,5.0,18.858,1072.812
1,211.608,104.836,5.0,18.859,1073.859
1,211.808,104.835,5.0,18.861,1074.907
1,212.008,104.835,5.0,18.863,1075.955
1,212.208,104.835,5.0,18.866,1077.003
1,212.408,104.835,4.9914,18.87,1078.051
1,212.608,104.835,4.9735,18.874,1079.099
1,212.808,104.836,4.9575,18.877,1080.148
1,213.008,104.836,4.95,18.881,1081.197
1,213.208,104.836,4.9429,18.884,1082.245
1,213.408,104.836,4.9362,18.886,1083.295
1,213.608,104.836,4.9299,18.889,1084.344
1,213.808,104.836,4.9243,18.891,1085.393
1,214.008,104.836,4.92,18.893,1086.443
1,214.208,104.836,4.9159,18.895,1087.492
1,214.408,104.836,4.912,18.896,1088.542
1,214.608,104.835,4.9083,18.898,1089.592
1,214.808,104.835,4.912,18.899,1090.642
1,215.008,104.835,4.9205,18.9,1091.692
1,215.208,104.835,4.9292,18.902,1092.742
1,215.408,104.835,4.9381,18.902,1093.792
1,215.608,104.834,4.9471,18.903,1094.842
1,215.808,104.834,4.9468,18.904,1095.892
1,216.008,104.834,4.945,18.905,1096.942
1,216.208,104.834,4.9433,18.905,1097.993
1,216.408,104.834,4.9417,18.906,1099.043
1,216.608,104.834,4.9393,18.906,1100.093
1,216.808,104.834,4.9296,18.907,1101.143
1,217.008,104.834,4.9198,18.907,1102.194
1,217.208,104.834,4.9101,18.908,1103.244
1,217.408,104.834,4.9004,18.908,1104.295
1,217.608,104.834,4.8879,18.908,1105.345
1,217.808,104.834,4.8697,18.909,1106.396
1,218.008,104.835,4.8514,18.909,1107.446
1,218.208,104.835,4.8331,18.909,1108.497
1,218.408,104.835,4.8148,18.91,1109.547
1,218.608,104.835,4.7934,18.91,1110.598
1,218.808,104.836,4.7697,18.911,1111.648
1,219.008,104.836,4.746,18.911,1112.699
1,219.208,104.836,4.7222,18.911,1113.749
1,219.408,104.836,4.6984,18.912,1114.8
1,219.608,104.837,4.6805,18.912,1115.851
1,219.808,104.837,4.6639,18.913,1116.901
1,220.008,104.837,4.6474,18.913,1117.952
1,220.208,104.837,4.6308,18.914,1119.003
1,220.408,104.837,4.6145,18.914,1120.054
1,220.608,104.837,4.602,18.915,1121.104
1,220.808,104.838,4.5895,18.915,1122.155
1,221.008,104.838,4.5771,18.915,1123.206
1,221.208,104.838,4.5646,18.916,1124.257
1,221.408,104.838,4.5537,18.916,1125.308
1,221.608,104.838,4.5465,18.917,1126.359
1,221.808,104.838,4.5394,18.917,1127.41
1,222.008,104.838,4.5322,18.917,1128.461
1,222.208,104.838,4.5251,18.918,1129.511
1,222.408,104.838,4.5285,18.918,1130.562
1,222.608,104.838,4.541,18.918,1131.613
1,222.808,104.837,4.5536,18.918,1132.664
1,223.008,104.837,4.5663,18.918,1133.715
1,223.208,104.837,4.579,18.919,1134.766
1,223.408,104.836,4.6019,18.919,1135.818
1,223.608,104.835,4.6278,18.919,1136.869
1,223.808,104.835,4.6538,18.919,1137.92
1,224.008,104.834,4.6799,18.918,1138.971
1,224.208,104.834,4.7061,18.918,1140.022
1,224.408,104.833,4.7391,18.918,1141.073
1,224.608,104.832,4.7721,18.918,1142.124
1,224.808,104.832,4.8052,18.918,1143.175
1,225.008,104.831,4.8383,18.917,1144.226
1,225.208,104.83,4.8704,18.917,1145.277
1,225.408,104.83,4.8995,18.916,1146.328
1,225.608,104.829,4.9287,18.916,1147.378
1,225.808,104.829,4.9578,18.915,1148.429
1,226.008,104.828,4.9871,18.915,1149.48
1,226.208,104.828,5.0,18.914,1150.531
1,226.408,104.827,5.0,18.913,1151.582
1,226.608,104.827,5.0,18.911,1152.633
1,226.808,104.827,5.0,18.908,1153.683
1,227.008,104.827,5.0,18.904,1154.734
1,227.208,104.827,5.0,18.899,1155.784
1,227.408,104.827,5.0,18.894,1156.834
1,227.608,104.827,5.0,18.889,1157.883
1,227.808,104.827,5.0,18.885,1158.933
1,228.008,104.827,5.0,18.88,1159.982
1,228.208,104.826,5.0,18.876,1161.031
1,228.408,104.826,5.0,18.873,1162.08
1,228.608,104.826,5.0,18.87,1163.128
1,228.808,104.826,5.0,18.869,1164.176
1,229.008,104.826,5.0,18.869,1165.225
1,229.208,104.826,5.0,18.87,1166.273
1,229.408,104.826,4.9952,18.872,1167.321
1,229.608,104.826,4.965,18.876,1168.37
1,229.808,104.827,4.9351,18.879,1169.418
1,230.008,104.827,4.9074,18.882,1170.467
1,230.208,104.827,4.8822,18.885,1171.516
1,230.408,104.828,4.8573,18.888,1172.565
1,230.608,104.828,4.8327,18.891,1173.615
1,230.808,104.828,4.8083,18.893,1174.664
1,231.008,104.829,4.7821,18.895,1175.714
1,231.208,104.829,4.755,18.897,1176.764
1,231.408,104.829,4.7281,18.899,1177.813
1,231.608,104.83,4.7013,18.9,1178.863
1,231.808,104.83,4.6747,18.902,1179.913
1,232.008,104.83,4.6684,18.903,1180.963
1,232.208,104.83,4.664,18.905,1182.014
1,232.408,104.83,4.6599,18.906,1183.064
1,232.608,104.83,4.6559,18.907,1184.114
1,232.808,104.83,4.6525,18.908,1185.165
1,233.008,104.83,4.6515,18.909,1186.215
1,233.208,104.83,4.6506,18.91,1187.266
1,233.408,104.83,4.6498,18.911,1188.316
1,233.608,104.83,4.6492,18.911,1189.367
1,233.808,104.829,4.6522,18.912,1190.417
1,234.008,104.829,4.6608,18.913,1191.468
1,234.208,104.829,4.6694,18.913,1192.519
1,234.408,104.829,4.6782,18.914,1193.57
1,234.608,104.828,4.6871,18.914,1194.62
1,234.808,104.828,4.6922,18.914,1195.671
1,235.008,104.828,4.6952,18.914,1196.722
1,235.208,104.828,4.6983,18.915,1197.773
1,235.408,104.828,4.7014,18.915,1198.823
1,235.608,104.828,4.7045,18.915,1199.874
1,235.808,104.827,4.7032,18.915,1200.925
1,236.008,104.827,4.7013,18.915,1201.976
1,236.208,104.827,4.6994,18.915,1203.027
1,236.408,104.827,4.6974,18.915,1204.078
1,236.608,104.827,4.6942,18.916,1205.129
1,236.808,104.827,4.6812,18.916,1206.179
1,237.008,104.827,4.6682,18.916,1207.23
1,237.208,104.828,4.6552,18.916,1208.281
1,237.408,104.828,4.6421,18.916,1209.332
1,237.608,104.828,4.627,18.916,1210.383
1,237.808,104.828,4.6082,18.916,1211.434
1,238.008,104.828,4.5894,18.917,1212.485
1,238.208,104.828,4.5705,18.917,1213.536
1,238.408,104.829,4.5517,18.917,1214.587
1,238.608,104.829,4.5291,18.917,1215.638
1,238.808,104.829,4.5042,18.918,1216.689
1,239.008,104.83,4.4792,18.918,1217.74
1,239.208,104.83,4.4542,18.918,1218.791
1,239.408,104.83,4.4292,18.919,1219.842
1,239.608,104.831,4.4003,18.919,1220.893
1,239.808,104.831,4.3707,18.92,1221.944
1,240.008,104.832,4.341,18.92,1222.995
1,240.208,104.832,4.3113,18.92,1224.046
1,240.408,104.832,4.2817,18.921,1225.097
1,240.608,104.833,4.2531,18.921,1226.148
1,240.808,104.833,4.2245,18.922,1227.199
1,241.008,104.834,4.1959,18.922,1228.251
1,241.208,104.834,4.1673,18.923,1229.302
1,241.408,104.834,4.1414,18.923,1230.353
1,241.608,104.835,4.1212,18.924,1231.404
1,241.808,104.835,4.1009,18.925,1232.456
1,242.008,104.835,4.0807,18.925,1233.507
1,242.208,104.835,4.0604,18.926,1234.558
1,242.408,104.836,4.0425,18.926,1235.61
1,242.608,104.836,4.0262,18.927,1236.661
1,242.808,104.836,4.0099,18.927,1237.713
1,243.008,104.836,3.9936,18.927,1238.764
1,243.208,104.836,3.9773,18.928,1239.816
1,243.408,104.836,3.9719,18.928,1240.867
1,243.608,104.836,3.9688,18.929,1241.919
1,243.808,104.836,3.9657,18.929,1242.971
1,244.008,104.836,3.9627,18.929,1244.022
1,244.208,104.836,3.9599,18.93,1245.074
1,244.408,104.836,3.9603,18.93,1246.125
1,244.608,104.836,3.9607,18.93,1247.177
1,244.808,104.836,3.9611,18.93,1248.229
1,245.008,104.836,3.9615,18.931,1249.28
1,245.208,104.836,3.9629,18.931,1250.332
1,245.408,104.836,3.9664,18.931,1251.384
1,245.608,104.835,3.9698,18.931,1252.436
1,245.808,104.835,3.9733,18.931,1253.487
1,246.008,104.835,3.9768,18.931,1254.539
1,246.208,104.835,3.9801,18.931,1255.591
1,246.408,104.835,3.9831,18.931,1256.643
1,246.608,104.835,3.9862,18.932,1257.694
1,246.808,104.835,3.9893,18.932,1258.746
1,247.008,104.834,3.9924,18.932,1259.798
1,247.208,104.834,3.9975,18.932,1260.85
1,247.408,104.834,4.0032,18.932,1261.901
1,247.608,104.834,4.0088,18.932,1262.953
1,247.808,104.834,4.0145,18.932,1264.005
1,248.008,104.833,4.0197,18.932,1265.057
1,248.208,104.833,4.0165,18.932,1266.108
1,248.408,104.833,4.0133,18.932,1267.16
1,248.608,104.833,4.0101,18.932,1268.212
1,248.808,104.833,4.0068,18.932,1269.264
1,249.008,104.833,4.0068,18.932,1270.315
1,249.208,104.833,4.0145,18.932,1271.367
1,249.408,104.833,4.0221,18.931,1272.419
1,249.608,104.833,4.0298,18.931,1273.471
1,249.808,104.832,4.0374,18.931,1274.522
1,250.008,104.832,4.0433,18.931,1275.574
1,250.208,104.832,4.0476,18.931,1276.626
1,250.408,104.832,4.0519,18.931,1277.678
1,250.608,104.832,4.0561,18.931,1278.729
1,250.808,104.831,4.0604,18.931,1279.781
1,251.008,104.831,4.0652,18.931,1280.833
1,251.208,104.831,4.0702,18.931,1281.884
1,251.408,104.831,4.0751,18.931,1282.936
1,251.608,104.831,4.08,18.931,1283.988
1,251.808,104.831,4.0853,18.931,1285.04
1,252.008,104.83,4.0989,18.931,1286.091
1,252.208,104.83,4.1126,18.931,1287.143
1,252.408,104.83,4.1262,18.93,1288.195
1,252.608,104.829,4.14,18.93,1289.246
1,252.808,104.829,4.1534,18.93,1290.298
1,253.008,104.829,4.166,18.93,1291.35
1,253.208,104.828,4.1787,18.93,1292.401
1,253.408,104.828,4.1914,18.93,1293.453
1,253.608,104.828,4.2041,18.929,1294.505
1,253.808,104.827,4.2182,18.929,1295.556
1,254.008,104.827,4.2338,18.929,1296.608
1,254.208,104.827,4.2493,18.929,1297.66
1,254.408,104.826,4.2649,18.929,1298.711
1,254.608,104.826,4.2805,18.928,1299.763
1,254.808,104.825,4.2983,18.928,1300.814
1,255.008,104.825,4.3168,18.928,1301.866
1,255.208,104.825,4.3354,18.928,1302.918
1,255.408,104.824,4.3539,18.927,1303.969
1,255.608,104.824,4.3725,18.927,1305.021
1,255.808,104.823,4.3891,18.927,1306.072
1,256.008,104.823,4.4058,18.926,1307.124
1,256.208,104.823,4.4224,18.926,1308.175
1,256.408,104.822,4.4391,18.926,1309.226
1,256.608,104.822,4.4565,18.925,1310.278
1,256.808,104.821,4.476,18.925,1311.329
1,257.008,104.821,4.4955,18.925,1312.381
1,257.208,104.82,4.515,18.924,1313.432
1,257.408,104.82,4.5345,18.924,1314.483
1,257.608,104.82,4.5518,18.924,1315.535
1,257.808,104.819,4.5669,18.923,1316.586
1,258.008,104.819,4.5821,18.923,1317.637
1,258.208,104.819,4.5972,18.923,1318.689
1,258.408,104.818,4.6123,18.922,1319.74
1,258.608,104.818,4.6304,18.922,1320.791
1,258.808,104.817,4.6496,18.921,1321.842
1,259.008,104.817,4.6687,18.921,1322.894
1,259.208,104.816,4.6879,18.921,1323.945
1,259.408,104.816,4.7071,18.92,1324.996
1,259.608,104.816,4.7164,18.92,1326.047
1,259.808,104.815,4.7256,18.92,1327.098
1,260.008,104.815,4.7348,18.919,1328.149
1,260.208,104.815,4.744,18.919,1329.2
1,260.408,104.815,4.753,18.918,1330.251
1,260.608,104.814,4.7615,18.918,1331.302
1,260.808,104.814,4.77,18.918,1332.353
1,261.008,104.814,4.7784,18.918,1333.404
1,261.208,104.814,4.7868,18.917,1334.455
1,261.408,104.813,4.7936,18.917,1335.506
1,261.608,104.813,4.7987,18.917,1336.557
1,261.808,104.813,4.8037,18.916,1337.608
1,262.008,104.813,4.8087,18.916,1338.659
1,262.208,104.813,4.8137,18.916,1339.71
1,262.408,104.813,4.8112,18.916,1340.761
1,262.608,104.813,4.8058,18.916,1341.812
1,262.808,104.813,4.8003,18.915,1342.863
1,263.008,104.812,4.7948,18.915,1343.913
1,263.208,104.812,4.7893,18.915,1344.964
1,263.408,104.813,4.772,18.915,1346.015
1,263.608,104.813,4.7543,18.915,1347.066
1,263.808,104.813,4.7365,18.915,1348.117
1,264.008,104.813,4.7187,18.915,1349.168
1,264.208,104.813,4.7007,18.915,1350.218
1,264.408,104.814,4.6826,18.915,1351.269
1,264.608,104.814,4.6645,18.915,1352.32
1,264.808,104.814,4.6463,18.916,1353.371
1,265.008,104.814,4.628,18.916,1354.422
1,265.208,104.815,4.6061,18.916,1355.473
1,265.408,104.815,4.5796,18.916,1356.524
1,265.608,104.815,4.553,18.917,1357.575
1,265.808,104.816,4.5264,18.917,1358.625
1,266.008,104.816,4.4998,18.917,1359.676
1,266.208,104.817,4.4605,18.918,1360.727
1,266.408,104.817,4.4156,18.918,1361.778
1,266.608,104.818,4.3706,18.919,1362.829
1,266.808,104.819,4.3255,18.919,1363.88
1,267.008,104.819,4.2804,18.92,1364.931
1,267.208,104.82,4.235,18.92,1365.983
1,267.408,104.821,4.1896,18.921,1367.034
1,267.608,104.821,4.1441,18.922,1368.085
1,267.808,104.822,4.0986,18.922,1369.136
1,268.008,104.823,4.054,18.923,1370.187
1,268.208,104.823,4.0134,18.924,1371.239
1,268.408,104.824,3.9728,18.925,1372.29
1,268.608,104.825,3.9321,18.925,1373.341
1,268.808,104.825,3.8915,18.926,1374.393
1,269.008,104.826,3.8525,18.927,1375.444
1,269.208,104.826,3.8158,18.928,1376.496
1,269.408,104.827,3.7791,18.928,1377.547
1,269.608,104.828,3.7424,18.929,1378.599
1,269.808,104.828,3.7057,18.93,1379.65
1,270.008,104.829,3.6722,18.931,1380.702
1,270.208,104.829,3.6403,18.931,1381.754
1,270.408,104.83,3.6085,18.932,1382.805
1,270.608,104.83,3.5766,18.933,1383.857
1,270.808,104.83,3.5448,18.933,1384.909
1,271.008,104.831,3.5251,18.934,1385.961
1,271.208,104.831,3.5067,18.935,1387.013
1,271.408,104.831,3.4882,18.935,1388.065
1,271.608,104.831,3.4698,18.936,1389.117
1,271.808,104.832,3.4509,18.937,1390.169
1,272.008,104.832,3.4288,18.937,1391.221
1,272.208,104.832,3.4067,18.938,1392.273
1,272.408,104.833,3.3847,18.938,1393.325
1,272.608,104.833,3.3626,18.939,1394.377
1,272.808,104.833,3.3432,18.939,1395.429
1,273.008,104.833,3.3276,18.939,1396.481
1,273.208,104.834,3.312,18.94,1397.534
1,273.408,104.834,3.2964,18.94,1398.586
1,273.608,104.834,3.2808,18.941,1399.638
1,273.808,104.834,3.2588,18.941,1400.69
1,274.008,104.835,3.2333,18.942,1401.743
1,274.208,104.835,3.2079,18.942,1402.795
1,274.408,104.835,3.1825,18.942,1403.847
1,274.608,104.836,3.157,18.943,1404.9
1,274.808,104.836,3.1285,18.943,1405.952
1,275.008,104.837,3.0995,18.944,1407.004
1,275.208,104.837,3.0706,18.944,1408.057
1,275.408,104.837,3.0417,18.944,1409.109
1,275.608,104.838,3.012,18.945,1410.162
1,275.808,104.838,2.9782,18.945,1411.214
1,276.008,104.839,2.9444,18.946,1412.267
1,276.208,104.839,2.9105,18.946,1413.319
1,276.408,104.84,2.8767,18.946,1414.372
1,276.608,104.841,2.8399,18.947,1415.424
1,276.808,104.841,2.7986,18.947,1416.477
1,277.008,104.842,2.7572,18.948,1417.529
1,277.208,104.843,2.7159,18.948,1418.582
1,277.408,104.843,2.6746,18.949,1419.635
1,277.608,104.844,2.6322,18.949,1420.688
1,277.808,104.845,2.5893,18.95,1421.74
1,278.008,104.845,2.5464,18.95,1422.793
1,278.208,104.846,2.5035,18.951,1423.846
1,278.408,104.847,2.4605,18.951,1424.899
1,278.608,104.847,2.4256,18.952,1425.952
1,278.808,104.848,2.3915,18.952,1427.004
1,279.008,104.848,2.3574,18.953,1428.057
1,279.208,104.849,2.3234,18.953,1429.11
1,279.408,104.849,2.2904,18.954,1430.163
1,279.608,104.85,2.2634,18.954,1431.216
1,279.808,104.85,2.2364,18.955,1432.269
1,280.008,104.851,2.2094,18.955,1433.322
1,280.208,104.851,2.1824,18.956,1434.375
1,280.408,104.851,2.1583,18.956,1435.428
1,280.608,104.852,2.1383,18.956,1436.481
1,280.808,104.852,2.1184,18.957,1437.535
1,281.008,104.852,2.0985,18.957,1438.588
1,281.208,104.853,2.0786,18.957,1439.641
1,281.408,104.853,2.0657,18.958,1440.694
1,281.608,104.853,2.0565,18.958,1441.747
1,281.808,104.853,2.0473,18.958,1442.801
1,282.008,104.853,2.0381,18.959,1443.854
1,282.208,104.853,2.029,18.959,1444.907
1,282.408,104.853,2.0149,18.959,1445.96
1,282.608,104.854,2.0004,18.959,1447.014
1,282.808,104.854,1.9859,18.96,1448.067
1,283.008,104.854,1.9714,18.96,1449.12
1,283.208,104.854,1.9585,18.96,1450.173
1,283.408,104.854,1.954,18.96,1451.227
1,283.608,104.854,1.9494,18.96,1452.28
1,283.808,104.854,1.9449,18.96,1453.334
1,284.008,104.854,1.9404,18.961,1454.387
1,284.208,104.854,1.9334,18.961,1455.44
1,284.408,104.855,1.9228,18.961,1456.494
1,284.608,104.855,1.9123,18.961,1457.547
1,284.808,104.855,1.9018,18.961,1458.6
1,285.008,104.855,1.8913,18.961,1459.654
1,285.208,104.855,1.8811,18.961,1460.707
1,285.408,104.855,1.871,18.962,1461.761
1,285.608,104.855,1.861,18.962,1462.814
1,285.808,104.855,1.8509,18.962,1463.867
1,286.008,104.856,1.8409,18.962,1464.921
1,286.208,104.856,1.8355,18.962,1465.974
1,286.408,104.856,1.8305,18.962,1467.028
1,286.608,104.856,1.8254,18.962,1468.081
1,286.808,104.856,1.8204,18.962,1469.135
1,287.008,104.856,1.8154,18.962,1470.188
1,287.208,104.856,1.8101,18.962,1471.242
1,287.408,104.856,1.8048,18.963,1472.295
1,287.608,104.856,1.7995,18.963,1473.349
1,287.808,104.856,1.7942,18.963,1474.402
1,288.008,104.856,1.7933,18.963,1475.456
1,288.208,104.856,1.7983,18.963,1476.509
1,288.408,104.856,1.8032,18.963,1477.562
1,288.608,104.856,1.8082,18.963,1478.616
1,288.808,104.856,1.8132,18.963,1479.669
1,289.008,104.855,1.8234,18.963,1480.723
1,289.208,104.855,1.836,18.963,1481.776
1,289.408,104.855,1.8486,18.963,1482.83
1,289.608,104.855,1.8612,18.963,1483.883
1,289.808,104.854,1.8738,18.963,1484.937
1,290.008,104.854,1.8928,18.963,1485.99
1,290.208,104.853,1.9123,18.963,1487.044
1,290.408,104.853,1.9318,18.963,1488.097
1,290.608,104.853,1.9514,18.963,1489.151
1,290.808,104.852,1.9717,18.963,1490.204
1,291.008,104.852,1.9956,18.963,1491.258
1,291.208,104.851,2.0194,18.963,1492.311
1,291.408,104.851,2.0433,18.962,1493.365
1,291.608,104.85,2.0672,18.962,1494.418
1,291.808,104.85,2.0955,18.962,1495.472
1,292.008,104.849,2.1293,18.962,1496.525
1,292.208,104.849,2.163,18.962,1497.579
1,292.408,104.848,2.1968,18.962,1498.632
1,292.608,104.847,2.2306,18.961,1499.686
1,292.808,104.847,2.2644,18.961,1500.739
1,293.008,104.846,2.2982,18.961,1501.792
1,293.208,104.845,2.3321,18.961,1502.846
1,293.408,104.845,2.3659,18.96,1503.899
1,293.608,104.844,2.3997,18.96,1504.952
1,293.808,104.843,2.4371,18.96,1506.006
1,294.008,104.843,2.4747,18.959,1507.059
1,294.208,104.842,2.5123,18.959,1508.112
1,294.408,104.841,2.5499,18.959,1509.166
1,294.608,104.841,2.5879,18.958,1510.219
1,294.808,104.84,2.6272,18.958,1511.272
1,295.008,104.839,2.6666,18.958,1512.325
1,295.208,104.838,2.706,18.957,1513.379
1,295.408,104.838,2.7455,18.957,1514.432
1,295.608,104.837,2.7889,18.956,1515.485
1,295.808,104.836,2.837,18.956,1516.538
1,296.008,104.835,2.8851,18.956,1517.591
1,296.208,104.834,2.9333,18.955,1518.644
1,296.408,104.833,2.9815,18.955,1519.697
1,296.608,104.832,3.0282,18.954,1520.75
1,296.808,104.831,3.0743,18.954,1521.803
1,297.008,104.831,3.1205,18.953,1522.856
1,297.208,104.83,3.1667,18.952,1523.909
1,297.408,104.829,3.2129,18.952,1524.962
1,297.608,104.828,3.2702,18.951,1526.015
1,297.808,104.827,3.3279,18.951,1527.068
1,298.008,104.826,3.3857,18.95,1528.121
1,298.208,104.825,3.4435,18.949,1529.174
1,298.408,104.823,3.4999,18.948,1530.226
1,298.608,104.822,3.5509,18.948,1531.279
1,298.808,104.822,3.602,18.947,1532.332
1,299.008,104.821,3.6531,18.946,1533.384
1,299.208,104.82,3.7042,18.945,1534.437
1,299.408,104.819,3.7564,18.945,1535.489
1,299.608,104.818,3.81,18.944,1536.542
1,299.808,104.817,3.8636,18.943,1537.594
1,300.008,104.816,3.9173,18.942,1538.647
1,300.208,104.815,3.9709,18.941,1539.699
1,300.408,104.814,4.0172,18.94,1540.751
1,300.608,104.813,4.0606,18.939,1541.804
1,300.808,104.812,4.1039,18.939,1542.856
1,301.008,104.811,4.1472,18.938,1543.908
1,301.208,104.81,4.1905,18.937,1544.96
1,301.408,104.809,4.2273,18.936,1546.012
1,301.608,104.809,4.2638,18.935,1547.064
1,301.808,104.808,4.3002,18.934,1548.116
1,302.008,104.807,4.3367,18.933,1549.168
1,302.208,104.807,4.3685,18.932,1550.22
1,302.408,104.806,4.3826,18.932,1551.271
1,302.608,104.806,4.3967,18.931,1552.323
1,302.808,104.806,4.4107,18.93,1553.375
1,303.008,104.805,4.4247,18.929,1554.427
1,303.208,104.805,4.435,18.929,1555.478
1,303.408,104.805,4.4411,18.928,1556.53
1,303.608,104.805,4.4471,18.927,1557.581
1,303.808,104.804,4.4531,18.927,1558.633
1,304.008,104.804,4.459,18.926,1559.684
1,304.208,104.804,4.4592,18.926,1560.736
1,304.408,104.804,4.457,18.926,1561.787
1,304.608,104.804,4.4547,18.925,1562.839
1,304.808,104.804,4.4524,18.925,1563.89
1,305.008,104.804,4.45,18.925,1564.942
1,305.208,104.804,4.457,18.924,1565.993
1,305.408,104.803,4.4645,18.924,1567.044
1,305.608,104.803,4.472,18.924,1568.096
1,305.808,104.803,4.4796,18.924,1569.147
1,306.008,104.803,4.4858,18.924,1570.198
1,306.208,104.803,4.487,18.923,1571.25
1,306.408,104.802,4.488,18.923,1572.301
1,306.608,104.802,4.4891,18.923,1573.352
1,306.808,104.802,4.4902,18.923,1574.403
1,307.008,104.802,4.4987,18.923,1575.455
1,307.208,104.802,4.517,18.922,1576.506
1,307.408,104.801,4.5354,18.922,1577.557
1,307.608,104.801,4.5538,18.922,1578.608
1,307.808,104.8,4.5722,18.922,1579.66
1,308.008,104.8,4.5977,18.922,1580.711
1,308.208,104.799,4.6266,18.921,1581.762
1,308.408,104.798,4.6555,18.921,1582.813
1,308.608,104.798,4.6845,18.921,1583.864
1,308.808,104.797,4.7136,18.92,1584.916
1,309.008,104.797,4.7482,18.92,1585.967
1,309.208,104.796,4.7834,18.919,1587.018
1,309.408,104.795,4.8186,18.919,1588.069
1,309.608,104.794,4.8539,18.918,1589.12
1,309.808,104.794,4.8879,18.918,1590.171
1,310.008,104.793,4.9154,18.917,1591.222
1,310.208,104.793,4.943,18.917,1592.273
1,310.408,104.792,4.9705,18.916,1593.324
1,310.608,104.791,4.998,18.915,1594.375
1,310.808,104.791,5.0,18.915,1595.426
1,311.008,104.791,5.0,18.913,1596.476
1,311.208,104.791,5.0,18.91,1597.527
1,311.408,104.791,5.0,18.905,1598.578
1,311.608,104.791,5.0,18.9,1599.628
1,311.808,104.791,5.0,18.893,1600.678
1,312.008,104.79,5.0,18.886,1601.728
1,312.208,104.79,5.0,18.879,1602.777
1,312.408,104.79,5.0,18.872,1603.826
1,312.608,104.79,5.0,18.865,1604.874
1,312.808,104.79,5.0,18.857,1605.922
1,313.008,104.79,5.0,18.849,1606.97
1,313.208,104.79,5.0,18.841,1608.017
1,313.408,104.79,5.0,18.833,1609.064
1,313.608,104.79,5.0,18.825,1610.11
1,313.808,104.789,5.0,18.817,1611.156
1,314.008,104.789,5.0,18.811,1612.201
1,314.208,104.789,5.0,18.806,1613.246
1,314.408,104.789,5.0,18.803,1614.291
1,314.608,104.789,5.0,18.801,1615.336
1,314.808,104.789,5.0,18.801,1616.38
1,315.008,104.789,5.0,18.802,1617.425
1,315.208,104.789,5.0,18.804,1618.469
1,315.408,104.789,5.0,18.808,1619.514
1,315.608,104.788,5.0,18.813,1620.559
1,315.808,104.788,5.0,18.819,1621.604
1,316.008,104.788,4.9868,18.827,1622.649
1,316.208,104.789,4.9521,18.835,1623.695
1,316.408,104.789,4.9183,18.843,1624.742
1,316.608,104.79,4.8926,18.849,1625.789
1,316.808,104.79,4.8701,18.856,1626.836
1,317.008,104.79,4.8483,18.861,1627.883
1,317.208,104.791,4.8272,18.866,1628.931
1,317.408,104.791,4.8066,18.871,1629.979
1,317.608,104.791,4.798,18.875,1631.028
1,317.808,104.791,4.79,18.879,1632.076
1,318.008,104.791,4.7826,18.883,1633.125
1,318.208,104.791,4.7755,18.886,1634.174
1,318.408,104.791,4.7707,18.889,1635.223
1,318.608,104.791,4.7728,18.891,1636.273
1,318.808,104.791,4.7753,18.894,1637.322
1,319.008,104.79,4.778,18.896,1638.372
1,319.208,104.79,4.7811,18.898,1639.422
1,319.408,104.79,4.7851,18.899,1640.472
1,319.608,104.79,4.7903,18.901,1641.522
1,319.808,104.79,4.7956,18.902,1642.572
1,320.008,104.789,4.8012,18.903,1643.622
1,320.208,104.789,4.8069,18.904,1644.672
1,320.408,104.789,4.8144,18.905,1645.722
1,320.608,104.789,4.8228,18.906,1646.772
1,320.808,104.789,4.8314,18.907,1647.823
1,321.008,104.788,4.84,18.908,1648.873
1,321.208,104.788,4.8488,18.908,1649.924
1,321.408,104.788,4.8543,18.909,1650.974
1,321.608,104.788,4.8596,18.909,1652.025
1,321.808,104.787,4.865,18.909,1653.075
1,322.008,104.787,4.8705,18.91,1654.126
1,322.208,104.787,4.8751,18.91,1655.176
1,322.408,104.787,4.8749,18.91,1656.227
1,322.608,104.787,4.8748,18.91,1657.277
1,322.808,104.787,4.8747,18.911,1658.328
1,323.008,104.787,4.8746,18.911,1659.378
1,323.208,104.787,4.8678,18.911,1660.429
1,323.408,104.787,4.8511,18.911,1661.48
1,323.608,104.787,4.8344,18.911,1662.53
1,323.808,104.787,4.8177,18.911,1663.581
1,324.008,104.787,4.8009,18.912,1664.632
1,324.208,104.788,4.7768,18.912,1665.682
1,324.408,104.788,4.7488,18.912,1666.733
1,324.608,104.788,4.7207,18.913,1667.784
1,324.808,104.789,4.6925,18.913,1668.834
1,325.008,104.789,4.6644,18.913,1669.885
1,325.208,104.789,4.6354,18.914,1670.936
1,325.408,104.79,4.6063,18.914,1671.986
1,325.608,104.79,4.5772,18.915,1673.037
1,325.808,104.791,4.5481,18.915,1674.088
1,326.008,104.791,4.5189,18.916,1675.139
1,326.208,104.792,4.4898,18.916,1676.19
1,326.408,104.792,4.4606,18.917,1677.241
1,326.608,104.792,4.4314,18.917,1678.292
1,326.808,104.793,4.4021,18.918,1679.342
1,327.008,104.793,4.3722,18.918,1680.393
1,327.208,104.794,4.3409,18.919,1681.444
1,327.408,104.794,4.3096,18.919,1682.495
1,327.608,104.794,4.2783,18.92,1683.547
1,327.808,104.795,4.247,18.921,1684.598
1,328.008,104.795,4.2173,18.921,1685.649
1,328.208,104.796,4.1885,18.922,1686.7
1,328.408,104.796,4.1598,18.922,1687.751
1,328.608,104.797,4.131,18.923,1688.802
1,328.808,104.797,4.1022,18.924,1689.854
1,329.008,104.798,4.063,18.924,1690.905
1,329.208,104.798,4.022,18.925,1691.956
1,329.408,104.799,3.9811,18.925,1693.008
1,329.608,104.799,3.9401,18.926,1694.059
1,329.808,104.8,3.8975,18.927,1695.111
1,330.008,104.801,3.8417,18.927,1696.162
1,330.208,104.802,3.7859,18.928,1697.214
1,330.408,104.803,3.73,18.929,1698.265
1,330.608,104.804,3.6741,18.93,1699.317
1,330.808,104.805,3.6162,18.931,1700.368
1,331.008,104.806,3.5548,18.931,1701.42
1,331.208,104.807,3.4932,18.932,1702.472
1,331.408,104.808,3.4317,18.933,1703.524
1,331.608,104.808,3.3701,18.934,1704.576
1,331.808,104.81,3.3046,18.935,1705.627
1,332.008,104.811,3.2365,18.936,1706.679
1,332.208,104.812,3.1684,18.937,1707.731
1,332.408,104.813,3.1003,18.938,1708.783
1,332.608,104.814,3.0321,18.939,1709.835
1,332.808,104.815,2.9616,18.94,1710.888
1,333.008,104.816,2.8908,18.941,1711.94
1,333.208,104.817,2.8199,18.942,1712.992
1,333.408,104.819,2.7489,18.943,1714.044
1,333.608,104.82,2.6787,18.944,1715.097
1,333.808,104.821,2.6148,18.945,1716.149
1,334.008,104.822,2.551,18.946,1717.202
1,334.208,104.823,2.4872,18.947,1718.254
1,334.408,104.824,2.4234,18.948,1719.307
1,334.608,104.825,2.3594,18.949,1720.359
1,334.808,104.826,2.2953,18.949,1721.412
1,335.008,104.827,2.2311,18.95,1722.465
1,335.208,104.828,2.167,18.951,1723.518
1,335.408,104.829,2.1029,18.952,1724.571
1,335.608,104.83,2.041,18.953,1725.623
1,335.808,104.831,1.9807,18.954,1726.676
1,336.008,104.832,1.9204,18.954,1727.729
1,336.208,104.833,1.8601,18.955,1728.782
1,336.408,104.834,1.7999,18.956,1729.835
1,336.608,104.835,1.7417,18.957,1730.889
1,336.808,104.836,1.684,18.957,1731.942
1,337.008,104.837,1.6262,18.958,1732.995
1,337.208,104.838,1.5685,18.959,1734.048
1,337.408,104.839,1.5108,18.959,1735.101
1,337.608,104.84,1.4528,18.96,1736.155
1,337.808,104.841,1.3948,18.961,1737.208
1,338.008,104.842,1.3368,18.961,1738.261
1,338.208,104.843,1.2788,18.962,1739.315
1,338.408,104.844,1.2263,18.962,1740.368
1,338.608,104.845,1.1838,18.963,1741.422
1,338.808,104.845,1.1414,18.963,1742.475
1,339.008,104.846,1.099,18.964,1743.529
1,339.208,104.847,1.0567,18.964,1744.582
1,339.408,104.848,1.0121,18.965,1745.636
1,339.608,104.848,0.9659,18.965,1746.69
1,339.808,104.849,0.9198,18.966,1747.743
1,340.008,104.85,0.8737,18.966,1748.797
1,340.208,104.851,0.8277,18.966,1749.85
1,340.408,104.852,0.7721,18.967,1750.904
1,340.608,104.853,0.7151,18.967,1751.958
1,340.808,104.854,0.658,18.967,1753.012
1,341.008,104.855,0.601,18.968,1754.065
1,341.208,104.856,0.5367,18.968,1755.119
1,341.408,104.858,0.416,18.968,1756.173
1,341.608,104.86,0.2954,18.968,1757.227
1,341.808,104.862,0.1747,18.969,1758.28
1,342.008,104.864,0.054,18.969,1759.334
1,342.208,104.865,0.0,18.969,1760.388
1,342.408,104.865,0.0,18.972,1761.442
1,342.608,104.865,0.0,18.978,1762.496
1,342.808,104.865,0.0,18.986,1763.55
1,343.008,104.865,0.0,18.998,1764.605
1,343.208,104.865,0.0,19.012,1765.66
1,343.408,104.865,0.0,19.027,1766.717
1,343.608,104.865,0.0,19.042,1767.774
1,343.808,104.865,0.0,19.056,1768.832
1,344.008,104.865,0.0,19.07,1769.89
1,344.208,104.865,0.0,19.084,1770.95
1,344.408,104.865,0.0,19.094,1772.01
1,344.608,104.865,0.0,19.103,1773.071
1,344.808,104.865,0.0,19.108,1774.132
1,345.008,104.865,0.0,19.111,1775.194
1,345.208,104.865,0.0,19.11,1776.255
1,345.408,104.865,0.0,19.106,1777.317
1,345.608,104.865,0.015,19.097,1778.378
1,345.808,104.863,0.1055,19.084,1779.439
1,346.008,104.861,0.2067,19.073,1780.5
1,346.208,104.859,0.3203,19.063,1781.559
1,346.408,104.857,0.4321,19.054,1782.618
1,346.608,104.856,0.5424,19.045,1783.677
1,346.808,104.854,0.6513,19.038,1784.735
1,347.008,104.851,0.7972,19.031,1785.792
1,347.208,104.848,0.9547,19.025,1786.85
1,347.408,104.846,1.1113,19.019,1787.907
1,347.608,104.843,1.267,19.014,1788.963
1,347.808,104.84,1.4211,19.01,1790.02
1,348.008,104.838,1.5263,19.005,1791.076
1,348.208,104.836,1.6309,19.001,1792.132
1,348.408,104.835,1.7349,18.998,1793.187
1,348.608,104.833,1.8385,18.994,1794.243
1,348.808,104.831,1.934,18.991,1795.298
1,349.008,104.83,2.0097,18.988,1796.353
1,349.208,104.828,2.0851,18.986,1797.408
1,349.408,104.827,2.1601,18.983,1798.463
1,349.608,104.826,2.2349,18.981,1799.517
1,349.808,104.824,2.3087,18.979,1800.572
1,350.008,104.823,2.3818,18.977,1801.626
1,350.208,104.822,2.4546,18.975,1802.68
1,350.408,104.82,2.5273,18.973,1803.734
1,350.608,104.819,2.5998,18.971,1804.789
1,350.808,104.818,2.6718,18.969,1805.842
1,351.008,104.816,2.7436,18.968,1806.896
1,351.208,104.815,2.8152,18.966,1807.95
1,351.408,104.814,2.8868,18.965,1809.004
1,351.608,104.812,2.958,18.963,1810.057
1,351.808,104.811,3.0245,18.962,1811.111
1,352.008,104.81,3.091,18.961,1812.164
1,352.208,104.809,3.1574,18.959,1813.218
1,352.408,104.808,3.2238,18.958,1814.271
1,352.608,104.806,3.2877,18.957,1815.324
1,352.808,104.805,3.3464,18.956,1816.377
1,353.008,104.804,3.4051,18.954,1817.431
1,353.208,104.803,3.4637,18.953,1818.484
1,353.408,104.802,3.5223,18.952,1819.537
1,353.608,104.801,3.5801,18.951,1820.589
1,353.808,104.8,3.6372,18.95,1821.642
1,354.008,104.799,3.6943,18.949,1822.695
1,354.208,104.798,3.7514,18.948,1823.748
1,354.408,104.797,3.8085,18.946,1824.8
1,354.608,104.796,3.8591,18.945,1825.853
1,354.808,104.795,3.9082,18.944,1826.905
1,355.008,104.794,3.9573,18.943,1827.958
1,355.208,104.793,4.0064,18.942,1829.01
1,355.408,104.792,4.055,18.941,1830.063
1,355.608,104.791,4.0955,18.94,1831.115
1,355.808,104.79,4.1361,18.939,1832.167
1,356.008,104.789,4.1765,18.938,1833.219
1,356.208,104.789,4.217,18.937,1834.271
1,356.408,104.788,4.2539,18.936,1835.324
1,356.608,104.787,4.2828,18.935,1836.376
1,356.808,104.787,4.3116,18.934,1837.427
1,357.008,104.786,4.3404,18.933,1838.479
1,357.208,104.786,4.3692,18.932,1839.531
1,357.408,104.785,4.3929,18.932,1840.583
1,357.608,104.785,4.4125,18.931,1841.635
1,357.808,104.784,4.432,18.93,1842.686
1,358.008,104.784,4.4516,18.929,1843.738
1,358.208,104.783,4.471,18.929,1844.79
1,358.408,104.783,4.4882,18.928,1845.841
1,358.608,104.782,4.5048,18.927,1846.893
1,358.808,104.782,4.5214,18.927,1847.944
1,359.008,104.782,4.5379,18.926,1848.996
1,359.208,104.781,4.5541,18.925,1850.047
1,359.408,104.781,4.5632,18.925,1851.099
1,359.608,104.781,4.5723,18.924,1852.15
1,359.808,104.781,4.5814,18.924,1853.201
1,360.008,104.78,4.5904,18.923,1854.253
1,360.208,104.78,4.5978,18.923,1855.304
1,360.408,104.78,4.6012,18.923,1856.355
1,360.608,104.78,4.6046,18.922,1857.407
1,360.808,104.78,4.608,18.922,1858.458
1,361.008,104.779,4.6113,18.921,1859.509
1,361.208,104.779,4.6156,18.921,1860.56
1,361.408,104.779,4.6207,18.921,1861.611
1,361.608,104.779,4.6258,18.921,1862.663
1,361.808,104.779,4.6308,18.92,1863.714
1,362.008,104.778,4.6359,18.92,1864.765
1,362.208,104.778,4.6407,18.92,1865.816
1,362.408,104.778,4.6454,18.92,1866.867
1,362.608,104.778,4.6502,18.92,1867.918
1,362.808,104.778,4.6549,18.919,1868.969
1,363.008,104.777,4.6596,18.919,1870.02
1,363.208,104.777,4.6625,18.919,1871.071
1,363.408,104.777,4.6654,18.919,1872.122
1,363.608,104.777,4.6683,18.919,1873.174
1,363.808,104.777,4.6711,18.919,1874.225
1,364.008,104.777,4.6763,18.918,1875.276
1,364.208,104.776,4.688,18.918,1876.327
1,364.408,104.776,4.6997,18.918,1877.378
1,364.608,104.776,4.7115,18.918,1878.429
1,364.808,104.775,4.7232,18.918,1879.48
1,365.008,104.775,4.7311,18.918,1880.531
1,365.208,104.775,4.7353,18.917,1881.582
1,365.408,104.775,4.7395,18.917,1882.633
1,365.608,104.775,4.7437,18.917,1883.684
1,365.808,104.774,4.7479,18.917,1884.734
1,366.008,104.774,4.7525,18.917,1885.785
1,366.208,104.774,4.7574,18.917,1886.836
1,366.408,104.774,4.7622,18.916,1887.887
1,366.608,104.774,4.767,18.916,1888.938
1,366.808,104.773,4.7718,18.916,1889.989
1,367.008,104.773,4.7759,18.916,1891.04
1,367.208,104.773,4.78,18.916,1892.091
1,367.408,104.773,4.784,18.916,1893.142
1,367.608,104.773,4.7881,18.916,1894.193
1,367.808,104.773,4.7897,18.916,1895.244
1,368.008,104.773,4.7835,18.915,1896.294
1,368.208,104.773,4.7773,18.915,1897.345
1,368.408,104.773,4.771,18.915,1898.396
1,368.608,104.773,4.7647,18.915,1899.447
1,368.808,104.773,4.7597,18.915,1900.498
1,369.008,104.773,4.7561,18.915,1901.549
1,369.208,104.772,4.7525,18.915,1902.599
1,369.408,104.772,4.7489,18.915,1903.65
1,369.608,104.772,4.7453,18.915,1904.701
1,369.808,104.772,4.742,18.915,1905.752
1,370.008,104.772,4.7389,18.915,1906.803
1,370.208,104.772,4.7357,18.915,1907.854
1,370.408,104.772,4.7326,18.915,1908.905
1,370.608,104.772,4.7294,18.915,1909.955
1,370.808,104.772,4.7371,18.915,1911.006
1,371.008,104.772,4.7454,18.915,1912.057
1,371.208,104.771,4.7537,18.915,1913.108
1,371.408,104.771,4.762,18.915,1914.159
1,371.608,104.771,4.7714,18.915,1915.21
1,371.808,104.771,4.785,18.915,1916.261
1,372.008,104.77,4.7986,18.915,1917.311
1,372.208,104.77,4.8123,18.915,1918.362
1,372.408,104.769,4.826,18.915,1919.413
1,372.608,104.769,4.8366,18.915,1920.464
1,372.808,104.769,4.8433,18.915,1921.515
1,373.008,104.769,4.85,18.915,1922.566
1,373.208,104.768,4.8568,18.914,1923.616
1,373.408,104.768,4.8635,18.914,1924.667
1,373.608,104.768,4.8694,18.914,1925.718
1,373.808,104.768,4.8749,18.914,1926.769
1,374.008,104.768,4.8804,18.914,1927.819
1,374.208,104.767,4.8859,18.914,1928.87
1,374.408,104.767,4.8913,18.913,1929.921
1,374.608,104.767,4.8908,18.913,1930.972
1,374.808,104.767,4.8898,18.913,1932.022
1,375.008,104.767,4.8888,18.913,1933.073
1,375.208,104.767,4.8878,18.913,1934.124
1,375.408,104.767,4.8842,18.913,1935.175
1,375.608,104.767,4.8682,18.913,1936.225
1,375.808,104.767,4.8521,18.913,1937.276
1,376.008,104.767,4.8359,18.913,1938.327
1,376.208,104.767,4.8197,18.913,1939.377
1,376.408,104.768,4.7995,18.913,1940.428
1,376.608,104.768,4.7734,18.913,1941.479
1,376.808,104.768,4.7472,18.913,1942.53
1,377.008,104.769,4.721,18.913,1943.58
1,377.208,104.769,4.6947,18.914,1944.631
1,377.408,104.77,4.6659,18.914,1945.682
1,377.608,104.77,4.6357,18.914,1946.733
1,377.808,104.77,4.6054,18.915,1947.783
1,378.008,104.771,4.5751,18.915,1948.834
1,378.208,104.771,4.5447,18.915,1949.885
1,378.408,104.772,4.5011,18.916,1950.936
1,378.608,104.773,4.4559,18.916,1951.987
1,378.808,104.773,4.4105,18.917,1953.038
1,379.008,104.774,4.3651,18.918,1954.089
1,379.208,104.775,4.3195,18.918,1955.14
1,379.408,104.775,4.2732,18.919,1956.191
1,379.608,104.776,4.2267,18.92,1957.242
1,379.808,104.777,4.1803,18.92,1958.293
1,380.008,104.777,4.1338,18.921,1959.344
1,380.208,104.778,4.0843,18.922,1960.395
1,380.408,104.779,4.0299,18.923,1961.446
1,380.608,104.78,3.9754,18.924,1962.498
1,380.808,104.781,3.9209,18.924,1963.549
1,381.008,104.782,3.8664,18.925,1964.6
1,381.208,104.783,3.8102,18.926,1965.652
1,381.408,104.783,3.753,18.927,1966.703
1,381.608,104.784,3.6958,18.928,1967.755
1,381.808,104.785,3.6385,18.929,1968.806
1,382.008,104.786,3.5813,18.93,1969.858
1,382.208,104.787,3.5232,18.931,1970.909
1,382.408,104.788,3.4649,18.932,1971.961
1,382.608,104.789,3.4066,18.933,1973.013
1,382.808,104.79,3.3483,18.934,1974.065
1,383.008,104.791,3.2909,18.935,1975.117
1,383.208,104.792,3.2408,18.936,1976.169
1,383.408,104.792,3.1906,18.937,1977.221
1,383.608,104.793,3.1405,18.938,1978.273
1,383.808,104.794,3.0903,18.939,1979.325
1,384.008,104.795,3.0407,18.939,1980.377
1,384.208,104.796,2.9918,18.94,1981.429
1,384.408,104.796,2.943,18.941,1982.481
1,384.608,104.797,2.8942,18.942,1983.534
1,384.808,104.798,2.8454,18.943,1984.586
1,385.008,104.799,2.8015,18.944,1985.638
1,385.208,104.799,2.7608,18.945,1986.691
1,385.408,104.8,2.7202,18.945,1987.743
1,385.608,104.801,2.6795,18.946,1988.796
1,385.808,104.801,2.6389,18.947,1989.848
1,386.008,104.802,2.5946,18.948,1990.901
1,386.208,104.803,2.5498,18.948,1991.954
1,386.408,104.803,2.5049,18.949,1993.006
1,386.608,104.804,2.46,18.95,1994.059
1,386.808,104.805,2.4158,18.95,1995.112
1,387.008,104.805,2.377,18.951,1996.164
1,387.208,104.806,2.3383,18.952,1997.217
1,387.408,104.807,2.2996,18.952,1998.27
1,387.608,104.807,2.2609,18.953,1999.323
1,387.808,104.808,2.2182,18.953,2000.376
1,388.008,104.809,2.1684,18.954,2001.429
1,388.208,104.81,2.1186,18.955,2002.482
1,388.408,104.81,2.0689,18.955,2003.535
1,388.608,104.811,2.0191,18.956,2004.588
1,388.808,104.812,1.9726,18.956,2005.641
1,389.008,104.813,1.9282,18.957,2006.694
1,389.208,104.813,1.8838,18.957,2007.747
1,389.408,104.814,1.8394,18.958,2008.801
1,389.608,104.815,1.7951,18.958,2009.854
1,389.808,104.816,1.7538,18.959,2010.907
1,390.008,104.816,1.713,18.959,2011.96
1,390.208,104.817,1.6723,18.96,2013.014
1,390.408,104.818,1.6315,18.96,2014.067
1,390.608,104.818,1.591,18.961,2015.12
1,390.808,104.819,1.5518,18.961,2016.174
1,391.008,104.82,1.5126,18.962,2017.227
1,391.208,104.82,1.4734,18.962,2018.281
1,391.408,104.821,1.4343,18.962,2019.334
1,391.608,104.821,1.3978,18.963,2020.388
1,391.808,104.822,1.3659,18.963,2021.441
1,392.008,104.823,1.334,18.964,2022.495
1,392.208,104.823,1.3021,18.964,2023.548
1,392.408,104.824,1.2702,18.964,2024.602
1,392.608,104.824,1.2333,18.965,2025.655
1,392.808,104.825,1.1932,18.965,2026.709
1,393.008,104.826,1.1532,18.965,2027.762
1,393.208,104.826,1.1132,18.965,2028.816
1,393.408,104.827,1.0732,18.966,2029.87
1,393.608,104.827,1.0418,18.966,2030.923
1,393.808,104.828,1.0116,18.966,2031.977
1,394.008,104.828,0.9815,18.967,2033.031
1,394.208,104.829,0.9513,18.967,2034.084
1,394.408,104.829,0.9215,18.967,2035.138
1,394.608,104.83,0.8933,18.967,2036.192
1,394.808,104.83,0.8651,18.967,2037.245
1,395.008,104.831,0.8369,18.968,2038.299
1,395.208,104.831,0.8087,18.968,2039.353
1,395.408,104.832,0.7815,18.968,2040.407
1,395.608,104.832,0.7556,18.968,2041.461
1,395.808,104.833,0.7298,18.968,2042.514
1,396.008,104.833,0.704,18.969,2043.568
1,396.208,104.833,0.6783,18.969,2044.622
1,396.408,104.834,0.6215,18.969,2045.676
1,396.608,104.836,0.5473,18.969,2046.73
1,396.808,104.837,0.4731,18.969,2047.783
1,397.008,104.838,0.3989,18.969,2048.837
1,397.208,104.84,0.3247,18.97,2049.891
1,397.408,104.841,0.2393,18.97,2050.945
1,397.608,104.843,0.1526,18.97,2051.999
1,397.808,104.844,0.066,18.97,2053.053
1,398.008,104.845,0.0,18.97,2054.107
1,398.208,104.845,0.0,18.972,2055.161
1,398.408,104.845,0.0,18.978,2056.215
1,398.608,104.845,0.0,18.986,2057.269
1,398.808,104.845,0.0,18.997,2058.324
1,399.008,104.845,0.0,19.01,2059.379
1,399.208,104.845,0.0,19.026,2060.435
1,399.408,104.845,0.0,19.043,2061.492
1,399.608,104.845,0.0,19.06,2062.55
1,399.808,104.845,0.0,19.079,2063.609
1,400.008,104.845,0.0,19.098,2064.669
1,400.208,104.845,0.0,19.118,2065.73
1,400.408,104.845,0.0,19.139,2066.792
1,400.608,104.845,0.0,19.159,2067.855
1,400.808,104.845,0.0,19.18,2068.92
1,401.008,104.845,0.0,19.201,2069.985
1,401.208,104.845,0.0,19.222,2071.052
1,401.408,104.845,0.0,19.242,2072.12
1,401.608,104.845,0.0,19.262,2073.189
1,401.808,104.845,0.0,19.281,2074.259
1,402.008,104.845,0.0,19.3,2075.33
1,402.208,104.845,0.0,19.318,2076.402
1,402.408,104.845,0.0,19.334,2077.476
1,402.608,104.845,0.0,19.349,2078.55
1,402.808,104.845,0.0,19.362,2079.625
1,403.008,104.845,0.0,19.374,2080.7
1,403.208,104.845,0.0,19.383,2081.777
1,403.408,104.845,0.0,19.39,2082.853
1,403.608,104.845,0.0,19.395,2083.931
1,403.808,104.845,0.0,19.397,2085.008
1,404.008,104.845,0.0,19.397,2086.086
1,404.208,104.845,0.0,19.393,2087.163
1,404.408,104.845,0.0,19.385,2088.241
1,404.608,104.845,0.0,19.373,2089.318
1,404.808,104.845,0.0,19.356,2090.394
1,405.008,104.845,0.0,19.336,2091.469
1,405.208,104.845,0.0,19.31,2092.544
1,405.408,104.843,0.1046,19.278,2093.616
1,405.608,104.841,0.2432,19.247,2094.687
1,405.808,104.838,0.3985,19.22,2095.757
1,406.008,104.835,0.558,19.195,2096.824
1,406.208,104.833,0.7132,19.172,2097.891
1,406.408,104.83,0.8644,19.152,2098.956
1,406.608,104.827,1.0129,19.134,2100.02
1,406.808,104.824,1.1951,19.117,2101.083
1,407.008,104.821,1.3744,19.103,2102.145
1,407.208,104.818,1.5513,19.089,2103.206
1,407.408,104.815,1.726,19.077,2104.267
1,407.608,104.812,1.8901,19.065,2105.327
1,407.808,104.81,2.033,19.055,2106.386
1,408.008,104.807,2.1744,19.046,2107.444
1,408.208,104.805,2.3145,19.037,2108.502
1,408.408,104.802,2.4533,19.029,2109.56
1,408.608,104.8,2.5915,19.022,2110.617
1,408.808,104.797,2.7291,19.015,2111.674
1,409.008,104.795,2.8659,19.009,2112.73
1,409.208,104.792,3.0019,19.003,2113.787
1,409.408,104.79,3.1372,18.998,2114.842
1,409.608,104.787,3.2797,18.993,2115.898
1,409.808,104.785,3.4231,18.988,2116.953
1,410.008,104.782,3.5661,18.983,2118.008
1,410.208,104.78,3.7087,18.979,2119.062
1,410.408,104.777,3.8514,18.975,2120.117
1,410.608,104.774,3.9974,18.971,2121.171
1,410.808,104.772,4.1433,18.967,2122.225
1,411.008,104.769,4.2889,18.963,2123.279
1,411.208,104.767,4.4343,18.959,2124.332
1,411.408,104.764,4.576,18.956,2125.385
1,411.608,104.762,4.7112,18.952,2126.438
1,411.808,104.759,4.8464,18.949,2127.491
1,412.008,104.757,4.9814,18.945,2128.544
1,412.208,104.756,5.0,18.941,2129.597
1,412.408,104.756,5.0,18.931,2130.649
1,412.608,104.756,5.0,18.913,2131.701
1,412.808,104.756,5.0,18.886,2132.751
1,413.008,104.756,5.0,18.852,2133.8
1,413.208,104.756,5.0,18.811,2134.848
1,413.408,104.755,5.0,18.762,2135.893
1,413.608,104.755,5.0,18.706,2136.935
1,413.808,104.755,5.0,18.645,2137.974
1,414.008,104.755,5.0,18.578,2139.01
1,414.208,104.755,5.0,18.506,2140.042
1,414.408,104.755,5.0,18.428,2141.071
1,414.608,104.755,5.0,18.345,2142.094
1,414.808,104.755,5.0,18.258,2143.113
1,415.008,104.755,5.0,18.167,2144.128
1,415.208,104.754,5.0,18.071,2145.137
1,415.408,104.754,5.0,17.972,2146.141
1,415.608,104.754,5.0,17.869,2147.139
1,415.808,104.754,5.0,17.764,2148.132
1,416.008,104.754,5.0,17.657,2149.119
1,416.208,104.754,5.0,17.547,2150.1
1,416.408,104.754,5.0,17.435,2151.075
1,416.608,104.754,5.0,17.321,2152.043
1,416.808,104.754,5.0,17.205,2153.006
1,417.008,104.753,5.0,17.088,2153.962
1,417.208,104.753,5.0,16.97,2154.911
1,417.408,104.753,5.0,16.851,2155.854
1,417.608,104.753,5.0,16.731,2156.79
1,417.808,104.753,5.0,16.611,2157.719
1,418.008,104.753,5.0,16.49,2158.642
1,418.208,104.753,5.0,16.369,2159.558
1,418.408,104.753,5.0,16.249,2160.468
1,418.608,104.753,5.0,16.128,2161.37
1,418.808,104.752,5.0,16.008,2162.266
1,419.008,104.752,5.0,15.889,2163.156
1,419.208,104.752,5.0,15.771,2164.038
1,419.408,104.752,5.0,15.654,2164.915
1,419.608,104.752,5.0,15.538,2165.784
1,419.808,104.752,5.0,15.423,2166.648
1,420.008,104.752,5.0,15.31,2167.504
1,420.208,104.752,5.0,15.198,2168.355
1,420.408,104.751,5.0,15.088,2169.199
1,420.608,104.751,5.0,14.98,2170.038
1,420.808,104.751,5.0,14.873,2170.87
1,421.008,104.751,5.0,14.769,2171.696
1,421.208,104.751,5.0,14.667,2172.517
1,421.408,104.751,5.0,14.567,2173.331
1,421.608,104.751,5.0,14.469,2174.141
1,421.808,104.751,5.0,14.374,2174.944
1,422.008,104.751,5.0,14.281,2175.743
1,422.208,104.75,5.0,14.191,2176.536
1,422.408,104.75,5.0,14.103,2177.325
1,422.608,104.75,5.0,14.018,2178.108
1,422.808,104.75,5.0,13.936,2178.887
1,423.008,104.75,5.0,13.857,2179.661
1,423.208,104.75,5.0,13.78,2180.431
1,423.408,104.75,5.0,13.707,2181.197
1,423.608,104.75,5.0,13.637,2181.958
1,423.808,104.75,5.0,13.57,2182.716
1,424.008,104.749,5.0,13.506,2183.47
1,424.208,104.749,5.0,13.446,2184.22
1,424.408,104.749,5.0,13.389,2184.967
1,424.608,104.749,5.0,13.335,2185.711
1,424.808,104.749,5.0,13.285,2186.452
1,425.008,104.749,5.0,13.238,2187.19
1,425.208,104.749,5.0,13.193,2187.925
1,425.408,104.749,5.0,13.152,2188.658
1,425.608,104.749,5.0,13.114,2189.389
1,425.808,104.748,5.0,13.079,2190.117
1,426.008,104.748,5.0,13.047,2190.844
1,426.208,104.748,5.0,13.019,2191.569
1,426.408,104.748,5.0,12.995,2192.292
1,426.608,104.748,5.0,12.975,2193.014
1,426.808,104.748,5.0,12.959,2193.735
1,427.008,104.748,5.0,12.947,2194.455
1,427.208,104.748,5.0,12.938,2195.174
1,427.408,104.747,5.0,12.933,2195.893
1,427.608,104.747,5.0,12.933,2196.611
1,427.808,104.747,5.0,12.937,2197.33
1,428.008,104.747,5.0,12.946,2198.049
1,428.208,104.747,5.0,12.959,2198.768
1,428.408,104.747,5.0,12.976,2199.488
1,428.608,104.747,5.0,12.997,2200.209
1,428.808,104.747,5.0,13.022,2200.931
1,429.008,104.747,5.0,13.05,2201.654
1,429.208,104.746,5.0,13.082,2202.379
1,429.408,104.746,5.0,13.116,2203.106
1,429.608,104.746,5.0,13.154,2203.835
1,429.808,104.746,5.0,13.195,2204.565
1,430.008,104.746,5.0,13.238,2205.298
1,430.208,104.746,5.0,13.285,2206.034
1,430.408,104.746,5.0,13.334,2206.772
1,430.608,104.746,5.0,13.386,2207.513
1,430.808,104.746,5.0,13.44,2208.256
1,431.008,104.745,5.0,13.497,2209.003
1,431.208,104.745,5.0,13.556,2209.753
1,431.408,104.745,5.0,13.618,2210.506
1,431.608,104.745,5.0,13.681,2211.262
1,431.808,104.745,5.0,13.747,2212.023
1,432.008,104.745,5.0,13.814,2212.786
1,432.208,104.745,5.0,13.883,2213.554
1,432.408,104.745,5.0,13.954,2214.325
1,432.608,104.745,5.0,14.026,2215.1
1,432.808,104.744,5.0,14.1,2215.879
1,433.008,104.744,5.0,14.176,2216.663
1,433.208,104.744,5.0,14.254,2217.45
1,433.408,104.744,5.0,14.333,2218.242
1,433.608,104.744,5.0,14.414,2219.038
1,433.808,104.744,5.0,14.496,2219.839
1,434.008,104.744,5.0,14.58,2220.645
1,434.208,104.744,5.0,14.666,2221.455
1,434.408,104.744,5.0,14.752,2222.269
1,434.608,104.743,5.0,14.84,2223.089
1,434.808,104.743,5.0,14.929,2223.913
1,435.008,104.743,5.0,15.019,2224.743
1,435.208,104.743,5.0,15.111,2225.577
1,435.408,104.743,5.0,15.204,2226.417
1,435.608,104.743,5.0,15.297,2227.261
1,435.808,104.743,5.0,15.392,2228.111
1,436.008,104.743,5.0,15.487,2228.966
1,436.208,104.742,5.0,15.584,2229.827
1,436.408,104.742,5.0,15.682,2230.692
1,436.608,104.742,5.0,15.781,2231.564
1,436.808,104.742,5.0,15.88,2232.44
1,437.008,104.742,5.0,15.981,2233.323
1,437.208,104.742,5.0,16.082,2234.21
1,437.408,104.742,5.0,16.185,2235.104
1,437.608,104.742,5.0,16.288,2236.003
1,437.808,104.742,5.0,16.391,2236.908
1,438.008,104.741,5.0,16.495,2237.819
1,438.208,104.741,5.0,16.599,2238.735
1,438.408,104.741,5.0,16.703,2239.657
1,438.608,104.741,5.0,16.807,2240.585
1,438.808,104.741,5.0,16.913,2241.519
1,439.008,104.741,5.0,17.018,2242.458
1,439.208,104.741,5.0,17.125,2243.404
1,439.408,104.741,5.0,17.232,2244.355
1,439.608,104.741,5.0,17.341,2245.313
1,439.808,104.74,5.0,17.45,2246.276
1,440.008,104.74,5.0,17.559,2247.245
1,440.208,104.74,5.0,17.669,2248.221
1,440.408,104.74,5.0,17.78,2249.202
1,440.608,104.743,4.8439,17.891,2250.19
1,440.808,104.745,4.6798,17.993,2251.184
1,441.008,104.748,4.5256,18.085,2252.184
1,441.208,104.75,4.3805,18.168,2253.189
1,441.408,104.753,4.2439,18.244,2254.198
1,441.608,104.755,4.1166,18.312,2255.211
1,441.808,104.757,4.0023,18.373,2256.229
1,442.008,104.758,3.8947,18.429,2257.25
1,442.208,104.76,3.7934,18.48,2258.273
1,442.408,104.762,3.6979,18.525,2259.3
1,442.608,104.763,3.6017,18.566,2260.329
1,442.808,104.765,3.4977,18.603,2261.361
1,443.008,104.767,3.398,18.637,2262.394
1,443.208,104.768,3.3023,18.668,2263.43
1,443.408,104.77,3.21,18.695,2264.467
1,443.608,104.771,3.1227,18.72,2265.505
1,443.808,104.773,3.0403,18.743,2266.545
1,444.008,104.774,2.9605,18.763,2267.587
1,444.208,104.775,2.8833,18.782,2268.629
1,444.408,104.776,2.8082,18.799,2269.672
1,444.608,104.778,2.7347,18.814,2270.717
1,444.808,104.779,2.6627,18.828,2271.762
1,445.008,104.78,2.5925,18.841,2272.808
1,445.208,104.781,2.5237,18.852,2273.855
1,445.408,104.782,2.4564,18.862,2274.902
1,445.608,104.783,2.4019,18.872,2275.95
1,445.808,104.784,2.3499,18.88,2276.998
1,446.008,104.785,2.2989,18.888,2278.047
1,446.208,104.786,2.2489,18.895,2279.097
1,446.408,104.786,2.2012,18.901,2280.146
1,446.608,104.787,2.1631,18.907,2281.196
1,446.808,104.788,2.1258,18.912,2282.247
1,447.008,104.788,2.0892,18.917,2283.298
1,447.208,104.789,2.0532,18.922,2284.349
1,447.408,104.789,2.0172,18.926,2285.4
1,447.608,104.79,1.9806,18.929,2286.451
1,447.808,104.791,1.9444,18.932,2287.503
1,448.008,104.791,1.9086,18.935,2288.555
1,448.208,104.792,1.8732,18.938,2289.607
1,448.408,104.792,1.8433,18.94,2290.659
1,448.608,104.793,1.8168,18.943,2291.711
1,448.808,104.793,1.7905,18.945,2292.763
1,449.008,104.793,1.7645,18.947,2293.816
1,449.208,104.794,1.7387,18.948,2294.868
1,449.408,104.794,1.7245,18.95,2295.921
1,449.608,104.794,1.712,18.951,2296.974
1,449.808,104.794,1.6998,18.953,2298.027
1,450.008,104.795,1.6878,18.954,2299.08
1,450.208,104.795,1.6768,18.955,2300.133
1,450.408,104.795,1.6721,18.956,2301.186
1,450.608,104.795,1.6675,18.957,2302.239
1,450.808,104.795,1.663,18.957,2303.292
1,451.008,104.795,1.6587,18.958,2304.345
1,451.208,104.795,1.6593,18.959,2305.398
1,451.408,104.795,1.6682,18.959,2306.452
1,451.608,104.795,1.6772,18.96,2307.505
1,451.808,104.794,1.6863,18.96,2308.558
1,452.008,104.794,1.6954,18.961,2309.612
1,452.208,104.794,1.7054,18.961,2310.665
1,452.408,104.794,1.716,18.961,2311.718
1,452.608,104.793,1.7267,18.962,2312.772
1,452.808,104.793,1.7374,18.962,2313.825
1,453.008,104.793,1.7481,18.962,2314.879
1,453.208,104.793,1.7704,18.962,2315.932
1,453.408,104.792,1.7942,18.962,2316.985
1,453.608,104.792,1.8181,18.963,2318.039
1,453.808,104.791,1.842,18.963,2319.092
1,454.008,104.791,1.866,18.963,2320.146
1,454.208,104.79,1.8903,18.963,2321.199
1,454.408,104.79,1.9147,18.963,2322.253
1,454.608,104.789,1.9391,18.963,2323.306
1,454.808,104.789,1.9635,18.963,2324.36
1,455.008,104.788,1.9905,18.962,2325.413
1,455.208,104.788,2.0215,18.962,2326.467
1,455.408,104.787,2.0526,18.962,2327.52
1,455.608,104.787,2.0836,18.962,2328.574
1,455.808,104.786,2.1147,18.962,2329.627
1,456.008,104.785,2.1452,18.962,2330.681
1,456.208,104.785,2.1753,18.962,2331.734
1,456.408,104.784,2.2054,18.961,2332.787
1,456.608,104.784,2.2356,18.961,2333.841
1,456.808,104.783,2.2657,18.961,2334.894
1,457.008,104.783,2.2978,18.961,2335.948
1,457.208,104.782,2.3301,18.961,2337.001
1,457.408,104.781,2.3624,18.96,2338.054
1,457.608,104.781,2.3947,18.96,2339.108
1,457.808,104.78,2.4237,18.96,2340.161
1,458.008,104.78,2.4346,18.959,2341.214
1,458.208,104.78,2.4455,18.959,2342.268
1,458.408,104.779,2.4564,18.959,2343.321
1,458.608,104.779,2.4672,18.959,2344.374
1,458.808,104.779,2.4763,18.958,2345.428
1,459.008,104.779,2.4828,18.958,2346.481
1,459.208,104.779,2.4893,18.958,2347.534
1,459.408,104.778,2.4958,18.958,2348.587
1,459.608,104.778,2.5022,18.958,2349.64
1,459.808,104.778,2.5277,18.957,2350.694
1,460.008,104.777,2.5632,18.957,2351.747
1,460.208,104.776,2.5987,18.957,2352.8
1,460.408,104.776,2.6342,18.957,2353.853
1,460.608,104.775,2.6698,18.957,2354.906
1,460.808,104.774,2.7055,18.956,2355.959
1,461.008,104.774,2.7412,18.956,2357.013
1,461.208,104.773,2.777,18.956,2358.066
1,461.408,104.772,2.8128,18.955,2359.119
1,461.608,104.772,2.8493,18.955,2360.172
1,461.808,104.771,2.8895,18.955,2361.225
1,462.008,104.77,2.9297,18.954,2362.278
1,462.208,104.769,2.9699,18.954,2363.331
1,462.408,104.769,3.0101,18.953,2364.384
1,462.608,104.768,3.0451,18.953,2365.437
1,462.808,104.767,3.0726,18.952,2366.49
1,463.008,104.767,3.1001,18.952,2367.543
1,463.208,104.766,3.1275,18.952,2368.596
1,463.408,104.766,3.155,18.951,2369.649
1,463.608,104.765,3.1802,18.951,2370.701
1,463.808,104.765,3.2043,18.95,2371.754
1,464.008,104.764,3.2284,18.95,2372.807
1,464.208,104.764,3.2525,18.949,2373.86
1,464.408,104.763,3.2766,18.949,2374.912
1,464.608,104.763,3.2895,18.949,2375.965
1,464.808,104.763,3.3013,18.948,2377.018
1,465.008,104.762,3.3132,18.948,2378.071
1,465.208,104.762,3.325,18.947,2379.123
1,465.408,104.762,3.3349,18.947,2380.176
1,465.608,104.762,3.3352,18.947,2381.228
1,465.808,104.762,3.3354,18.946,2382.281
1,466.008,104.762,3.3356,18.946,2383.334
1,466.208,104.761,3.3358,18.946,2384.386
1,466.408,104.761,3.3342,18.946,2385.439
1,466.608,104.761,3.3302,18.946,2386.491
1,466.808,104.761,3.3261,18.945,2387.544
1,467.008,104.761,3.3221,18.945,2388.596
1,467.208,104.761,3.318,18.945,2389.649
1,467.408,104.762,3.3032,18.945,2390.701
1,467.608,104.762,3.283,18.945,2391.754
1,467.808,104.762,3.2627,18.945,2392.806
1,468.008,104.762,3.2425,18.945,2393.859
1,468.208,104.763,3.2221,18.945,2394.911
1,468.408,104.763,3.2003,18.945,2395.964
1,468.608,104.763,3.1782,18.945,2397.016
1,468.808,104.764,3.1561,18.945,2398.069
1,469.008,104.764,3.134,18.945,2399.121
1,469.208,104.764,3.1098,18.946,2400.174
1,469.408,104.765,3.0746,18.946,2401.226
1,469.608,104.765,3.0393,18.946,2402.279
1,469.808,104.766,3.004,18.946,2403.332
1,470.008,104.766,2.9687,18.946,2404.384
1,470.208,104.767,2.9314,18.947,2405.437
1,470.408,104.768,2.8911,18.947,2406.489
1,470.608,104.768,2.8509,18.947,2407.542
1,470.808,104.769,2.8106,18.948,2408.595
1,471.008,104.77,2.7702,18.948,2409.647
1,471.208,104.77,2.7178,18.949,2410.7
1,471.408,104.771,2.6593,18.949,2411.753
1,471.608,104.772,2.6007,18.95,2412.805
1,471.808,104.773,2.542,18.95,2413.858
1,472.008,104.774,2.4833,18.951,2414.911
1,472.208,104.775,2.4259,18.951,2415.964
1,472.408,104.776,2.3685,18.952,2417.016
1,472.608,104.777,2.3111,18.952,2418.069
1,472.808,104.778,2.2537,18.953,2419.122
1,473.008,104.779,2.1984,18.953,2420.175
1,473.208,104.78,2.1535,18.954,2421.228
1,473.408,104.78,2.1086,18.955,2422.281
1,473.608,104.781,2.0637,18.955,2423.334
1,473.808,104.782,2.0188,18.956,2424.387
1,474.008,104.783,1.977,18.956,2425.44
1,474.208,104.783,1.9393,18.957,2426.494
1,474.408,104.784,1.9017,18.957,2427.547
1,474.608,104.784,1.8641,18.958,2428.6
1,474.808,104.785,1.8265,18.958,2429.653
1,475.008,104.786,1.7882,18.959,2430.706
1,475.208,104.786,1.7497,18.959,2431.76
1,475.408,104.787,1.7112,18.96,2432.813
1,475.608,104.788,1.6727,18.96,2433.866
1,475.808,104.788,1.6342,18.961,2434.92
1,476.008,104.789,1.6016,18.961,2435.973
1,476.208,104.789,1.5695,18.961,2437.026
1,476.408,104.79,1.5374,18.962,2438.08
1,476.608,104.79,1.5053,18.962,2439.133
1,476.808,104.791,1.4723,18.963,2440.187
1,477.008,104.791,1.4352,18.963,2441.24
1,477.208,104.792,1.3981,18.963,2442.294
1,477.408,104.793,1.361,18.964,2443.347
1,477.608,104.793,1.3239,18.964,2444.401
1,477.808,104.794,1.2925,18.964,2445.454
1,478.008,104.794,1.2685,18.965,2446.508
1,478.208,104.795,1.2445,18.965,2447.561
1,478.408,104.795,1.2205,18.965,2448.615
1,478.608,104.795,1.1966,18.965,2449.669
1,478.808,104.796,1.1684,18.966,2450.722
1,479.008,104.796,1.1382,18.966,2451.776
1,479.208,104.797,1.108,18.966,2452.829
1,479.408,104.797,1.0778,18.966,2453.883
1,479.608,104.798,1.0476,18.967,2454.937
1,479.808,104.798,1.0234,18.967,2455.991
1,480.008,104.799,0.9996,18.967,2457.044
1,480.208,104.799,0.9759,18.967,2458.098
1,480.408,104.799,0.9521,18.967,2459.152
1,480.608,104.8,0.9292,18.968,2460.205
1,480.808,104.8,0.9098,18.968,2461.259
1,481.008,104.8,0.8904,18.968,2462.313
1,481.208,104.801,0.871,18.968,2463.367
1,481.408,104.801,0.8517,18.968,2464.42
1,481.608,104.801,0.8383,18.968,2465.474
1,481.808,104.801,0.8324,18.968,2466.528
1,482.008,104.801,0.8264,18.969,2467.582
1,482.208,104.801,0.8205,18.969,2468.636
1,482.408,104.802,0.8146,18.969,2469.69
1,482.608,104.802,0.8151,18.969,2470.743
1,482.808,104.801,0.8183,18.969,2471.797
1,483.008,104.801,0.8215,18.969,2472.851
1,483.208,104.801,0.8248,18.969,2473.905
1,483.408,104.801,0.828,18.969,2474.959
1,483.608,104.801,0.8379,18.969,2476.013
1,483.808,104.801,0.848,18.969,2477.066
1,484.008,104.801,0.8582,18.969,2478.12
1,484.208,104.8,0.8683,18.969,2479.174
1,484.408,104.8,0.8818,18.969,2480.228
1,484.608,104.8,0.9073,18.969,2481.282
1,484.808,104.799,0.9328,18.969,2482.336
1,485.008,104.799,0.9582,18.969,2483.389
1,485.208,104.798,0.9838,18.969,2484.443
1,485.408,104.798,1.014,18.969,2485.497
1,485.608,104.797,1.0495,18.969,2486.551
1,485.808,104.797,1.085,18.969,2487.605
1,486.008,104.796,1.1205,18.969,2488.659
1,486.208,104.795,1.1561,18.969,2489.713
1,486.408,104.794,1.2001,18.969,2490.766
1,486.608,104.794,1.2473,18.969,2491.82
1,486.808,104.793,1.2946,18.969,2492.874
1,487.008,104.792,1.3419,18.969,2493.928
1,487.208,104.791,1.3892,18.968,2494.982
1,487.408,104.79,1.4269,18.968,2496.035
1,487.608,104.79,1.4644,18.968,2497.089
1,487.808,104.789,1.5019,18.968,2498.143
1,488.008,104.788,1.5394,18.968,2499.197
1,488.208,104.788,1.5784,18.967,2500.251
1,488.408,104.787,1.6222,18.967,2501.304
1,488.608,104.786,1.6659,18.967,2502.358
1,488.808,104.785,1.7097,18.967,2503.412
1,489.008,104.784,1.7535,18.966,2504.465
1,489.208,104.784,1.7927,18.966,2505.519
1,489.408,104.783,1.827,18.966,2506.573
1,489.608,104.782,1.8614,18.966,2507.627
1,489.808,104.782,1.8957,18.965,2508.68
1,490.008,104.781,1.9301,18.965,2509.734
1,490.208,104.781,1.9578,18.965,2510.787
1,490.408,104.78,1.9833,18.965,2511.841
1,490.608,104.78,2.0088,18.964,2512.895
1,490.808,104.779,2.0343,18.964,2513.948
1,491.008,104.779,2.0598,18.964,2515.002
1,491.208,104.778,2.0772,18.963,2516.055
1,491.408,104.778,2.0946,18.963,2517.109
1,491.608,104.778,2.112,18.963,2518.162
1,491.808,104.777,2.1293,18.963,2519.216
1,492.008,104.777,2.1452,18.962,2520.269
1,492.208,104.777,2.1567,18.962,2521.323
1,492.408,104.776,2.1681,18.962,2522.376
1,492.608,104.776,2.1795,18.962,2523.43
1,492.808,104.776,2.191,18.961,2524.483
1,493.008,104.776,2.1994,18.961,2525.536
1,493.208,104.776,2.2051,18.961,2526.59
1,493.408,104.775,2.2107,18.961,2527.643
1,493.608,104.775,2.2163,18.961,2528.697
1,493.808,104.775,2.2218,18.961,2529.75
1,494.008,104.775,2.2179,18.96,2530.803
1,494.208,104.775,2.2111,18.96,2531.857
1,494.408,104.775,2.2042,18.96,2532.91
1,494.608,104.775,2.1972,18.96,2533.963
1,494.808,104.775,2.1901,18.96,2535.017
1,495.008,104.776,2.1741,18.96,2536.07
1,495.208,104.776,2.1581,18.96,2537.123
1,495.408,104.776,2.1421,18.96,2538.177
1,495.608,104.776,2.126,18.96,2539.23
1,495.808,104.777,2.1085,18.96,2540.283
1,496.008,104.777,2.0871,18.96,2541.337
1,496.208,104.777,2.0656,18.96,2542.39
1,496.408,104.778,2.0441,18.96,2543.443
1,496.608,104.778,2.0227,18.96,2544.497
1,496.808,104.778,1.9967,18.96,2545.55
1,497.008,104.779,1.9667,18.96,2546.603
1,497.208,104.779,1.9367,18.961,2547.657
1,497.408,104.78,1.9066,18.961,2548.71
1,497.608,104.78,1.8765,18.961,2549.764
1,497.808,104.781,1.8412,18.961,2550.817
1,498.008,104.781,1.8045,18.961,2551.87
1,498.208,104.782,1.7677,18.961,2552.924
1,498.408,104.783,1.7309,18.962,2553.977
1,498.608,104.783,1.6937,18.962,2555.031
1,498.808,104.784,1.6441,18.962,2556.084
1,499.008,104.785,1.5945,18.962,2557.138
1,499.208,104.786,1.5449,18.963,2558.191
1,499.408,104.786,1.4952,18.963,2559.244
1,499.608,104.787,1.4453,18.963,2560.298
1,499.808,104.788,1.3949,18.964,2561.351
1,500.008,104.789,1.3444,18.964,2562.405
1,500.208,104.79,1.2939,18.964,2563.459
1,500.408,104.791,1.2434,18.964,2564.512
1,500.608,104.792,1.1936,18.965,2565.566
1,500.808,104.792,1.1444,18.965,2566.619
1,501.008,104.793,1.0951,18.965,2567.673
1,501.208,104.794,1.0458,18.966,2568.727
1,501.408,104.795,0.9966,18.966,2569.78
1,501.608,104.796,0.9567,18.966,2570.834
1,501.808,104.796,0.9192,18.967,2571.888
1,502.008,104.797,0.8818,18.967,2572.941
1,502.208,104.797,0.8444,18.967,2573.995
1,502.408,104.798,0.8071,18.967,2575.049
1,502.608,104.799,0.7703,18.968,2576.102
1,502.808,104.799,0.7336,18.968,2577.156
1,503.008,104.8,0.6969,18.968,2578.21
1,503.208,104.801,0.6602,18.968,2579.264
1,503.408,104.801,0.6199,18.968,2580.318
1,503.608,104.802,0.5716,18.969,2581.371
1,503.808,104.803,0.5233,18.969,2582.425
1,504.008,104.804,0.475,18.969,2583.479
1,504.208,104.805,0.4267,18.969,2584.533
1,504.408,104.805,0.386,18.969,2585.587
1,504.608,104.806,0.3514,18.97,2586.641
1,504.808,104.806,0.3167,18.97,2587.694
1,505.008,104.807,0.2821,18.97,2588.748
1,505.208,104.808,0.2475,18.97,2589.802
1,505.408,104.807,0.2603,18.97,2590.856
1,505.608,104.807,0.284,18.97,2591.91
1,505.808,104.807,0.3077,18.97,2592.964
1,506.008,104.806,0.3315,18.97,2594.018
1,506.208,104.806,0.3607,18.97,2595.072
1,506.408,104.804,0.4637,18.971,2596.126
1,506.608,104.802,0.5668,18.971,2597.179
1,506.808,104.8,0.67,18.971,2598.233
1,507.008,104.798,0.7732,18.971,2599.287
1,507.208,104.797,0.8639,18.97,2600.341
1,507.408,104.796,0.9286,18.97,2601.395
1,507.608,104.795,0.9934,18.97,2602.449
1,507.808,104.793,1.0582,18.97,2603.503
1,508.008,104.792,1.123,18.97,2604.557
1,508.208,104.791,1.1823,18.97,2605.611
1,508.408,104.79,1.2376,18.97,2606.665
1,508.608,104.789,1.2929,18.969,2607.719
1,508.808,104.788,1.3483,18.969,2608.772
1,509.008,104.787,1.4036,18.969,2609.826
1,509.208,104.786,1.4685,18.969,2610.88
1,509.408,104.785,1.5352,18.968,2611.934
1,509.608,104.784,1.602,18.968,2612.988
1,509.808,104.782,1.6689,18.968,2614.041
1,510.008,104.781,1.736,18.968,2615.095
1,510.208,104.78,1.8067,18.967,2616.149
1,510.408,104.779,1.8774,18.967,2617.203
1,510.608,104.777,1.9481,18.966,2618.256
1,510.808,104.776,2.0188,18.966,2619.31
1,511.008,104.775,2.0925,18.965,2620.364
1,511.208,104.773,2.1719,18.965,2621.417
1,511.408,104.772,2.2513,18.964,2622.471
1,511.608,104.771,2.3307,18.964,2623.525
1,511.808,104.769,2.4102,18.963,2624.578
1,512.008,104.768,2.495,18.963,2625.632
1,512.208,104.766,2.5834,18.962,2626.685
1,512.408,104.764,2.6719,18.961,2627.739
1,512.608,104.763,2.7604,18.961,2628.792
1,512.808,104.761,2.849,18.96,2629.845
1,513.008,104.759,2.9465,18.959,2630.899
1,513.208,104.758,3.0455,18.958,2631.952
1,513.408,104.756,3.1447,18.957,2633.005
1,513.608,104.754,3.2439,18.956,2634.058
1,513.808,104.752,3.3429,18.955,2635.111
1,514.008,104.75,3.4399,18.954,2636.165
1,514.208,104.749,3.537,18.953,2637.218
1,514.408,104.747,3.6342,18.951,2638.27
1,514.608,104.745,3.7314,18.95,2639.323
1,514.808,104.743,3.8253,18.949,2640.376
1,515.008,104.742,3.9133,18.947,2641.429
1,515.208,104.74,4.0013,18.946,2642.481
1,515.408,104.739,4.0894,18.945,2643.534
1,515.608,104.737,4.1774,18.943,2644.586
1,515.808,104.735,4.2594,18.942,2645.639
1,516.008,104.734,4.3375,18.94,2646.691
1,516.208,104.732,4.4156,18.939,2647.743
1,516.408,104.731,4.4937,18.937,2648.796
1,516.608,104.73,4.5717,18.935,2649.848
1,516.808,104.728,4.6381,18.934,2650.9
1,517.008,104.727,4.7024,18.932,2651.951
1,517.208,104.726,4.7666,18.931,2653.003
1,517.408,104.725,4.8309,18.929,2654.055
1,517.608,104.723,4.8933,18.928,2655.107
1,517.808,104.723,4.9398,18.926,2656.158
1,518.008,104.722,4.9862,18.924,2657.21
1,518.208,104.721,5.0,18.923,2658.261
1,518.408,104.721,5.0,18.92,2659.312
1,518.608,104.721,5.0,18.913,2660.363
1,518.808,104.721,5.0,18.905,2661.414
1,519.008,104.721,5.0,18.896,2662.464
1,519.208,104.721,5.0,18.886,2663.514
1,519.408,104.721,5.0,18.876,2664.563
1,519.608,104.72,5.0,18.864,2665.612
1,519.808,104.72,5.0,18.853,2666.66
1,520.008,104.72,5.0,18.841,2667.707
1,520.208,104.72,5.0,18.83,2668.754
1,520.408,104.72,5.0,18.82,2669.8
1,520.608,104.72,5.0,18.81,2670.846
1,520.808,104.72,5.0,18.801,2671.891
1,521.008,104.72,5.0,18.794,2672.935
1,521.208,104.72,5.0,18.789,2673.979
1,521.408,104.719,5.0,18.785,2675.023
1,521.608,104.719,5.0,18.783,2676.067
1,521.808,104.719,5.0,18.783,2677.11
1,522.008,104.719,5.0,18.786,2678.154
1,522.208,104.719,5.0,18.791,2679.197
1,522.408,104.719,5.0,18.798,2680.241
1,522.608,104.719,4.9626,18.808,2681.286
1,522.808,104.72,4.9025,18.818,2682.331
1,523.008,104.721,4.8435,18.828,2683.376
1,523.208,104.722,4.7854,18.836,2684.422
1,523.408,104.723,4.7316,18.844,2685.468
1,523.608,104.724,4.6831,18.851,2686.515
1,523.808,104.724,4.6353,18.858,2687.563
1,524.008,104.725,4.5882,18.864,2688.61
1,524.208,104.726,4.5417,18.869,2689.658
1,524.408,104.727,4.4963,18.874,2690.707
1,524.608,104.727,4.4517,18.879,2691.755
1,524.808,104.728,4.4075,18.883,2692.804
1,525.008,104.729,4.3638,18.887,2693.853
1,525.208,104.729,4.3204,18.891,2694.902
1,525.408,104.73,4.2755,18.894,2695.952
1,525.608,104.731,4.2308,18.897,2697.002
1,525.808,104.731,4.1863,18.9,2698.051
1,526.008,104.732,4.1421,18.903,2699.101
1,526.208,104.733,4.0982,18.906,2700.152
1,526.408,104.733,4.055,18.908,2701.202
1,526.608,104.734,4.012,18.91,2702.252
1,526.808,104.735,3.9692,18.912,2703.303
1,527.008,104.735,3.9265,18.914,2704.354
1,527.208,104.736,3.8829,18.916,2705.404
1,527.408,104.737,3.8379,18.918,2706.455
1,527.608,104.737,3.7929,18.92,2707.506
1,527.808,104.738,3.748,18.921,2708.557
1,528.008,104.739,3.7033,18.923,2709.609
1,528.208,104.739,3.6516,18.924,2710.66
1,528.408,104.74,3.596,18.926,2711.711
1,528.608,104.741,3.5404,18.927,2712.763
1,528.808,104.742,3.4848,18.928,2713.814
1,529.008,104.743,3.4293,18.93,2714.866
1,529.208,104.744,3.3744,18.931,2715.917
1,529.408,104.745,3.3197,18.932,2716.969
1,529.608,104.746,3.2649,18.933,2718.021
1,529.808,104.746,3.2103,18.934,2719.073
1,530.008,104.747,3.1546,18.936,2720.125
1,530.208,104.748,3.0919,18.937,2721.177
1,530.408,104.749,3.0293,18.938,2722.229
1,530.608,104.75,2.9666,18.939,2723.281
1,530.808,104.751,2.9039,18.94,2724.333
1,531.008,104.752,2.8443,18.941,2725.385
1,531.208,104.753,2.7902,18.942,2726.437
1,531.408,104.754,2.736,18.943,2727.49
1,531.608,104.755,2.6819,18.944,2728.542
1,531.808,104.756,2.6278,18.945,2729.595
1,532.008,104.757,2.5793,18.946,2730.647
1,532.208,104.757,2.5343,18.947,2731.7
1,532.408,104.758,2.4893,18.948,2732.752
1,532.608,104.759,2.4443,18.949,2733.805
1,532.808,104.76,2.3994,18.949,2734.858
1,533.008,104.76,2.3698,18.95,2735.91
1,533.208,104.761,2.3428,18.951,2736.963
1,533.408,104.761,2.3158,18.952,2738.016
1,533.608,104.761,2.2888,18.952,2739.069
1,533.808,104.762,2.2627,18.953,2740.122
1,534.008,104.762,2.2425,18.953,2741.175
1,534.208,104.762,2.2223,18.954,2742.228
1,534.408,104.763,2.2022,18.954,2743.281
1,534.608,104.763,2.1821,18.955,2744.334
1,534.808,104.763,2.1679,18.955,2745.387
1,535.008,104.763,2.1638,18.956,2746.44
1,535.208,104.763,2.1598,18.956,2747.493
1,535.408,104.763,2.1559,18.957,2748.546
1,535.608,104.763,2.1519,18.957,2749.599
1,535.808,104.763,2.1552,18.957,2750.652
1,536.008,104.763,2.163,18.957,2751.705
1,536.208,104.763,2.1707,18.958,2752.759
1,536.408,104.763,2.1786,18.958,2753.812
1,536.608,104.762,2.1865,18.958,2754.865
1,536.808,104.762,2.193,18.958,2755.918
1,537.008,104.762,2.1994,18.958,2756.972
1,537.208,104.762,2.2059,18.958,2758.025
1,537.408,104.762,2.2123,18.959,2759.078
1,537.608,104.762,2.2199,18.959,2760.131
1,537.808,104.761,2.235,18.959,2761.185
1,538.008,104.761,2.2502,18.959,2762.238
1,538.208,104.761,2.2654,18.959,2763.291
1,538.408,104.76,2.2806,18.959,2764.344
1,538.608,104.76,2.2943,18.959,2765.398
1,538.808,104.76,2.3055,18.959,2766.451
1,539.008,104.759,2.3167,18.959,2767.504
1,539.208,104.759,2.3279,18.959,2768.557
1,539.408,104.759,2.3391,18.959,2769.611
1,539.608,104.759,2.3421,18.958,2770.664
1,539.808,104.759,2.3402,18.958,2771.717
1,540.008,104.759,2.3384,18.958,2772.77
1,540.208,104.759,2.3366,18.958,2773.824
1,540.408,104.759,2.3347,18.958,2774.877
1,540.608,104.759,2.3348,18.958,2775.93
1,540.808,104.759,2.3351,18.958,2776.983
1,541.008,104.759,2.3354,18.958,2778.037
1,541.208,104.759,2.3357,18.958,2779.09
1,541.408,104.759,2.3354,18.958,2780.143
1,541.608,104.759,2.3313,18.958,2781.196
1,541.808,104.759,2.3272,18.958,2782.249
1,542.008,104.759,2.323,18.958,2783.303
1,542.208,104.759,2.3189,18.958,2784.356
1,542.408,104.759,2.3173,18.958,2785.409
1,542.608,104.758,2.3198,18.958,2786.462
1,542.808,104.758,2.3222,18.958,2787.516
1,543.008,104.758,2.3247,18.958,2788.569
1,543.208,104.758,2.3272,18.958,2789.622
1,543.408,104.758,2.3312,18.958,2790.675
1,543.608,104.758,2.3362,18.958,2791.728
1,543.808,104.758,2.3411,18.958,2792.782
1,544.008,104.758,2.3461,18.958,2793.835
1,544.208,104.758,2.351,18.958,2794.888
1,544.408,104.757,2.3535,18.958,2795.941
1,544.608,104.757,2.3556,18.958,2796.995
1,544.808,104.757,2.3578,18.958,2798.048
1,545.008,104.757,2.36,18.958,2799.101
1,545.208,104.757,2.3642,18.958,2800.154
1,545.408,104.757,2.3807,18.958,2801.207
1,545.608,104.756,2.3973,18.958,2802.261
1,545.808,104.756,2.4139,18.958,2803.314
1,546.008,104.756,2.4305,18.958,2804.367
1,546.208,104.755,2.4502,18.958,2805.42
1,546.408,104.755,2.4746,18.957,2806.473
1,546.608,104.754,2.4991,18.957,2807.527
1,546.808,104.754,2.5236,18.957,2808.58
1,547.008,104.753,2.5481,18.957,2809.633
1,547.208,104.753,2.574,18.957,2810.686
1,547.408,104.752,2.6006,18.957,2811.739
1,547.608,104.752,2.6272,18.956,2812.792
1,547.808,104.751,2.6538,18.956,2813.846
1,548.008,104.751,2.6805,18.956,2814.899
1,548.208,104.75,2.7215,18.956,2815.952
1,548.408,104.749,2.7641,18.955,2817.005
1,548.608,104.748,2.8067,18.955,2818.058
1,548.808,104.748,2.8494,18.955,2819.111
1,549.008,104.747,2.8926,18.954,2820.164
1,549.208,104.746,2.9388,18.954,2821.217
1,549.408,104.745,2.985,18.954,2822.27
1,549.608,104.744,3.0312,18.953,2823.323
1,549.808,104.743,3.0774,18.953,2824.376
1,550.008,104.742,3.1258,18.952,2825.429
1,550.208,104.741,3.1771,18.952,2826.482
1,550.408,104.74,3.2285,18.951,2827.535
1,550.608,104.739,3.2799,18.951,2828.588
1,550.808,104.738,3.3314,18.95,2829.64
1,551.008,104.737,3.382,18.949,2830.693
1,551.208,104.737,3.4321,18.949,2831.746
1,551.408,104.736,3.4822,18.948,2832.799
1,551.608,104.735,3.5324,18.947,2833.851
1,551.808,104.734,3.5826,18.947,2834.904
1,552.008,104.733,3.6057,18.946,2835.957
1,552.208,104.733,3.6262,18.945,2837.009
1,552.408,104.732,3.6466,18.945,2838.062
1,552.608,104.732,3.6669,18.944,2839.114
1,552.808,104.732,3.6842,18.943,2840.167
1,553.008,104.731,3.6855,18.943,2841.219
1,553.208,104.731,3.6867,18.942,2842.271
1,553.408,104.731,3.6879,18.942,2843.324
1,553.608,104.731,3.6889,18.941,2844.376
1,553.808,104.731,3.6932,18.941,2845.428
1,554.008,104.731,3.7023,18.941,2846.481
1,554.208,104.73,3.7113,18.94,2847.533
1,554.408,104.73,3.7203,18.94,2848.585
1,554.608,104.73,3.7293,18.94,2849.637
1,554.808,104.73,3.7315,18.939,2850.69
1,555.008,104.73,3.73,18.939,2851.742
1,555.208,104.73,3.7285,18.939,2852.794
1,555.408,104.73,3.7269,18.939,2853.846
1,555.608,104.73,3.7253,18.939,2854.898
1,555.808,104.729,3.7278,18.938,2855.95
1,556.008,104.729,3.7307,18.938,2857.003
1,556.208,104.729,3.7337,18.938,2858.055
1,556.408,104.729,3.7366,18.938,2859.107
1,556.608,104.729,3.7401,18.938,2860.159
1,556.808,104.729,3.747,18.938,2861.211
1,557.008,104.729,3.7539,18.938,2862.263
1,557.208,104.728,3.7608,18.938,2863.315
1,557.408,104.728,3.7677,18.937,2864.367
1,557.608,104.728,3.7702,18.937,2865.419
1,557.808,104.728,3.766,18.937,2866.471
1,558.008,104.728,3.7618,18.937,2867.524
1,558.208,104.728,3.7576,18.937,2868.576
1,558.408,104.728,3.7534,18.937,2869.628
1,558.608,104.728,3.7519,18.937,2870.68
1,558.808,104.728,3.752,18.937,2871.732
1,559.008,104.728,3.752,18.937,2872.784
1,559.208,104.728,3.752,18.937,2873.836
1,559.408,104.728,3.752,18.937,2874.888
1,559.608,104.728,3.7447,18.937,2875.94
1,559.808,104.728,3.7364,18.937,2876.992
1,560.008,104.728,3.7281,18.937,2878.044
1,560.208,104.728,3.7197,18.937,2879.096
1,560.408,104.728,3.7111,18.937,2880.148
1,560.608,104.728,3.7012,18.937,2881.2
1,560.808,104.728,3.6913,18.937,2882.252
1,561.008,104.728,3.6814,18.937,2883.304
1,561.208,104.728,3.6714,18.937,2884.356
1,561.408,104.728,3.6602,18.937,2885.408
1,561.608,104.728,3.647,18.937,2886.46
1,561.808,104.729,3.6338,18.937,2887.512
1,562.008,104.729,3.6206,18.937,2888.565
1,562.208,104.729,3.6073,18.938,2889.617
1,562.408,104.729,3.586,18.938,2890.669
1,562.608,104.73,3.56,18.938,2891.721
1,562.808,104.73,3.534,18.938,2892.773
1,563.008,104.73,3.5079,18.938,2893.825
1,563.208,104.731,3.4818,18.939,2894.877
1,563.408,104.731,3.4372,18.939,2895.929
1,563.608,104.732,3.39,18.939,2896.981
1,563.808,104.733,3.3428,18.94,2898.034
1,564.008,104.734,3.2955,18.94,2899.086
1,564.208,104.734,3.2447,18.94,2900.138
1,564.408,104.736,3.1711,18.941,2901.19
1,564.608,104.737,3.0974,18.941,2902.243
1,564.808,104.738,3.0236,18.942,2903.295
1,565.008,104.739,2.9497,18.943,2904.347
1,565.208,104.741,2.8701,18.943,2905.4
1,565.408,104.742,2.7813,18.944,2906.452
1,565.608,104.744,2.6924,18.945,2907.504
1,565.808,104.745,2.6034,18.946,2908.557
1,566.008,104.746,2.5143,18.947,2909.609
1,566.208,104.748,2.4281,18.948,2910.662
1,566.408,104.749,2.3434,18.949,2911.715
1,566.608,104.751,2.2587,18.949,2912.767
1,566.808,104.752,2.174,18.95,2913.82
1,567.008,104.754,2.0893,18.951,2914.873
1,567.208,104.755,2.022,18.952,2915.926
1,567.408,104.756,1.9572,18.953,2916.979
1,567.608,104.757,1.8924,18.954,2918.032
1,567.808,104.758,1.8276,18.955,2919.085
1,568.008,104.759,1.7648,18.956,2920.138
1,568.208,104.76,1.7149,18.956,2921.191
1,568.408,104.761,1.6651,18.957,2922.244
1,568.608,104.762,1.6153,18.958,2923.297
1,568.808,104.762,1.5656,18.959,2924.35
1,569.008,104.763,1.5102,18.959,2925.404
1,569.208,104.764,1.4456,18.96,2926.457
1,569.408,104.765,1.3811,18.961,2927.51
1,569.608,104.767,1.3166,18.961,2928.564
1,569.808,104.768,1.2521,18.962,2929.617
1,570.008,104.769,1.1888,18.962,2930.67
1,570.208,104.77,1.1262,18.963,2931.724
1,570.408,104.771,1.0636,18.963,2932.777
1,570.608,104.772,1.0011,18.964,2933.831
1,570.808,104.773,0.9386,18.964,2934.884
1,571.008,104.774,0.8624,18.965,2935.938
1,571.208,104.776,0.7846,18.965,2936.992
1,571.408,104.777,0.7068,18.966,2938.045
1,571.608,104.778,0.629,18.966,2939.099
1,571.808,104.78,0.5351,18.967,2940.153
1,572.008,104.783,0.3459,18.967,2941.206
1,572.208,104.786,0.1566,18.968,2942.26
1,572.408,104.789,0.0,18.968,2943.314
1,572.608,104.789,0.0,18.97,2944.368
1,572.808,104.789,0.0,18.984,2945.422
1,573.008,104.789,0.0,19.009,2946.476
1,573.208,104.789,0.0,19.043,2947.532
1,573.408,104.789,0.0,19.085,2948.59
1,573.608,104.789,0.0,19.136,2949.65
1,573.808,104.789,0.0,19.197,2950.714
1,574.008,104.789,0.0,19.264,2951.78
1,574.208,104.789,0.0,19.339,2952.85
1,574.408,104.789,0.0,19.421,2953.925
1,574.608,104.789,0.0,19.509,2955.004
1,574.808,104.789,0.0,19.605,2956.087
1,575.008,104.789,0.0,19.707,2957.177
1,575.208,104.789,0.0,19.816,2958.271
1,575.408,104.789,0.0,19.933,2959.372
1,575.608,104.789,0.0,20.056,2960.48
1,575.808,104.789,0.0,20.187,2961.594
1,576.008,104.789,0.0,20.324,2962.715
1,576.208,104.789,0.0,20.469,2963.845
1,576.408,104.789,0.0,20.621,2964.982
1,576.608,104.789,0.0,20.78,2966.127
1,576.808,104.789,0.0,20.946,2967.282
1,577.008,104.789,0.0,21.118,2968.445
1,577.208,104.789,0.0,21.297,2969.619
1,577.408,104.789,0.0,21.482,2970.802
1,577.608,104.789,0.0,21.674,2971.995
1,577.808,104.789,0.0,21.872,2973.199
1,578.008,104.789,0.0,22.075,2974.414
1,578.208,104.789,0.0,22.284,2975.641
1,578.408,104.789,0.0,22.498,2976.879
1,578.608,104.789,0.0,22.716,2978.129
1,578.808,104.789,0.0,22.938,2979.391
1,579.008,104.789,0.0,23.165,2980.665
1,579.208,104.789,0.0,23.394,2981.952
1,579.408,104.789,0.0,23.624,2983.252
1,579.608,104.789,0.0,23.854,2984.564
1,579.808,104.789,0.0,24.084,2985.889
1,580.008,104.789,0.0,24.313,2987.227
1,580.208,104.789,0.0,24.539,2988.578
1,580.408,104.789,0.0,24.763,2989.941
1,580.608,104.789,0.0,24.985,2991.317
1,580.808,104.789,0.0,25.201,2992.705
1,581.008,104.789,0.0,25.413,2994.105
1,581.208,104.789,0.0,25.619,2995.517
1,581.408,104.789,0.0,25.82,2996.94
1,581.608,104.789,0.0,26.013,2998.375
1,581.808,104.789,0.0,26.198,2999.82
1,582.008,104.789,0.0,26.375,3001.275
1,582.208,104.789,0.0,26.543,3002.741
1,582.408,104.789,0.0,26.702,3004.215
1,582.608,104.789,0.0,26.85,3005.699
1,582.808,104.789,0.0,26.988,3007.19
1,583.008,104.789,0.0,27.115,3008.69
1,583.208,104.789,0.0,27.23,3010.196
1,583.408,104.789,0.0,27.333,3011.709
1,583.608,104.789,0.0,27.423,3013.227
1,583.808,104.789,0.0,27.501,3014.751
1,584.008,104.789,0.0,27.566,3016.279
1,584.208,104.789,0.0,27.616,3017.81
1,584.408,104.789,0.0,27.654,3019.344
1,584.608,104.789,0.0,27.677,3020.881
1,584.808,104.789,0.0,27.685,3022.418
1,585.008,104.789,0.0,27.679,3023.956
1,585.208,104.789,0.0,27.658,3025.494
1,585.408,104.789,0.0,27.621,3027.031
1,585.608,104.789,0.0,27.569,3028.565
1,585.808,104.789,0.0,27.5,3030.097
1,586.008,104.789,0.0,27.416,3031.625
1,586.208,104.789,0.0,27.314,3033.148
1,586.408,104.789,0.0,27.195,3034.665
1,586.608,104.789,0.0,27.059,3036.176
1,586.808,104.789,0.0,26.906,3037.679
1,587.008,104.789,0.0,26.735,3039.174
1,587.208,104.789,0.0,26.548,3040.659
1,587.408,104.789,0.0,26.343,3042.134
1,587.608,104.789,0.0,26.121,3043.598
1,587.808,104.789,0.0,25.883,3045.049
1,588.008,104.789,0.0,25.627,3046.487
1,588.208,104.789,0.0,25.357,3047.91
1,588.408,104.789,0.0,25.071,3049.319
1,588.608,104.789,0.0,24.77,3050.712
1,588.808,104.789,0.0,24.455,3052.088
1,589.008,104.789,0.0,24.128,3053.447
1,589.208,104.789,0.0,23.789,3054.787
1,589.408,104.789,0.0,23.437,3056.109
1,589.608,104.789,0.0,23.075,3057.411
1,589.808,104.787,0.1396,22.704,3058.693
1,590.008,104.771,1.0166,22.331,3059.954
1,590.208,104.759,1.7517,21.995,3061.195
1,590.408,104.747,2.4045,21.692,3062.417
1,590.608,104.737,2.9885,21.418,3063.622
1,590.808,104.728,3.5131,21.172,3064.812
1,591.008,104.723,3.8055,20.949,3065.988
1,591.208,104.719,4.0248,20.748,3067.152
1,591.408,104.715,4.2106,20.567,3068.304
1,591.608,104.713,4.3671,20.403,3069.447
1,591.808,104.711,4.4753,20.255,3070.58
1,592.008,104.709,4.5401,20.122,3071.706
1,592.208,104.709,4.5858,20.003,3072.824
1,592.408,104.708,4.6145,19.894,3073.935
1,592.608,104.708,4.6331,19.797,3075.04
1,592.808,104.705,4.7638,19.709,3076.14
1,593.008,104.703,4.8815,19.63,3077.235
1,593.208,104.701,4.9876,19.559,3078.326
1,593.408,104.701,5.0,19.494,3079.412
1,593.608,104.701,5.0,19.431,3080.495
1,593.808,104.7,5.0,19.368,3081.575
1,594.008,104.7,5.0,19.306,3082.651
1,594.208,104.7,5.0,19.246,3083.723
1,594.408,104.7,5.0,19.186,3084.792
1,594.608,104.7,5.0,19.127,3085.858
1,594.808,104.7,5.0,19.069,3086.921
1,595.008,104.7,5.0,19.013,3087.98
1,595.208,104.7,5.0,18.958,3089.037
1,595.408,104.7,5.0,18.905,3090.09
1,595.608,104.699,5.0,18.852,3091.14
1,595.808,104.699,5.0,18.803,3092.187
1,596.008,104.699,5.0,18.755,3093.232
1,596.208,104.699,5.0,18.709,3094.274
1,596.408,104.699,5.0,18.666,3095.313
1,596.608,104.699,5.0,18.624,3096.35
1,596.808,104.699,5.0,18.586,3097.385
1,597.008,104.699,5.0,18.551,3098.418
1,597.208,104.699,5.0,18.518,3099.448
1,597.408,104.698,5.0,18.488,3100.477
1,597.608,104.698,5.0,18.461,3101.504
1,597.808,104.698,5.0,18.437,3102.53
1,598.008,104.698,5.0,18.417,3103.554
1,598.208,104.698,5.0,18.401,3104.577
1,598.408,104.698,5.0,18.387,3105.599
1,598.608,104.698,5.0,18.377,3106.621
1,598.808,104.698,5.0,18.37,3107.642
1,599.008,104.697,5.0,18.366,3108.662
1,599.208,104.697,5.0,18.365,3109.683
1,599.408,104.697,5.0,18.367,3110.703
1,599.608,104.697,5.0,18.373,3111.723
1,599.808,104.697,5.0,18.383,3112.744
1,600.008,104.697,5.0,18.396,3113.765
1,600.208,104.697,5.0,18.413,3114.787
1,600.408,104.697,5.0,18.434,3115.81
1,600.608,104.697,5.0,18.458,3116.834
1,600.808,104.696,5.0,18.486,3117.86
1,601.008,104.696,5.0,18.518,3118.887
1,601.208,104.697,4.9588,18.553,3119.916
1,601.408,104.699,4.8548,18.588,3120.946
1,601.608,104.7,4.7549,18.621,3121.979
1,601.808,104.702,4.6584,18.65,3123.014
1,602.008,104.703,4.565,18.677,3124.05
1,602.208,104.705,4.475,18.701,3125.087
1,602.408,104.706,4.3929,18.723,3126.126
1,602.608,104.707,4.3132,18.743,3127.166
1,602.808,104.709,4.2357,18.761,3128.208
1,603.008,104.71,4.1602,18.778,3129.25
1,603.208,104.711,4.0884,18.793,3130.293
1,603.408,104.712,4.0234,18.806,3131.337
1,603.608,104.713,3.9598,18.819,3132.382
1,603.808,104.714,3.8977,18.83,3133.427
1,604.008,104.715,3.8368,18.84,3134.474
1,604.208,104.716,3.7827,18.85,3135.52
1,604.408,104.717,3.7354,18.858,3136.567
1,604.608,104.717,3.6891,18.866,3137.615
1,604.808,104.718,3.6437,18.873,3138.663
1,605.008,104.719,3.5991,18.88,3139.712
1,605.208,104.72,3.5523,18.886,3140.761
1,605.408,104.72,3.5051,18.891,3141.81
1,605.608,104.721,3.4585,18.896,3142.859
1,605.808,104.722,3.4124,18.901,3143.909
1,606.008,104.722,3.3668,18.905,3144.959
1,606.208,104.723,3.3244,18.909,3146.01
1,606.408,104.724,3.2824,18.912,3147.06
1,606.608,104.724,3.2408,18.915,3148.111
1,606.808,104.725,3.1996,18.918,3149.162
1,607.008,104.726,3.155,18.921,3150.213
1,607.208,104.727,3.0964,18.924,3151.264
1,607.408,104.728,3.0379,18.926,3152.315
1,607.608,104.729,2.9796,18.928,3153.367
1,607.808,104.73,2.9214,18.93,3154.418
1,608.008,104.73,2.8618,18.932,3155.47
1,608.208,104.732,2.8002,18.934,3156.522
1,608.408,104.733,2.7387,18.936,3157.574
1,608.608,104.734,2.6774,18.938,3158.626
1,608.808,104.735,2.6161,18.939,3159.678
1,609.008,104.736,2.5514,18.941,3160.73
1,609.208,104.737,2.4853,18.942,3161.782
1,609.408,104.738,2.4192,18.944,3162.834
1,609.608,104.739,2.3531,18.945,3163.887
1,609.808,104.74,2.2871,18.946,3164.939
1,610.008,104.741,2.2263,18.947,3165.992
1,610.208,104.742,2.1658,18.949,3167.045
1,610.408,104.743,2.1054,18.95,3168.097
1,610.608,104.744,2.045,18.951,3169.15
1,610.808,104.745,1.9852,18.952,3170.203
1,611.008,104.746,1.9274,18.953,3171.256
1,611.208,104.747,1.8697,18.954,3172.309
1,611.408,104.748,1.8121,18.955,3173.362
1,611.608,104.749,1.7545,18.956,3174.415
1,611.808,104.75,1.7027,18.956,3175.468
1,612.008,104.75,1.6582,18.957,3176.521
1,612.208,104.751,1.6137,18.958,3177.574
1,612.408,104.752,1.5693,18.959,3178.627
1,612.608,104.753,1.5249,18.959,3179.681
1,612.808,104.753,1.4843,18.96,3180.734
1,613.008,104.754,1.4452,18.96,3181.787
1,613.208,104.755,1.4062,18.961,3182.84
1,613.408,104.755,1.3673,18.962,3183.894
1,613.608,104.756,1.3284,18.962,3184.947
1,613.808,104.756,1.2925,18.963,3186.001
1,614.008,104.757,1.2569,18.963,3187.054
1,614.208,104.758,1.2213,18.964,3188.108
1,614.408,104.758,1.1857,18.964,3189.161
1,614.608,104.759,1.1501,18.964,3190.215
1,614.808,104.759,1.1143,18.965,3191.268
1,615.008,104.76,1.0784,18.965,3192.322
1,615.208,104.761,1.0426,18.965,3193.376
1,615.408,104.761,1.0069,18.966,3194.429
1,615.608,104.762,0.9763,18.966,3195.483
1,615.808,104.762,0.9519,18.966,3196.537
1,616.008,104.763,0.9275,18.967,3197.59
1,616.208,104.763,0.9031,18.967,3198.644
1,616.408,104.763,0.8787,18.967,3199.698
1,616.608,104.764,0.8534,18.967,3200.751
1,616.808,104.764,0.8276,18.968,3201.805
1,617.008,104.765,0.8019,18.968,3202.859
1,617.208,104.765,0.7762,18.968,3203.913
1,617.408,104.765,0.7505,18.968,3204.966
1,617.608,104.766,0.7368,18.968,3206.02
1,617.808,104.766,0.7235,18.969,3207.074
1,618.008,104.766,0.7102,18.969,3208.128
1,618.208,104.766,0.697,18.969,3209.182
1,618.408,104.767,0.6812,18.969,3210.235
1,618.608,104.767,0.6568,18.969,3211.289
1,618.808,104.767,0.6324,18.969,3212.343
1,619.008,104.768,0.6079,18.969,3213.397
1,619.208,104.768,0.5835,18.969,3214.451
1,619.408,104.769,0.5585,18.97,3215.505
1,619.608,104.769,0.5328,18.97,3216.559
1,619.808,104.77,0.5072,18.97,3217.612
1,620.008,104.77,0.4815,18.97,3218.666
1,620.208,104.77,0.4559,18.97,3219.72
1,620.408,104.771,0.4424,18.97,3220.774
1,620.608,104.771,0.4333,18.97,3221.828
1,620.808,104.771,0.4242,18.97,3222.882
1,621.008,104.771,0.4152,18.97,3223.936
1,621.208,104.771,0.4061,18.97,3224.99
1,621.408,104.771,0.4321,18.97,3226.044
1,621.608,104.77,0.4584,18.97,3227.098
1,621.808,104.77,0.4847,18.971,3228.151
1,622.008,104.769,0.511,18.971,3229.205
1,622.208,104.769,0.5442,18.971,3230.259
1,622.408,104.768,0.5979,18.971,3231.313
1,622.608,104.767,0.6518,18.971,3232.367
1,622.808,104.766,0.7056,18.971,3233.421
1,623.008,104.765,0.7595,18.971,3234.475
1,623.208,104.764,0.8011,18.97,3235.529
1,623.408,104.764,0.8305,18.97,3236.583
1,623.608,104.763,0.8599,18.97,3237.637
1,623.808,104.763,0.8893,18.97,3238.691
1,624.008,104.762,0.9187,18.97,3239.745
1,624.208,104.762,0.9467,18.97,3240.798
1,624.408,104.761,0.9743,18.97,3241.852
1,624.608,104.761,1.0019,18.97,3242.906
1,624.808,104.76,1.0295,18.97,3243.96
1,625.008,104.76,1.0572,18.97,3245.014
1,625.208,104.759,1.0897,18.97,3246.068
1,625.408,104.758,1.1223,18.969,3247.122
1,625.608,104.758,1.1549,18.969,3248.176
1,625.808,104.757,1.1875,18.969,3249.229
1,626.008,104.757,1.2237,18.969,3250.283
1,626.208,104.756,1.2695,18.969,3251.337
1,626.408,104.755,1.3154,18.969,3252.391
1,626.608,104.754,1.3612,18.969,3253.445
1,626.808,104.753,1.4071,18.968,3254.499
1,627.008,104.752,1.4536,18.968,3255.552
1,627.208,104.752,1.5006,18.968,3256.606
1,627.408,104.751,1.5476,18.968,3257.66
1,627.608,104.75,1.5946,18.968,3258.714
1,627.808,104.749,1.6416,18.967,3259.767
1,628.008,104.748,1.7053,18.967,3260.821
1,628.208,104.747,1.7738,18.967,3261.875
1,628.408,104.745,1.8422,18.966,3262.929
1,628.608,104.744,1.9107,18.966,3263.982
1,628.808,104.743,1.9794,18.966,3265.036
1,629.008,104.742,2.0518,18.965,3266.09
1,629.208,104.74,2.1243,18.965,3267.143
1,629.408,104.739,2.1968,18.964,3268.197
1,629.608,104.738,2.2693,18.964,3269.25
1,629.808,104.736,2.3457,18.963,3270.304
1,630.008,104.735,2.4319,18.963,3271.358
1,630.208,104.733,2.5181,18.962,3272.411
1,630.408,104.732,2.6043,18.962,3273.465
1,630.608,104.73,2.6906,18.961,3274.518
1,630.808,104.729,2.7733,18.96,3275.571
1,631.008,104.727,2.8528,18.959,3276.625
1,631.208,104.726,2.9324,18.959,3277.678
1,631.408,104.724,3.0121,18.958,3278.731
1,631.608,104.723,3.0917,18.957,3279.784
1,631.808,104.721,3.1729,18.956,3280.838
1,632.008,104.72,3.2545,18.955,3281.891
1,632.208,104.718,3.3361,18.954,3282.944
1,632.408,104.717,3.4178,18.953,3283.997
1,632.608,104.715,3.4984,18.952,3285.05
1,632.808,104.714,3.5574,18.951,3286.103
1,633.008,104.713,3.6163,18.95,3287.155
1,633.208,104.712,3.6752,18.949,3288.208
1,633.408,104.711,3.7341,18.948,3289.261
1,633.608,104.71,3.7917,18.946,3290.313
1,633.808,104.709,3.8463,18.945,3291.366
1,634.008,104.708,3.9009,18.944,3292.419
1,634.208,104.707,3.9555,18.943,3293.471
1,634.408,104.706,4.01,18.942,3294.523
1,634.608,104.705,4.0528,18.941,3295.576
1,634.808,104.704,4.0859,18.94,3296.628
1,635.008,104.703,4.1189,18.939,3297.68
1,635.208,104.703,4.1519,18.938,3298.732
1,635.408,104.702,4.1848,18.937,3299.785
1,635.608,104.701,4.2181,18.936,3300.837
1,635.808,104.701,4.2515,18.935,3301.889
1,636.008,104.7,4.2849,18.934,3302.941
1,636.208,104.699,4.3182,18.934,3303.993
1,636.408,104.699,4.3516,18.933,3305.044
1,636.608,104.698,4.3865,18.932,3306.096
1,636.808,104.697,4.4214,18.931,3307.148
1,637.008,104.697,4.4563,18.93,3308.2
1,637.208,104.696,4.4912,18.929,3309.251
1,637.408,104.695,4.526,18.929,3310.303
1,637.608,104.695,4.5608,18.928,3311.355
1,637.808,104.694,4.5955,18.927,3312.406
1,638.008,104.693,4.6302,18.926,3313.458
1,638.208,104.692,4.6649,18.925,3314.509
1,638.408,104.692,4.7044,18.925,3315.561
1,638.608,104.691,4.7481,18.924,3316.612
1,638.808,104.69,4.7918,18.923,3317.663
1,639.008,104.689,4.8356,18.922,3318.715
1,639.208,104.688,4.8793,18.921,3319.766
1,639.408,104.687,4.9272,18.92,3320.817
1,639.608,104.686,4.9764,18.919,3321.868
1,639.808,104.686,5.0,18.918,3322.919
1,640.008,104.686,5.0,18.916,3323.97
1,640.208,104.685,5.0,18.91,3325.021
1,640.408,104.685,5.0,18.902,3326.072
1,640.608,104.685,5.0,18.892,3327.122
1,640.808,104.685,5.0,18.879,3328.171
1,641.008,104.685,5.0,18.864,3329.22
1,641.208,104.685,5.0,18.848,3330.268
1,641.408,104.685,5.0,18.829,3331.315
1,641.608,104.685,5.0,18.81,3332.361
1,641.808,104.685,5.0,18.79,3333.406
1,642.008,104.684,5.0,18.769,3334.45
1,642.208,104.684,5.0,18.748,3335.493
1,642.408,104.684,5.0,18.726,3336.534
1,642.608,104.684,5.0,18.705,3337.575
1,642.808,104.684,5.0,18.685,3338.614
1,643.008,104.684,5.0,18.665,3339.652
1,643.208,104.684,5.0,18.645,3340.689
1,643.408,104.684,5.0,18.628,3341.725
1,643.608,104.684,5.0,18.612,3342.76
1,643.808,104.683,5.0,18.599,3343.794
1,644.008,104.683,5.0,18.588,3344.827
1,644.208,104.683,5.0,18.579,3345.86
1,644.408,104.683,5.0,18.574,3346.892
1,644.608,104.683,5.0,18.572,3347.924
1,644.808,104.683,5.0,18.574,3348.956
1,645.008,104.683,5.0,18.58,3349.987
1,645.208,104.683,5.0,18.589,3351.02
1,645.408,104.682,5.0,18.603,3352.052
1,645.608,104.682,5.0,18.622,3353.086
1,645.808,104.683,4.9731,18.645,3354.12
1,646.008,104.685,4.8583,18.671,3355.156
1,646.208,104.687,4.7416,18.695,3356.194
1,646.408,104.688,4.6272,18.717,3357.232
1,646.608,104.69,4.5149,18.737,3358.272
1,646.808,104.692,4.4047,18.756,3359.313
1,647.008,104.694,4.2946,18.772,3360.355
1,647.208,104.696,4.1832,18.788,3361.398
1,647.408,104.698,4.0733,18.802,3362.442
1,647.608,104.699,3.9648,18.814,3363.486
1,647.808,104.701,3.8574,18.826,3364.531
1,648.008,104.703,3.7578,18.837,3365.577
1,648.208,104.704,3.6645,18.847,3366.624
1,648.408,104.706,3.5723,18.856,3367.671
1,648.608,104.707,3.4809,18.864,3368.718
1,648.808,104.709,3.3903,18.872,3369.766
1,649.008,104.71,3.3172,18.879,3370.815
1,649.208,104.711,3.2496,18.886,3371.864
1,649.408,104.712,3.1827,18.892,3372.913
1,649.608,104.713,3.1164,18.897,3373.962
1,649.808,104.714,3.0507,18.902,3375.012
1,650.008,104.715,2.9878,18.907,3376.062
1,650.208,104.716,2.9252,18.911,3377.113
1,650.408,104.717,2.8632,18.915,3378.163
1,650.608,104.718,2.8015,18.918,3379.214
1,650.808,104.719,2.7426,18.922,3380.265
1,651.008,104.72,2.6915,18.925,3381.316
1,651.208,104.721,2.6408,18.928,3382.368
1,651.408,104.722,2.5903,18.93,3383.419
1,651.608,104.723,2.5401,18.933,3384.471
1,651.808,104.723,2.495,18.935,3385.523
1,652.008,104.724,2.4551,18.937,3386.575
1,652.208,104.725,2.4153,18.939,3387.627
1,652.408,104.725,2.3758,18.941,3388.679
1,652.608,104.726,2.3365,18.943,3389.731
1,652.808,104.727,2.2911,18.944,3390.784
1,653.008,104.727,2.2437,18.945,3391.836
1,653.208,104.728,2.1964,18.947,3392.889
1,653.408,104.729,2.1492,18.948,3393.941
1,653.608,104.73,2.1021,18.949,3394.994
1,653.808,104.731,2.0529,18.95,3396.047
1,654.008,104.731,2.0038,18.951,3397.1
1,654.208,104.732,1.9547,18.952,3398.152
1,654.408,104.733,1.9057,18.953,3399.205
1,654.608,104.734,1.8575,18.954,3400.258
1,654.808,104.735,1.8112,18.955,3401.311
1,655.008,104.735,1.765,18.956,3402.364
1,655.208,104.736,1.7189,18.957,3403.417
1,655.408,104.737,1.6728,18.957,3404.471
1,655.608,104.738,1.632,18.958,3405.524
1,655.808,104.738,1.5966,18.959,3406.577
1,656.008,104.739,1.5612,18.959,3407.63
1,656.208,104.739,1.5259,18.96,3408.684
1,656.408,104.74,1.4906,18.961,3409.737
1,656.608,104.74,1.4645,18.961,3410.79
1,656.808,104.741,1.4414,18.962,3411.844
1,657.008,104.741,1.4184,18.962,3412.897
1,657.208,104.741,1.3954,18.963,3413.951
1,657.408,104.742,1.3726,18.963,3415.004
1,657.608,104.742,1.3721,18.963,3416.058
1,657.808,104.742,1.3718,18.964,3417.111
1,658.008,104.742,1.3715,18.964,3418.165
1,658.208,104.742,1.3712,18.964,3419.218
1,658.408,104.741,1.3758,18.964,3420.272
1,658.608,104.741,1.3943,18.965,3421.325
1,658.808,104.741,1.4129,18.965,3422.379
1,659.008,104.74,1.4316,18.965,3423.433
1,659.208,104.74,1.4503,18.965,3424.486
1,659.408,104.74,1.4772,18.965,3425.54
1,659.608,104.739,1.5118,18.965,3426.593
1,659.808,104.738,1.5466,18.965,3427.647
1,660.008,104.738,1.5813,18.965,3428.701
1,660.208,104.737,1.6162,18.965,3429.754
1,660.408,104.736,1.6595,18.965,3430.808
1,660.608,104.735,1.7055,18.965,3431.862
1,660.808,104.735,1.7515,18.965,3432.915
1,661.008,104.734,1.7976,18.965,3433.969
1,661.208,104.733,1.8437,18.965,3435.022
1,661.408,104.732,1.8883,18.965,3436.076
1,661.608,104.731,1.9329,18.964,3437.13
1,661.808,104.73,1.9775,18.964,3438.183
1,662.008,104.73,2.0222,18.964,3439.237
1,662.208,104.729,2.0642,18.964,3440.29
1,662.408,104.728,2.0992,18.963,3441.344
1,662.608,104.727,2.1342,18.963,3442.397
1,662.808,104.727,2.1693,18.963,3443.451
1,663.008,104.726,2.2043,18.963,3444.504
1,663.208,104.726,2.2331,18.962,3445.558
1,663.408,104.725,2.2563,18.962,3446.611
1,663.608,104.725,2.2794,18.962,3447.665
1,663.808,104.724,2.3026,18.961,3448.718
1,664.008,104.724,2.3257,18.961,3449.772
1,664.208,104.724,2.327,18.961,3450.825
1,664.408,104.724,2.3221,18.96,3451.878
1,664.608,104.724,2.3172,18.96,3452.932
1,664.808,104.724,2.3123,18.96,3453.985
1,665.008,104.724,2.307,18.96,3455.038
1,665.208,104.724,2.2934,18.96,3456.092
1,665.408,104.724,2.2798,18.959,3457.145
1,665.608,104.724,2.2662,18.959,3458.198
1,665.808,104.725,2.2525,18.959,3459.252
1,666.008,104.725,2.2367,18.959,3460.305
1,666.208,104.725,2.2159,18.959,3461.358
1,666.408,104.725,2.1951,18.959,3462.411
1,666.608,104.726,2.1742,18.959,3463.465
1,666.808,104.726,2.1532,18.959,3464.518
1,667.008,104.727,2.1249,18.959,3465.571
1,667.208,104.727,2.0903,18.959,3466.625
1,667.408,104.728,2.0557,18.96,3467.678
1,667.608,104.728,2.021,18.96,3468.731
1,667.808,104.729,1.9863,18.96,3469.785
1,668.008,104.729,1.9615,18.96,3470.838
1,668.208,104.729,1.9393,18.96,3471.891
1,668.408,104.73,1.917,18.96,3472.945
1,668.608,104.73,1.8948,18.961,3473.998
1,668.808,104.731,1.8718,18.961,3475.051
1,669.008,104.731,1.8357,18.961,3476.105
1,669.208,104.732,1.7995,18.961,3477.158
1,669.408,104.732,1.7634,18.961,3478.211
1,669.608,104.733,1.7272,18.962,3479.265
1,669.808,104.733,1.6922,18.962,3480.318
1,670.008,104.734,1.6602,18.962,3481.372
1,670.208,104.734,1.6282,18.962,3482.425
1,670.408,104.735,1.5962,18.963,3483.479
1,670.608,104.736,1.5642,18.963,3484.532
1,670.808,104.736,1.5305,18.963,3485.586
1,671.008,104.737,1.4955,18.963,3486.639
1,671.208,104.737,1.4604,18.964,3487.693
1,671.408,104.738,1.4254,18.964,3488.746
1,671.608,104.738,1.3903,18.964,3489.8
1,671.808,104.739,1.3406,18.964,3490.853
1,672.008,104.74,1.2874,18.965,3491.907
1,672.208,104.741,1.2343,18.965,3492.96
1,672.408,104.742,1.1811,18.965,3494.014
1,672.608,104.743,1.1274,18.965,3495.068
1,672.808,104.744,1.0679,18.966,3496.121
1,673.008,104.745,1.0084,18.966,3497.175
1,673.208,104.746,0.9488,18.966,3498.229
1,673.408,104.747,0.8893,18.967,3499.282
1,673.608,104.748,0.8222,18.967,3500.336
1,673.808,104.749,0.7391,18.967,3501.39
1,674.008,104.751,0.656,18.967,3502.443
1,674.208,104.752,0.5729,18.968,3503.497
1,674.408,104.754,0.4898,18.968,3504.551
1,674.608,104.756,0.3396,18.968,3505.605
1,674.808,104.76,0.1395,18.969,3506.659
1,675.008,104.762,0.0,18.969,3507.712
1,675.208,104.762,0.0,18.973,3508.766
1,675.408,104.762,0.0,18.989,3509.82
1,675.608,104.762,0.0,19.018,3510.875
1,675.808,104.762,0.0,19.055,3511.932
1,676.008,104.762,0.0,19.1,3512.99
1,676.208,104.762,0.0,19.153,3514.051
1,676.408,104.762,0.0,19.213,3515.116
1,676.608,104.762,0.0,19.28,3516.183
1,676.808,104.762,0.0,19.352,3517.254
1,677.008,104.762,0.0,19.43,3518.329
1,677.208,104.762,0.0,19.512,3519.409
1,677.408,104.762,0.0,19.6,3520.493
1,677.608,104.762,0.0,19.691,3521.581
1,677.808,104.762,0.0,19.786,3522.675
1,678.008,104.762,0.0,19.883,3523.775
1,678.208,104.762,0.0,19.984,3524.879
1,678.408,104.762,0.0,20.088,3525.989
1,678.608,104.762,0.0,20.193,3527.105
1,678.808,104.762,0.0,20.299,3528.227
1,679.008,104.762,0.0,20.406,3529.355
1,679.208,104.762,0.0,20.514,3530.489
1,679.408,104.762,0.0,20.621,3531.628
1,679.608,104.762,0.0,20.728,3532.774
1,679.808,104.762,0.0,20.833,3533.926
1,680.008,104.762,0.0,20.937,3535.083
1,680.208,104.762,0.0,21.039,3536.246
1,680.408,104.762,0.0,21.138,3537.415
1,680.608,104.762,0.0,21.234,3538.589
1,680.808,104.762,0.0,21.326,3539.769
1,681.008,104.762,0.0,21.415,3540.954
1,681.208,104.762,0.0,21.5,3542.144
1,681.408,104.762,0.0,21.581,3543.338
1,681.608,104.762,0.0,21.657,3544.537
1,681.808,104.762,0.0,21.728,3545.74
1,682.008,104.762,0.0,21.794,3546.947
1,682.208,104.762,0.0,21.856,3548.158
1,682.408,104.762,0.0,21.912,3549.372
1,682.608,104.762,0.0,21.962,3550.59
1,682.808,104.762,0.0,22.008,3551.81
1,683.008,104.762,0.0,22.048,3553.032
1,683.208,104.762,0.0,22.082,3554.257
1,683.408,104.762,0.0,22.11,3555.484
1,683.608,104.762,0.0,22.133,3556.712
1,683.808,104.762,0.0,22.15,3557.942
1,684.008,104.762,0.0,22.16,3559.172
1,684.208,104.762,0.0,22.164,3560.404
1,684.408,104.762,0.0,22.162,3561.635
1,684.608,104.762,0.0,22.154,3562.866
1,684.808,104.762,0.0,22.14,3564.097
1,685.008,104.762,0.0,22.12,3565.327
1,685.208,104.762,0.0,22.094,3566.556
1,685.408,104.762,0.0,22.061,3567.783
1,685.608,104.762,0.0,22.022,3569.009
1,685.808,104.762,0.0,21.976,3570.232
1,686.008,104.762,0.0,21.925,3571.453
1,686.208,104.762,0.0,21.866,3572.671
1,686.408,104.762,0.0,21.8,3573.886
1,686.608,104.762,0.0,21.728,3575.097
1,686.808,104.762,0.0,21.648,3576.304
1,687.008,104.762,0.0,21.562,3577.507
1,687.208,104.762,0.0,21.468,3578.705
1,687.408,104.762,0.0,21.368,3579.898
1,687.608,104.762,0.0,21.26,3581.085
1,687.808,104.762,0.0,21.144,3582.266
1,688.008,104.762,0.0,21.022,3583.44
1,688.208,104.762,0.0,20.891,3584.608
1,688.408,104.762,0.0,20.754,3585.769
1,688.608,104.762,0.0,20.609,3586.922
1,688.808,104.759,0.1803,20.457,3588.067
1,689.008,104.753,0.5563,20.309,3589.203
1,689.208,104.747,0.899,20.175,3590.332
1,689.408,104.741,1.2085,20.054,3591.452
1,689.608,104.736,1.4948,19.946,3592.567
1,689.808,104.731,1.7607,19.848,3593.675
1,690.008,104.727,2.0087,19.759,3594.777
1,690.208,104.724,2.1676,19.68,3595.875
1,690.408,104.722,2.2948,19.608,3596.968
1,690.608,104.72,2.4104,19.543,3598.058
1,690.808,104.718,2.5157,19.484,3599.143
1,691.008,104.716,2.6126,19.431,3600.226
1,691.208,104.715,2.7045,19.384,3601.305
1,691.408,104.713,2.7891,19.341,3602.382
1,691.608,104.712,2.8672,19.302,3603.457
1,691.808,104.71,2.9395,19.267,3604.529
1,692.008,104.709,3.0168,19.235,3605.6
1,692.208,104.708,3.0975,19.207,3606.668
1,692.408,104.706,3.174,19.181,3607.735
1,692.608,104.705,3.2468,19.157,3608.801
1,692.808,104.704,3.3162,19.136,3609.865
1,693.008,104.702,3.3731,19.117,3610.928
1,693.208,104.701,3.4261,19.1,3611.99
1,693.408,104.7,3.4766,19.084,3613.051
1,693.608,104.7,3.5249,19.07,3614.112
1,693.808,104.699,3.5717,19.057,3615.171
1,694.008,104.698,3.6193,19.045,3616.23
1,694.208,104.697,3.6653,19.035,3617.288
1,694.408,104.696,3.7099,19.025,3618.345
1,694.608,104.695,3.7532,19.016,3619.402
1,694.808,104.694,3.791,19.008,3620.459
1,695.008,104.694,3.8219,19.001,3621.515
1,695.208,104.693,3.8518,18.994,3622.57
1,695.408,104.693,3.8809,18.988,3623.625
1,695.608,104.692,3.9093,18.983,3624.68
1,695.808,104.691,3.9349,18.978,3625.735
1,696.008,104.691,3.959,18.974,3626.789
1,696.208,104.69,3.9825,18.969,3627.843
1,696.408,104.69,4.0055,18.966,3628.897
1,696.608,104.69,4.0281,18.962,3629.951
1,696.808,104.689,4.0342,18.959,3631.004
1,697.008,104.689,4.0391,18.956,3632.058
1,697.208,104.689,4.0437,18.954,3633.111
1,697.408,104.689,4.0479,18.952,3634.164
1,697.608,104.689,4.0524,18.949,3635.217
1,697.808,104.688,4.0586,18.948,3636.269
1,698.008,104.688,4.0647,18.946,3637.322
1,698.208,104.688,4.0705,18.944,3638.375
1,698.408,104.688,4.0761,18.943,3639.427
1,698.608,104.688,4.0793,18.942,3640.479
1,698.808,104.688,4.0797,18.94,3641.532
1,699.008,104.687,4.08,18.939,3642.584
1,699.208,104.687,4.0801,18.938,3643.636
1,699.408,104.687,4.0801,18.938,3644.688
1,699.608,104.687,4.0766,18.937,3645.74
1,699.808,104.687,4.0716,18.936,3646.792
1,700.008,104.687,4.0666,18.936,3647.845
1,700.208,104.687,4.0614,18.935,3648.896
1,700.408,104.687,4.0561,18.935,3649.948
1,700.608,104.687,4.0407,18.934,3651.0
1,700.808,104.688,4.0247,18.934,3652.052
1,701.008,104.688,4.0085,18.934,3653.104
1,701.208,104.688,3.9923,18.933,3654.156
1,701.408,104.688,3.9757,18.933,3655.208
1,701.608,104.688,3.9576,18.933,3656.26
1,701.808,104.689,3.9395,18.933,3657.312
1,702.008,104.689,3.9213,18.933,3658.363
1,702.208,104.689,3.9031,18.933,3659.415
1,702.408,104.689,3.8839,18.933,3660.467
1,702.608,104.69,3.8636,18.933,3661.519
1,702.808,104.69,3.8433,18.933,3662.571
1,703.008,104.69,3.8229,18.933,3663.623
1,703.208,104.69,3.8024,18.934,3664.674
1,703.408,104.691,3.778,18.934,3665.726
1,703.608,104.691,3.7517,18.934,3666.778
1,703.808,104.692,3.7253,18.934,3667.83
1,704.008,104.692,3.699,18.935,3668.882
1,704.208,104.692,3.6726,18.935,3669.934
1,704.408,104.692,3.6705,18.935,3670.986
1,704.608,104.692,3.67,18.935,3672.038
1,704.808,104.692,3.6697,18.936,3673.09
1,705.008,104.692,3.6693,18.936,3674.142
2,705.208,104.695,3.5038,18.936,3675.194
2,705.408,104.695,3.4711,18.937,3676.246
2,705.608,104.696,3.4383,18.937,3677.298
2,705.808,104.696,3.4055,18.938,3678.35
2,706.008,104.697,3.3727,18.938,3679.402
2,706.208,104.697,3.3381,18.939,3680.454
2,706.408,104.698,3.3009,18.939,3681.506
2,706.608,104.698,3.2637,18.94,3682.558
2,706.808,104.699,3.2265,18.94,3683.611
2,707.008,104.7,3.1893,18.941,3684.663
2,707.208,104.7,3.1502,18.941,3685.715
2,707.408,104.701,3.1102,18.942,3686.767
2,707.608,104.701,3.0703,18.942,3687.82
2,707.808,104.702,3.0303,18.943,3688.872
2,708.008,104.703,2.9903,18.943,3689.924
2,708.208,104.703,2.9428,18.944,3690.977
2,708.408,104.704,2.8948,18.945,3692.029
2,708.608,104.705,2.8467,18.945,3693.082
2,708.808,104.706,2.7986,18.946,3694.134
2,709.008,104.707,2.7478,18.946,3695.187
2,709.208,104.708,2.6848,18.947,3696.239
2,709.408,104.709,2.6218,18.948,3697.292
2,709.608,104.71,2.5587,18.948,3698.345
2,709.808,104.711,2.4955,18.949,3699.397
2,710.008,104.712,2.4307,18.95,3700.45
2,710.208,104.713,2.3635,18.95,3701.503
2,710.408,104.714,2.2963,18.951,3702.556
2,710.608,104.715,2.2291,18.952,3703.608
2,710.808,104.716,2.1619,18.953,3704.661
2,711.008,104.717,2.0953,18.953,3705.714
2,711.208,104.718,2.029,18.954,3706.767
2,711.408,104.72,1.9627,18.955,3707.82
2,711.608,104.721,1.8964,18.955,3708.873
2,711.808,104.722,1.8302,18.956,3709.926
2,712.008,104.723,1.7667,18.957,3710.979
2,712.208,104.724,1.7034,18.958,3712.033
2,712.408,104.725,1.6401,18.958,3713.086
2,712.608,104.726,1.5768,18.959,3714.139
2,712.808,104.727,1.5139,18.959,3715.192
2,713.008,104.728,1.4522,18.96,3716.246
2,713.208,104.729,1.3906,18.961,3717.299
2,713.408,104.73,1.3289,18.961,3718.352
2,713.608,104.731,1.2673,18.962,3719.406
2,713.808,104.732,1.2083,18.962,3720.459
2,714.008,104.733,1.1525,18.963,3721.513
2,714.208,104.734,1.0967,18.963,3722.566
2,714.408,104.735,1.041,18.964,3723.62
2,714.608,104.736,0.9853,18.964,3724.673
2,714.808,104.737,0.9355,18.965,3725.727
2,715.008,104.738,0.8884,18.965,3726.78
2,715.208,104.738,0.8414,18.966,3727.834
2,715.408,104.739,0.7943,18.966,3728.888
2,715.608,104.74,0.7473,18.967,3729.941
2,715.808,104.741,0.7063,18.967,3730.995
2,716.008,104.741,0.6657,18.967,3732.049
2,716.208,104.742,0.6251,18.968,3733.103
2,716.408,104.743,0.5845,18.968,3734.156
2,716.608,104.744,0.5311,18.968,3735.21
2,716.808,104.746,0.426,18.968,3736.264
2,717.008,104.747,0.3209,18.969,3737.318
2,717.208,104.749,0.2158,18.969,3738.371
2,717.408,104.751,0.1107,18.969,3739.425
2,717.608,104.753,0.0185,18.969,3740.479
2,717.808,104.753,0.0,18.97,3741.533
2,718.008,104.753,0.0,18.973,3742.587
2,718.208,104.753,0.0,18.982,3743.641
2,718.408,104.753,0.0,18.995,3744.695
2,718.608,104.753,0.0,19.013,3745.751
2,718.808,104.753,0.0,19.033,3746.807
2,719.008,104.753,0.0,19.052,3747.864
2,719.208,104.753,0.0,19.072,3748.923
2,719.408,104.753,0.0,19.093,3749.982
2,719.608,104.753,0.0,19.113,3751.043
2,719.808,104.753,0.0,19.133,3752.105
2,720.008,104.753,0.0,19.152,3753.168
2,720.208,104.753,0.0,19.171,3754.232
2,720.408,104.753,0.0,19.19,3755.297
2,720.608,104.753,0.0,19.208,3756.363
2,720.808,104.753,0.0,19.225,3757.43
2,721.008,104.753,0.0,19.241,3758.498
2,721.208,104.753,0.0,19.256,3759.567
2,721.408,104.753,0.0,19.27,3760.637
2,721.608,104.753,0.0,19.282,3761.708
2,721.808,104.753,0.0,19.292,3762.779
2,722.008,104.753,0.0,19.301,3763.851
2,722.208,104.753,0.0,19.307,3764.923
2,722.408,104.753,0.0,19.311,3765.995
2,722.608,104.753,0.0,19.313,3767.068
2,722.808,104.753,0.0,19.312,3768.141
2,723.008,104.753,0.0,19.308,3769.214
2,723.208,104.753,0.0,19.301,3770.287
2,723.408,104.753,0.0,19.291,3771.359
2,723.608,104.753,0.0,19.278,3772.431
2,723.808,104.753,0.0,19.26,3773.502
2,724.008,104.753,0.0,19.239,3774.572
2,724.208,104.752,0.0727,19.215,3775.641
2,724.408,104.75,0.1814,19.19,3776.708
2,724.608,104.748,0.2859,19.168,3777.774
2,724.808,104.746,0.3866,19.149,3778.839
2,725.008,104.745,0.484,19.131,3779.903
2,725.208,104.742,0.6157,19.115,3780.966
2,725.408,104.74,0.7483,19.1,3782.028
2,725.608,104.738,0.8785,19.087,3783.089
2,725.808,104.735,1.0066,19.076,3784.149
2,726.008,104.733,1.1282,19.065,3785.209
2,726.208,104.731,1.23,19.055,3786.268
2,726.408,104.73,1.3303,19.047,3787.327
2,726.608,104.728,1.4292,19.039,3788.385
2,726.808,104.726,1.5269,19.031,3789.443
2,727.008,104.725,1.6096,19.025,3790.5
2,727.208,104.723,1.6759,19.019,3791.557
2,727.408,104.722,1.7414,19.013,3792.613
2,727.608,104.721,1.806,19.008,3793.67
2,727.808,104.72,1.87,19.004,3794.726
2,728.008,104.719,1.9311,19.0,3795.782
2,728.208,104.718,1.9908,18.996,3796.837
2,728.408,104.717,2.05,18.993,3797.892
2,728.608,104.716,2.1087,18.989,3798.948
2,728.808,104.715,2.1671,18.987,3800.002
2,729.008,104.714,2.2218,18.984,3801.057
2,729.208,104.713,2.2761,18.981,3802.112
2,729.408,104.712,2.3302,18.979,3803.166
2,729.608,104.711,2.384,18.977,3804.221
2,729.808,104.71,2.4347,18.975,3805.275
2,730.008,104.709,2.4769,18.973,3806.329
2,730.208,104.708,2.5189,18.971,3807.383
2,730.408,104.707,2.5608,18.97,3808.437
2,730.608,104.707,2.6025,18.968,3809.491
2,730.808,104.706,2.6412,18.967,3810.545
2,731.008,104.705,2.6773,18.966,3811.599
2,731.208,104.704,2.7132,18.965,3812.652
2,731.408,104.704,2.7491,18.963,3813.706
2,731.608,104.703,2.7848,18.962,3814.76
2,731.808,104.703,2.8084,18.961,3815.813
2,732.008,104.702,2.8283,18.96,3816.866
2,732.208,104.702,2.8481,18.959,3817.92
2,732.408,104.701,2.8678,18.959,3818.973
2,732.608,104.701,2.8871,18.958,3820.026
2,732.808,104.701,2.8932,18.957,3821.08
2,733.008,104.701,2.8992,18.957,3822.133
2,733.208,104.7,2.9051,18.956,3823.186
2,733.408,104.7,2.9109,18.955,3824.239
2,733.608,104.7,2.9113,18.955,3825.292
2,733.808,104.7,2.8976,18.954,3826.345
2,734.008,104.701,2.8839,18.954,3827.398
2,734.208,104.701,2.87,18.954,3828.451
2,734.408,104.701,2.8561,18.953,3829.504
2,734.608,104.701,2.8371,18.953,3830.557
2,734.808,104.702,2.8136,18.953,3831.61
2,735.008,104.702,2.7899,18.953,3832.663
2,735.208,104.702,2.7662,18.953,3833.716
2,735.408,104.703,2.7425,18.953,3834.769
2,735.608,104.703,2.7028,18.953,3835.822
2,735.808,104.704,2.6586,18.953,3836.875
2,736.008,104.705,2.6143,18.953,3837.928
2,736.208,104.705,2.5699,18.953,3838.981
2,736.408,104.706,2.5255,18.953,3840.034
2,736.608,104.707,2.48,18.954,3841.086
2,736.808,104.707,2.4345,18.954,3842.139
2,737.008,104.708,2.389,18.954,3843.192
2,737.208,104.709,2.3434,18.954,3844.245
2,737.408,104.71,2.2939,18.955,3845.298
2,737.608,104.711,2.2345,18.955,3846.352
2,737.808,104.712,2.1751,18.955,3847.405
2,738.008,104.713,2.1156,18.956,3848.458
2,738.208,104.714,2.056,18.956,3849.511
2,738.408,104.715,1.9997,18.957,3850.564
2,738.608,104.716,1.9461,18.957,3851.617
2,738.808,104.716,1.8925,18.958,3852.67
2,739.008,104.717,1.8388,18.958,3853.723
2,739.208,104.718,1.7852,18.959,3854.777
2,739.408,104.719,1.7307,18.959,3855.83
2,739.608,104.72,1.6759,18.96,3856.883
2,739.808,104.721,1.6212,18.96,3857.937
2,740.008,104.722,1.5664,18.961,3858.99
2,740.208,104.723,1.5114,18.961,3860.043
2,740.408,104.724,1.4503,18.962,3861.097
2,740.608,104.725,1.3892,18.962,3862.15
2,740.808,104.726,1.3281,18.962,3863.204
2,741.008,104.727,1.267,18.963,3864.257
2,741.208,104.728,1.2104,18.963,3865.31
2,741.408,104.729,1.1645,18.964,3866.364
2,741.608,104.729,1.1187,18.964,3867.418
2,741.808,104.73,1.0728,18.965,3868.471
2,742.008,104.731,1.027,18.965,3869.525
2,742.208,104.732,0.9728,18.965,3870.578
2,742.408,104.733,0.9117,18.966,3871.632
2,742.608,104.734,0.8507,18.966,3872.686
2,742.808,104.735,0.7897,18.966,3873.739
2,743.008,104.736,0.7287,18.967,3874.793
2,743.208,104.737,0.6543,18.967,3875.847
2,743.408,104.739,0.5766,18.967,3876.9
2,743.608,104.74,0.499,18.968,3877.954
2,743.808,104.741,0.4213,18.968,3879.008
2,744.008,104.743,0.3388,18.968,3880.062
2,744.208,104.746,0.1784,18.969,3881.116
2,744.408,104.748,0.0181,18.969,3882.169
2,744.608,104.749,0.0,18.969,3883.223
2,744.808,104.749,0.0,18.978,3884.277
2,745.008,104.749,0.0,18.997,3885.331
2,745.208,104.749,0.0,19.025,3886.387
2,745.408,104.749,0.0,19.058,3887.444
2,745.608,104.749,0.0,19.096,3888.502
2,745.808,104.749,0.0,19.139,3889.563
2,746.008,104.749,0.0,19.188,3890.627
2,746.208,104.749,0.0,19.24,3891.693
2,746.408,104.749,0.0,19.297,3892.761
2,746.608,104.749,0.0,19.357,3893.834
2,746.808,104.749,0.0,19.421,3894.909
2,747.008,104.749,0.0,19.489,3895.988
2,747.208,104.749,0.0,19.559,3897.071
2,747.408,104.749,0.0,19.632,3898.157
2,747.608,104.749,0.0,19.707,3899.248
2,747.808,104.749,0.0,19.784,3900.343
2,748.008,104.749,0.0,19.864,3901.442
2,748.208,104.749,0.0,19.944,3902.545
2,748.408,104.749,0.0,20.026,3903.653
2,748.608,104.749,0.0,20.108,3904.766
2,748.808,104.749,0.0,20.192,3905.883
2,749.008,104.749,0.0,20.276,3907.005
2,749.208,104.749,0.0,20.359,3908.131
2,749.408,104.749,0.0,20.441,3909.262
2,749.608,104.749,0.0,20.522,3910.398
2,749.808,104.749,0.0,20.602,3911.538
2,750.008,104.749,0.0,20.679,3912.683
2,750.208,104.749,0.0,20.753,3913.831
2,750.408,104.749,0.0,20.824,3914.984
2,750.608,104.749,0.0,20.892,3916.141
2,750.808,104.749,0.0,20.956,3917.302
2,751.008,104.749,0.0,21.014,3918.466
2,751.208,104.749,0.0,21.069,3919.634
2,751.408,104.749,0.0,21.118,3920.804
2,751.608,104.749,0.0,21.163,3921.977
2,751.808,104.749,0.0,21.201,3923.153
2,752.008,104.749,0.0,21.234,3924.331
2,752.208,104.749,0.0,21.262,3925.511
2,752.408,104.749,0.0,21.283,3926.692
2,752.608,104.749,0.0,21.298,3927.874
2,752.808,104.749,0.0,21.307,3929.057
2,753.008,104.749,0.0,21.31,3930.241
2,753.208,104.749,0.0,21.307,3931.425
2,753.408,104.749,0.0,21.296,3932.609
2,753.608,104.749,0.0,21.279,3933.792
2,753.808,104.749,0.0,21.254,3934.974
2,754.008,104.749,0.0,21.222,3936.155
2,754.208,104.749,0.0,21.183,3937.334
2,754.408,104.749,0.0,21.137,3938.511
2,754.608,104.749,0.0,21.083,3939.685
2,754.808,104.749,0.0,21.022,3940.856
2,755.008,104.749,0.0,20.952,3942.024
2,755.208,104.749,0.0,20.874,3943.188
2,755.408,104.749,0.0,20.788,3944.348
2,755.608,104.749,0.0,20.693,3945.503
2,755.808,104.749,0.0,20.59,3946.652
2,756.008,104.749,0.0,20.477,3947.796
2,756.208,104.749,0.0,20.355,3948.934
2,756.408,104.744,0.2568,20.224,3950.065
2,756.608,104.738,0.6328,20.099,3951.188
2,756.808,104.732,0.9831,19.986,3952.305
2,757.008,104.726,1.3109,19.884,3953.415
2,757.208,104.72,1.6189,19.792,3954.52
2,757.408,104.716,1.8732,19.71,3955.619
2,757.608,104.712,2.0845,19.635,3956.714
2,757.808,104.709,2.2829,19.568,3957.805
2,758.008,104.705,2.4698,19.507,3958.892
2,758.208,104.702,2.6466,19.452,3959.976
2,758.408,104.7,2.7922,19.402,3961.057
2,758.608,104.697,2.9294,19.357,3962.134
2,758.808,104.695,3.0595,19.316,3963.21
2,759.008,104.693,3.1834,19.28,3964.283
2,759.208,104.69,3.3134,19.246,3965.354
2,759.408,104.688,3.4619,19.216,3966.423
2,759.608,104.685,3.6059,19.189,3967.491
2,759.808,104.683,3.7459,19.164,3968.557
2,760.008,104.68,3.8822,19.141,3969.622
2,760.208,104.678,4.0149,19.12,3970.685
2,760.408,104.675,4.1445,19.102,3971.747
2,760.608,104.673,4.2715,19.084,3972.808
2,760.808,104.671,4.3962,19.069,3973.869
2,761.008,104.669,4.5188,19.054,3974.928
2,761.208,104.667,4.6244,19.041,3975.987
2,761.408,104.665,4.7272,19.029,3977.044
2,761.608,104.663,4.8285,19.017,3978.102
2,761.808,104.661,4.9284,19.007,3979.158
2,762.008,104.66,5.0,18.997,3980.214
2,762.208,104.66,5.0,18.987,3981.269
2,762.408,104.659,5.0,18.972,3982.324
2,762.608,104.659,5.0,18.953,3983.378
2,762.808,104.659,5.0,18.93,3984.431
2,763.008,104.659,5.0,18.902,3985.483
2,763.208,104.659,5.0,18.871,3986.533
2,763.408,104.659,5.0,18.837,3987.581
2,763.608,104.659,5.0,18.801,3988.628
2,763.808,104.659,5.0,18.763,3989.672
2,764.008,104.659,5.0,18.722,3990.715
2,764.208,104.658,5.0,18.68,3991.755
2,764.408,104.658,5.0,18.637,3992.793
2,764.608,104.658,5.0,18.592,3993.828
2,764.808,104.658,5.0,18.546,3994.861
2,765.008,104.658,5.0,18.498,3995.891
2,765.208,104.658,5.0,18.451,3996.919
2,765.408,104.658,5.0,18.404,3997.944
2,765.608,104.658,5.0,18.357,3998.966
2,765.808,104.657,5.0,18.31,3999.986
2,766.008,104.657,5.0,18.263,4001.004
2,766.208,104.657,5.0,18.217,4002.018
2,766.408,104.657,5.0,18.171,4003.03
2,766.608,104.657,5.0,18.125,4004.04
2,766.808,104.657,5.0,18.08,4005.047
2,767.008,104.657,5.0,18.036,4006.051
2,767.208,104.657,5.0,17.992,4007.053
2,767.408,104.657,5.0,17.95,4008.053
2,767.608,104.656,5.0,17.91,4009.05
2,767.808,104.656,5.0,17.87,4010.045
2,768.008,104.656,5.0,17.832,4011.038
2,768.208,104.656,5.0,17.796,4012.028
2,768.408,104.656,5.0,17.761,4013.017
2,768.608,104.656,5.0,17.727,4014.004
2,768.808,104.656,5.0,17.694,4014.989
2,769.008,104.656,5.0,17.663,4015.972
2,769.208,104.656,5.0,17.634,4016.953
2,769.408,104.655,5.0,17.607,4017.933
2,769.608,104.655,5.0,17.581,4018.911
2,769.808,104.655,5.0,17.557,4019.887
2,770.008,104.655,5.0,17.535,4020.863
2,770.208,104.655,5.0,17.516,4021.837
2,770.408,104.655,5.0,17.498,4022.81
2,770.608,104.655,5.0,17.484,4023.782
2,770.808,104.655,5.0,17.472,4024.754
2,771.008,104.655,5.0,17.462,4025.724
2,771.208,104.654,5.0,17.456,4026.694
2,771.408,104.654,5.0,17.452,4027.664
2,771.608,104.654,5.0,17.451,4028.634
2,771.808,104.654,5.0,17.453,4029.603
2,772.008,104.654,5.0,17.458,4030.573
2,772.208,104.654,5.0,17.466,4031.543
2,772.408,104.654,5.0,17.477,4032.513
2,772.608,104.654,5.0,17.492,4033.484
2,772.808,104.654,5.0,17.509,4034.456
2,773.008,104.653,5.0,17.529,4035.429
2,773.208,104.653,5.0,17.553,4036.402
2,773.408,104.653,5.0,17.579,4037.378
2,773.608,104.653,5.0,17.609,4038.354
2,773.808,104.653,5.0,17.641,4039.332
2,774.008,104.653,5.0,17.677,4040.313
2,774.208,104.653,5.0,17.715,4041.295
2,774.408,104.653,5.0,17.757,4042.279
2,774.608,104.652,5.0,17.801,4043.265
2,774.808,104.652,5.0,17.849,4044.254
2,775.008,104.652,5.0,17.9,4045.246
2,775.208,104.652,5.0,17.953,4046.24
2,775.408,104.652,5.0,18.011,4047.238
2,775.608,104.652,5.0,18.072,4048.238
2,775.808,104.652,5.0,18.136,4049.242
2,776.008,104.652,4.9821,18.204,4050.25
2,776.208,104.655,4.8155,18.275,4051.261
2,776.408,104.657,4.6556,18.338,4052.276
2,776.608,104.66,4.5019,18.396,4053.295
2,776.808,104.662,4.3539,18.448,4054.317
2,777.008,104.665,4.2114,18.496,4055.342
2,777.208,104.667,4.0745,18.539,4056.37
2,777.408,104.669,3.9421,18.578,4057.4
2,777.608,104.672,3.8138,18.613,4058.432
2,777.808,104.674,3.6892,18.645,4059.466
2,778.008,104.676,3.5705,18.675,4060.502
2,778.208,104.677,3.4574,18.701,4061.539
2,778.408,104.679,3.3472,18.725,4062.578
2,778.608,104.681,3.2397,18.747,4063.618
2,778.808,104.683,3.1346,18.767,4064.66
2,779.008,104.685,3.0357,18.785,4065.702
2,779.208,104.686,2.9407,18.801,4066.746
2,779.408,104.688,2.8476,18.816,4067.791
2,779.608,104.689,2.7563,18.829,4068.836
2,779.808,104.691,2.6664,18.842,4069.882
2,780.008,104.692,2.5959,18.853,4070.929
2,780.208,104.693,2.5291,18.863,4071.976
2,780.408,104.694,2.4634,18.872,4073.024
2,780.608,104.695,2.3989,18.881,4074.072
2,780.808,104.696,2.3363,18.888,4075.121
2,781.008,104.697,2.2815,18.895,4076.171
2,781.208,104.698,2.2276,18.902,4077.221
2,781.408,104.699,2.1744,18.907,4078.271
2,781.608,104.7,2.122,18.913,4079.321
2,781.808,104.7,2.0761,18.917,4080.372
2,782.008,104.701,2.0417,18.922,4081.423
2,782.208,104.701,2.0078,18.926,4082.474
2,782.408,104.702,1.9744,18.929,4083.525
2,782.608,104.703,1.9415,18.932,4084.577
2,782.808,104.703,1.9153,18.935,4085.629
2,783.008,104.703,1.8938,18.938,4086.681
2,783.208,104.704,1.8727,18.941,4087.733
2,783.408,104.704,1.8519,18.943,4088.785
2,783.608,104.704,1.8314,18.945,4089.837
2,783.808,104.705,1.8106,18.947,4090.89
2,784.008,104.705,1.7899,18.948,4091.943
2,784.208,104.705,1.7695,18.95,4092.995
2,784.408,104.706,1.7492,18.951,4094.048
2,784.608,104.706,1.7295,18.952,4095.101
2,784.808,104.706,1.7134,18.954,4096.154
2,785.008,104.706,1.6974,18.955,4097.207
2,785.208,104.707,1.6816,18.956,4098.26
2,785.408,104.707,1.6659,18.956,4099.313
2,785.608,104.707,1.6474,18.957,4100.366
2,785.808,104.707,1.6237,18.958,4101.419
2,786.008,104.708,1.6001,18.959,4102.472
2,786.208,104.708,1.5765,18.959,4103.526
2,786.408,104.709,1.553,18.96,4104.579
2,786.608,104.709,1.5282,18.96,4105.632
2,786.808,104.709,1.5026,18.961,4106.686
2,787.008,104.71,1.4771,18.961,4107.739
2,787.208,104.71,1.4516,18.962,4108.792
2,787.408,104.711,1.4261,18.962,4109.846
2,787.608,104.711,1.4093,18.963,4110.899
2,787.808,104.711,1.3939,18.963,4111.953
2,788.008,104.711,1.3786,18.963,4113.006
2,788.208,104.712,1.3633,18.964,4114.06
2,788.408,104.712,1.3501,18.964,4115.113
2,788.608,104.712,1.3537,18.964,4116.167
2,788.808,104.712,1.3574,18.965,4117.221
2,789.008,104.711,1.3612,18.965,4118.274
2,789.208,104.711,1.365,18.965,4119.328
2,789.408,104.711,1.3736,18.965,4120.381
2,789.608,104.711,1.3909,18.965,4121.435
2,789.808,104.711,1.4082,18.965,4122.489
2,790.008,104.71,1.4255,18.966,4123.542
2,790.208,104.71,1.4429,18.966,4124.596
2,790.408,104.709,1.4734,18.966,4125.65
2,790.608,104.709,1.5122,18.966,4126.703
2,790.808,104.708,1.551,18.966,4127.757
2,791.008,104.707,1.5899,18.966,4128.811
2,791.208,104.706,1.6288,18.966,4129.864
2,791.408,104.705,1.6898,18.966,4130.918
2,791.608,104.704,1.7542,18.965,4131.971
2,791.808,104.703,1.8186,18.965,4133.025
2,792.008,104.702,1.8831,18.965,4134.079
2,792.208,104.701,1.9471,18.965,4135.132
2,792.408,104.7,2.0074,18.965,4136.186
2,792.608,104.699,2.0677,18.964,4137.24
2,792.808,104.697,2.128,18.964,4138.293
2,793.008,104.696,2.1884,18.964,4139.347
2,793.208,104.695,2.252,18.963,4140.4
2,793.408,104.694,2.3208,18.963,4141.454
2,793.608,104.693,2.3896,18.962,4142.507
2,793.808,104.691,2.4585,18.962,4143.561
2,794.008,104.69,2.5274,18.961,4144.614
2,794.208,104.689,2.5858,18.961,4145.667
2,794.408,104.688,2.638,18.96,4146.721
2,794.608,104.687,2.6902,18.959,4147.774
2,794.808,104.686,2.7425,18.959,4148.827
2,795.008,104.685,2.7948,18.958,4149.881
2,795.208,104.685,2.8298,18.958,4150.934
2,795.408,104.684,2.8627,18.957,4151.987
2,795.608,104.683,2.8955,18.956,4153.04
2,795.808,104.683,2.9283,18.956,4154.093
2,796.008,104.682,2.9578,18.955,4155.147
2,796.208,104.682,2.9665,18.955,4156.2
2,796.408,104.682,2.9751,18.954,4157.253
2,796.608,104.681,2.9836,18.954,4158.306
2,796.808,104.681,2.9922,18.953,4159.359
2,797.008,104.681,2.9946,18.953,4160.412
2,797.208,104.681,2.9875,18.953,4161.465
2,797.408,104.681,2.9803,18.952,4162.517
2,797.608,104.681,2.9731,18.952,4163.57
2,797.808,104.681,2.9658,18.952,4164.623
2,798.008,104.682,2.9498,18.951,4165.676
2,798.208,104.682,2.9288,18.951,4166.729
2,798.408,104.682,2.9078,18.951,4167.782
2,798.608,104.682,2.8868,18.951,4168.835
2,798.808,104.683,2.8657,18.951,4169.888
2,799.008,104.683,2.8405,18.951,4170.94
2,799.208,104.683,2.8147,18.951,4171.993
2,799.408,104.684,2.7889,18.951,4173.046
2,799.608,104.684,2.763,18.951,4174.099
2,799.808,104.685,2.7371,18.951,4175.152
2,800.008,104.685,2.7111,18.952,4176.205
2,800.208,104.685,2.6851,18.952,4177.257
2,800.408,104.686,2.659,18.952,4178.31
2,800.608,104.686,2.6329,18.952,4179.363
2,800.808,104.687,2.6082,18.952,4180.416
2,801.008,104.687,2.5856,18.953,4181.469
2,801.208,104.687,2.563,18.953,4182.522
2,801.408,104.688,2.5404,18.953,4183.575
2,801.608,104.688,2.5177,18.953,4184.628
2,801.808,104.688,2.4971,18.953,4185.681
2,802.008,104.688,2.4776,18.954,4186.734
2,802.208,104.689,2.4581,18.954,4187.787
2,802.408,104.689,2.4386,18.954,4188.84
2,802.608,104.689,2.4191,18.954,4189.893
2,802.808,104.69,2.3954,18.955,4190.946
2,803.008,104.69,2.3713,18.955,4191.999
2,803.208,104.69,2.3472,18.955,4193.052
2,803.408,104.691,2.3231,18.955,4194.105
2,803.608,104.691,2.2978,18.956,4195.158
2,803.808,104.692,2.2658,18.956,4196.211
2,804.008,104.692,2.2337,18.956,4197.264
2,804.208,104.693,2.2016,18.957,4198.317
2,804.408,104.693,2.1695,18.957,4199.37
2,804.608,104.694,2.1344,18.957,4200.424
2,804.808,104.694,2.0948,18.957,4201.477
2,805.008,104.695,2.0552,18.958,4202.53
2,805.208,104.696,2.0156,18.958,4203.583
2,805.408,104.696,1.9759,18.958,4204.636
2,805.608,104.697,1.9421,18.959,4205.69
2,805.808,104.697,1.9113,18.959,4206.743
2,806.008,104.698,1.8805,18.959,4207.796
2,806.208,104.698,1.8497,18.96,4208.849
2,806.408,104.699,1.8189,18.96,4209.903
2,806.608,104.699,1.7982,18.96,4210.956
2,806.808,104.699,1.7786,18.961,4212.009
2,807.008,104.7,1.759,18.961,4213.063
2,807.208,104.7,1.7394,18.961,4214.116
2,807.408,104.7,1.7236,18.961,4215.17
2,807.608,104.7,1.7281,18.962,4216.223
2,807.808,104.7,1.7325,18.962,4217.276
2,808.008,104.7,1.7371,18.962,4218.33
2,808.208,104.7,1.7416,18.962,4219.383
2,808.408,104.7,1.7543,18.962,4220.437
2,808.608,104.699,1.7786,18.963,4221.49
2,808.808,104.699,1.8029,18.963,4222.544
2,809.008,104.698,1.8273,18.963,4223.597
2,809.208,104.698,1.8517,18.963,4224.651
2,809.408,104.697,1.8958,18.963,4225.704
2,809.608,104.696,1.9496,18.963,4226.758
2,809.808,104.695,2.0034,18.963,4227.811
2,810.008,104.694,2.0574,18.963,4228.865
2,810.208,104.693,2.1114,18.962,4229.918
2,810.408,104.691,2.1928,18.962,4230.972
2,810.608,104.69,2.2766,18.962,4232.025
2,810.808,104.688,2.3605,18.962,4233.079
2,811.008,104.687,2.4445,18.961,4234.132
2,811.208,104.685,2.5325,18.961,4235.185
2,811.408,104.683,2.639,18.96,4236.239
2,811.608,104.682,2.7455,18.96,4237.292
2,811.808,104.68,2.8522,18.959,4238.345
2,812.008,104.678,2.959,18.958,4239.399
2,812.208,104.676,3.0698,18.957,4240.452
2,812.408,104.674,3.186,18.956,4241.505
2,812.608,104.672,3.3022,18.955,4242.558
2,812.808,104.669,3.4185,18.954,4243.611
2,813.008,104.667,3.5349,18.953,4244.664
2,813.208,104.665,3.6516,18.952,4245.717
2,813.408,104.663,3.7686,18.95,4246.77
2,813.608,104.661,3.8856,18.949,4247.823
2,813.808,104.659,4.0027,18.948,4248.876
2,814.008,104.657,4.1198,18.946,4249.928
2,814.208,104.655,4.2296,18.944,4250.981
2,814.408,104.653,4.3389,18.943,4252.033
2,814.608,104.651,4.4483,18.941,4253.086
2,814.808,104.649,4.5577,18.939,4254.138
2,815.008,104.647,4.6641,18.937,4255.19
2,815.208,104.645,4.7565,18.935,4256.242
2,815.408,104.643,4.849,18.933,4257.294
2,815.608,104.642,4.9414,18.931,4258.346
2,815.808,104.64,5.0,18.929,4259.398
2,816.008,104.64,5.0,18.925,4260.449
2,816.208,104.64,5.0,18.916,4261.501
2,816.408,104.64,5.0,18.902,4262.552
2,816.608,104.64,5.0,18.884,4263.602
2,816.808,104.64,5.0,18.862,4264.651
2,817.008,104.64,5.0,18.836,4265.699
2,817.208,104.64,5.0,18.806,4266.745
2,817.408,104.64,5.0,18.773,4267.79
2,817.608,104.639,5.0,18.736,4268.833
2,817.808,104.639,5.0,18.696,4269.874
2,818.008,104.639,5.0,18.653,4270.912
2,818.208,104.639,5.0,18.607,4271.949
2,818.408,104.639,5.0,18.558,4272.982
2,818.608,104.639,5.0,18.506,4274.013
2,818.808,104.639,5.0,18.452,4275.041
2,819.008,104.639,5.0,18.395,4276.067
2,819.208,104.639,5.0,18.337,4277.089
2,819.408,104.638,5.0,18.276,4278.107
2,819.608,104.638,5.0,18.214,4279.123
2,819.808,104.638,5.0,18.15,4280.134
2,820.008,104.638,5.0,18.085,4281.143
2,820.208,104.638,5.0,18.019,4282.148
2,820.408,104.638,5.0,17.952,4283.149
2,820.608,104.638,5.0,17.883,4284.146
2,820.808,104.638,5.0,17.814,4285.139
2,821.008,104.638,5.0,17.744,4286.129
2,821.208,104.637,5.0,17.674,4287.115
2,821.408,104.637,5.0,17.606,4288.097
2,821.608,104.637,5.0,17.538,4289.075
2,821.808,104.637,5.0,17.471,4290.049
2,822.008,104.637,5.0,17.405,4291.02
2,822.208,104.637,5.0,17.342,4291.987
2,822.408,104.637,5.0,17.28,4292.95
2,822.608,104.637,5.0,17.222,4293.91
2,822.808,104.636,5.0,17.165,4294.867
2,823.008,104.636,5.0,17.111,4295.821
2,823.208,104.636,5.0,17.061,4296.771
2,823.408,104.636,5.0,17.015,4297.719
2,823.608,104.636,5.0,16.973,4298.664
2,823.808,104.636,5.0,16.936,4299.607
2,824.008,104.636,5.0,16.902,4300.548
2,824.208,104.636,5.0,16.874,4301.487
2,824.408,104.636,5.0,16.851,4302.425
2,824.608,104.635,5.0,16.834,4303.361
2,824.808,104.635,5.0,16.822,4304.296
2,825.008,104.635,5.0,16.816,4305.231
2,825.208,104.635,5.0,16.815,4306.165
2,825.408,104.635,5.0,16.821,4307.099
2,825.608,104.635,5.0,16.833,4308.034
2,825.808,104.635,5.0,16.851,4308.969
2,826.008,104.635,5.0,16.876,4309.905
2,826.208,104.635,5.0,16.906,4310.842
2,826.408,104.634,5.0,16.942,4311.782
2,826.608,104.634,5.0,16.985,4312.723
2,826.808,104.634,5.0,17.034,4313.667
2,827.008,104.634,5.0,17.089,4314.613
2,827.208,104.634,5.0,17.15,4315.562
2,827.408,104.634,5.0,17.217,4316.515
2,827.608,104.634,5.0,17.29,4317.472
2,827.808,104.634,5.0,17.369,4318.432
2,828.008,104.634,5.0,17.455,4319.397
2,828.208,104.633,5.0,17.546,4320.367
2,828.408,104.633,5.0,17.642,4321.342
2,828.608,104.633,5.0,17.745,4322.322
2,828.808,104.635,4.8661,17.853,4323.308
2,829.008,104.64,4.6168,17.959,4324.299
2,829.208,104.644,4.378,18.055,4325.297
2,829.408,104.648,4.1517,18.141,4326.3
2,829.608,104.651,3.9332,18.22,4327.308
2,829.808,104.655,3.7218,18.291,4328.32
2,830.008,104.658,3.5171,18.356,4329.336
2,830.208,104.662,3.3239,18.414,4330.356
2,830.408,104.665,3.1463,18.467,4331.379
2,830.608,104.667,2.9743,18.515,4332.405
2,830.808,104.67,2.8073,18.558,4333.434
2,831.008,104.673,2.6451,18.598,4334.465
2,831.208,104.676,2.4985,18.633,4335.498
2,831.408,104.678,2.3683,18.665,4336.533
2,831.608,104.68,2.2418,18.695,4337.57
2,831.808,104.682,2.1188,18.721,4338.609
2,832.008,104.684,1.999,18.745,4339.649
2,832.208,104.686,1.897,18.767,4340.69
2,832.408,104.687,1.8053,18.786,4341.733
2,832.608,104.689,1.7161,18.804,4342.776
2,832.808,104.69,1.6292,18.82,4343.821
2,833.008,104.692,1.5444,18.834,4344.867
2,833.208,104.693,1.4743,18.847,4345.913
2,833.408,104.694,1.4077,18.859,4346.96
2,833.608,104.695,1.3428,18.87,4348.008
2,833.808,104.696,1.2793,18.88,4349.056
2,834.008,104.697,1.219,18.888,4350.105
2,834.208,104.698,1.1769,18.896,4351.154
2,834.408,104.699,1.136,18.904,4352.204
2,834.608,104.699,1.0961,18.91,4353.254
2,834.808,104.7,1.0571,18.916,4354.305
2,835.008,104.701,1.0191,18.921,4355.356
2,835.208,104.701,0.9821,18.926,4356.407
2,835.408,104.702,0.9459,18.93,4357.458
2,835.608,104.702,0.9102,18.934,4358.51
2,835.808,104.703,0.8751,18.938,4359.562
2,836.008,104.703,0.8499,18.941,4360.614
2,836.208,104.704,0.8318,18.944,4361.666
2,836.408,104.704,0.8142,18.946,4362.719
2,836.608,104.704,0.7969,18.949,4363.771
2,836.808,104.705,0.78,18.951,4364.824
2,837.008,104.705,0.7738,18.953,4365.877
2,837.208,104.705,0.7701,18.954,4366.93
2,837.408,104.705,0.7666,18.956,4367.983
2,837.608,104.705,0.7633,18.957,4369.036
2,837.808,104.705,0.7617,18.959,4370.089
2,838.008,104.705,0.7758,18.96,4371.142
2,838.208,104.704,0.7901,18.961,4372.196
2,838.408,104.704,0.8046,18.962,4373.249
2,838.608,104.704,0.8192,18.962,4374.302
2,838.808,104.703,0.8399,18.963,4375.356
2,839.008,104.703,0.8724,18.964,4376.409
2,839.208,104.702,0.9049,18.964,4377.463
2,839.408,104.702,0.9376,18.965,4378.516
2,839.608,104.701,0.9704,18.965,4379.57
2,839.808,104.7,1.0166,18.966,4380.624
2,840.008,104.699,1.0721,18.966,4381.677
2,840.208,104.698,1.1277,18.966,4382.731
2,840.408,104.697,1.1834,18.966,4383.785
2,840.608,104.696,1.2392,18.967,4384.838
2,840.808,104.695,1.3036,18.967,4385.892
2,841.008,104.694,1.3695,18.967,4386.946
2,841.208,104.693,1.4355,18.967,4388.0
2,841.408,104.692,1.5016,18.967,4389.053
2,841.608,104.69,1.5678,18.967,4390.107
2,841.808,104.689,1.6346,18.967,4391.161
2,842.008,104.688,1.7015,18.966,4392.214
2,842.208,104.687,1.7684,18.966,4393.268
2,842.408,104.686,1.8353,18.966,4394.322
2,842.608,104.684,1.9057,18.966,4395.375
2,842.808,104.683,1.9822,18.965,4396.429
2,843.008,104.682,2.0588,18.965,4397.483
2,843.208,104.68,2.1355,18.965,4398.536
2,843.408,104.679,2.2122,18.964,4399.59
2,843.608,104.677,2.2882,18.964,4400.643
2,843.808,104.676,2.3639,18.963,4401.697
2,844.008,104.675,2.4396,18.963,4402.75
2,844.208,104.673,2.5153,18.962,4403.804
2,844.408,104.672,2.5911,18.961,4404.857
2,844.608,104.671,2.6644,18.961,4405.911
2,844.808,104.669,2.7373,18.96,4406.964
2,845.008,104.668,2.8103,18.959,4408.017
2,845.208,104.667,2.8833,18.959,4409.071
2,845.408,104.665,2.9566,18.958,4410.124
2,845.608,104.664,3.0327,18.957,4411.177
2,845.808,104.662,3.1088,18.956,4412.23
2,846.008,104.661,3.1849,18.955,4413.283
2,846.208,104.66,3.2611,18.954,4414.337
2,846.408,104.658,3.3365,18.953,4415.39
2,846.608,104.657,3.4107,18.952,4416.443
2,846.808,104.656,3.485,18.951,4417.495
2,847.008,104.654,3.5593,18.95,4418.548
2,847.208,104.653,3.6336,18.949,4419.601
2,847.408,104.651,3.7094,18.948,4420.654
2,847.608,104.65,3.7862,18.947,4421.707
2,847.808,104.649,3.863,18.946,4422.759
2,848.008,104.647,3.9398,18.945,4423.812
2,848.208,104.646,4.0166,18.944,4424.864
2,848.408,104.644,4.0927,18.942,4425.917
2,848.608,104.643,4.1687,18.941,4426.969
2,848.808,104.641,4.2447,18.94,4428.021
2,849.008,104.64,4.3207,18.939,4429.074
2,849.208,104.639,4.3943,18.937,4430.126
2,849.408,104.638,4.4502,18.936,4431.178
2,849.608,104.636,4.5061,18.934,4432.23
2,849.808,104.635,4.5619,18.933,4433.282
2,850.008,104.634,4.6177,18.932,4434.333
2,850.208,104.633,4.669,18.93,4435.385
2,850.408,104.632,4.7123,18.929,4436.437
2,850.608,104.632,4.7556,18.928,4437.489
2,850.808,104.631,4.7989,18.927,4438.54
2,851.008,104.63,4.8421,18.925,4439.592
2,851.208,104.629,4.8781,18.924,4440.643
2,851.408,104.628,4.9095,18.923,4441.694
2,851.608,104.628,4.9409,18.922,4442.746
2,851.808,104.627,4.9721,18.921,4443.797
2,852.008,104.627,5.0,18.92,4444.848
2,852.208,104.626,5.0,18.918,4445.899
2,852.408,104.626,5.0,18.916,4446.95
2,852.608,104.626,5.0,18.912,4448.001
2,852.808,104.626,5.0,18.908,4449.052
2,853.008,104.626,5.0,18.902,4450.102
2,853.208,104.626,5.0,18.895,4451.152
2,853.408,104.626,5.0,18.888,4452.202
2,853.608,104.626,5.0,18.88,4453.251
2,853.808,104.626,5.0,18.871,4454.3
2,854.008,104.625,5.0,18.862,4455.349
2,854.208,104.625,5.0,18.851,4456.396
2,854.408,104.625,5.0,18.841,4457.444
2,854.608,104.625,5.0,18.83,4458.49
2,854.808,104.625,5.0,18.819,4459.537
2,855.008,104.625,5.0,18.808,4460.582
2,855.208,104.625,5.0,18.797,4461.627
2,855.408,104.625,5.0,18.785,4462.671
2,855.608,104.625,5.0,18.774,4463.715
2,855.808,104.624,5.0,18.763,4464.758
2,856.008,104.624,5.0,18.752,4465.8
2,856.208,104.624,5.0,18.742,4466.842
2,856.408,104.624,5.0,18.732,4467.883
2,856.608,104.624,5.0,18.723,4468.924
2,856.808,104.624,5.0,18.715,4469.964
2,857.008,104.624,5.0,18.707,4471.004
2,857.208,104.624,5.0,18.7,4472.043
2,857.408,104.624,5.0,18.694,4473.082
2,857.608,104.623,5.0,18.688,4474.121
2,857.808,104.623,5.0,18.683,4475.159
2,858.008,104.623,5.0,18.678,4476.197
2,858.208,104.623,5.0,18.674,4477.234
2,858.408,104.623,5.0,18.672,4478.272
2,858.608,104.623,5.0,18.67,4479.309
2,858.808,104.623,5.0,18.668,4480.346
2,859.008,104.623,5.0,18.668,4481.384
2,859.208,104.622,5.0,18.67,4482.421
2,859.408,104.622,5.0,18.673,4483.458
2,859.608,104.622,5.0,18.678,4484.495
2,859.808,104.622,5.0,18.685,4485.533
2,860.008,104.622,5.0,18.693,4486.571
2,860.208,104.622,5.0,18.704,4487.61
2,860.408,104.622,5.0,18.716,4488.649
2,860.608,104.622,5.0,18.73,4489.688
2,860.808,104.622,4.9591,18.747,4490.729
2,861.008,104.623,4.8901,18.763,4491.771
2,861.208,104.624,4.8227,18.778,4492.813
2,861.408,104.625,4.757,18.791,4493.856
2,861.608,104.626,4.6926,18.804,4494.9
2,861.808,104.628,4.6156,18.815,4495.945
2,862.008,104.629,4.5382,18.825,4496.99
2,862.208,104.63,4.4618,18.835,4498.036
2,862.408,104.631,4.3864,18.843,4499.082
2,862.608,104.633,4.3115,18.851,4500.129
2,862.808,104.634,4.2354,18.859,4501.176
2,863.008,104.635,4.16,18.866,4502.224
2,863.208,104.636,4.0852,18.872,4503.272
2,863.408,104.637,4.011,18.878,4504.321
2,863.608,104.639,3.9381,18.883,4505.369
2,863.808,104.64,3.8671,18.888,4506.418
2,864.008,104.641,3.7964,18.893,4507.468
2,864.208,104.642,3.7262,18.897,4508.517
2,864.408,104.643,3.6563,18.901,4509.567
2,864.608,104.644,3.592,18.905,4510.617
2,864.808,104.645,3.5315,18.908,4511.668
2,865.008,104.646,3.4713,18.911,4512.718
2,865.208,104.647,3.4115,18.914,4513.769
2,865.408,104.648,3.3518,18.917,4514.819
2,865.608,104.649,3.315,18.92,4515.87
2,865.808,104.649,3.2832,18.922,4516.921
2,866.008,104.65,3.2516,18.924,4517.973
2,866.208,104.65,3.2203,18.927,4519.024
2,866.408,104.651,3.1897,18.928,4520.076
2,866.608,104.651,3.167,18.93,4521.127
2,866.808,104.651,3.1445,18.932,4522.179
2,867.008,104.651,3.1222,18.933,4523.231
2,867.208,104.652,3.1,18.935,4524.282
2,867.408,104.652,3.0816,18.936,4525.334
2,867.608,104.652,3.0708,18.937,4526.386
2,867.808,104.652,3.0602,18.938,4527.438
2,868.008,104.652,3.0498,18.939,4528.491
2,868.208,104.652,3.0394,18.94,4529.543
2,868.408,104.652,3.0393,18.941,4530.595
2,868.608,104.652,3.0472,18.942,4531.647
2,868.808,104.652,3.0552,18.942,4532.7
2,869.008,104.652,3.0632,18.943,4533.752
2,869.208,104.652,3.0714,18.943,4534.804
2,869.408,104.651,3.0723,18.944,4535.857
2,869.608,104.651,3.0716,18.944,4536.909
2,869.808,104.651,3.0709,18.945,4537.962
2,870.008,104.651,3.0702,18.945,4539.014
2,870.208,104.651,3.07,18.945,4540.067
2,870.408,104.651,3.0744,18.946,4541.119
2,870.608,104.651,3.0788,18.946,4542.172
2,870.808,104.651,3.0833,18.946,4543.224
2,871.008,104.651,3.0878,18.946,4544.277
2,871.208,104.65,3.0938,18.946,4545.329
2,871.408,104.65,3.1029,18.946,4546.382
2,871.608,104.65,3.1121,18.947,4547.434
2,871.808,104.65,3.1213,18.947,4548.487
2,872.008,104.65,3.1306,18.947,4549.54
2,872.208,104.649,3.1382,18.947,4550.592
2,872.408,104.649,3.1446,18.947,4551.645
2,872.608,104.649,3.1509,18.947,4552.697
2,872.808,104.649,3.1573,18.947,4553.75
2,873.008,104.649,3.1637,18.947,4554.803
2,873.208,104.648,3.1762,18.947,4555.855
2,873.408,104.648,3.1901,18.947,4556.908
2,873.608,104.648,3.2041,18.947,4557.96
2,873.808,104.647,3.218,18.947,4559.013
2,874.008,104.647,3.2319,18.946,4560.066
2,874.208,104.647,3.2428,18.946,4561.118
2,874.408,104.647,3.2538,18.946,4562.171
2,874.608,104.646,3.2649,18.946,4563.223
2,874.808,104.646,3.2759,18.946,4564.276
2,875.008,104.646,3.2902,18.946,4565.328
2,875.208,104.645,3.3119,18.946,4566.381
2,875.408,104.645,3.3337,18.946,4567.434
2,875.608,104.644,3.3554,18.945,4568.486
2,875.808,104.644,3.3772,18.945,4569.539
2,876.008,104.644,3.393,18.945,4570.591
2,876.208,104.643,3.4041,18.945,4571.644
2,876.408,104.643,3.4152,18.945,4572.696
2,876.608,104.643,3.4263,18.944,4573.749
2,876.808,104.642,3.4374,18.944,4574.801
2,877.008,104.642,3.4571,18.944,4575.854
2,877.208,104.642,3.4787,18.944,4576.906
2,877.408,104.641,3.5004,18.943,4577.958
2,877.608,104.641,3.5221,18.943,4579.011
2,877.808,104.64,3.5427,18.943,4580.063
2,878.008,104.64,3.5467,18.943,4581.116
2,878.208,104.64,3.5506,18.942,4582.168
2,878.408,104.64,3.5545,18.942,4583.22
2,878.608,104.64,3.5583,18.942,4584.273
2,878.808,104.639,3.5657,18.942,4585.325
2,879.008,104.639,3.5811,18.942,4586.377
2,879.208,104.639,3.5965,18.941,4587.43
2,879.408,104.638,3.6118,18.941,4588.482
2,879.608,104.638,3.6272,18.941,4589.534
2,879.808,104.638,3.6321,18.941,4590.587
2,880.008,104.638,3.6287,18.941,4591.639
2,880.208,104.638,3.6252,18.94,4592.691
2,880.408,104.638,3.6218,18.94,4593.743
2,880.608,104.638,3.6183,18.94,4594.795
2,880.808,104.638,3.6148,18.94,4595.848
2,881.008,104.638,3.6113,18.94,4596.9
2,881.208,104.638,3.6078,18.94,4597.952
2,881.408,104.638,3.6043,18.94,4599.004
2,881.608,104.638,3.6,18.94,4600.057
2,881.808,104.638,3.5822,18.94,4601.109
2,882.008,104.638,3.5643,18.94,4602.161
2,882.208,104.638,3.5465,18.94,4603.213
2,882.408,104.639,3.5285,18.94,4604.265
2,882.608,104.639,3.5092,18.94,4605.318
2,882.808,104.639,3.4866,18.94,4606.37
2,883.008,104.639,3.4639,18.94,4607.422
2,883.208,104.64,3.4413,18.94,4608.474
2,883.408,104.64,3.4186,18.94,4609.526
2,883.608,104.64,3.3964,18.941,4610.579
2,883.808,104.641,3.3747,18.941,4611.631
2,884.008,104.641,3.353,18.941,4612.683
2,884.208,104.641,3.3313,18.941,4613.735
2,884.408,104.642,3.3095,18.942,4614.788
2,884.608,104.642,3.2826,18.942,4615.84
2,884.808,104.642,3.2542,18.942,4616.892
2,885.008,104.643,3.2259,18.942,4617.945
2,885.208,104.643,3.1976,18.943,4618.997
2,885.408,104.644,3.1692,18.943,4620.049
2,885.608,104.644,3.1409,18.943,4621.102
2,885.808,104.645,3.1126,18.944,4622.154
2,886.008,104.645,3.0843,18.944,4623.207
2,886.208,104.645,3.0559,18.944,4624.259
2,886.408,104.646,3.0281,18.945,4625.312
2,886.608,104.646,3.0017,18.945,4626.364
2,886.808,104.647,2.9752,18.946,4627.417
2,887.008,104.647,2.9487,18.946,4628.469
2,887.208,104.647,2.9222,18.946,4629.522
2,887.408,104.648,2.8891,18.947,4630.574
2,887.608,104.648,2.8506,18.947,4631.627
2,887.808,104.649,2.812,18.948,4632.68
2,888.008,104.65,2.7734,18.948,4633.732
2,888.208,104.65,2.7348,18.948,4634.785
2,888.408,104.651,2.6958,18.949,4635.838
2,888.608,104.652,2.6566,18.949,4636.89
2,888.808,104.652,2.6173,18.95,4637.943
2,889.008,104.653,2.5781,18.95,4638.996
2,889.208,104.653,2.5394,18.951,4640.049
2,889.408,104.654,2.5121,18.951,4641.101
2,889.608,104.654,2.4847,18.952,4642.154
2,889.808,104.655,2.4574,18.952,4643.207
2,890.008,104.655,2.4301,18.953,4644.26
2,890.208,104.655,2.4061,18.953,4645.313
2,890.408,104.656,2.39,18.953,4646.366
2,890.608,104.656,2.3738,18.954,4647.419
2,890.808,104.656,2.3577,18.954,4648.472
2,891.008,104.656,2.3416,18.954,4649.525
2,891.208,104.656,2.3338,18.955,4650.578
2,891.408,104.656,2.333,18.955,4651.631
2,891.608,104.656,2.3323,18.955,4652.684
2,891.808,104.656,2.3315,18.956,4653.737
2,892.008,104.656,2.3308,18.956,4654.79
2,892.208,104.656,2.3438,18.956,4655.843
2,892.408,104.656,2.3601,18.956,4656.896
2,892.608,104.655,2.3765,18.956,4657.949
2,892.808,104.655,2.393,18.956,4659.003
2,893.008,104.655,2.4102,18.957,4660.056
2,893.208,104.654,2.44,18.957,4661.109
2,893.408,104.653,2.4699,18.957,4662.162
2,893.608,104.653,2.4998,18.957,4663.215
2,893.808,104.652,2.5298,18.956,4664.268
2,894.008,104.652,2.5613,18.956,4665.321
2,894.208,104.651,2.5964,18.956,4666.374
2,894.408,104.65,2.6315,18.956,4667.428
2,894.608,104.65,2.6667,18.956,4668.481
2,894.808,104.649,2.7019,18.956,4669.534
2,895.008,104.648,2.7437,18.955,4670.587
2,895.208,104.647,2.7907,18.955,4671.64
2,895.408,104.646,2.8378,18.955,4672.693
2,895.608,104.646,2.8849,18.955,4673.746
2,895.808,104.645,2.932,18.954,4674.799
2,896.008,104.644,2.9719,18.954,4675.852
2,896.208,104.643,3.0102,18.953,4676.905
2,896.408,104.642,3.0485,18.953,4677.958
2,896.608,104.642,3.0869,18.952,4679.011
2,896.808,104.641,3.1262,18.952,4680.064
2,897.008,104.64,3.1807,18.951,4681.117
2,897.208,104.639,3.2353,18.951,4682.17
2,897.408,104.638,3.2899,18.95,4683.223
2,897.608,104.637,3.3446,18.95,4684.275
2,897.808,104.636,3.3945,18.949,4685.328
2,898.008,104.635,3.4338,18.949,4686.381
2,898.208,104.634,3.4731,18.948,4687.434
2,898.408,104.634,3.5124,18.947,4688.486
2,898.608,104.633,3.5518,18.947,4689.539
2,898.808,104.632,3.5887,18.946,4690.591
2,899.008,104.631,3.6237,18.945,4691.644
2,899.208,104.631,3.6588,18.945,4692.697
2,899.408,104.63,3.6938,18.944,4693.749
2,899.608,104.629,3.7289,18.943,4694.801
2,899.808,104.629,3.7666,18.943,4695.854
2,900.008,104.628,3.8048,18.942,4696.906
2,900.208,104.627,3.8431,18.941,4697.959
2,900.408,104.626,3.8814,18.941,4699.011
2,900.608,104.626,3.9194,18.94,4700.063
2,900.808,104.625,3.9512,18.939,4701.115
2,901.008,104.624,3.9829,18.939,4702.168
2,901.208,104.624,4.0147,18.938,4703.22
2,901.408,104.623,4.0465,18.937,4704.272
2,901.608,104.622,4.0786,18.937,4705.324
2,901.808,104.622,4.1117,18.936,4706.376
2,902.008,104.621,4.1448,18.935,4707.428
2,902.208,104.62,4.1778,18.935,4708.48
2,902.408,104.62,4.2109,18.934,4709.532
2,902.608,104.619,4.2422,18.933,4710.584
2,902.808,104.618,4.272,18.933,4711.636
2,903.008,104.618,4.3019,18.932,4712.687
2,903.208,104.617,4.3317,18.931,4713.739
2,903.408,104.617,4.3615,18.931,4714.791
2,903.608,104.616,4.3917,18.93,4715.843
2,903.808,104.615,4.422,18.929,4716.894
2,904.008,104.615,4.4522,18.929,4717.946
2,904.208,104.614,4.4825,18.928,4718.998
2,904.408,104.613,4.513,18.927,4720.049
2,904.608,104.613,4.5491,18.927,4721.101
2,904.808,104.612,4.5853,18.926,4722.152
2,905.008,104.611,4.6215,18.925,4723.204
2,905.208,104.611,4.6576,18.925,4724.255
2,905.408,104.61,4.6914,18.924,4725.306
2,905.608,104.609,4.7191,18.923,4726.358
2,905.808,104.609,4.7468,18.923,4727.409
2,906.008,104.608,4.7745,18.922,4728.46
2,906.208,104.607,4.8022,18.921,4729.511
2,906.408,104.607,4.8215,18.92,4730.563
2,906.608,104.607,4.8335,18.92,4731.614
2,906.808,104.606,4.8454,18.919,4732.665
2,907.008,104.606,4.8573,18.918,4733.716
2,907.208,104.606,4.8691,18.918,4734.767
2,907.408,104.606,4.8708,18.917,4735.818
2,907.608,104.606,4.8696,18.917,4736.869
2,907.808,104.605,4.8683,18.916,4737.92
2,908.008,104.605,4.8669,18.916,4738.971
2,908.208,104.605,4.8652,18.916,4740.022
2,908.408,104.605,4.8505,18.915,4741.072
2,908.608,104.606,4.8357,18.915,4742.123
2,908.808,104.606,4.8208,18.915,4743.174
2,909.008,104.606,4.8058,18.915,4744.225
2,909.208,104.606,4.7927,18.915,4745.276
2,909.408,104.606,4.7849,18.915,4746.327
2,909.608,104.606,4.7771,18.915,4747.377
2,909.808,104.606,4.7693,18.915,4748.428
2,910.008,104.606,4.7614,18.915,4749.479
2,910.208,104.606,4.7511,18.915,4750.53
2,910.408,104.606,4.7384,18.915,4751.581
2,910.608,104.606,4.7256,18.915,4752.632
2,910.808,104.607,4.7128,18.915,4753.682
2,911.008,104.607,4.7,18.915,4754.733
2,911.208,104.607,4.6943,18.915,4755.784
2,911.408,104.607,4.6911,18.915,4756.835
2,911.608,104.607,4.6878,18.915,4757.886
2,911.808,104.606,4.6846,18.916,4758.937
2,912.008,104.606,4.6814,18.916,4759.987
2,912.208,104.606,4.6796,18.916,4761.038
2,912.408,104.606,4.6779,18.916,4762.089
2,912.608,104.606,4.6761,18.916,4763.14
2,912.808,104.606,4.6744,18.916,4764.191
2,913.008,104.606,4.6754,18.916,4765.242
2,913.208,104.606,4.6856,18.916,4766.293
2,913.408,104.605,4.6958,18.916,4767.344
2,913.608,104.605,4.7061,18.916,4768.395
2,913.808,104.605,4.7163,18.916,4769.445
2,914.008,104.605,4.7214,18.916,4770.496
2,914.208,104.605,4.7207,18.916,4771.547
2,914.408,104.604,4.7199,18.916,4772.598
2,914.608,104.604,4.7191,18.916,4773.649
2,914.808,104.604,4.7183,18.916,4774.7
2,915.008,104.604,4.7116,18.916,4775.751
2,915.208,104.604,4.7026,18.916,4776.802
2,915.408,104.604,4.6935,18.916,4777.853
2,915.608,104.604,4.6844,18.916,4778.904
2,915.808,104.604,4.6752,18.916,4779.955
2,916.008,104.605,4.6578,18.916,4781.005
2,916.208,104.605,4.6399,18.917,4782.056
2,916.408,104.605,4.6221,18.917,4783.107
2,916.608,104.605,4.6041,18.917,4784.158
2,916.808,104.606,4.5851,18.917,4785.209
2,917.008,104.606,4.5617,18.917,4786.26
2,917.208,104.606,4.5383,18.917,4787.311
2,917.408,104.606,4.5148,18.918,4788.362
2,917.608,104.607,4.4913,18.918,4789.413
2,917.808,104.607,4.471,18.918,4790.464
2,918.008,104.607,4.4547,18.919,4791.515
2,918.208,104.607,4.4384,18.919,4792.566
2,918.408,104.608,4.422,18.919,4793.617
2,918.608,104.608,4.4057,18.92,4794.668
2,918.808,104.608,4.3922,18.92,4795.719
2,919.008,104.608,4.3799,18.92,4796.77
2,919.208,104.608,4.3676,18.921,4797.822
2,919.408,104.608,4.3554,18.921,4798.873
2,919.608,104.608,4.3431,18.921,4799.924
2,919.808,104.608,4.3357,18.922,4800.975
2,920.008,104.608,4.3288,18.922,4802.026
2,920.208,104.608,4.3218,18.922,4803.077
2,920.408,104.608,4.3149,18.923,4804.129
2,920.608,104.608,4.3113,18.923,4805.18
2,920.808,104.608,4.324,18.923,4806.231
2,921.008,104.608,4.3368,18.923,4807.283
2,921.208,104.607,4.3497,18.923,4808.334
2,921.408,104.607,4.3626,18.923,4809.385
2,921.608,104.607,4.381,18.924,4810.436
2,921.808,104.606,4.4071,18.924,4811.488
2,922.008,104.606,4.4333,18.924,4812.539
2,922.208,104.605,4.4596,18.923,4813.59
2,922.408,104.604,4.4859,18.923,4814.642
2,922.608,104.604,4.5167,18.923,4815.693
2,922.808,104.603,4.55,18.923,4816.744
2,923.008,104.602,4.5832,18.923,4817.795
2,923.208,104.602,4.6166,18.922,4818.847
2,923.408,104.601,4.65,18.922,4819.898
2,923.608,104.6,4.6797,18.921,4820.949
2,923.808,104.6,4.7091,18.921,4822.0
2,924.008,104.599,4.7384,18.921,4823.052
2,924.208,104.599,4.7679,18.92,4824.103
2,924.408,104.598,4.7954,18.92,4825.154
2,924.608,104.598,4.8122,18.919,4826.205
2,924.808,104.597,4.829,18.918,4827.256
2,925.008,104.597,4.8458,18.918,4828.307
2,925.208,104.596,4.8625,18.917,4829.358
2,925.408,104.596,4.8725,18.917,4830.409
2,925.608,104.596,4.8717,18.917,4831.46
2,925.808,104.596,4.8708,18.916,4832.511
2,926.008,104.596,4.8698,18.916,4833.562
2,926.208,104.596,4.8688,18.915,4834.613
2,926.408,104.596,4.859,18.915,4835.663
2,926.608,104.596,4.844,18.915,4836.714
2,926.808,104.596,4.829,18.915,4837.765
2,927.008,104.596,4.8138,18.915,4838.816
2,927.208,104.596,4.7986,18.914,4839.867
2,927.408,104.597,4.7745,18.914,4840.917
2,927.608,104.597,4.749,18.914,4841.968
2,927.808,104.597,4.7234,18.915,4843.019
2,928.008,104.598,4.6977,18.915,4844.07
2,928.208,104.598,4.6725,18.915,4845.121
2,928.408,104.598,4.6508,18.915,4846.172
2,928.608,104.599,4.6291,18.915,4847.222
2,928.808,104.599,4.6074,18.916,4848.273
2,929.008,104.599,4.5856,18.916,4849.324
2,929.208,104.599,4.5627,18.916,4850.375
2,929.408,104.6,4.5378,18.917,4851.426
2,929.608,104.6,4.5128,18.917,4852.477
2,929.808,104.6,4.4878,18.917,4853.528
2,930.008,104.601,4.4628,18.918,4854.579
2,930.208,104.601,4.451,18.918,4855.63
2,930.408,104.601,4.4481,18.919,4856.681
2,930.608,104.601,4.4453,18.919,4857.732
2,930.808,104.601,4.4424,18.919,4858.783
2,931.008,104.601,4.4397,18.92,4859.834
2,931.208,104.601,4.4392,18.92,4860.885
2,931.408,104.6,4.4392,18.92,4861.936
2,931.608,104.6,4.4393,18.92,4862.987
2,931.808,104.6,4.4394,18.921,4864.038
2,932.008,104.6,4.4403,18.921,4865.089
2,932.208,104.6,4.4495,18.921,4866.141
2,932.408,104.6,4.4588,18.921,4867.192
2,932.608,104.599,4.4682,18.921,4868.243
2,932.808,104.599,4.4776,18.921,4869.294
2,933.008,104.599,4.485,18.921,4870.345
2,933.208,104.599,4.4885,18.921,4871.396
2,933.408,104.599,4.492,18.921,4872.448
2,933.608,104.598,4.4955,18.921,4873.499
2,933.808,104.598,4.499,18.921,4874.55
2,934.008,104.598,4.4996,18.921,4875.601
2,934.208,104.598,4.498,18.921,4876.652
2,934.408,104.598,4.4964,18.921,4877.704
2,934.608,104.598,4.4948,18.921,4878.755
2,934.808,104.598,4.4931,18.921,4879.806
2,935.008,104.598,4.4824,18.921,4880.857
2,935.208,104.598,4.4697,18.921,4881.908
2,935.408,104.598,4.4568,18.921,4882.959
2,935.608,104.598,4.444,18.921,4884.011
2,935.808,104.598,4.4308,18.921,4885.062
2,936.008,104.599,4.4122,18.922,4886.113
2,936.208,104.599,4.3936,18.922,4887.164
2,936.408,104.599,4.3749,18.922,4888.215
2,936.608,104.599,4.3562,18.922,4889.267
2,936.808,104.6,4.3356,18.922,4890.318
2,937.008,104.6,4.3108,18.923,4891.369
2,937.208,104.6,4.286,18.923,4892.42
2,937.408,104.601,4.2612,18.923,4893.472
2,937.608,104.601,4.2363,18.923,4894.523
2,937.808,104.601,4.2088,18.924,4895.574
2,938.008,104.602,4.1793,18.924,4896.625
2,938.208,104.602,4.1498,18.925,4897.677
2,938.408,104.602,4.1202,18.925,4898.728
2,938.608,104.603,4.0906,18.925,4899.78
2,938.808,104.603,4.0618,18.926,4900.831
2,939.008,104.604,4.0334,18.926,4901.882
2,939.208,104.604,4.0049,18.927,4902.934
2,939.408,104.605,3.9763,18.927,4903.985
2,939.608,104.605,3.9481,18.928,4905.037
2,939.808,104.605,3.9279,18.928,4906.088
2,940.008,104.605,3.9078,18.929,4907.14
2,940.208,104.606,3.8877,18.929,4908.192
2,940.408,104.606,3.8675,18.93,4909.243
2,940.608,104.606,3.8485,18.93,4910.295
2,940.808,104.606,3.8323,18.931,4911.347
2,941.008,104.607,3.8162,18.931,4912.398
2,941.208,104.607,3.8,18.931,4913.45
2,941.408,104.607,3.7839,18.932,4914.502
2,941.608,104.607,3.7746,18.932,4915.553
2,941.808,104.607,3.7717,18.933,4916.605
2,942.008,104.607,3.7688,18.933,4917.657
2,942.208,104.607,3.7659,18.933,4918.709
2,942.408,104.607,3.763,18.934,4919.761
2,942.608,104.607,3.7628,18.934,4920.813
2,942.808,104.607,3.7633,18.934,4921.864
2,943.008,104.607,3.7638,18.934,4922.916
2,943.208,104.607,3.7644,18.934,4923.968
2,943.408,104.606,3.7651,18.935,4925.02
2,943.608,104.606,3.7687,18.935,4926.072
2,943.808,104.606,3.7723,18.935,4927.124
2,944.008,104.606,3.7759,18.935,4928.176
2,944.208,104.606,3.7796,18.935,4929.228
2,944.408,104.606,3.7831,18.935,4930.28
2,944.608,104.606,3.7863,18.935,4931.332
2,944.808,104.605,3.7896,18.935,4932.384
2,945.008,104.605,3.7928,18.935,4933.436
2,945.208,104.605,3.796,18.935,4934.488
2,945.408,104.605,3.8006,18.935,4935.54
2,945.608,104.605,3.8064,18.935,4936.592
2,945.808,104.605,3.8122,18.935,4937.644
2,946.008,104.604,3.818,18.935,4938.696
2,946.208,104.604,3.8238,18.935,4939.748
2,946.408,104.604,3.8229,18.935,4940.8
2,946.608,104.604,3.8198,18.935,4941.851
2,946.808,104.604,3.8167,18.935,4942.903
2,947.008,104.604,3.8136,18.935,4943.955
2,947.208,104.604,3.8106,18.935,4945.007
2,947.408,104.604,3.8183,18.935,4946.059
2,947.608,104.604,3.8261,18.935,4947.111
2,947.808,104.603,3.8339,18.935,4948.163
2,948.008,104.603,3.8418,18.935,4949.215
2,948.208,104.603,3.8487,18.935,4950.267
2,948.408,104.603,3.8532,18.935,4951.319
2,948.608,104.603,3.8576,18.935,4952.371
2,948.808,104.602,3.862,18.935,4953.423
2,949.008,104.602,3.8665,18.935,4954.475
2,949.208,104.602,3.8712,18.935,4955.527
2,949.408,104.602,3.8763,18.935,4956.579
2,949.608,104.602,3.8813,18.935,4957.631
2,949.808,104.602,3.8864,18.935,4958.683
2,950.008,104.601,3.8915,18.935,4959.735
2,950.208,104.601,3.9031,18.935,4960.787
2,950.408,104.601,3.9169,18.934,4961.838
2,950.608,104.6,3.9307,18.934,4962.89
2,950.808,104.6,3.9446,18.934,4963.942
2,951.008,104.6,3.9585,18.934,4964.994
2,951.208,104.599,3.9713,18.934,4966.046
2,951.408,104.599,3.9841,18.934,4967.098
2,951.608,104.599,3.997,18.934,4968.15
2,951.808,104.599,4.0098,18.933,4969.202
2,952.008,104.598,4.0233,18.933,4970.254
2,952.208,104.598,4.039,18.933,4971.305
2,952.408,104.597,4.0547,18.933,4972.357
2,952.608,104.597,4.0705,18.933,4973.409
2,952.808,104.597,4.0862,18.932,4974.461
2,953.008,104.596,4.1034,18.932,4975.513
2,953.208,104.596,4.1221,18.932,4976.564
2,953.408,104.596,4.1408,18.932,4977.616
2,953.608,104.595,4.1595,18.931,4978.668
2,953.808,104.595,4.1782,18.931,4979.72
2,954.008,104.594,4.1955,18.931,4980.771
2,954.208,104.594,4.2123,18.93,4981.823
2,954.408,104.593,4.2291,18.93,4982.875
2,954.608,104.593,4.246,18.93,4983.926
2,954.808,104.593,4.2628,18.929,4984.978
2,955.008,104.592,4.2824,18.929,4986.03
2,955.208,104.592,4.3021,18.929,4987.081
2,955.408,104.591,4.3217,18.928,4988.133
2,955.608,104.591,4.3414,18.928,4989.185
2,955.808,104.591,4.3601,18.928,4990.236
2,956.008,104.59,4.3754,18.927,4991.288
2,956.208,104.59,4.3907,18.927,4992.339
2,956.408,104.589,4.406,18.927,4993.391
2,956.608,104.589,4.4212,18.926,4994.442
2,956.808,104.589,4.4384,18.926,4995.494
2,957.008,104.588,4.4577,18.926,4996.545
2,957.208,104.588,4.477,18.925,4997.597
2,957.408,104.587,4.4964,18.925,4998.648
2,957.608,104.587,4.5157,18.925,4999.699
2,957.808,104.587,4.5279,18.924,5000.751
2,958.008,104.586,4.5373,18.924,5001.802
2,958.208,104.586,4.5467,18.923,5002.853
2,958.408,104.586,4.556,18.923,5003.905
2,958.608,104.586,4.5653,18.923,5004.956
2,958.808,104.585,4.574,18.922,5006.007
2,959.008,104.585,4.5826,18.922,5007.058
2,959.208,104.585,4.5912,18.922,5008.11
2,959.408,104.585,4.5997,18.922,5009.161
2,959.608,104.584,4.6076,18.921,5010.212
2,959.808,104.584,4.6128,18.921,5011.263
2,960.008,104.584,4.618,18.921,5012.314
2,960.208,104.584,4.6231,18.921,5013.366
2,960.408,104.583,4.6283,18.92,5014.417
2,960.608,104.583,4.6288,18.92,5015.468
2,960.808,104.583,4.6235,18.92,5016.519
2,961.008,104.583,4.6181,18.92,5017.57
2,961.208,104.583,4.6127,18.92,5018.621
2,961.408,104.583,4.6073,18.919,5019.672
2,961.608,104.583,4.5935,18.919,5020.723
2,961.808,104.584,4.5759,18.919,5021.774
2,962.008,104.584,4.5582,18.919,5022.825
2,962.208,104.584,4.5404,18.919,5023.877
2,962.408,104.584,4.5226,18.919,5024.928
2,962.608,104.584,4.5046,18.92,5025.979
2,962.808,104.585,4.4866,18.92,5027.03
2,963.008,104.585,4.4685,18.92,5028.081
2,963.208,104.585,4.4504,18.92,5029.132
2,963.408,104.585,4.4308,18.92,5030.183
2,963.608,104.586,4.4043,18.921,5031.234
2,963.808,104.586,4.3779,18.921,5032.285
2,964.008,104.586,4.3513,18.921,5033.337
2,964.208,104.587,4.3248,18.921,5034.388
2,964.408,104.587,4.2906,18.922,5035.439
2,964.608,104.588,4.2457,18.922,5036.49
2,964.808,104.589,4.2007,18.923,5037.541
2,965.008,104.589,4.1557,18.923,5038.593
2,965.208,104.59,4.1106,18.924,5039.644
2,965.408,104.591,4.0654,18.924,5040.695
2,965.608,104.591,4.02,18.925,5041.747
2,965.808,104.592,3.9746,18.925,5042.798
2,966.008,104.593,3.9291,18.926,5043.849
2,966.208,104.594,3.8836,18.927,5044.901
2,966.408,104.594,3.8426,18.928,5045.952
2,966.608,104.595,3.8021,18.928,5047.004
2,966.808,104.595,3.7615,18.929,5048.055
2,967.008,104.596,3.7209,18.93,5049.107
2,967.208,104.597,3.6809,18.93,5050.159
2,967.408,104.597,3.6443,18.931,5051.21
2,967.608,104.598,3.6076,18.932,5052.262
2,967.808,104.598,3.571,18.933,5053.314
2,968.008,104.599,3.5344,18.933,5054.366
2,968.208,104.599,3.4997,18.934,5055.417
2,968.408,104.6,3.4679,18.935,5056.469
2,968.608,104.6,3.4361,18.935,5057.521
2,968.808,104.601,3.4043,18.936,5058.573
2,969.008,104.601,3.3725,18.937,5059.625
2,969.208,104.602,3.3494,18.937,5060.677
2,969.408,104.602,3.331,18.938,5061.729
2,969.608,104.602,3.3127,18.939,5062.782
2,969.808,104.602,3.2944,18.939,5063.834
2,970.008,104.603,3.2761,18.94,5064.886
2,970.208,104.603,3.2546,18.94,5065.938
2,970.408,104.603,3.2326,18.941,5066.99
2,970.608,104.603,3.2106,18.941,5068.043
2,970.808,104.604,3.1887,18.942,5069.095
2,971.008,104.604,3.1676,18.942,5070.147
2,971.208,104.604,3.1521,18.943,5071.199
2,971.408,104.604,3.1366,18.943,5072.252
2,971.608,104.605,3.1211,18.943,5073.304
2,971.808,104.605,3.1056,18.944,5074.357
2,972.008,104.605,3.0864,18.944,5075.409
2,972.208,104.606,3.061,18.944,5076.461
2,972.408,104.606,3.0357,18.945,5077.514
2,972.608,104.606,3.0103,18.945,5078.566
2,972.808,104.607,2.985,18.946,5079.619
2,973.008,104.607,2.9574,18.946,5080.671
2,973.208,104.607,2.9285,18.946,5081.724
2,973.408,104.608,2.8997,18.947,5082.777
2,973.608,104.608,2.8708,18.947,5083.829
2,973.808,104.609,2.842,18.947,5084.882
2,974.008,104.609,2.8088,18.948,5085.934
2,974.208,104.61,2.775,18.948,5086.987
2,974.408,104.61,2.7413,18.949,5088.04
2,974.608,104.611,2.7075,18.949,5089.093
2,974.808,104.611,2.6727,18.949,5090.145
2,975.008,104.612,2.6315,18.95,5091.198
2,975.208,104.613,2.5902,18.95,5092.251
2,975.408,104.613,2.5489,18.951,5093.304
2,975.608,104.614,2.5076,18.951,5094.356
2,975.808,104.615,2.4658,18.952,5095.409
2,976.008,104.615,2.4229,18.952,5096.462
2,976.208,104.616,2.38,18.953,5097.515
2,976.408,104.617,2.3372,18.953,5098.568
2,976.608,104.617,2.2943,18.954,5099.621
2,976.808,104.618,2.2571,18.954,5100.674
2,977.008,104.619,2.2231,18.955,5101.727
2,977.208,104.619,2.1891,18.955,5102.78
2,977.408,104.62,2.1551,18.955,5103.833
2,977.608,104.62,2.1212,18.956,5104.886
2,977.808,104.621,2.0935,18.956,5105.939
2,978.008,104.621,2.0665,18.957,5106.992
2,978.208,104.622,2.0396,18.957,5108.045
2,978.408,104.622,2.0127,18.958,5109.099
2,978.608,104.622,1.9869,18.958,5110.152
2,978.808,104.623,1.967,18.958,5111.205
2,979.008,104.623,1.9472,18.959,5112.258
2,979.208,104.623,1.9274,18.959,5113.311
2,979.408,104.624,1.9076,18.959,5114.365
2,979.608,104.624,1.8921,18.96,5115.418
2,979.808,104.624,1.883,18.96,5116.471
2,980.008,104.624,1.8739,18.96,5117.525
2,980.208,104.624,1.8648,18.96,5118.578
2,980.408,104.624,1.8558,18.961,5119.631
2,980.608,104.624,1.8433,18.961,5120.685
2,980.808,104.625,1.8289,18.961,5121.738
2,981.008,104.625,1.8144,18.961,5122.792
2,981.208,104.625,1.8,18.961,5123.845
2,981.408,104.625,1.7856,18.962,5124.898
2,981.608,104.625,1.7802,18.962,5125.952
2,981.808,104.625,1.7758,18.962,5127.005
2,982.008,104.625,1.7714,18.962,5128.059
2,982.208,104.625,1.767,18.962,5129.112
2,982.408,104.625,1.7617,18.962,5130.166
2,982.608,104.626,1.7513,18.963,5131.219
2,982.808,104.626,1.7409,18.963,5132.273
2,983.008,104.626,1.7305,18.963,5133.326
2,983.208,104.626,1.7201,18.963,5134.379
2,983.408,104.626,1.7098,18.963,5135.433
2,983.608,104.626,1.6999,18.963,5136.486
2,983.808,104.626,1.69,18.963,5137.54
2,984.008,104.627,1.68,18.963,5138.594
2,984.208,104.627,1.6701,18.963,5139.647
2,984.408,104.627,1.6635,18.964,5140.701
2,984.608,104.627,1.6586,18.964,5141.754
2,984.808,104.627,1.6537,18.964,5142.808
2,985.008,104.627,1.6488,18.964,5143.861
2,985.208,104.627,1.6439,18.964,5144.915
2,985.408,104.627,1.6387,18.964,5145.968
2,985.608,104.627,1.6335,18.964,5147.022
2,985.808,104.627,1.6284,18.964,5148.075
2,986.008,104.627,1.6232,18.964,5149.129
2,986.208,104.627,1.6198,18.964,5150.183
2,986.408,104.627,1.6249,18.964,5151.236
2,986.608,104.627,1.63,18.964,5152.29
2,986.808,104.627,1.6351,18.964,5153.343
2,987.008,104.627,1.6402,18.964,5154.397
2,987.208,104.627,1.6486,18.965,5155.45
2,987.408,104.626,1.6613,18.965,5156.504
2,987.608,104.626,1.674,18.965,5157.558
2,987.808,104.626,1.6868,18.965,5158.611
2,988.008,104.625,1.6995,18.965,5159.665
2,988.208,104.625,1.717,18.964,5160.718
2,988.408,104.625,1.7366,18.964,5161.772
2,988.608,104.624,1.7563,18.964,5162.826
2,988.808,104.624,1.776,18.964,5163.879
2,989.008,104.624,1.7956,18.964,5164.933
2,989.208,104.623,1.8194,18.964,5165.986
2,989.408,104.623,1.8434,18.964,5167.04
2,989.608,104.622,1.8674,18.964,5168.093
2,989.808,104.622,1.8915,18.964,5169.147
2,990.008,104.621,1.9174,18.964,5170.2
2,990.208,104.621,1.9513,18.964,5171.254
2,990.408,104.62,1.9852,18.963,5172.308
2,990.608,104.619,2.0192,18.963,5173.361
2,990.808,104.619,2.0532,18.963,5174.415
2,991.008,104.618,2.0872,18.963,5175.468
2,991.208,104.617,2.1211,18.963,5176.522
2,991.408,104.617,2.1551,18.962,5177.575
2,991.608,104.616,2.1891,18.962,5178.628
2,991.808,104.616,2.2231,18.962,5179.682
2,992.008,104.615,2.2598,18.962,5180.735
2,992.208,104.614,2.2975,18.961,5181.789
2,992.408,104.613,2.3352,18.961,5182.842
2,992.608,104.613,2.373,18.961,5183.896
2,992.808,104.612,2.4108,18.96,5184.949
2,993.008,104.611,2.4503,18.96,5186.002
2,993.208,104.611,2.4898,18.96,5187.056
2,993.408,104.61,2.5294,18.959,5188.109
2,993.608,104.609,2.569,18.959,5189.162
2,993.808,104.608,2.6104,18.959,5190.216
2,994.008,104.607,2.6587,18.958,5191.269
2,994.208,104.606,2.707,18.958,5192.322
2,994.408,104.606,2.7553,18.957,5193.375
2,994.608,104.605,2.8037,18.957,5194.428
2,994.808,104.604,2.8511,18.956,5195.482
2,995.008,104.603,2.8975,18.956,5196.535
2,995.208,104.602,2.9438,18.955,5197.588
2,995.408,104.601,2.9902,18.955,5198.641
2,995.608,104.6,3.0366,18.954,5199.694
2,995.808,104.599,3.0911,18.954,5200.747
2,996.008,104.598,3.1491,18.953,5201.8
2,996.208,104.597,3.207,18.952,5202.853
2,996.408,104.596,3.265,18.952,5203.906
2,996.608,104.595,3.3231,18.951,5204.959
2,996.808,104.594,3.3746,18.95,5206.011
2,997.008,104.593,3.4259,18.95,5207.064
2,997.208,104.592,3.4771,18.949,5208.117
2,997.408,104.591,3.5284,18.948,5209.17
2,997.608,104.59,3.5802,18.947,5210.222
2,997.808,104.589,3.634,18.947,5211.275
2,998.008,104.588,3.6878,18.946,5212.328
2,998.208,104.587,3.7417,18.945,5213.38
2,998.408,104.586,3.7955,18.944,5214.433
2,998.608,104.585,3.8446,18.943,5215.485
2,998.808,104.584,3.8881,18.942,5216.538
2,999.008,104.583,3.9316,18.942,5217.59
2,999.208,104.582,3.9751,18.941,5218.642
2,999.408,104.582,4.0186,18.94,5219.694
2,999.608,104.581,4.0573,18.939,5220.747
2,999.808,104.58,4.0939,18.938,5221.799
2,1000.008,104.579,4.1306,18.937,5222.851
2,1000.208,104.579,4.1672,18.937,5223.903
2,1000.408,104.578,4.2038,18.936,5224.955
2,1000.608,104.578,4.219,18.935,5226.007
2,1000.808,104.577,4.2332,18.934,5227.059
2,1001.008,104.577,4.2474,18.933,5228.111
2,1001.208,104.577,4.2614,18.933,5229.163
2,1001.408,104.576,4.2739,18.932,5230.215
2,1001.608,104.576,4.2801,18.931,5231.266
2,1001.808,104.576,4.2862,18.931,5232.318
2,1002.008,104.576,4.2923,18.93,5233.37
2,1002.208,104.575,4.2983,18.93,5234.421
2,1002.408,104.575,4.3007,18.929,5235.473
2,1002.608,104.575,4.2985,18.929,5236.525
2,1002.808,104.575,4.2964,18.929,5237.576
2,1003.008,104.575,4.2942,18.928,5238.628
2,1003.208,104.575,4.2919,18.928,5239.68
2,1003.408,104.575,4.2965,18.928,5240.731
2,1003.608,104.575,4.3042,18.928,5241.783
2,1003.808,104.574,4.3118,18.927,5242.834
2,1004.008,104.574,4.3194,18.927,5243.886
2,1004.208,104.574,4.327,18.927,5244.937
2,1004.408,104.574,4.3286,18.927,5245.989
2,1004.608,104.574,4.3298,18.927,5247.04
2,1004.808,104.574,4.331,18.926,5248.092
2,1005.008,104.573,4.3322,18.926,5249.143
2,1005.208,104.573,4.3365,18.926,5250.195
2,1005.408,104.573,4.355,18.926,5251.246
2,1005.608,104.572,4.3735,18.926,5252.298
2,1005.808,104.572,4.3921,18.926,5253.349
2,1006.008,104.572,4.4106,18.925,5254.4
2,1006.208,104.571,4.4337,18.925,5255.452
2,1006.408,104.571,4.4628,18.925,5256.503
2,1006.608,104.57,4.4919,18.925,5257.555
2,1006.808,104.569,4.521,18.924,5258.606
2,1007.008,104.569,4.5502,18.924,5259.657
2,1007.208,104.568,4.5836,18.923,5260.709
2,1007.408,104.567,4.6189,18.923,5261.76
2,1007.608,104.567,4.6543,18.923,5262.811
2,1007.808,104.566,4.6897,18.922,5263.862
2,1008.008,104.565,4.7252,18.922,5264.914
2,1008.208,104.565,4.7536,18.921,5265.965
2,1008.408,104.564,4.7812,18.92,5267.016
2,1008.608,104.563,4.809,18.92,5268.067
2,1008.808,104.563,4.8367,18.919,5269.118
2,1009.008,104.562,4.8632,18.919,5270.169
2,1009.208,104.562,4.8835,18.918,5271.22
2,1009.408,104.561,4.9037,18.917,5272.271
2,1009.608,104.561,4.924,18.917,5273.322
2,1009.808,104.56,4.9442,18.916,5274.373
2,1010.008,104.56,4.9584,18.916,5275.424
2,1010.208,104.56,4.9635,18.915,5276.475
2,1010.408,104.56,4.9686,18.915,5277.526
2,1010.608,104.559,4.9737,18.914,5278.577
2,1010.808,104.559,4.9787,18.914,5279.628
2,1011.008,104.559,4.984,18.913,5280.678
2,1011.208,104.559,4.9894,18.913,5281.729
2,1011.408,104.559,4.9948,18.913,5282.78
2,1011.608,104.558,5.0,18.912,5283.83
2,1011.808,104.558,5.0,18.912,5284.881
2,1012.008,104.558,4.9852,18.911,5285.932
2,1012.208,104.559,4.961,18.911,5286.982
2,1012.408,104.559,4.9367,18.911,5288.033
2,1012.608,104.559,4.9123,18.911,5289.084
2,1012.808,104.56,4.8883,18.911,5290.134
2,1013.008,104.56,4.8672,18.911,5291.185
2,1013.208,104.56,4.846,18.911,5292.236
2,1013.408,104.56,4.8247,18.911,5293.286
2,1013.608,104.561,4.8034,18.912,5294.337
2,1013.808,104.561,4.7809,18.912,5295.387
2,1014.008,104.561,4.7564,18.912,5296.438
2,1014.208,104.562,4.7318,18.912,5297.489
2,1014.408,104.562,4.7072,18.913,5298.539
2,1014.608,104.562,4.6825,18.913,5299.59
2,1014.808,104.562,4.6638,18.914,5300.641
2,1015.008,104.563,4.6489,18.914,5301.692
2,1015.208,104.563,4.634,18.914,5302.742
2,1015.408,104.563,4.6191,18.915,5303.793
2,1015.608,104.563,4.6041,18.915,5304.844
2,1015.808,104.563,4.5991,18.915,5305.895
2,1016.008,104.563,4.5959,18.916,5306.946
2,1016.208,104.563,4.5927,18.916,5307.997
2,1016.408,104.563,4.5895,18.916,5309.048
2,1016.608,104.563,4.5872,18.917,5310.098
2,1016.808,104.563,4.5925,18.917,5311.149
2,1017.008,104.562,4.5978,18.917,5312.2
2,1017.208,104.562,4.6032,18.917,5313.251
2,1017.408,104.562,4.6087,18.917,5314.302
2,1017.608,104.562,4.6147,18.918,5315.353
2,1017.808,104.562,4.6219,18.918,5316.404
2,1018.008,104.561,4.629,18.918,5317.455
2,1018.208,104.561,4.6362,18.918,5318.506
2,1018.408,104.561,4.6435,18.918,5319.557
2,1018.608,104.561,4.6521,18.918,5320.608
2,1018.808,104.56,4.6617,18.918,5321.659
2,1019.008,104.56,4.6714,18.918,5322.71
2,1019.208,104.56,4.6811,18.918,5323.761
2,1019.408,104.56,4.6908,18.918,5324.812
2,1019.608,104.559,4.6975,18.917,5325.863
2,1019.808,104.559,4.7037,18.917,5326.914
2,1020.008,104.559,4.7098,18.917,5327.965
2,1020.208,104.559,4.7159,18.917,5329.016
2,1020.408,104.558,4.7217,18.917,5330.067
2,1020.608,104.558,4.7221,18.917,5331.118
2,1020.808,104.558,4.7225,18.917,5332.169
2,1021.008,104.558,4.7229,18.917,5333.22
2,1021.208,104.558,4.7232,18.917,5334.271
2,1021.408,104.558,4.7185,18.917,5335.322
2,1021.608,104.558,4.7021,18.917,5336.372
2,1021.808,104.558,4.6857,18.917,5337.423
2,1022.008,104.558,4.6693,18.917,5338.474
2,1022.208,104.559,4.6528,18.917,5339.525
2,1022.408,104.559,4.6301,18.917,5340.576
2,1022.608,104.559,4.6022,18.917,5341.627
2,1022.808,104.56,4.5743,18.917,5342.678
2,1023.008,104.56,4.5463,18.917,5343.729
2,1023.208,104.56,4.5183,18.918,5344.78
2,1023.408,104.561,4.4896,18.918,5345.831
2,1023.608,104.561,4.4607,18.918,5346.882
2,1023.808,104.562,4.4317,18.919,5347.933
2,1024.008,104.562,4.4027,18.919,5348.984
2,1024.208,104.562,4.3737,18.919,5350.035
2,1024.408,104.563,4.3446,18.92,5351.086
2,1024.608,104.563,4.3155,18.92,5352.137
2,1024.808,104.564,4.2864,18.921,5353.188
2,1025.008,104.564,4.2573,18.921,5354.239
2,1025.208,104.565,4.2276,18.922,5355.291
2,1025.408,104.565,4.1964,18.922,5356.342
2,1025.608,104.565,4.1652,18.923,5357.393
2,1025.808,104.566,4.134,18.923,5358.444
2,1026.008,104.566,4.1027,18.924,5359.496
2,1026.208,104.567,4.0728,18.925,5360.547
2,1026.408,104.567,4.0441,18.925,5361.598
2,1026.608,104.568,4.0155,18.926,5362.65
2,1026.808,104.568,3.9868,18.926,5363.701
2,1027.008,104.568,3.9581,18.927,5364.753
2,1027.208,104.569,3.92,18.927,5365.804
2,1027.408,104.57,3.8791,18.928,5366.856
2,1027.608,104.57,3.8382,18.929,5367.907
2,1027.808,104.571,3.7972,18.929,5368.959
2,1028.008,104.571,3.7561,18.93,5370.01
2,1028.208,104.572,3.7003,18.93,5371.062
2,1028.408,104.573,3.6445,18.931,5372.114
2,1028.608,104.574,3.5887,18.932,5373.165
2,1028.808,104.575,3.5327,18.933,5374.217
2,1029.008,104.576,3.4754,18.933,5375.269
2,1029.208,104.577,3.4139,18.934,5376.321
2,1029.408,104.578,3.3524,18.935,5377.373
2,1029.608,104.579,3.2908,18.936,5378.425
2,1029.808,104.58,3.2292,18.937,5379.477
2,1030.008,104.581,3.1643,18.938,5380.529
2,1030.208,104.582,3.0962,18.939,5381.581
2,1030.408,104.583,3.0281,18.939,5382.633
2,1030.608,104.584,2.9599,18.94,5383.685
2,1030.808,104.585,2.8917,18.941,5384.737
2,1031.008,104.587,2.8215,18.942,5385.79
2,1031.208,104.588,2.7506,18.943,5386.842
2,1031.408,104.589,2.6797,18.944,5387.894
2,1031.608,104.59,2.6088,18.945,5388.947
2,1031.808,104.591,2.5378,18.946,5389.999
2,1032.008,104.592,2.474,18.947,5391.052
2,1032.208,104.593,2.4101,18.948,5392.105
2,1032.408,104.594,2.3463,18.949,5393.157
2,1032.608,104.595,2.2825,18.95,5394.21
2,1032.808,104.597,2.2186,18.951,5395.263
2,1033.008,104.598,2.1545,18.951,5396.316
2,1033.208,104.599,2.0903,18.952,5397.368
2,1033.408,104.6,2.0262,18.953,5398.421
2,1033.608,104.601,1.9621,18.954,5399.474
2,1033.808,104.602,1.8999,18.955,5400.527
2,1034.008,104.603,1.8396,18.955,5401.58
2,1034.208,104.604,1.7793,18.956,5402.633
2,1034.408,104.605,1.7191,18.957,5403.686
2,1034.608,104.606,1.6588,18.958,5404.74
2,1034.808,104.607,1.6005,18.958,5405.793
2,1035.008,104.608,1.5427,18.959,5406.846
2,1035.208,104.609,1.485,18.96,5407.899
2,1035.408,104.61,1.4273,18.96,5408.953
2,1035.608,104.611,1.3697,18.961,5410.006
2,1035.808,104.612,1.3116,18.961,5411.059
2,1036.008,104.613,1.2536,18.962,5412.113
2,1036.208,104.614,1.1957,18.963,5413.166
2,1036.408,104.615,1.1377,18.963,5414.22
2,1036.608,104.616,1.0838,18.964,5415.273
2,1036.808,104.616,1.0414,18.964,5416.327
2,1037.008,104.617,0.9991,18.965,5417.38
2,1037.208,104.618,0.9568,18.965,5418.434
2,1037.408,104.618,0.9145,18.965,5419.488
2,1037.608,104.619,0.8702,18.966,5420.541
2,1037.808,104.62,0.8241,18.966,5421.595
2,1038.008,104.621,0.7781,18.967,5422.649
2,1038.208,104.622,0.732,18.967,5423.702
2,1038.408,104.622,0.686,18.967,5424.756
2,1038.608,104.623,0.6315,18.968,5425.81
2,1038.808,104.624,0.5744,18.968,5426.863
2,1039.008,104.625,0.5174,18.968,5427.917
2,1039.208,104.626,0.4604,18.968,5428.971
2,1039.408,104.627,0.4019,18.969,5430.025
2,1039.608,104.629,0.2811,18.969,5431.079
2,1039.808,104.631,0.1603,18.969,5432.132
2,1040.008,104.633,0.0395,18.969,5433.186
2,1040.208,104.634,0.0,18.97,5434.24
2,1040.408,104.634,0.0,18.975,5435.294
2,1040.608,104.634,0.0,18.986,5436.348
2,1040.808,104.634,0.0,19.001,5437.403
2,1041.008,104.634,0.0,19.018,5438.458
2,1041.208,104.634,0.0,19.038,5439.515
2,1041.408,104.634,0.0,19.061,5440.573
2,1041.608,104.634,0.0,19.085,5441.632
2,1041.808,104.634,0.0,19.109,5442.692
2,1042.008,104.634,0.0,19.132,5443.754
2,1042.208,104.634,0.0,19.155,5444.816
2,1042.408,104.634,0.0,19.177,5445.881
2,1042.608,104.634,0.0,19.197,5446.946
2,1042.808,104.634,0.0,19.214,5448.013
2,1043.008,104.634,0.0,19.228,5449.08
2,1043.208,104.634,0.0,19.24,5450.148
2,1043.408,104.634,0.0,19.248,5451.217
2,1043.608,104.634,0.0,19.252,5452.286
2,1043.808,104.634,0.0,19.252,5453.356
2,1044.008,104.634,0.0,19.247,5454.426
2,1044.208,104.634,0.0,19.238,5455.495
2,1044.408,104.634,0.0,19.224,5456.564
2,1044.608,104.633,0.0537,19.203,5457.632
2,1044.808,104.631,0.1898,19.18,5458.699
2,1045.008,104.629,0.3218,19.159,5459.764
2,1045.208,104.626,0.4904,19.141,5460.828
2,1045.408,104.623,0.6671,19.124,5461.892
2,1045.608,104.619,0.8409,19.108,5462.954
2,1045.808,104.616,1.0119,19.094,5464.016
2,1046.008,104.614,1.1771,19.082,5465.077
2,1046.208,104.612,1.2942,19.07,5466.137
2,1046.408,104.609,1.4094,19.06,5467.196
2,1046.608,104.607,1.5231,19.051,5468.255
2,1046.808,104.605,1.6353,19.042,5469.313
2,1047.008,104.604,1.7367,19.035,5470.371
2,1047.208,104.602,1.8191,19.027,5471.429
2,1047.408,104.601,1.9006,19.021,5472.486
2,1047.608,104.599,1.9812,19.015,5473.543
2,1047.808,104.598,2.0609,19.01,5474.599
2,1048.008,104.596,2.1391,19.005,5475.655
2,1048.208,104.595,2.2162,19.0,5476.711
2,1048.408,104.594,2.2927,18.996,5477.767
2,1048.608,104.592,2.3687,18.993,5478.822
2,1048.808,104.591,2.4442,18.989,5479.877
2,1049.008,104.59,2.5189,18.986,5480.932
2,1049.208,104.588,2.5931,18.983,5481.987
2,1049.408,104.587,2.667,18.98,5483.041
2,1049.608,104.586,2.7406,18.977,5484.096
2,1049.808,104.584,2.8132,18.975,5485.15
2,1050.008,104.583,2.8814,18.973,5486.204
2,1050.208,104.582,2.9494,18.97,5487.258
2,1050.408,104.58,3.0172,18.968,5488.312
2,1050.608,104.579,3.0848,18.966,5489.366
2,1050.808,104.578,3.1492,18.965,5490.42
2,1051.008,104.577,3.209,18.963,5491.473
2,1051.208,104.576,3.2686,18.961,5492.527
2,1051.408,104.575,3.3281,18.959,5493.58
2,1051.608,104.574,3.3875,18.958,5494.633
2,1051.808,104.573,3.4458,18.956,5495.687
2,1052.008,104.571,3.5037,18.955,5496.74
2,1052.208,104.57,3.5614,18.954,5497.793
2,1052.408,104.569,3.6191,18.952,5498.846
2,1052.608,104.568,3.6767,18.951,5499.899
2,1052.808,104.567,3.7271,18.95,5500.952
2,1053.008,104.566,3.7767,18.948,5502.004
2,1053.208,104.565,3.8263,18.947,5503.057
2,1053.408,104.564,3.8758,18.946,5504.11
2,1053.608,104.563,3.9239,18.945,5505.162
2,1053.808,104.563,3.9648,18.944,5506.215
2,1054.008,104.562,4.0056,18.942,5507.267
2,1054.208,104.561,4.0464,18.941,5508.319
2,1054.408,104.56,4.0872,18.94,5509.372
2,1054.608,104.56,4.1233,18.939,5510.424
2,1054.808,104.559,4.1524,18.938,5511.476
2,1055.008,104.558,4.1815,18.937,5512.528
2,1055.208,104.558,4.2105,18.936,5513.58
2,1055.408,104.557,4.2394,18.935,5514.632
2,1055.608,104.557,4.2625,18.935,5515.684
2,1055.808,104.556,4.2823,18.934,5516.736
2,1056.008,104.556,4.302,18.933,5517.788
2,1056.208,104.555,4.3217,18.932,5518.84
2,1056.408,104.555,4.3413,18.931,5519.892
2,1056.608,104.554,4.3584,18.931,5520.944
2,1056.808,104.554,4.3751,18.93,5521.995
2,1057.008,104.554,4.3919,18.93,5523.047
2,1057.208,104.553,4.4085,18.929,5524.099
2,1057.408,104.553,4.4241,18.928,5525.15
2,1057.608,104.553,4.4334,18.928,5526.202
2,1057.808,104.552,4.4426,18.927,5527.253
2,1058.008,104.552,4.4518,18.927,5528.305
2,1058.208,104.552,4.4609,18.926,5529.356
2,1058.408,104.552,4.4679,18.926,5530.408
2,1058.608,104.551,4.4714,18.925,5531.459
2,1058.808,104.551,4.4749,18.925,5532.511
2,1059.008,104.551,4.4784,18.925,5533.562
2,1059.208,104.551,4.4818,18.924,5534.613
2,1059.408,104.551,4.4863,18.924,5535.665
2,1059.608,104.551,4.4915,18.924,5536.716
2,1059.808,104.55,4.4967,18.924,5537.767
2,1060.008,104.55,4.5019,18.923,5538.819
2,1060.208,104.55,4.5071,18.923,5539.87
2,1060.408,104.55,4.512,18.923,5540.921
2,1060.608,104.55,4.5168,18.923,5541.973
2,1060.808,104.549,4.5216,18.922,5543.024
2,1061.008,104.549,4.5264,18.922,5544.075
2,1061.208,104.549,4.531,18.922,5545.126
2,1061.408,104.549,4.534,18.922,5546.177
2,1061.608,104.549,4.537,18.922,5547.229
2,1061.808,104.549,4.54,18.922,5548.28
2,1062.008,104.549,4.543,18.921,5549.331
2,1062.208,104.548,4.5492,18.921,5550.382
2,1062.408,104.548,4.561,18.921,5551.434
2,1062.608,104.548,4.5728,18.921,5552.485
2,1062.808,104.547,4.5847,18.921,5553.536
2,1063.008,104.547,4.5965,18.921,5554.587
2,1063.208,104.547,4.6038,18.921,5555.638
2,1063.408,104.547,4.6081,18.92,5556.689
2,1063.608,104.546,4.6124,18.92,5557.74
2,1063.808,104.546,4.6167,18.92,5558.792
2,1064.008,104.546,4.6209,18.92,5559.843
2,1064.208,104.546,4.6258,18.92,5560.894
2,1064.408,104.546,4.6307,18.92,5561.945
2,1064.608,104.546,4.6356,18.919,5562.996
2,1064.808,104.545,4.6405,18.919,5564.047
2,1065.008,104.545,4.6454,18.919,5565.098
2,1065.208,104.545,4.6496,18.919,5566.149
2,1065.408,104.545,4.6537,18.919,5567.2
2,1065.608,104.545,4.6579,18.919,5568.251
2,1065.808,104.544,4.662,18.919,5569.302
2,1066.008,104.544,4.6627,18.918,5570.353
2,1066.208,104.544,4.6566,18.918,5571.404
2,1066.408,104.544,4.6504,18.918,5572.455
2,1066.608,104.544,4.6442,18.918,5573.506
2,1066.808,104.544,4.638,18.918,5574.557
2,1067.008,104.544,4.6333,18.918,5575.608
2,1067.208,104.544,4.6298,18.918,5576.659
2,1067.408,104.544,4.6263,18.918,5577.71
2,1067.608,104.544,4.6228,18.918,5578.761
2,1067.808,104.544,4.6193,18.918,5579.812
2,1068.008,104.544,4.6161,18.918,5580.863
2,1068.208,104.544,4.6131,18.918,5581.914
2,1068.408,104.544,4.61,18.918,5582.965
2,1068.608,104.544,4.6069,18.918,5584.016
2,1068.808,104.544,4.6045,18.918,5585.068
2,1069.008,104.544,4.6129,18.918,5586.119
2,1069.208,104.543,4.6213,18.918,5587.17
2,1069.408,104.543,4.6297,18.918,5588.221
2,1069.608,104.543,4.6381,18.918,5589.272
2,1069.808,104.543,4.6481,18.918,5590.323
2,1070.008,104.542,4.6619,18.918,5591.374
2,1070.208,104.542,4.6756,18.918,5592.425
2,1070.408,104.542,4.6894,18.918,5593.476
2,1070.608,104.541,4.7032,18.918,5594.527
2,1070.808,104.541,4.7132,18.918,5595.578
2,1071.008,104.541,4.72,18.918,5596.629
2,1071.208,104.54,4.7269,18.917,5597.68
2,1071.408,104.54,4.7337,18.917,5598.731
2,1071.608,104.54,4.7405,18.917,5599.782
2,1071.808,104.54,4.7464,18.917,5600.832
2,1072.008,104.54,4.752,18.917,5601.883
2,1072.208,104.539,4.7576,18.917,5602.934
2,1072.408,104.539,4.7631,18.916,5603.985
2,1072.608,104.539,4.7685,18.916,5605.036
2,1072.808,104.539,4.7676,18.916,5606.087
2,1073.008,104.539,4.7667,18.916,5607.138
2,1073.208,104.539,4.7657,18.916,5608.189
2,1073.408,104.539,4.7648,18.916,5609.24
2,1073.608,104.539,4.7596,18.916,5610.291
2,1073.808,104.539,4.7436,18.916,5611.342
2,1074.008,104.539,4.7276,18.916,5612.392
2,1074.208,104.539,4.7115,18.916,5613.443
2,1074.408,104.539,4.6953,18.916,5614.494
2,1074.608,104.54,4.674,18.916,5615.545
2,1074.808,104.54,4.6479,18.916,5616.596
2,1075.008,104.54,4.6218,18.916,5617.647
2,1075.208,104.541,4.5956,18.916,5618.698
2,1075.408,104.541,4.5693,18.917,5619.749
2,1075.608,104.541,4.5401,18.917,5620.8
2,1075.808,104.542,4.5099,18.917,5621.85
2,1076.008,104.542,4.4796,18.918,5622.901
2,1076.208,104.543,4.4493,18.918,5623.952
2,1076.408,104.543,4.419,18.918,5625.003
2,1076.608,104.544,4.3737,18.919,5626.054
2,1076.808,104.544,4.3285,18.919,5627.105
2,1077.008,104.545,4.2831,18.92,5628.157
2,1077.208,104.546,4.2377,18.92,5629.208
2,1077.408,104.546,4.192,18.921,5630.259
2,1077.608,104.547,4.1456,18.922,5631.31
2,1077.808,104.548,4.0991,18.922,5632.361
2,1078.008,104.549,4.0527,18.923,5633.412
2,1078.208,104.549,4.0062,18.924,5634.464
2,1078.408,104.55,3.9558,18.925,5635.515
2,1078.608,104.551,3.9013,18.925,5636.566
2,1078.808,104.552,3.8468,18.926,5637.618
2,1079.008,104.553,3.7923,18.927,5638.669
2,1079.208,104.554,3.7377,18.928,5639.721
2,1079.408,104.554,3.6812,18.929,5640.772
2,1079.608,104.555,3.624,18.93,5641.824
2,1079.808,104.556,3.5668,18.931,5642.876
2,1080.008,104.557,3.5095,18.932,5643.927
2,1080.208,104.558,3.4522,18.932,5644.979
2,1080.408,104.559,3.394,18.933,5646.031
2,1080.608,104.56,3.3357,18.934,5647.083
2,1080.808,104.561,3.2774,18.935,5648.135
2,1081.008,104.562,3.2191,18.936,5649.187
2,1081.208,104.563,3.1626,18.937,5650.239
2,1081.408,104.564,3.1124,18.938,5651.291
2,1081.608,104.564,3.0623,18.939,5652.343
2,1081.808,104.565,3.0121,18.94,5653.395
2,1082.008,104.566,2.962,18.941,5654.447
2,1082.208,104.567,2.9125,18.942,5655.499
2,1082.408,104.568,2.8636,18.943,5656.552
2,1082.608,104.568,2.8148,18.943,5657.604
2,1082.808,104.569,2.766,18.944,5658.657
2,1083.008,104.57,2.7172,18.945,5659.709
2,1083.208,104.571,2.6743,18.946,5660.761
2,1083.408,104.571,2.6336,18.947,5661.814
2,1083.608,104.572,2.593,18.947,5662.867
2,1083.808,104.573,2.5524,18.948,5663.919
2,1084.008,104.573,2.5118,18.949,5664.972
2,1084.208,104.574,2.4671,18.95,5666.025
2,1084.408,104.575,2.4222,18.95,5667.077
2,1084.608,104.575,2.3773,18.951,5668.13
2,1084.808,104.576,2.3325,18.952,5669.183
2,1085.008,104.577,2.289,18.952,5670.236
2,1085.208,104.577,2.2503,18.953,5671.289
2,1085.408,104.578,2.2115,18.953,5672.342
2,1085.608,104.579,2.1729,18.954,5673.395
2,1085.808,104.579,2.1342,18.955,5674.448
2,1086.008,104.58,2.0902,18.955,5675.501
2,1086.208,104.581,2.0404,18.956,5676.554
2,1086.408,104.582,1.9906,18.956,5677.607
2,1086.608,104.582,1.9409,18.957,5678.66
2,1086.808,104.583,1.8911,18.957,5679.713
2,1087.008,104.584,1.8452,18.958,5680.766
2,1087.208,104.585,1.8008,18.958,5681.82
2,1087.408,104.585,1.7565,18.959,5682.873
2,1087.608,104.586,1.7122,18.959,5683.926
2,1087.808,104.587,1.6678,18.96,5684.979
2,1088.008,104.588,1.627,18.96,5686.033
2,1088.208,104.588,1.5862,18.961,5687.086
2,1088.408,104.589,1.5455,18.961,5688.139
2,1088.608,104.59,1.5048,18.962,5689.193
2,1088.808,104.59,1.4644,18.962,5690.246
2,1089.008,104.591,1.4253,18.962,5691.3
2,1089.208,104.592,1.3861,18.963,5692.353
2,1089.408,104.592,1.347,18.963,5693.407
2,1089.608,104.593,1.3079,18.964,5694.46
2,1089.808,104.594,1.2723,18.964,5695.514
2,1090.008,104.594,1.2404,18.964,5696.567
2,1090.208,104.595,1.2085,18.965,5697.621
2,1090.408,104.595,1.1767,18.965,5698.674
2,1090.608,104.596,1.1449,18.965,5699.728
2,1090.808,104.596,1.107,18.966,5700.782
2,1091.008,104.597,1.067,18.966,5701.835
2,1091.208,104.598,1.027,18.966,5702.889
2,1091.408,104.598,0.987,18.966,5703.943
2,1091.608,104.599,0.947,18.967,5704.996
2,1091.808,104.599,0.9169,18.967,5706.05
2,1092.008,104.6,0.8867,18.967,5707.104
2,1092.208,104.6,0.8566,18.967,5708.157
2,1092.408,104.601,0.8265,18.968,5709.211
2,1092.608,104.601,0.7969,18.968,5710.265
2,1092.808,104.602,0.7688,18.968,5711.319
2,1093.008,104.602,0.7406,18.968,5712.372
2,1093.208,104.603,0.7125,18.968,5713.426
2,1093.408,104.603,0.6844,18.969,5714.48
2,1093.608,104.604,0.6575,18.969,5715.534
2,1093.808,104.604,0.6317,18.969,5716.588
2,1094.008,104.605,0.6059,18.969,5717.641
2,1094.208,104.605,0.5802,18.969,5718.695
2,1094.408,104.606,0.5545,18.969,5719.749
2,1094.608,104.607,0.4918,18.969,5720.803
2,1094.808,104.608,0.4176,18.97,5721.857
2,1095.008,104.609,0.3433,18.97,5722.911
2,1095.208,104.61,0.2691,18.97,5723.965
2,1095.408,104.612,0.1946,18.97,5725.018
2,1095.608,104.613,0.1079,18.97,5726.072
2,1095.808,104.615,0.0211,18.97,5727.126
2,1096.008,104.615,0.0,18.97,5728.18
2,1096.208,104.615,0.0,18.975,5729.234
2,1096.408,104.615,0.0,18.984,5730.288
2,1096.608,104.615,0.0,18.998,5731.343
2,1096.808,104.615,0.0,19.014,5732.398
2,1097.008,104.615,0.0,19.033,5733.455
2,1097.208,104.615,0.0,19.054,5734.512
2,1097.408,104.615,0.0,19.077,5735.571
2,1097.608,104.615,0.0,19.101,5736.63
2,1097.808,104.615,0.0,19.126,5737.692
2,1098.008,104.615,0.0,19.152,5738.754
2,1098.208,104.615,0.0,19.179,5739.818
2,1098.408,104.615,0.0,19.207,5740.884
2,1098.608,104.615,0.0,19.234,5741.951
2,1098.808,104.615,0.0,19.262,5743.019
2,1099.008,104.615,0.0,19.29,5744.089
2,1099.208,104.615,0.0,19.318,5745.161
2,1099.408,104.615,0.0,19.346,5746.234
2,1099.608,104.615,0.0,19.373,5747.309
2,1099.808,104.615,0.0,19.4,5748.385
2,1100.008,104.615,0.0,19.427,5749.463
2,1100.208,104.615,0.0,19.452,5750.542
2,1100.408,104.615,0.0,19.477,5751.623
2,1100.608,104.615,0.0,19.5,5752.705
2,1100.808,104.615,0.0,19.522,5753.789
2,1101.008,104.615,0.0,19.541,5754.873
2,1101.208,104.615,0.0,19.56,5755.959
2,1101.408,104.615,0.0,19.576,5757.045
2,1101.608,104.615,0.0,19.589,5758.133
2,1101.808,104.615,0.0,19.6,5759.221
2,1102.008,104.615,0.0,19.608,5760.31
2,1102.208,104.615,0.0,19.614,5761.399
2,1102.408,104.615,0.0,19.616,5762.489
2,1102.608,104.615,0.0,19.613,5763.579
2,1102.808,104.615,0.0,19.607,5764.668
2,1103.008,104.615,0.0,19.596,5765.758
2,1103.208,104.615,0.0,19.58,5766.846
2,1103.408,104.615,0.0,19.559,5767.934
2,1103.608,104.615,0.0,19.532,5769.021
2,1103.808,104.615,0.0,19.5,5770.106
2,1104.008,104.615,0.0,19.462,5771.189
2,1104.208,104.613,0.1397,19.416,5772.27
2,1104.408,104.609,0.3341,19.372,5773.349
2,1104.608,104.606,0.5203,19.332,5774.425
2,1104.808,104.603,0.7171,19.296,5775.499
2,1105.008,104.599,0.9278,19.263,5776.571
2,1105.208,104.595,1.1326,19.234,5777.641
2,1105.408,104.592,1.3323,19.207,5778.71
2,1105.608,104.588,1.5273,19.183,5779.777
2,1105.808,104.585,1.6957,19.161,5780.843
2,1106.008,104.583,1.8546,19.142,5781.907
2,1106.208,104.58,2.0103,19.124,5782.971
2,1106.408,104.577,2.1632,19.108,5784.033
2,1106.608,104.575,2.3136,19.093,5785.095
2,1106.808,104.572,2.4625,19.079,5786.155
2,1107.008,104.569,2.6094,19.067,5787.215
2,1107.208,104.567,2.7545,19.056,5788.275
2,1107.408,104.564,2.8981,19.046,5789.333
2,1107.608,104.562,3.0436,19.036,5790.391
2,1107.808,104.559,3.1937,19.027,5791.449
2,1108.008,104.556,3.3427,19.019,5792.506
2,1108.208,104.554,3.4907,19.012,5793.563
2,1108.408,104.551,3.6378,19.005,5794.619
2,1108.608,104.548,3.7868,18.998,5795.675
2,1108.808,104.546,3.9367,18.992,5796.73
2,1109.008,104.543,4.0859,18.986,5797.785
2,1109.208,104.54,4.2346,18.98,5798.84
2,1109.408,104.537,4.3829,18.975,5799.894
2,1109.608,104.535,4.5218,18.97,5800.949
2,1109.808,104.532,4.6594,18.965,5802.003
2,1110.008,104.53,4.7967,18.96,5803.056
2,1110.208,104.527,4.9336,18.956,5804.109
2,1110.408,104.526,5.0,18.951,5805.163
2,1110.608,104.526,5.0,18.943,5806.215
2,1110.808,104.526,5.0,18.926,5807.268
2,1111.008,104.526,5.0,18.901,5808.319
2,1111.208,104.526,5.0,18.869,5809.369
2,1111.408,104.526,5.0,18.829,5810.418
2,1111.608,104.526,5.0,18.782,5811.464
2,1111.808,104.525,5.0,18.73,5812.507
2,1112.008,104.525,5.0,18.671,5813.548
2,1112.208,104.525,5.0,18.606,5814.585
2,1112.408,104.525,5.0,18.535,5815.619
2,1112.608,104.525,5.0,18.46,5816.648
2,1112.808,104.525,5.0,18.379,5817.674
2,1113.008,104.525,5.0,18.295,5818.695
2,1113.208,104.525,5.0,18.205,5819.711
2,1113.408,104.525,5.0,18.112,5820.723
2,1113.608,104.524,5.0,18.015,5821.729
2,1113.808,104.524,5.0,17.916,5822.73
2,1114.008,104.524,5.0,17.813,5823.725
2,1114.208,104.524,5.0,17.708,5824.715
2,1114.408,104.524,5.0,17.601,5825.699
2,1114.608,104.524,5.0,17.491,5826.676
2,1114.808,104.524,5.0,17.38,5827.648
2,1115.008,104.524,5.0,17.267,5828.614
2,1115.208,104.523,5.0,17.153,5829.573
2,1115.408,104.523,5.0,17.037,5830.526
2,1115.608,104.523,5.0,16.921,5831.472
2,1115.808,104.523,5.0,16.803,5832.413
2,1116.008,104.523,5.0,16.686,5833.346
2,1116.208,104.523,5.0,16.568,5834.273
2,1116.408,104.523,5.0,16.449,5835.193
2,1116.608,104.523,5.0,16.331,5836.107
2,1116.808,104.523,5.0,16.213,5837.015
2,1117.008,104.522,5.0,16.096,5837.915
2,1117.208,104.522,5.0,15.98,5838.81
2,1117.408,104.522,5.0,15.864,5839.697
2,1117.608,104.522,5.0,15.749,5840.579
2,1117.808,104.522,5.0,15.636,5841.454
2,1118.008,104.522,5.0,15.524,5842.322
2,1118.208,104.522,5.0,15.413,5843.185
2,1118.408,104.522,5.0,15.304,5844.041
2,1118.608,104.522,5.0,15.196,5844.891
2,1118.808,104.521,5.0,15.09,5845.735
2,1119.008,104.521,5.0,14.985,5846.574
2,1119.208,104.521,5.0,14.883,5847.406
2,1119.408,104.521,5.0,14.784,5848.233
2,1119.608,104.521,5.0,14.686,5849.054
2,1119.808,104.521,5.0,14.591,5849.87
2,1120.008,104.521,5.0,14.497,5850.681
2,1120.208,104.521,5.0,14.407,5851.486
2,1120.408,104.521,5.0,14.319,5852.287
2,1120.608,104.52,5.0,14.234,5853.082
2,1120.808,104.52,5.0,14.151,5853.873
2,1121.008,104.52,5.0,14.071,5854.659
2,1121.208,104.52,5.0,13.993,5855.441
2,1121.408,104.52,5.0,13.919,5856.218
2,1121.608,104.52,5.0,13.848,5856.992
2,1121.808,104.52,5.0,13.781,5857.761
2,1122.008,104.52,5.0,13.716,5858.526
2,1122.208,104.519,5.0,13.655,5859.288
2,1122.408,104.519,5.0,13.598,5860.047
2,1122.608,104.519,5.0,13.543,5860.803
2,1122.808,104.519,5.0,13.491,5861.555
2,1123.008,104.519,5.0,13.443,5862.304
2,1123.208,104.519,5.0,13.398,5863.051
2,1123.408,104.519,5.0,13.356,5863.796
2,1123.608,104.519,5.0,13.317,5864.538
2,1123.808,104.519,5.0,13.281,5865.277
2,1124.008,104.518,5.0,13.248,5866.015
2,1124.208,104.518,5.0,13.22,5866.751
2,1124.408,104.518,5.0,13.196,5867.486
2,1124.608,104.518,5.0,13.175,5868.219
2,1124.808,104.518,5.0,13.159,5868.951
2,1125.008,104.518,5.0,13.146,5869.682
2,1125.208,104.518,5.0,13.137,5870.412
2,1125.408,104.518,5.0,13.133,5871.142
2,1125.608,104.518,5.0,13.133,5871.872
2,1125.808,104.517,5.0,13.137,5872.601
2,1126.008,104.517,5.0,13.147,5873.331
2,1126.208,104.517,5.0,13.16,5874.062
2,1126.408,104.517,5.0,13.178,5874.793
2,1126.608,104.517,5.0,13.2,5875.525
2,1126.808,104.517,5.0,13.225,5876.258
2,1127.008,104.517,5.0,13.254,5876.993
2,1127.208,104.517,5.0,13.286,5877.729
2,1127.408,104.517,5.0,13.321,5878.467
2,1127.608,104.516,5.0,13.36,5879.207
2,1127.808,104.516,5.0,13.401,5879.95
2,1128.008,104.516,5.0,13.446,5880.694
2,1128.208,104.516,5.0,13.493,5881.441
2,1128.408,104.516,5.0,13.544,5882.191
2,1128.608,104.516,5.0,13.597,5882.943
2,1128.808,104.516,5.0,13.652,5883.698
2,1129.008,104.516,5.0,13.71,5884.457
2,1129.208,104.515,5.0,13.771,5885.219
2,1129.408,104.515,5.0,13.834,5885.984
2,1129.608,104.515,5.0,13.899,5886.752
2,1129.808,104.515,5.0,13.966,5887.524
2,1130.008,104.515,5.0,14.034,5888.3
2,1130.208,104.515,5.0,14.105,5889.08
2,1130.408,104.515,5.0,14.177,5889.864
2,1130.608,104.515,5.0,14.251,5890.651
2,1130.808,104.515,5.0,14.327,5891.443
2,1131.008,104.514,5.0,14.405,5892.239
2,1131.208,104.514,5.0,14.484,5893.039
2,1131.408,104.514,5.0,14.565,5893.844
2,1131.608,104.514,5.0,14.648,5894.653
2,1131.808,104.514,5.0,14.733,5895.467
2,1132.008,104.514,5.0,14.819,5896.285
2,1132.208,104.514,5.0,14.906,5897.109
2,1132.408,104.514,5.0,14.994,5897.937
2,1132.608,104.514,5.0,15.084,5898.77
2,1132.808,104.513,5.0,15.175,5899.608
2,1133.008,104.513,5.0,15.268,5900.451
2,1133.208,104.513,5.0,15.362,5901.299
2,1133.408,104.513,5.0,15.456,5902.152
2,1133.608,104.513,5.0,15.552,5903.011
2,1133.808,104.513,5.0,15.649,5903.875
2,1134.008,104.513,5.0,15.747,5904.744
2,1134.208,104.513,5.0,15.846,5905.619
2,1134.408,104.513,5.0,15.946,5906.5
2,1134.608,104.512,5.0,16.047,5907.386
2,1134.808,104.512,5.0,16.149,5908.277
2,1135.008,104.512,5.0,16.252,5909.174
2,1135.208,104.512,5.0,16.356,5910.077
2,1135.408,104.512,5.0,16.461,5910.986
2,1135.608,104.512,5.0,16.566,5911.9
2,1135.808,104.512,5.0,16.671,5912.821
2,1136.008,104.512,5.0,16.777,5913.747
2,1136.208,104.512,5.0,16.883,5914.679
2,1136.408,104.511,5.0,16.989,5915.617
2,1136.608,104.511,5.0,17.096,5916.561
2,1136.808,104.511,5.0,17.204,5917.51
2,1137.008,104.511,5.0,17.313,5918.466
2,1137.208,104.511,5.0,17.422,5919.428
2,1137.408,104.511,5.0,17.532,5920.396
2,1137.608,104.511,5.0,17.643,5921.37
2,1137.808,104.511,5.0,17.755,5922.35
2,1138.008,104.513,4.8655,17.867,5923.337
2,1138.208,104.516,4.6944,17.971,5924.329
2,1138.408,104.518,4.5346,18.066,5925.328
2,1138.608,104.521,4.3871,18.151,5926.331
2,1138.808,104.523,4.2482,18.228,5927.34
2,1139.008,104.525,4.1174,18.298,5928.352
2,1139.208,104.527,3.9941,18.361,5929.369
2,1139.408,104.529,3.8803,18.418,5930.389
2,1139.608,104.531,3.7774,18.469,5931.412
2,1139.808,104.533,3.6803,18.516,5932.438
2,1140.008,104.534,3.5886,18.558,5933.467
2,1140.208,104.536,3.5018,18.596,5934.498
2,1140.408,104.537,3.4101,18.63,5935.531
2,1140.608,104.539,3.3133,18.662,5936.566
2,1140.808,104.54,3.2202,18.69,5937.603
2,1141.008,104.542,3.1304,18.715,5938.641
2,1141.208,104.543,3.0436,18.738,5939.681
2,1141.408,104.544,2.962,18.759,5940.722
2,1141.608,104.546,2.8841,18.778,5941.764
2,1141.808,104.547,2.8085,18.796,5942.807
2,1142.008,104.548,2.735,18.811,5943.851
2,1142.208,104.549,2.6634,18.825,5944.896
2,1142.408,104.551,2.5927,18.838,5945.942
2,1142.608,104.552,2.5236,18.85,5946.989
2,1142.808,104.553,2.4559,18.86,5948.036
2,1143.008,104.554,2.3894,18.87,5949.084
2,1143.208,104.555,2.3258,18.879,5950.132
2,1143.408,104.556,2.2745,18.887,5951.181
2,1143.608,104.557,2.2242,18.894,5952.23
2,1143.808,104.557,2.1748,18.9,5953.28
2,1144.008,104.558,2.1262,18.906,5954.33
2,1144.208,104.559,2.0821,18.912,5955.38
2,1144.408,104.56,2.0453,18.917,5956.431
2,1144.608,104.56,2.0092,18.921,5957.482
2,1144.808,104.561,1.9736,18.925,5958.533
2,1145.008,104.561,1.9385,18.929,5959.584
2,1145.208,104.562,1.9028,18.932,5960.636
2,1145.408,104.562,1.867,18.935,5961.688
2,1145.608,104.563,1.8315,18.938,5962.74
2,1145.808,104.564,1.7963,18.94,5963.792
2,1146.008,104.564,1.7615,18.943,5964.844
2,1146.208,104.565,1.7339,18.945,5965.896
2,1146.408,104.565,1.7078,18.947,5966.949
2,1146.608,104.565,1.682,18.948,5968.002
2,1146.808,104.566,1.6564,18.95,5969.054
2,1147.008,104.566,1.6323,18.951,5970.107
2,1147.208,104.566,1.62,18.953,5971.16
2,1147.408,104.567,1.608,18.954,5972.213
2,1147.608,104.567,1.5961,18.955,5973.266
2,1147.808,104.567,1.5843,18.956,5974.319
2,1148.008,104.567,1.5752,18.957,5975.372
2,1148.208,104.567,1.5707,18.958,5976.425
2,1148.408,104.567,1.5664,18.959,5977.478
2,1148.608,104.567,1.5621,18.959,5978.532
2,1148.808,104.567,1.558,18.96,5979.585
2,1149.008,104.567,1.5618,18.96,5980.638
2,1149.208,104.567,1.5709,18.961,5981.692
2,1149.408,104.567,1.5801,18.961,5982.745
2,1149.608,104.566,1.5893,18.962,5983.798
2,1149.808,104.566,1.5987,18.962,5984.852
2,1150.008,104.566,1.6092,18.962,5985.905
2,1150.208,104.566,1.6199,18.963,5986.959
2,1150.408,104.566,1.6307,18.963,5988.012
2,1150.608,104.565,1.6416,18.963,5989.066
2,1150.808,104.565,1.6539,18.963,5990.119
2,1151.008,104.565,1.6779,18.963,5991.173
2,1151.208,104.564,1.7018,18.963,5992.226
2,1151.408,104.564,1.7259,18.964,5993.28
2,1151.608,104.563,1.7499,18.964,5994.333
2,1151.808,104.563,1.7742,18.964,5995.387
2,1152.008,104.562,1.7986,18.964,5996.44
2,1152.208,104.562,1.8231,18.964,5997.494
2,1152.408,104.561,1.8477,18.964,5998.547
2,1152.608,104.561,1.8722,18.963,5999.601
2,1152.808,104.56,1.9009,18.963,6000.655
2,1153.008,104.56,1.9321,18.963,6001.708
2,1153.208,104.559,1.9632,18.963,6002.762
2,1153.408,104.559,1.9945,18.963,6003.815
2,1153.608,104.558,2.0257,18.963,6004.869
2,1153.808,104.558,2.056,18.963,6005.922
2,1154.008,104.557,2.0863,18.963,6006.976
2,1154.208,104.556,2.1165,18.962,6008.029
2,1154.408,104.556,2.1468,18.962,6009.083
2,1154.608,104.555,2.1774,18.962,6010.136
2,1154.808,104.555,2.2098,18.962,6011.189
2,1155.008,104.554,2.2422,18.961,6012.243
2,1155.208,104.553,2.2746,18.961,6013.296
2,1155.408,104.553,2.3071,18.961,6014.35
2,1155.608,104.552,2.3313,18.961,6015.403
2,1155.808,104.552,2.3423,18.96,6016.456
2,1156.008,104.552,2.3532,18.96,6017.51
2,1156.208,104.552,2.3642,18.96,6018.563
2,1156.408,104.551,2.3751,18.96,6019.616
2,1156.608,104.551,2.3833,18.959,6020.67
2,1156.808,104.551,2.3898,18.959,6021.723
2,1157.008,104.551,2.3964,18.959,6022.776
2,1157.208,104.551,2.4029,18.959,6023.83
2,1157.408,104.55,2.4094,18.959,6024.883
2,1157.608,104.55,2.4418,18.958,6025.936
2,1157.808,104.549,2.4774,18.958,6026.989
2,1158.008,104.548,2.513,18.958,6028.043
2,1158.208,104.548,2.5487,18.958,6029.096
2,1158.408,104.547,2.5844,18.958,6030.149
2,1158.608,104.546,2.6203,18.957,6031.202
2,1158.808,104.546,2.6562,18.957,6032.255
2,1159.008,104.545,2.6921,18.957,6033.309
2,1159.208,104.544,2.728,18.956,6034.362
2,1159.408,104.544,2.7656,18.956,6035.415
2,1159.608,104.543,2.806,18.956,6036.468
2,1159.808,104.542,2.8463,18.955,6037.521
2,1160.008,104.541,2.8867,18.955,6038.574
2,1160.208,104.541,2.9271,18.954,6039.627
2,1160.408,104.54,2.9592,18.954,6040.68
2,1160.608,104.539,2.9868,18.954,6041.733
2,1160.808,104.539,3.0144,18.953,6042.786
2,1161.008,104.538,3.042,18.953,6043.839
2,1161.208,104.538,3.0696,18.952,6044.892
2,1161.408,104.537,3.0941,18.952,6045.945
2,1161.608,104.537,3.1183,18.951,6046.998
2,1161.808,104.536,3.1425,18.951,6048.051
2,1162.008,104.536,3.1667,18.951,6049.104
2,1162.208,104.535,3.1891,18.95,6050.156
2,1162.408,104.535,3.201,18.95,6051.209
2,1162.608,104.535,3.213,18.949,6052.262
2,1162.808,104.534,3.2249,18.949,6053.315
2,1163.008,104.534,3.2368,18.949,6054.367
2,1163.208,104.534,3.2441,18.948,6055.42
2,1163.408,104.534,3.2444,18.948,6056.473
2,1163.608,104.534,3.2447,18.948,6057.526
2,1163.808,104.534,3.2449,18.948,6058.578
2,1164.008,104.534,3.2451,18.947,6059.631
2,1164.208,104.534,3.2426,18.947,6060.683
2,1164.408,104.534,3.2387,18.947,6061.736
2,1164.608,104.534,3.2347,18.947,6062.789
2,1164.808,104.534,3.2307,18.947,6063.841
2,1165.008,104.534,3.2266,18.947,6064.894
2,1165.208,104.534,3.2081,18.946,6065.946
2,1165.408,104.534,3.1879,18.946,6066.999
2,1165.608,104.534,3.1677,18.946,6068.052
2,1165.808,104.535,3.1474,18.946,6069.104
2,1166.008,104.535,3.1268,18.946,6070.157
2,1166.208,104.535,3.1048,18.946,6071.209
2,1166.408,104.536,3.0828,18.947,6072.262
2,1166.608,104.536,3.0607,18.947,6073.315
2,1166.808,104.536,3.0386,18.947,6074.367
2,1167.008,104.537,3.0113,18.947,6075.42
2,1167.208,104.537,2.9761,18.947,6076.472
2,1167.408,104.538,2.9408,18.947,6077.525
2,1167.608,104.538,2.9055,18.948,6078.578
2,1167.808,104.539,2.8702,18.948,6079.63
2,1168.008,104.539,2.8317,18.948,6080.683
2,1168.208,104.54,2.7914,18.949,6081.736
2,1168.408,104.541,2.7511,18.949,6082.788
2,1168.608,104.541,2.7108,18.949,6083.841
2,1168.808,104.542,2.6705,18.95,6084.894
2,1169.008,104.543,2.6137,18.95,6085.946
2,1169.208,104.544,2.5551,18.951,6086.999
2,1169.408,104.545,2.4964,18.951,6088.052
2,1169.608,104.546,2.4377,18.951,6089.105
2,1169.808,104.547,2.3792,18.952,6090.158
2,1170.008,104.548,2.3218,18.953,6091.211
2,1170.208,104.549,2.2644,18.953,6092.264
2,1170.408,104.55,2.207,18.954,6093.317
2,1170.608,104.551,2.1495,18.954,6094.37
2,1170.808,104.551,2.0971,18.955,6095.423
2,1171.008,104.552,2.0522,18.955,6096.476
2,1171.208,104.553,2.0072,18.956,6097.529
2,1171.408,104.554,1.9623,18.956,6098.582
2,1171.608,104.554,1.9174,18.957,6099.635
2,1171.808,104.555,1.8773,18.958,6100.688
2,1172.008,104.556,1.8396,18.958,6101.741
2,1172.208,104.556,1.802,18.959,6102.794
2,1172.408,104.557,1.7644,18.959,6103.848
2,1172.608,104.557,1.7268,18.959,6104.901
2,1172.808,104.558,1.6884,18.96,6105.954
2,1173.008,104.559,1.6499,18.96,6107.008
2,1173.208,104.559,1.6113,18.961,6108.061
2,1173.408,104.56,1.5729,18.961,6109.114
2,1173.608,104.561,1.5354,18.962,6110.168
2,1173.808,104.561,1.5033,18.962,6111.221
2,1174.008,104.562,1.4712,18.962,6112.275
2,1174.208,104.562,1.4391,18.963,6113.328
2,1174.408,104.563,1.407,18.963,6114.382
2,1174.608,104.563,1.3729,18.963,6115.435
2,1174.808,104.564,1.3357,18.964,6116.489
2,1175.008,104.565,1.2986,18.964,6117.542
2,1175.208,104.565,1.2615,18.964,6118.596
2,1175.408,104.566,1.2245,18.965,6119.649
2,1175.608,104.566,1.1961,18.965,6120.703
2,1175.808,104.567,1.1722,18.965,6121.757
2,1176.008,104.567,1.1482,18.966,6122.81
2,1176.208,104.567,1.1243,18.966,6123.864
2,1176.408,104.568,1.1004,18.966,6124.917
2,1176.608,104.568,1.0707,18.966,6125.971
2,1176.808,104.569,1.0405,18.967,6127.025
2,1177.008,104.569,1.0103,18.967,6128.079
2,1177.208,104.57,0.9801,18.967,6129.132
2,1177.408,104.57,0.9511,18.967,6130.186
2,1177.608,104.571,0.9273,18.967,6131.24
2,1177.808,104.571,0.9036,18.968,6132.293
2,1178.008,104.571,0.8798,18.968,6133.347
2,1178.208,104.572,0.8561,18.968,6134.401
2,1178.408,104.572,0.8343,18.968,6135.455
2,1178.608,104.572,0.8149,18.968,6136.508
2,1178.808,104.573,0.7956,18.968,6137.562
2,1179.008,104.573,0.7762,18.969,6138.616
2,1179.208,104.573,0.7569,18.969,6139.67
2,1179.408,104.574,0.7468,18.969,6140.724
2,1179.608,104.574,0.7409,18.969,6141.778
2,1179.808,104.574,0.735,18.969,6142.831
2,1180.008,104.574,0.7291,18.969,6143.885
2,1180.208,104.574,0.7233,18.969,6144.939
2,1180.408,104.574,0.726,18.969,6145.993
2,1180.608,104.574,0.7293,18.969,6147.047
2,1180.808,104.574,0.7326,18.969,6148.101
2,1181.008,104.574,0.7359,18.97,6149.154
2,1181.208,104.574,0.7406,18.97,6150.208
2,1181.408,104.573,0.7508,18.97,6151.262
2,1181.608,104.573,0.7611,18.97,6152.316
2,1181.808,104.573,0.7713,18.97,6153.37
2,1182.008,104.573,0.7816,18.97,6154.424
2,1182.208,104.572,0.7988,18.97,6155.478
2,1182.408,104.572,0.8244,18.97,6156.532
2,1182.608,104.572,0.85,18.97,6157.585
2,1182.808,104.571,0.8756,18.97,6158.639
2,1183.008,104.571,0.9012,18.97,6159.693
2,1183.208,104.57,0.9339,18.97,6160.747
2,1183.408,104.569,0.9695,18.97,6161.801
2,1183.608,104.569,1.0052,18.97,6162.855
2,1183.808,104.568,1.0408,18.97,6163.909
2,1184.008,104.567,1.0765,18.969,6164.962
2,1184.208,104.567,1.1235,18.969,6166.016
2,1184.408,104.566,1.1709,18.969,6167.07
2,1184.608,104.565,1.2183,18.969,6168.124
2,1184.808,104.564,1.2658,18.969,6169.178
2,1185.008,104.563,1.3111,18.969,6170.232
2,1185.208,104.563,1.3487,18.969,6171.286
2,1185.408,104.562,1.3863,18.968,6172.339
2,1185.608,104.561,1.4239,18.968,6173.393
2,1185.808,104.56,1.4616,18.968,6174.447
2,1186.008,104.56,1.5022,18.968,6175.501
2,1186.208,104.559,1.5461,18.968,6176.555
2,1186.408,104.558,1.59,18.967,6177.608
2,1186.608,104.557,1.6339,18.967,6178.662
2,1186.808,104.557,1.6779,18.967,6179.716
2,1187.008,104.556,1.7149,18.967,6180.769
2,1187.208,104.555,1.7494,18.966,6181.823
2,1187.408,104.555,1.7838,18.966,6182.877
2,1187.608,104.554,1.8183,18.966,6183.931
2,1187.808,104.553,1.8528,18.966,6184.984
2,1188.008,104.553,1.8785,18.965,6186.038
2,1188.208,104.552,1.9041,18.965,6187.092
2,1188.408,104.552,1.9297,18.965,6188.145
2,1188.608,104.551,1.9553,18.965,6189.199
2,1188.808,104.551,1.9789,18.964,6190.252
2,1189.008,104.551,1.9964,18.964,6191.306
2,1189.208,104.55,2.0139,18.964,6192.359
2,1189.408,104.55,2.0314,18.964,6193.413
2,1189.608,104.549,2.0488,18.963,6194.467
2,1189.808,104.549,2.0633,18.963,6195.52
2,1190.008,104.549,2.0749,18.963,6196.574
2,1190.208,104.549,2.0864,18.963,6197.627
2,1190.408,104.548,2.0979,18.962,6198.681
2,1190.608,104.548,2.1094,18.962,6199.734
2,1190.808,104.548,2.1166,18.962,6200.787
2,1191.008,104.548,2.1222,18.962,6201.841
2,1191.208,104.548,2.1279,18.962,6202.894
2,1191.408,104.548,2.1336,18.962,6203.948
2,1191.608,104.547,2.1392,18.961,6205.001
2,1191.808,104.548,2.1324,18.961,6206.055
2,1192.008,104.548,2.1255,18.961,6207.108
2,1192.208,104.548,2.1186,18.961,6208.161
2,1192.408,104.548,2.1117,18.961,6209.215
2,1192.608,104.548,2.1025,18.961,6210.268
2,1192.808,104.548,2.0865,18.961,6211.322
2,1193.008,104.548,2.0705,18.961,6212.375
2,1193.208,104.549,2.0545,18.961,6213.428
2,1193.408,104.549,2.0384,18.961,6214.482
2,1193.608,104.549,2.0197,18.961,6215.535
2,1193.808,104.549,1.9982,18.961,6216.588
2,1194.008,104.55,1.9768,18.961,6217.642
2,1194.208,104.55,1.9554,18.961,6218.695
2,1194.408,104.55,1.9339,18.961,6219.749
2,1194.608,104.551,1.9059,18.961,6220.802
2,1194.808,104.551,1.8759,18.961,6221.855
2,1195.008,104.552,1.8458,18.961,6222.909
2,1195.208,104.552,1.8157,18.962,6223.962
2,1195.408,104.553,1.7856,18.962,6225.016
2,1195.608,104.553,1.7488,18.962,6226.069
2,1195.808,104.554,1.712,18.962,6227.123
2,1196.008,104.555,1.6752,18.962,6228.176
2,1196.208,104.555,1.6384,18.963,6229.229
2,1196.408,104.556,1.5981,18.963,6230.283
2,1196.608,104.557,1.5485,18.963,6231.336
2,1196.808,104.557,1.4988,18.963,6232.39
2,1197.008,104.558,1.4492,18.964,6233.443
2,1197.208,104.559,1.3995,18.964,6234.497
2,1197.408,104.56,1.3493,18.964,6235.551
2,1197.608,104.561,1.2989,18.964,6236.604
2,1197.808,104.562,1.2483,18.965,6237.658
2,1198.008,104.562,1.1978,18.965,6238.711
2,1198.208,104.563,1.1473,18.965,6239.765
2,1198.408,104.564,1.0977,18.966,6240.818
2,1198.608,104.565,1.0485,18.966,6241.872
2,1198.808,104.566,0.9992,18.966,6242.926
2,1199.008,104.567,0.9499,18.966,6243.979
2,1199.208,104.568,0.901,18.967,6245.033
2,1199.408,104.568,0.8635,18.967,6246.087
2,1199.608,104.569,0.8261,18.967,6247.141
2,1199.808,104.569,0.7887,18.967,6248.194
2,1200.008,104.57,0.7513,18.968,6249.248
2,1200.208,104.571,0.7141,18.968,6250.302
2,1200.408,104.571,0.6773,18.968,6251.356
2,1200.608,104.572,0.6406,18.968,6252.409
2,1200.808,104.573,0.6039,18.969,6253.463
2,1201.008,104.573,0.5672,18.969,6254.517
2,1201.208,104.574,0.5242,18.969,6255.571
2,1201.408,104.575,0.4758,18.969,6256.625
2,1201.608,104.576,0.4275,18.969,6257.678
2,1201.808,104.576,0.3792,18.969,6258.732
2,1202.008,104.577,0.3308,18.97,6259.786
2,1202.208,104.578,0.2934,18.97,6260.84
2,1202.408,104.578,0.2588,18.97,6261.894
2,1202.608,104.579,0.2242,18.97,6262.948
2,1202.808,104.58,0.1896,18.97,6264.002
2,1203.008,104.58,0.158,18.97,6265.056
2,1203.208,104.58,0.1819,18.97,6266.109
2,1203.408,104.579,0.2057,18.97,6267.163
2,1203.608,104.579,0.2296,18.971,6268.217
2,1203.808,104.579,0.2535,18.971,6269.271
2,1204.008,104.578,0.3019,18.971,6270.325
2,1204.208,104.576,0.4053,18.971,6271.379
2,1204.408,104.574,0.5087,18.971,6272.433
2,1204.608,104.572,0.6121,18.971,6273.487
2,1204.808,104.57,0.7156,18.971,6274.541
2,1205.008,104.569,0.7973,18.971,6275.595
2,1205.208,104.568,0.8622,18.971,6276.649
2,1205.408,104.567,0.9271,18.97,6277.703
2,1205.608,104.566,0.9921,18.97,6278.757
2,1205.808,104.564,1.0571,18.97,6279.81
2,1206.008,104.563,1.1142,18.97,6280.864
2,1206.208,104.562,1.1697,18.97,6281.918
2,1206.408,104.561,1.2252,18.97,6282.972
2,1206.608,104.56,1.2807,18.97,6284.026
2,1206.808,104.559,1.3371,18.969,6285.08
2,1207.008,104.558,1.404,18.969,6286.134
2,1207.208,104.557,1.4709,18.969,6287.188
2,1207.408,104.556,1.5379,18.969,6288.241
2,1207.608,104.555,1.6049,18.968,6289.295
2,1207.808,104.553,1.6732,18.968,6290.349
2,1208.008,104.552,1.744,18.968,6291.403
2,1208.208,104.551,1.8149,18.967,6292.457
2,1208.408,104.55,1.8858,18.967,6293.51
2,1208.608,104.548,1.9567,18.966,6294.564
2,1208.808,104.547,2.0327,18.966,6295.618
2,1209.008,104.545,2.1122,18.965,6296.671
2,1209.208,104.544,2.1918,18.965,6297.725
2,1209.408,104.543,2.2715,18.964,6298.779
2,1209.608,104.541,2.3512,18.964,6299.832
2,1209.808,104.54,2.4384,18.963,6300.886
2,1210.008,104.538,2.527,18.963,6301.939
2,1210.208,104.536,2.6157,18.962,6302.993
2,1210.408,104.535,2.7045,18.961,6304.046
2,1210.608,104.533,2.7943,18.96,6305.1
2,1210.808,104.531,2.8935,18.96,6306.153
2,1211.008,104.53,2.9929,18.959,6307.206
2,1211.208,104.528,3.0923,18.958,6308.259
2,1211.408,104.526,3.1917,18.957,6309.313
2,1211.608,104.524,3.2904,18.956,6310.366
2,1211.808,104.522,3.3877,18.955,6311.419
2,1212.008,104.521,3.4851,18.953,6312.472
2,1212.208,104.519,3.5825,18.952,6313.525
2,1212.408,104.517,3.6799,18.951,6314.578
2,1212.608,104.515,3.7719,18.95,6315.631
2,1212.808,104.514,3.8601,18.948,6316.683
2,1213.008,104.512,3.9483,18.947,6317.736
2,1213.208,104.511,4.0366,18.945,6318.789
2,1213.408,104.509,4.1249,18.944,6319.841
2,1213.608,104.507,4.2047,18.943,6320.894
2,1213.808,104.506,4.2829,18.941,6321.946
2,1214.008,104.505,4.3612,18.939,6322.998
2,1214.208,104.503,4.4395,18.938,6324.05
2,1214.408,104.502,4.5165,18.936,6325.103
2,1214.608,104.5,4.5809,18.935,6326.155
2,1214.808,104.499,4.6454,18.933,6327.206
2,1215.008,104.498,4.7098,18.932,6328.258
2,1215.208,104.497,4.7743,18.93,6329.31
2,1215.408,104.496,4.8325,18.929,6330.362
2,1215.608,104.495,4.8792,18.927,6331.413
2,1215.808,104.494,4.9257,18.926,6332.465
2,1216.008,104.493,4.9722,18.924,6333.516
2,1216.208,104.492,5.0,18.923,6334.568
2,1216.408,104.492,5.0,18.92,6335.619
2,1216.608,104.492,5.0,18.916,6336.67
2,1216.808,104.492,5.0,18.911,6337.721
2,1217.008,104.492,5.0,18.905,6338.772
2,1217.208,104.492,5.0,18.898,6339.822
2,1217.408,104.492,5.0,18.89,6340.872
2,1217.608,104.491,5.0,18.882,6341.921
2,1217.808,104.491,5.0,18.875,6342.97
2,1218.008,104.491,5.0,18.868,6344.019
2,1218.208,104.491,5.0,18.861,6345.067
2,1218.408,104.491,5.0,18.854,6346.115
2,1218.608,104.491,5.0,18.849,6347.162
2,1218.808,104.491,5.0,18.846,6348.209
2,1219.008,104.491,5.0,18.845,6349.256
2,1219.208,104.491,5.0,18.845,6350.303
2,1219.408,104.49,5.0,18.846,6351.35
2,1219.608,104.49,4.9907,18.851,6352.397
2,1219.808,104.491,4.9453,18.856,6353.445
2,1220.008,104.492,4.9005,18.862,6354.492
2,1220.208,104.493,4.8513,18.867,6355.54
2,1220.408,104.493,4.7981,18.871,6356.588
2,1220.608,104.494,4.7452,18.876,6357.637
2,1220.808,104.495,4.6927,18.88,6358.685
2,1221.008,104.496,4.6405,18.883,6359.734
2,1221.208,104.496,4.5946,18.887,6360.783
2,1221.408,104.497,4.551,18.89,6361.832
2,1221.608,104.498,4.5077,18.893,6362.882
2,1221.808,104.498,4.4647,18.896,6363.931
2,1222.008,104.499,4.4218,18.898,6364.981
2,1222.208,104.5,4.38,18.901,6366.031
2,1222.408,104.5,4.3384,18.903,6367.081
2,1222.608,104.501,4.2969,18.905,6368.131
2,1222.808,104.502,4.2557,18.907,6369.182
2,1223.008,104.502,4.2141,18.909,6370.232
2,1223.208,104.503,4.171,18.911,6371.283
2,1223.408,104.503,4.1281,18.913,6372.333
2,1223.608,104.504,4.0853,18.914,6373.384
2,1223.808,104.505,4.0425,18.916,6374.435
2,1224.008,104.505,4.0002,18.917,6375.486
2,1224.208,104.506,3.9582,18.919,6376.537
2,1224.408,104.507,3.9163,18.92,6377.588
2,1224.608,104.507,3.8744,18.921,6378.639
2,1224.808,104.508,3.8326,18.923,6379.69
2,1225.008,104.509,3.789,18.924,6380.741
2,1225.208,104.509,3.7446,18.925,6381.792
2,1225.408,104.51,3.7003,18.926,6382.844
2,1225.608,104.511,3.656,18.927,6383.895
2,1225.808,104.511,3.6118,18.928,6384.947
2,1226.008,104.512,3.5571,18.93,6385.998
2,1226.208,104.513,3.5018,18.931,6387.05
2,1226.408,104.514,3.4466,18.932,6388.102
2,1226.608,104.515,3.3913,18.933,6389.154
2,1226.808,104.516,3.3362,18.934,6390.205
2,1227.008,104.517,3.2816,18.935,6391.257
2,1227.208,104.518,3.2271,18.936,6392.309
2,1227.408,104.518,3.1726,18.937,6393.361
2,1227.608,104.519,3.118,18.938,6394.413
2,1227.808,104.52,3.0599,18.939,6395.465
2,1228.008,104.521,2.9974,18.94,6396.517
2,1228.208,104.522,2.9348,18.94,6397.57
2,1228.408,104.523,2.8722,18.941,6398.622
2,1228.608,104.524,2.8095,18.942,6399.674
2,1228.808,104.525,2.7528,18.943,6400.726
2,1229.008,104.526,2.6987,18.944,6401.779
2,1229.208,104.527,2.6446,18.945,6402.831
2,1229.408,104.528,2.5905,18.946,6403.884
2,1229.608,104.529,2.5365,18.947,6404.936
2,1229.808,104.53,2.4909,18.948,6405.989
2,1230.008,104.53,2.4459,18.949,6407.042
2,1230.208,104.531,2.401,18.949,6408.094
2,1230.408,104.532,2.356,18.95,6409.147
2,1230.608,104.532,2.3145,18.951,6410.2
2,1230.808,104.533,2.2875,18.952,6411.253
2,1231.008,104.533,2.2605,18.952,6412.306
2,1231.208,104.534,2.2336,18.953,6413.359
2,1231.408,104.534,2.2067,18.954,6414.411
2,1231.608,104.534,2.1827,18.954,6415.464
2,1231.808,104.535,2.1626,18.955,6416.517
2,1232.008,104.535,2.1425,18.955,6417.57
2,1232.208,104.535,2.1224,18.956,6418.624
2,1232.408,104.536,2.1024,18.956,6419.677
2,1232.608,104.536,2.0935,18.957,6420.73
2,1232.808,104.536,2.0895,18.957,6421.783
2,1233.008,104.536,2.0856,18.957,6422.836
2,1233.208,104.536,2.0817,18.958,6423.889
2,1233.408,104.536,2.0778,18.958,6424.942
2,1233.608,104.536,2.085,18.958,6425.996
2,1233.808,104.535,2.0928,18.958,6427.049
2,1234.008,104.535,2.1007,18.959,6428.102
2,1234.208,104.535,2.1086,18.959,6429.155
2,1234.408,104.535,2.1163,18.959,6430.209
2,1234.608,104.535,2.1228,18.959,6431.262
2,1234.808,104.535,2.1293,18.959,6432.315
2,1235.008,104.534,2.1358,18.959,6433.369
2,1235.208,104.534,2.1423,18.959,6434.422
2,1235.408,104.534,2.1528,18.959,6435.475
2,1235.608,104.534,2.168,18.96,6436.528
2,1235.808,104.533,2.1833,18.96,6437.582
2,1236.008,104.533,2.1986,18.96,6438.635
2,1236.208,104.533,2.2139,18.96,6439.688
2,1236.408,104.532,2.2264,18.96,6440.742
2,1236.608,104.532,2.2376,18.959,6441.795
2,1236.808,104.532,2.2489,18.959,6442.848
2,1237.008,104.532,2.2602,18.959,6443.902
2,1237.208,104.531,2.2714,18.959,6444.955
2,1237.408,104.531,2.2702,18.959,6446.008
2,1237.608,104.531,2.2684,18.959,6447.061
2,1237.808,104.531,2.2666,18.959,6448.115
2,1238.008,104.531,2.2648,18.959,6449.168
2,1238.208,104.531,2.2635,18.959,6450.221
2,1238.408,104.531,2.2638,18.959,6451.275
2,1238.608,104.531,2.2642,18.959,6452.328
2,1238.808,104.531,2.2646,18.959,6453.381
2,1239.008,104.531,2.2649,18.959,6454.434
2,1239.208,104.531,2.2632,18.959,6455.488
2,1239.408,104.531,2.2591,18.959,6456.541
2,1239.608,104.531,2.2551,18.959,6457.594
2,1239.808,104.531,2.251,18.959,6458.648
2,1240.008,104.531,2.2469,18.959,6459.701
2,1240.208,104.531,2.2475,18.959,6460.754
2,1240.408,104.531,2.25,18.959,6461.807
2,1240.608,104.531,2.2526,18.959,6462.861
2,1240.808,104.531,2.2551,18.959,6463.914
2,1241.008,104.531,2.2576,18.959,6464.967
2,1241.208,104.531,2.2625,18.959,6466.02
2,1241.408,104.53,2.2675,18.959,6467.074
2,1241.608,104.53,2.2726,18.959,6468.127
2,1241.808,104.53,2.2776,18.959,6469.18
2,1242.008,104.53,2.282,18.959,6470.233
2,1242.208,104.53,2.2842,18.959,6471.287
2,1242.408,104.53,2.2864,18.959,6472.34
2,1242.608,104.53,2.2886,18.959,6473.393
2,1242.808,104.53,2.2908,18.959,6474.447
2,1243.008,104.529,2.2999,18.959,6475.5
2,1243.208,104.529,2.3165,18.959,6476.553
2,1243.408,104.529,2.3331,18.959,6477.606
2,1243.608,104.528,2.3498,18.958,6478.66
2,1243.808,104.528,2.3665,18.958,6479.713
2,1244.008,104.528,2.3889,18.958,6480.766
2,1244.208,104.527,2.4134,18.958,6481.819
2,1244.408,104.527,2.438,18.958,6482.873
2,1244.608,104.526,2.4626,18.958,6483.926
2,1244.808,104.526,2.4873,18.958,6484.979
2,1245.008,104.525,2.5139,18.958,6486.032
2,1245.208,104.525,2.5406,18.957,6487.085
2,1245.408,104.524,2.5673,18.957,6488.139
2,1245.608,104.524,2.594,18.957,6489.192
2,1245.808,104.523,2.6245,18.957,6490.245
2,1246.008,104.522,2.6672,18.957,6491.298
2,1246.208,104.521,2.7099,18.956,6492.351
2,1246.408,104.521,2.7527,18.956,6493.404
2,1246.608,104.52,2.7955,18.956,6494.457
2,1246.808,104.519,2.84,18.955,6495.511
2,1247.008,104.518,2.8863,18.955,6496.564
2,1247.208,104.517,2.9327,18.954,6497.617
2,1247.408,104.516,2.9791,18.954,6498.67
2,1247.608,104.516,3.0255,18.954,6499.723
2,1247.808,104.515,3.0756,18.953,6500.776
2,1248.008,104.514,3.1271,18.953,6501.829
2,1248.208,104.513,3.1787,18.952,6502.882
2,1248.408,104.512,3.2303,18.951,6503.934
2,1248.608,104.511,3.2819,18.951,6504.987
2,1248.808,104.51,3.3322,18.95,6506.04
2,1249.008,104.509,3.3824,18.95,6507.093
2,1249.208,104.508,3.4327,18.949,6508.146
2,1249.408,104.507,3.483,18.948,6509.198
2,1249.608,104.506,3.5263,18.948,6510.251
2,1249.808,104.506,3.5468,18.947,6511.304
2,1250.008,104.505,3.5673,18.946,6512.356
2,1250.208,104.505,3.5878,18.946,6513.409
2,1250.408,104.504,3.6082,18.945,6514.461
2,1250.608,104.504,3.6193,18.944,6515.514
2,1250.808,104.504,3.6206,18.944,6516.566
2,1251.008,104.504,3.6218,18.943,6517.619
2,1251.208,104.504,3.623,18.943,6518.671
2,1251.408,104.504,3.6241,18.942,6519.724
2,1251.608,104.503,3.6311,18.942,6520.776
2,1251.808,104.503,3.6402,18.942,6521.828
2,1252.008,104.503,3.6493,18.941,6522.881
2,1252.208,104.503,3.6583,18.941,6523.933
2,1252.408,104.502,3.6674,18.941,6524.985
2,1252.608,104.502,3.6661,18.941,6526.037
2,1252.808,104.502,3.6647,18.94,6527.09
2,1253.008,104.502,3.6632,18.94,6528.142
2,1253.208,104.502,3.6616,18.94,6529.194
2,1253.408,104.502,3.6612,18.94,6530.246
2,1253.608,104.502,3.6641,18.94,6531.299
2,1253.808,104.502,3.6671,18.939,6532.351
2,1254.008,104.502,3.6701,18.939,6533.403
2,1254.208,104.502,3.673,18.939,6534.455
2,1254.408,104.501,3.6779,18.939,6535.507
2,1254.608,104.501,3.6849,18.939,6536.559
2,1254.808,104.501,3.6918,18.939,6537.612
2,1255.008,104.501,3.6988,18.939,6538.664
2,1255.208,104.501,3.7058,18.939,6539.716
2,1255.408,104.501,3.7047,18.938,6540.768
2,1255.608,104.501,3.7005,18.938,6541.82
2,1255.808,104.501,3.6964,18.938,6542.872
2,1256.008,104.501,3.6922,18.938,6543.924
2,1256.208,104.5,3.688,18.938,6544.977
2,1256.408,104.5,3.688,18.938,6546.029
2,1256.608,104.5,3.6881,18.938,6547.081
2,1256.808,104.5,3.6882,18.938,6548.133
2,1257.008,104.5,3.6882,18.938,6549.185
2,1257.208,104.5,3.6864,18.938,6550.237
2,1257.408,104.5,3.6782,18.938,6551.289
2,1257.608,104.5,3.6699,18.938,6552.341
2,1257.808,104.5,3.6616,18.938,6553.393
2,1258.008,104.5,3.6533,18.938,6554.446
2,1258.208,104.5,3.6443,18.938,6555.498
2,1258.408,104.501,3.6344,18.938,6556.55
2,1258.608,104.501,3.6245,18.938,6557.602
2,1258.808,104.501,3.6146,18.938,6558.654
2,1259.008,104.501,3.6046,18.938,6559.706
2,1259.208,104.501,3.5924,18.938,6560.758
2,1259.408,104.501,3.5792,18.938,6561.81
2,1259.608,104.501,3.566,18.939,6562.862
2,1259.808,104.501,3.5527,18.939,6563.915
2,1260.008,104.502,3.5395,18.939,6564.967
2,1260.208,104.502,3.5139,18.939,6566.019
2,1260.408,104.502,3.4879,18.939,6567.071
2,1260.608,104.503,3.4619,18.939,6568.123
2,1260.808,104.503,3.4358,18.94,6569.175
2,1261.008,104.503,3.4051,18.94,6570.228
2,1261.208,104.504,3.358,18.94,6571.28
2,1261.408,104.505,3.3107,18.94,6572.332
2,1261.608,104.506,3.2634,18.941,6573.384
2,1261.808,104.506,3.2161,18.941,6574.437
2,1262.008,104.507,3.1565,18.942,6575.489
2,1262.208,104.509,3.0827,18.942,6576.541
2,1262.408,104.51,3.0088,18.943,6577.594
2,1262.608,104.511,2.9349,18.943,6578.646
2,1262.808,104.512,2.8609,18.944,6579.698
2,1263.008,104.514,2.7762,18.945,6580.751
2,1263.208,104.515,2.6872,18.945,6581.803
2,1263.408,104.517,2.5981,18.946,6582.856
2,1263.608,104.518,2.509,18.947,6583.908
2,1263.808,104.52,2.4198,18.948,6584.961
2,1264.008,104.521,2.3349,18.949,6586.014
2,1264.208,104.522,2.2501,18.95,6587.066
2,1264.408,104.524,2.1653,18.951,6588.119
2,1264.608,104.525,2.0804,18.952,6589.172
2,1264.808,104.527,1.9998,18.952,6590.225
2,1265.008,104.528,1.9349,18.953,6591.278
2,1265.208,104.529,1.87,18.954,6592.331
2,1265.408,104.53,1.8051,18.955,6593.384
2,1265.608,104.531,1.7403,18.956,6594.437
2,1265.808,104.532,1.6824,18.957,6595.49
2,1266.008,104.533,1.6325,18.957,6596.543
2,1266.208,104.534,1.5826,18.958,6597.596
2,1266.408,104.534,1.5328,18.959,6598.649
2,1266.608,104.535,1.4831,18.96,6599.703
2,1266.808,104.536,1.4227,18.96,6600.756
2,1267.008,104.537,1.358,18.961,6601.809
2,1267.208,104.539,1.2934,18.961,6602.863
2,1267.408,104.54,1.2288,18.962,6603.916
2,1267.608,104.541,1.1643,18.963,6604.97
2,1267.808,104.542,1.1015,18.963,6606.023
2,1268.008,104.543,1.0389,18.964,6607.077
2,1268.208,104.544,0.9763,18.964,6608.13
2,1268.408,104.545,0.9137,18.965,6609.184
2,1268.608,104.546,0.8476,18.965,6610.237
2,1268.808,104.547,0.7697,18.966,6611.291
2,1269.008,104.549,0.6918,18.966,6612.345
2,1269.208,104.55,0.6139,18.966,6613.398
2,1269.408,104.551,0.536,18.967,6614.452
2,1269.608,104.554,0.4045,18.967,6615.506
2,1269.808,104.557,0.215,18.968,6616.559
2,1270.008,104.56,0.0254,18.968,6617.613
2,1270.208,104.561,0.0,18.968,6618.667
2,1270.408,104.561,0.0,18.979,6619.721
2,1270.608,104.561,0.0,19.001,6620.775
2,1270.808,104.561,0.0,19.033,6621.831
2,1271.008,104.561,0.0,19.074,6622.888
2,1271.208,104.561,0.0,19.123,6623.948
2,1271.408,104.561,0.0,19.182,6625.01
2,1271.608,104.561,0.0,19.249,6626.076
2,1271.808,104.561,0.0,19.323,6627.145
2,1272.008,104.561,0.0,19.404,6628.219
2,1272.208,104.561,0.0,19.492,6629.297
2,1272.408,104.561,0.0,19.587,6630.38
2,1272.608,104.561,0.0,19.689,6631.468
2,1272.808,104.561,0.0,19.798,6632.562
2,1273.008,104.561,0.0,19.914,6633.661
2,1273.208,104.561,0.0,20.037,6634.768
2,1273.408,104.561,0.0,20.167,6635.881
2,1273.608,104.561,0.0,20.304,6637.001
2,1273.808,104.561,0.0,20.448,6638.129
2,1274.008,104.561,0.0,20.599,6639.265
2,1274.208,104.561,0.0,20.758,6640.41
2,1274.408,104.561,0.0,20.923,6641.563
2,1274.608,104.561,0.0,21.095,6642.725
2,1274.808,104.561,0.0,21.274,6643.897
2,1275.008,104.561,0.0,21.46,6645.079
2,1275.208,104.561,0.0,21.652,6646.271
2,1275.408,104.561,0.0,21.85,6647.474
2,1275.608,104.561,0.0,22.053,6648.688
2,1275.808,104.561,0.0,22.263,6649.913
2,1276.008,104.561,0.0,22.478,6651.15
2,1276.208,104.561,0.0,22.698,6652.399
2,1276.408,104.561,0.0,22.921,6653.66
2,1276.608,104.561,0.0,23.149,6654.933
2,1276.808,104.561,0.0,23.382,6656.219
2,1277.008,104.561,0.0,23.615,6657.518
2,1277.208,104.561,0.0,23.848,6658.83
2,1277.408,104.561,0.0,24.082,6660.155
2,1277.608,104.561,0.0,24.316,6661.493
2,1277.808,104.561,0.0,24.548,6662.844
2,1278.008,104.561,0.0,24.777,6664.208
2,1278.208,104.561,0.0,25.003,6665.584
2,1278.408,104.561,0.0,25.226,6666.973
2,1278.608,104.561,0.0,25.444,6668.375
2,1278.808,104.561,0.0,25.657,6669.788
2,1279.008,104.561,0.0,25.865,6671.214
2,1279.208,104.561,0.0,26.065,6672.651
2,1279.408,104.561,0.0,26.258,6674.099
2,1279.608,104.561,0.0,26.443,6675.558
2,1279.808,104.561,0.0,26.619,6677.027
2,1280.008,104.561,0.0,26.786,6678.505
2,1280.208,104.561,0.0,26.943,6679.994
2,1280.408,104.561,0.0,27.09,6681.49
2,1280.608,104.561,0.0,27.225,6682.995
2,1280.808,104.561,0.0,27.349,6684.508
2,1281.008,104.561,0.0,27.461,6686.027
2,1281.208,104.561,0.0,27.561,6687.553
2,1281.408,104.561,0.0,27.648,6689.084
2,1281.608,104.561,0.0,27.721,6690.62
2,1281.808,104.561,0.0,27.782,6692.16
2,1282.008,104.561,0.0,27.828,6693.704
2,1282.208,104.561,0.0,27.861,6695.25
2,1282.408,104.561,0.0,27.879,6696.797
2,1282.608,104.561,0.0,27.882,6698.346
2,1282.808,104.561,0.0,27.87,6699.895
2,1283.008,104.561,0.0,27.843,6701.444
2,1283.208,104.561,0.0,27.8,6702.99
2,1283.408,104.561,0.0,27.741,6704.535
2,1283.608,104.561,0.0,27.666,6706.076
2,1283.808,104.561,0.0,27.573,6707.613
2,1284.008,104.561,0.0,27.464,6709.145
2,1284.208,104.561,0.0,27.337,6710.671
2,1284.408,104.561,0.0,27.193,6712.189
2,1284.608,104.561,0.0,27.032,6713.7
2,1284.808,104.561,0.0,26.853,6715.202
2,1285.008,104.561,0.0,26.656,6716.694
2,1285.208,104.561,0.0,26.443,6718.175
2,1285.408,104.561,0.0,26.213,6719.644
2,1285.608,104.561,0.0,25.965,6721.1
2,1285.808,104.561,0.0,25.702,6722.542
2,1286.008,104.561,0.0,25.423,6723.97
2,1286.208,104.561,0.0,25.129,6725.383
2,1286.408,104.561,0.0,24.821,6726.779
2,1286.608,104.561,0.0,24.5,6728.158
2,1286.808,104.561,0.0,24.166,6729.519
2,1287.008,104.561,0.0,23.82,6730.861
2,1287.208,104.561,0.0,23.463,6732.185
2,1287.408,104.561,0.0,23.097,6733.488
2,1287.608,104.557,0.1987,22.721,6734.771
2,1287.808,104.543,1.0405,22.346,6736.034
2,1288.008,104.53,1.7784,22.008,6737.275
2,1288.208,104.518,2.4353,21.704,6738.498
2,1288.408,104.508,3.0226,21.429,6739.704
2,1288.608,104.502,3.3843,21.182,6740.894
2,1288.808,104.497,3.6457,20.958,6742.071
2,1289.008,104.493,3.8681,20.756,6743.235
2,1289.208,104.49,4.0567,20.574,6744.388
2,1289.408,104.487,4.1947,20.41,6745.531
2,1289.608,104.486,4.2834,20.262,6746.665
2,1289.808,104.484,4.3501,20.129,6747.791
2,1290.008,104.483,4.3975,20.009,6748.909
2,1290.208,104.483,4.4302,19.901,6750.021
2,1290.408,104.48,4.5771,19.803,6751.126
2,1290.608,104.478,4.7091,19.715,6752.227
2,1290.808,104.476,4.828,19.635,6753.322
2,1291.008,104.474,4.9352,19.563,6754.413
2,1291.208,104.472,5.0,19.498,6755.499
2,1291.408,104.472,5.0,19.438,6756.583
2,1291.608,104.472,5.0,19.378,6757.663
2,1291.808,104.472,5.0,19.319,6758.739
2,1292.008,104.472,5.0,19.261,6759.812
2,1292.208,104.472,5.0,19.204,6760.883
2,1292.408,104.472,5.0,19.149,6761.949
2,1292.608,104.471,5.0,19.094,6763.013
2,1292.808,104.471,5.0,19.041,6764.074
2,1293.008,104.471,5.0,18.989,6765.132
2,1293.208,104.471,5.0,18.939,6766.187
2,1293.408,104.471,5.0,18.891,6767.239
2,1293.608,104.471,5.0,18.844,6768.288
2,1293.808,104.471,5.0,18.8,6769.335
2,1294.008,104.471,5.0,18.758,6770.38
2,1294.208,104.471,5.0,18.719,6771.422
2,1294.408,104.47,5.0,18.682,6772.462
2,1294.608,104.47,5.0,18.648,6773.5
2,1294.808,104.47,5.0,18.617,6774.536
2,1295.008,104.47,5.0,18.588,6775.57
2,1295.208,104.47,5.0,18.563,6776.603
2,1295.408,104.47,5.0,18.541,6777.634
2,1295.608,104.47,5.0,18.522,6778.664
2,1295.808,104.47,5.0,18.507,6779.693
2,1296.008,104.47,5.0,18.495,6780.721
2,1296.208,104.469,5.0,18.487,6781.749
2,1296.408,104.469,5.0,18.481,6782.776
2,1296.608,104.469,5.0,18.478,6783.803
2,1296.808,104.469,5.0,18.479,6784.829
2,1297.008,104.469,5.0,18.483,6785.856
2,1297.208,104.469,5.0,18.49,6786.883
2,1297.408,104.469,5.0,18.501,6787.91
2,1297.608,104.469,5.0,18.516,6788.938
2,1297.808,104.469,5.0,18.535,6789.966
2,1298.008,104.468,5.0,18.557,6790.996
2,1298.208,104.468,5.0,18.583,6792.027
2,1298.408,104.469,4.9476,18.612,6793.059
2,1298.608,104.471,4.8456,18.642,6794.093
2,1298.808,104.472,4.7473,18.669,6795.129
2,1299.008,104.474,4.6564,18.694,6796.166
2,1299.208,104.475,4.5682,18.716,6797.205
2,1299.408,104.477,4.4823,18.736,6798.244
2,1299.608,104.478,4.3986,18.755,6799.285
2,1299.808,104.479,4.3187,18.771,6800.327
2,1300.008,104.48,4.2447,18.787,6801.37
2,1300.208,104.482,4.1723,18.801,6802.414
2,1300.408,104.483,4.1015,18.813,6803.458
2,1300.608,104.484,4.032,18.825,6804.504
2,1300.808,104.485,3.9675,18.836,6805.549
2,1301.008,104.486,3.9074,18.845,6806.596
2,1301.208,104.487,3.8485,18.854,6807.643
2,1301.408,104.488,3.7904,18.862,6808.69
2,1301.608,104.489,3.7333,18.869,6809.738
2,1301.808,104.489,3.6855,18.876,6810.786
2,1302.008,104.49,3.6414,18.882,6811.835
2,1302.208,104.491,3.5979,18.888,6812.884
2,1302.408,104.491,3.555,18.893,6813.933
2,1302.608,104.492,3.5128,18.898,6814.983
2,1302.808,104.493,3.467,18.902,6816.033
2,1303.008,104.493,3.4217,18.906,6817.083
2,1303.208,104.494,3.3768,18.91,6818.133
2,1303.408,104.495,3.3322,18.913,6819.184
2,1303.608,104.496,3.2887,18.916,6820.235
2,1303.808,104.496,3.2476,18.919,6821.285
2,1304.008,104.497,3.2068,18.922,6822.337
2,1304.208,104.497,3.1662,18.924,6823.388
2,1304.408,104.498,3.1259,18.926,6824.439
2,1304.608,104.499,3.0774,18.928,6825.491
2,1304.808,104.5,3.0194,18.93,6826.542
2,1305.008,104.501,2.9615,18.932,6827.594
2,1305.208,104.502,2.9038,18.934,6828.646
2,1305.408,104.503,2.8461,18.936,6829.697
2,1305.608,104.504,2.7859,18.937,6830.749
2,1305.808,104.505,2.7247,18.939,6831.801
2,1306.008,104.506,2.6636,18.94,6832.854
2,1306.208,104.507,2.6025,18.941,6833.906
2,1306.408,104.508,2.5415,18.943,6834.958
2,1306.608,104.509,2.4757,18.944,6836.011
2,1306.808,104.51,2.4097,18.945,6837.063
2,1307.008,104.511,2.3438,18.946,6838.115
2,1307.208,104.512,2.2779,18.948,6839.168
2,1307.408,104.513,2.2131,18.949,6840.221
2,1307.608,104.514,2.1527,18.95,6841.273
2,1307.808,104.515,2.0923,18.951,6842.326
2,1308.008,104.516,2.0319,18.952,6843.379
2,1308.208,104.517,1.9716,18.953,6844.432
2,1308.408,104.518,1.9125,18.954,6845.485
2,1308.608,104.519,1.8549,18.954,6846.538
2,1308.808,104.52,1.7972,18.955,6847.591
2,1309.008,104.521,1.7396,18.956,6848.644
2,1309.208,104.522,1.682,18.957,6849.697
2,1309.408,104.523,1.6337,18.958,6850.75
2,1309.608,104.523,1.5893,18.958,6851.803
2,1309.808,104.524,1.5448,18.959,6852.857
2,1310.008,104.525,1.5004,18.96,6853.91
2,1310.208,104.526,1.4561,18.96,6854.963
2,1310.408,104.526,1.4169,18.961,6856.016
2,1310.608,104.527,1.3778,18.961,6857.07
2,1310.808,104.528,1.3389,18.962,6858.123
2,1311.008,104.528,1.2999,18.962,6859.177
2,1311.208,104.529,1.2617,18.963,6860.23
2,1311.408,104.529,1.2261,18.963,6861.284
2,1311.608,104.53,1.1904,18.964,6862.337
2,1311.808,104.531,1.1548,18.964,6863.391
2,1312.008,104.531,1.1193,18.965,6864.444
2,1312.208,104.532,1.0836,18.965,6865.498
2,1312.408,104.532,1.0477,18.965,6866.552
2,1312.608,104.533,1.0119,18.966,6867.605
2,1312.808,104.534,0.9761,18.966,6868.659
2,1313.008,104.534,0.9403,18.966,6869.712
2,1313.208,104.535,0.9128,18.967,6870.766
2,1313.408,104.535,0.8884,18.967,6871.82
2,1313.608,104.536,0.864,18.967,6872.874
2,1313.808,104.536,0.8396,18.967,6873.927
2,1314.008,104.536,0.8153,18.968,6874.981
2,1314.208,104.537,0.7895,18.968,6876.035
2,1314.408,104.537,0.7638,18.968,6877.089
2,1314.608,104.538,0.7381,18.968,6878.142
2,1314.808,104.538,0.7124,18.968,6879.196
2,1315.008,104.538,0.6896,18.969,6880.25
2,1315.208,104.539,0.6763,18.969,6881.304
2,1315.408,104.539,0.6631,18.969,6882.358
2,1315.608,104.539,0.6498,18.969,6883.411
2,1315.808,104.539,0.6366,18.969,6884.465
2,1316.008,104.54,0.6179,18.969,6885.519
2,1316.208,104.54,0.5934,18.969,6886.573
2,1316.408,104.54,0.569,18.97,6887.627
2,1316.608,104.541,0.5445,18.97,6888.681
2,1316.808,104.541,0.5201,18.97,6889.735
2,1317.008,104.542,0.4948,18.97,6890.788
2,1317.208,104.542,0.4691,18.97,6891.842
2,1317.408,104.543,0.4434,18.97,6892.896
2,1317.608,104.543,0.4178,18.97,6893.95
2,1317.808,104.543,0.3922,18.97,6895.004
2,1318.008,104.544,0.3831,18.97,6896.058
2,1318.208,104.544,0.3741,18.97,6897.112
2,1318.408,104.544,0.365,18.97,6898.166
2,1318.608,104.544,0.356,18.97,6899.22
2,1318.808,104.544,0.3562,18.971,6900.273
2,1319.008,104.544,0.3826,18.971,6901.327
2,1319.208,104.543,0.409,18.971,6902.381
2,1319.408,104.543,0.4354,18.971,6903.435
2,1319.608,104.542,0.4619,18.971,6904.489
2,1319.808,104.541,0.5025,18.971,6905.543
2,1320.008,104.54,0.5564,18.971,6906.597
2,1320.208,104.54,0.6104,18.971,6907.651
2,1320.408,104.539,0.6644,18.971,6908.705
2,1320.608,104.538,0.7185,18.971,6909.759
2,1320.808,104.537,0.7536,18.971,6910.813
2,1321.008,104.536,0.783,18.971,6911.867
2,1321.208,104.536,0.8126,18.97,6912.921
2,1321.408,104.535,0.8421,18.97,6913.974
2,1321.608,104.535,0.8715,18.97,6915.028
2,1321.808,104.534,0.8992,18.97,6916.082
2,1322.008,104.534,0.9269,18.97,6917.136
2,1322.208,104.533,0.9545,18.97,6918.19
2,1322.408,104.533,0.9822,18.97,6919.244
2,1322.608,104.532,1.0113,18.97,6920.298
2,1322.808,104.532,1.044,18.97,6921.352
2,1323.008,104.531,1.0767,18.97,6922.406
2,1323.208,104.531,1.1094,18.97,6923.46
2,1323.408,104.53,1.1421,18.969,6924.513
2,1323.608,104.529,1.1819,18.969,6925.567
2,1323.808,104.528,1.2279,18.969,6926.621
2,1324.008,104.528,1.2739,18.969,6927.675
2,1324.208,104.527,1.3199,18.969,6928.729
2,1324.408,104.526,1.3659,18.969,6929.783
2,1324.608,104.525,1.4128,18.968,6930.836
2,1324.808,104.524,1.4599,18.968,6931.89
2,1325.008,104.523,1.507,18.968,6932.944
2,1325.208,104.522,1.5542,18.968,6933.998
2,1325.408,104.522,1.6024,18.968,6935.052
2,1325.608,104.52,1.671,18.967,6936.105
2,1325.808,104.519,1.7396,18.967,6937.159
2,1326.008,104.518,1.8083,18.967,6938.213
2,1326.208,104.517,1.877,18.966,6939.267
2,1326.408,104.515,1.9469,18.966,6940.32
2,1326.608,104.514,2.0194,18.966,6941.374
2,1326.808,104.513,2.0921,18.965,6942.428
2,1327.008,104.511,2.1648,18.965,6943.481
2,1327.208,104.51,2.2375,18.964,6944.535
2,1327.408,104.509,2.3178,18.964,6945.588
2,1327.608,104.507,2.4042,18.963,6946.642
2,1327.808,104.506,2.4906,18.963,6947.695
2,1328.008,104.504,2.577,18.962,6948.749
2,1328.208,104.502,2.6636,18.961,6949.802
2,1328.408,104.501,2.7446,18.96,6950.856
2,1328.608,104.5,2.8243,18.96,6951.909
2,1328.808,104.498,2.9041,18.959,6952.962
2,1329.008,104.497,2.984,18.958,6954.016
2,1329.208,104.495,3.064,18.957,6955.069
2,1329.408,104.494,3.1457,18.956,6956.122
2,1329.608,104.492,3.2275,18.955,6957.175
2,1329.808,104.491,3.3094,18.954,6958.228
2,1330.008,104.489,3.3912,18.953,6959.281
2,1330.208,104.488,3.4659,18.952,6960.334
2,1330.408,104.487,3.525,18.951,6961.387
2,1330.608,104.486,3.5841,18.95,6962.44
2,1330.808,104.485,3.6431,18.949,6963.493
2,1331.008,104.483,3.7022,18.948,6964.545
2,1331.208,104.482,3.7588,18.947,6965.598
2,1331.408,104.481,3.8135,18.946,6966.651
2,1331.608,104.48,3.8683,18.945,6967.703
2,1331.808,104.479,3.923,18.944,6968.756
2,1332.008,104.478,3.9777,18.943,6969.808
2,1332.208,104.477,4.0148,18.942,6970.861
2,1332.408,104.477,4.0479,18.941,6971.913
2,1332.608,104.476,4.081,18.94,6972.965
2,1332.808,104.475,4.1141,18.939,6974.017
2,1333.008,104.475,4.1471,18.938,6975.069
2,1333.208,104.474,4.1806,18.937,6976.122
2,1333.408,104.473,4.2141,18.936,6977.174
2,1333.608,104.473,4.2476,18.935,6978.226
2,1333.808,104.472,4.281,18.934,6979.278
2,1334.008,104.471,4.315,18.933,6980.329
2,1334.208,104.471,4.35,18.933,6981.381
2,1334.408,104.47,4.385,18.932,6982.433
2,1334.608,104.469,4.42,18.931,6983.485
2,1334.808,104.469,4.455,18.93,6984.537
2,1335.008,104.468,4.4899,18.929,6985.588
2,1335.208,104.467,4.5247,18.929,6986.64
2,1335.408,104.466,4.5595,18.928,6987.692
2,1335.608,104.466,4.5943,18.927,6988.743
2,1335.808,104.465,4.6292,18.926,6989.795
2,1336.008,104.464,4.6712,18.925,6990.846
2,1336.208,104.463,4.7151,18.925,6991.897
2,1336.408,104.462,4.7589,18.924,6992.949
2,1336.608,104.462,4.8028,18.923,6994.0
2,1336.808,104.461,4.847,18.922,6995.051
2,1337.008,104.46,4.8962,18.921,6996.103
2,1337.208,104.459,4.9455,18.92,6997.154
2,1337.408,104.458,4.9948,18.919,6998.205
2,1337.608,104.458,5.0,18.918,6999.256
2,1337.808,104.457,5.0,18.915,7000.307
2,1338.008,104.457,5.0,18.908,7001.358
2,1338.208,104.457,5.0,18.9,7002.408
2,1338.408,104.457,5.0,18.889,7003.458
2,1338.608,104.457,5.0,18.876,7004.508
2,1338.808,104.457,5.0,18.861,7005.556
2,1339.008,104.457,5.0,18.845,7006.604
2,1339.208,104.457,5.0,18.828,7007.651
2,1339.408,104.457,5.0,18.81,7008.697
2,1339.608,104.456,5.0,18.791,7009.742
2,1339.808,104.456,5.0,18.771,7010.786
2,1340.008,104.456,5.0,18.752,7011.829
2,1340.208,104.456,5.0,18.733,7012.871
2,1340.408,104.456,5.0,18.715,7013.911
2,1340.608,104.456,5.0,18.697,7014.951
2,1340.808,104.456,5.0,18.68,7015.99
2,1341.008,104.456,5.0,18.665,7017.028
2,1341.208,104.455,5.0,18.652,7018.064
2,1341.408,104.455,5.0,18.641,7019.101
2,1341.608,104.455,5.0,18.632,7020.136
2,1341.808,104.455,5.0,18.626,7021.171
2,1342.008,104.455,5.0,18.624,7022.206
2,1342.208,104.455,5.0,18.625,7023.241
2,1342.408,104.455,5.0,18.629,7024.276
2,1342.608,104.455,5.0,18.638,7025.311
2,1342.808,104.455,5.0,18.65,7026.346
2,1343.008,104.454,5.0,18.667,7027.382
2,1343.208,104.456,4.9302,18.689,7028.419
2,1343.408,104.457,4.8209,18.711,7029.457
2,1343.608,104.459,4.7113,18.731,7030.497
2,1343.808,104.461,4.6008,18.749,7031.537
2,1344.008,104.463,4.4921,18.766,7032.579
2,1344.208,104.465,4.385,18.782,7033.622
2,1344.408,104.466,4.2794,18.796,7034.665
2,1344.608,104.468,4.1721,18.809,7035.709
2,1344.808,104.47,4.0646,18.821,7036.754
2,1345.008,104.472,3.9581,18.832,7037.8
2,1345.208,104.473,3.8527,18.842,7038.846
2,1345.408,104.475,3.7482,18.851,7039.893
2,1345.608,104.477,3.6553,18.86,7040.94
2,1345.808,104.478,3.5645,18.867,7041.988
2,1346.008,104.48,3.4744,18.875,7043.036
2,1346.208,104.481,3.385,18.881,7044.085
2,1346.408,104.482,3.2989,18.887,7045.134
2,1346.608,104.484,3.2323,18.893,7046.183
2,1346.808,104.485,3.1662,18.898,7047.233
2,1347.008,104.486,3.1007,18.903,7048.282
2,1347.208,104.487,3.0356,18.908,7049.333
2,1347.408,104.488,2.9719,18.912,7050.383
2,1347.608,104.489,2.9099,18.915,7051.434
2,1347.808,104.49,2.8483,18.919,7052.485
2,1348.008,104.491,2.787,18.922,7053.536
2,1348.208,104.492,2.726,18.925,7054.587
2,1348.408,104.493,2.6714,18.928,7055.638
2,1348.608,104.493,2.6209,18.931,7056.69
2,1348.808,104.494,2.5707,18.933,7057.741
2,1349.008,104.495,2.5207,18.935,7058.793
2,1349.208,104.496,2.471,18.937,7059.845
2,1349.408,104.497,2.4298,18.939,7060.897
2,1349.608,104.497,2.3902,18.941,7061.949
2,1349.808,104.498,2.3509,18.942,7063.002
2,1350.008,104.498,2.3117,18.944,7064.054
2,1350.208,104.499,2.2718,18.945,7065.107
2,1350.408,104.5,2.2244,18.947,7066.159
2,1350.608,104.501,2.1772,18.948,7067.212
2,1350.808,104.501,2.1301,18.949,7068.264
2,1351.008,104.502,2.0831,18.95,7069.317
2,1351.208,104.503,2.0353,18.951,7070.37
2,1351.408,104.504,1.9862,18.952,7071.423
2,1351.608,104.505,1.9372,18.953,7072.476
2,1351.808,104.505,1.8882,18.954,7073.529
2,1352.008,104.506,1.8393,18.955,7074.582
2,1352.208,104.507,1.792,18.956,7075.635
2,1352.408,104.508,1.7458,18.957,7076.688
2,1352.608,104.509,1.6997,18.957,7077.741
2,1352.808,104.509,1.6536,18.958,7078.794
2,1353.008,104.51,1.6075,18.959,7079.847
2,1353.208,104.511,1.5705,18.959,7080.901
2,1353.408,104.511,1.5351,18.96,7081.954
2,1353.608,104.512,1.4998,18.96,7083.007
2,1353.808,104.512,1.4645,18.961,7084.06
2,1354.008,104.513,1.4305,18.961,7085.114
2,1354.208,104.513,1.4075,18.962,7086.167
2,1354.408,104.514,1.3844,18.962,7087.221
2,1354.608,104.514,1.3615,18.963,7088.274
2,1354.808,104.514,1.3385,18.963,7089.328
2,1355.008,104.515,1.3238,18.964,7090.381
2,1355.208,104.515,1.3235,18.964,7091.435
2,1355.408,104.515,1.3232,18.964,7092.488
2,1355.608,104.515,1.3229,18.965,7093.542
2,1355.808,104.515,1.3227,18.965,7094.595
2,1356.008,104.514,1.3341,18.965,7095.649
2,1356.208,104.514,1.3528,18.965,7096.703
2,1356.408,104.514,1.3715,18.965,7097.756
2,1356.608,104.513,1.3902,18.966,7098.81
2,1356.808,104.513,1.409,18.966,7099.864
2,1357.008,104.512,1.4417,18.966,7100.917
2,1357.208,104.512,1.4766,18.966,7101.971
2,1357.408,104.511,1.5114,18.966,7103.025
2,1357.608,104.51,1.5463,18.966,7104.078
2,1357.808,104.51,1.5827,18.966,7105.132
2,1358.008,104.509,1.6288,18.966,7106.185
2,1358.208,104.508,1.6749,18.966,7107.239
2,1358.408,104.507,1.7211,18.966,7108.293
2,1358.608,104.506,1.7673,18.965,7109.346
2,1358.808,104.506,1.813,18.965,7110.4
2,1359.008,104.505,1.8577,18.965,7111.454
2,1359.208,104.504,1.9024,18.965,7112.507
2,1359.408,104.503,1.9472,18.965,7113.561
2,1359.608,104.502,1.992,18.964,7114.614
2,1359.808,104.502,2.0307,18.964,7115.668
2,1360.008,104.501,2.0658,18.964,7116.722
2,1360.208,104.5,2.1009,18.963,7117.775
2,1360.408,104.5,2.1361,18.963,7118.829
2,1360.608,104.499,2.1713,18.963,7119.882
2,1360.808,104.498,2.1958,18.963,7120.936
2,1361.008,104.498,2.2191,18.962,7121.989
2,1361.208,104.497,2.2423,18.962,7123.043
2,1361.408,104.497,2.2656,18.962,7124.096
2,1361.608,104.497,2.2848,18.961,7125.149
2,1361.808,104.497,2.28,18.961,7126.203
2,1362.008,104.497,2.2751,18.961,7127.256
2,1362.208,104.497,2.2702,18.961,7128.31
2,1362.408,104.497,2.2653,18.96,7129.363
2,1362.608,104.497,2.2569,18.96,7130.416
2,1362.808,104.497,2.2433,18.96,7131.47
2,1363.008,104.497,2.2297,18.96,7132.523
2,1363.208,104.497,2.2161,18.96,7133.576
2,1363.408,104.498,2.2024,18.96,7134.63
2,1363.608,104.498,2.184,18.96,7135.683
2,1363.808,104.498,2.1632,18.96,7136.736
2,1364.008,104.499,2.1423,18.96,7137.79
2,1364.208,104.499,2.1214,18.96,7138.843
2,1364.408,104.499,2.1004,18.96,7139.896
2,1364.608,104.5,2.0672,18.96,7140.95
2,1364.808,104.5,2.0325,18.96,7142.003
2,1365.008,104.501,1.9978,18.96,7143.056
2,1365.208,104.501,1.9631,18.96,7144.11
2,1365.408,104.502,1.9303,18.96,7145.163
2,1365.608,104.502,1.908,18.961,7146.216
2,1365.808,104.503,1.8858,18.961,7147.27
2,1366.008,104.503,1.8635,18.961,7148.323
2,1366.208,104.503,1.8413,18.961,7149.376
2,1366.408,104.504,1.8133,18.961,7150.43
2,1366.608,104.504,1.7771,18.962,7151.483
2,1366.808,104.505,1.7409,18.962,7152.537
2,1367.008,104.505,1.7047,18.962,7153.59
2,1367.208,104.506,1.6685,18.962,7154.644
2,1367.408,104.507,1.635,18.962,7155.697
2,1367.608,104.507,1.603,18.963,7156.75
2,1367.808,104.508,1.5709,18.963,7157.804
2,1368.008,104.508,1.5389,18.963,7158.857
2,1368.208,104.509,1.5069,18.963,7159.911
2,1368.408,104.509,1.4721,18.964,7160.964
2,1368.608,104.51,1.437,18.964,7162.018
2,1368.808,104.51,1.4019,18.964,7163.072
2,1369.008,104.511,1.3668,18.964,7164.125
2,1369.208,104.512,1.3286,18.965,7165.179
2,1369.408,104.513,1.2754,18.965,7166.232
2,1369.608,104.513,1.2221,18.965,7167.286
2,1369.808,104.514,1.1689,18.965,7168.339
2,1370.008,104.515,1.1156,18.966,7169.393
2,1370.208,104.516,1.0596,18.966,7170.447
2,1370.408,104.517,1.0,18.966,7171.5
2,1370.608,104.518,0.9404,18.966,7172.554
2,1370.808,104.519,0.8807,18.967,7173.608
2,1371.008,104.52,0.8211,18.967,7174.661
2,1371.208,104.522,0.7455,18.967,7175.715
2,1371.408,104.523,0.6622,18.968,7176.769
2,1371.608,104.524,0.579,18.968,7177.823
2,1371.808,104.526,0.4958,18.968,7178.876
2,1372.008,104.527,0.4125,18.968,7179.93
2,1372.208,104.531,0.2198,18.969,7180.984
2,1372.408,104.534,0.0193,18.969,7182.038
2,1372.608,104.534,0.0,18.969,7183.092
2,1372.808,104.534,0.0,18.981,7184.146
2,1373.008,104.534,0.0,19.005,7185.2
2,1373.208,104.534,0.0,19.04,7186.256
2,1373.408,104.534,0.0,19.083,7187.314
2,1373.608,104.534,0.0,19.133,7188.374
2,1373.808,104.534,0.0,19.191,7189.437
2,1374.008,104.534,0.0,19.257,7190.503
2,1374.208,104.534,0.0,19.329,7191.573
2,1374.408,104.534,0.0,19.406,7192.647
2,1374.608,104.534,0.0,19.488,7193.725
2,1374.808,104.534,0.0,19.575,7194.807
2,1375.008,104.534,0.0,19.668,7195.895
2,1375.208,104.534,0.0,19.763,7196.988
2,1375.408,104.534,0.0,19.862,7198.086
2,1375.608,104.534,0.0,19.964,7199.189
2,1375.808,104.534,0.0,20.068,7200.298
2,1376.008,104.534,0.0,20.176,7201.413
2,1376.208,104.534,0.0,20.284,7202.534
2,1376.408,104.534,0.0,20.393,7203.661
2,1376.608,104.534,0.0,20.503,7204.794
2,1376.808,104.534,0.0,20.614,7205.933
2,1377.008,104.534,0.0,20.724,7207.078
2,1377.208,104.534,0.0,20.833,7208.229
2,1377.408,104.534,0.0,20.94,7209.387
2,1377.608,104.534,0.0,21.046,7210.55
2,1377.808,104.534,0.0,21.15,7211.719
2,1378.008,104.534,0.0,21.25,7212.894
2,1378.208,104.534,0.0,21.348,7214.075
2,1378.408,104.534,0.0,21.441,7215.261
2,1378.608,104.534,0.0,21.532,7216.452
2,1378.808,104.534,0.0,21.617,7217.648
2,1379.008,104.534,0.0,21.699,7218.849
2,1379.208,104.534,0.0,21.775,7220.055
2,1379.408,104.534,0.0,21.847,7221.264
2,1379.608,104.534,0.0,21.914,7222.478
2,1379.808,104.534,0.0,21.976,7223.696
2,1380.008,104.534,0.0,22.032,7224.916
2,1380.208,104.534,0.0,22.083,7226.14
2,1380.408,104.534,0.0,22.129,7227.367
2,1380.608,104.534,0.0,22.169,7228.597
2,1380.808,104.534,0.0,22.203,7229.828
2,1381.008,104.534,0.0,22.231,7231.062
2,1381.208,104.534,0.0,22.254,7232.297
2,1381.408,104.534,0.0,22.27,7233.533
2,1381.608,104.534,0.0,22.28,7234.77
2,1381.808,104.534,0.0,22.284,7236.008
2,1382.008,104.534,0.0,22.282,7237.246
2,1382.208,104.534,0.0,22.274,7238.484
2,1382.408,104.534,0.0,22.259,7239.721
2,1382.608,104.534,0.0,22.238,7240.958
2,1382.808,104.534,0.0,22.211,7242.194
2,1383.008,104.534,0.0,22.178,7243.428
2,1383.208,104.534,0.0,22.138,7244.66
2,1383.408,104.534,0.0,22.091,7245.889
2,1383.608,104.534,0.0,22.038,7247.117
2,1383.808,104.534,0.0,21.978,7248.341
2,1384.008,104.534,0.0,21.911,7249.562
2,1384.208,104.534,0.0,21.838,7250.779
2,1384.408,104.534,0.0,21.757,7251.993
2,1384.608,104.534,0.0,21.669,7253.201
2,1384.808,104.534,0.0,21.574,7254.405
2,1385.008,104.534,0.0,21.471,7255.604
2,1385.208,104.534,0.0,21.361,7256.797
2,1385.408,104.534,0.0,21.244,7257.983
2,1385.608,104.534,0.0,21.119,7259.163
2,1385.808,104.534,0.0,20.987,7260.337
2,1386.008,104.534,0.0,20.847,7261.503
2,1386.208,104.534,0.0,20.7,7262.661
2,1386.408,104.533,0.0648,20.546,7263.811
2,1386.608,104.526,0.4595,20.389,7264.952
2,1386.808,104.52,0.8122,20.247,7266.085
2,1387.008,104.515,1.1361,20.119,7267.21
2,1387.208,104.509,1.4351,20.004,7268.328
2,1387.408,104.505,1.7121,19.9,7269.439
2,1387.608,104.501,1.924,19.807,7270.545
2,1387.808,104.498,2.0726,19.722,7271.645
2,1388.008,104.496,2.2071,19.646,7272.741
2,1388.208,104.494,2.3293,19.578,7273.832
2,1388.408,104.492,2.4404,19.516,7274.92
2,1388.608,104.49,2.5454,19.46,7276.004
2,1388.808,104.488,2.642,19.409,7277.085
2,1389.008,104.486,2.7307,19.364,7278.163
2,1389.208,104.485,2.8125,19.323,7279.239
2,1389.408,104.483,2.8935,19.286,7280.313
2,1389.608,104.482,2.982,19.252,7281.384
2,1389.808,104.48,3.0655,19.222,7282.454
2,1390.008,104.479,3.1445,19.195,7283.522
2,1390.208,104.478,3.2195,19.17,7284.588
2,1390.408,104.476,3.2843,19.148,7285.653
2,1390.608,104.475,3.3417,19.127,7286.717
2,1390.808,104.474,3.3962,19.109,7287.779
2,1391.008,104.473,3.4482,19.092,7288.841
2,1391.208,104.472,3.4978,19.077,7289.902
2,1391.408,104.471,3.548,19.064,7290.961
2,1391.608,104.47,3.5967,19.051,7292.021
2,1391.808,104.469,3.6437,19.04,7293.079
2,1392.008,104.469,3.6892,19.03,7294.137
2,1392.208,104.468,3.7315,19.021,7295.194
2,1392.408,104.467,3.7641,19.012,7296.251
2,1392.608,104.467,3.7957,19.005,7297.307
2,1392.808,104.466,3.8262,18.998,7298.363
2,1393.008,104.465,3.8559,18.992,7299.418
2,1393.208,104.465,3.8834,18.986,7300.473
2,1393.408,104.464,3.9085,18.981,7301.528
2,1393.608,104.464,3.933,18.976,7302.583
2,1393.808,104.463,3.9569,18.972,7303.637
2,1394.008,104.463,3.9803,18.968,7304.691
2,1394.208,104.462,3.9912,18.964,7305.745
2,1394.408,104.462,3.9968,18.961,7306.798
2,1394.608,104.462,4.0019,18.958,7307.851
2,1394.808,104.462,4.0066,18.955,7308.905
2,1395.008,104.462,4.011,18.953,7309.958
2,1395.208,104.461,4.0176,18.951,7311.011
2,1395.408,104.461,4.024,18.949,7312.064
2,1395.608,104.461,4.0302,18.947,7313.116
2,1395.808,104.461,4.0362,18.946,7314.169
2,1396.008,104.461,4.0409,18.944,7315.221
2,1396.208,104.461,4.0415,18.943,7316.274
2,1396.408,104.461,4.042,18.942,7317.326
2,1396.608,104.46,4.0424,18.941,7318.379
2,1396.808,104.46,4.0425,18.94,7319.431
2,1397.008,104.46,4.0404,18.939,7320.483
2,1397.208,104.46,4.0356,18.938,7321.535
2,1397.408,104.46,4.0307,18.937,7322.587
2,1397.608,104.46,4.0257,18.937,7323.639
2,1397.808,104.46,4.0205,18.936,7324.691
2,1398.008,104.46,4.0078,18.936,7325.743
2,1398.208,104.461,3.9918,18.935,7326.795
2,1398.408,104.461,3.9758,18.935,7327.847
2,1398.608,104.461,3.9596,18.935,7328.899
2,1398.808,104.461,3.9434,18.934,7329.951
2,1399.008,104.461,3.9255,18.934,7331.003
2,1399.208,104.462,3.9074,18.934,7332.055
2,1399.408,104.462,3.8893,18.934,7333.107
2,1399.608,104.462,3.8711,18.934,7334.159
2,1399.808,104.462,3.8524,18.934,7335.211
2,1400.008,104.463,3.8321,18.934,7336.263
2,1400.208,104.463,3.8118,18.934,7337.314
2,1400.408,104.463,3.7914,18.934,7338.366
2,1400.608,104.463,3.771,18.934,7339.418
2,1400.808,104.464,3.7479,18.935,7340.47
2,1401.008,104.464,3.7216,18.935,7341.522
2,1401.208,104.464,3.6953,18.935,7342.574
2,1401.408,104.465,3.6689,18.935,7343.626
2,1401.608,104.465,3.6425,18.936,7344.678
2,1401.808,104.465,3.6341,18.936,7345.73
2,1402.008,104.465,3.6337,18.936,7346.782
2,1402.208,104.465,3.6334,18.936,7347.834
2,1402.408,104.465,3.6331,18.937,7348.886
2,1402.608,104.465,3.6328,18.937,7349.938
3,1402.808,104.468,3.4427,18.937,7350.99
3,1403.008,104.469,3.4099,18.937,7352.042
3,1403.208,104.469,3.377,18.938,7353.094
3,1403.408,104.47,3.3442,18.938,7354.146
3,1403.608,104.47,3.3105,18.939,7355.198
3,1403.808,104.471,3.2733,18.94,7356.25
3,1404.008,104.471,3.236,18.94,7357.303
3,1404.208,104.472,3.1987,18.941,7358.355
3,1404.408,104.472,3.1615,18.941,7359.407
3,1404.608,104.473,3.123,18.942,7360.459
3,1404.808,104.474,3.083,18.942,7361.512
3,1405.008,104.474,3.0429,18.943,7362.564
3,1405.208,104.475,3.0029,18.943,7363.616
3,1405.408,104.476,2.9628,18.944,7364.669
3,1405.608,104.476,2.9173,18.944,7365.721
3,1405.808,104.477,2.8691,18.945,7366.774
3,1406.008,104.478,2.821,18.946,7367.826
3,1406.208,104.479,2.7728,18.946,7368.879
3,1406.408,104.479,2.7246,18.947,7369.931
3,1406.608,104.48,2.6625,18.947,7370.984
3,1406.808,104.481,2.5993,18.948,7372.037
3,1407.008,104.482,2.5361,18.949,7373.089
3,1407.208,104.483,2.4729,18.949,7374.142
3,1407.408,104.485,2.4089,18.95,7375.195
3,1407.608,104.486,2.3416,18.951,7376.248
3,1407.808,104.487,2.2743,18.951,7377.3
3,1408.008,104.488,2.207,18.952,7378.353
3,1408.208,104.489,2.1397,18.953,7379.406
3,1408.408,104.49,2.0727,18.954,7380.459
3,1408.608,104.491,2.0064,18.954,7381.512
3,1408.808,104.492,1.94,18.955,7382.565
3,1409.008,104.493,1.8736,18.956,7383.618
3,1409.208,104.495,1.8072,18.956,7384.671
3,1409.408,104.496,1.7429,18.957,7385.724
3,1409.608,104.497,1.6795,18.958,7386.778
3,1409.808,104.498,1.6161,18.958,7387.831
3,1410.008,104.499,1.5527,18.959,7388.884
3,1410.208,104.5,1.4894,18.96,7389.937
3,1410.408,104.501,1.4275,18.96,7390.991
3,1410.608,104.502,1.3658,18.961,7392.044
3,1410.808,104.503,1.3041,18.962,7393.097
3,1411.008,104.504,1.2424,18.962,7394.151
3,1411.208,104.505,1.1818,18.963,7395.204
3,1411.408,104.506,1.1259,18.963,7396.258
3,1411.608,104.507,1.0701,18.964,7397.311
3,1411.808,104.508,1.0143,18.964,7398.365
3,1412.008,104.509,0.9585,18.965,7399.418
3,1412.208,104.51,0.9066,18.965,7400.472
3,1412.408,104.511,0.8594,18.966,7401.526
3,1412.608,104.511,0.8123,18.966,7402.579
3,1412.808,104.512,0.7652,18.966,7403.633
3,1413.008,104.513,0.7181,18.967,7404.687
3,1413.208,104.514,0.6755,18.967,7405.74
3,1413.408,104.514,0.6348,18.967,7406.794
3,1413.608,104.515,0.5942,18.968,7407.848
3,1413.808,104.516,0.5536,18.968,7408.901
3,1414.008,104.516,0.513,18.968,7409.955
3,1414.208,104.518,0.4104,18.968,7411.009
3,1414.408,104.52,0.3051,18.969,7412.063
3,1414.608,104.522,0.1998,18.969,7413.117
3,1414.808,104.524,0.0945,18.969,7414.17
3,1415.008,104.525,0.0,18.969,7415.224
3,1415.208,104.525,0.0,18.97,7416.278
3,1415.408,104.525,0.0,18.975,7417.332
3,1415.608,104.525,0.0,18.985,7418.386
3,1415.808,104.525,0.0,19.0,7419.441
3,1416.008,104.525,0.0,19.019,7420.497
3,1416.208,104.525,0.0,19.041,7421.553
3,1416.408,104.525,0.0,19.064,7422.611
3,1416.608,104.525,0.0,19.086,7423.67
3,1416.808,104.525,0.0,19.109,7424.73
3,1417.008,104.525,0.0,19.131,7425.792
3,1417.208,104.525,0.0,19.154,7426.855
3,1417.408,104.525,0.0,19.176,7427.919
3,1417.608,104.525,0.0,19.198,7428.984
3,1417.808,104.525,0.0,19.219,7430.051
3,1418.008,104.525,0.0,19.24,7431.119
3,1418.208,104.525,0.0,19.26,7432.187
3,1418.408,104.525,0.0,19.278,7433.257
3,1418.608,104.525,0.0,19.296,7434.328
3,1418.808,104.525,0.0,19.312,7435.4
3,1419.008,104.525,0.0,19.327,7436.473
3,1419.208,104.525,0.0,19.341,7437.547
3,1419.408,104.525,0.0,19.352,7438.622
3,1419.608,104.525,0.0,19.361,7439.697
3,1419.808,104.525,0.0,19.368,7440.772
3,1420.008,104.525,0.0,19.373,7441.848
3,1420.208,104.525,0.0,19.374,7442.924
3,1420.408,104.525,0.0,19.373,7444.001
3,1420.608,104.525,0.0,19.37,7445.077
3,1420.808,104.525,0.0,19.363,7446.153
3,1421.008,104.525,0.0,19.353,7447.229
3,1421.208,104.525,0.0,19.338,7448.304
3,1421.408,104.525,0.0,19.32,7449.378
3,1421.608,104.525,0.0,19.299,7450.452
3,1421.808,104.525,0.0,19.273,7451.524
3,1422.008,104.523,0.1149,19.243,7452.595
3,1422.208,104.521,0.2286,19.216,7453.664
3,1422.408,104.519,0.3376,19.192,7454.731
3,1422.608,104.517,0.4733,19.169,7455.798
3,1422.808,104.515,0.6155,19.15,7456.862
3,1423.008,104.512,0.7543,19.132,7457.926
3,1423.208,104.51,0.89,19.116,7458.989
3,1423.408,104.507,1.0219,19.101,7460.051
3,1423.608,104.506,1.1298,19.088,7461.112
3,1423.808,104.504,1.2355,19.076,7462.173
3,1424.008,104.502,1.3393,19.065,7463.233
3,1424.208,104.5,1.4415,19.055,7464.292
3,1424.408,104.498,1.5323,19.046,7465.35
3,1424.608,104.497,1.6021,19.038,7466.408
3,1424.808,104.496,1.6706,19.031,7467.466
3,1425.008,104.495,1.7381,19.024,7468.523
3,1425.208,104.494,1.8046,19.018,7469.58
3,1425.408,104.492,1.8684,19.013,7470.637
3,1425.608,104.491,1.9302,19.008,7471.693
3,1425.808,104.49,1.9913,19.003,7472.749
3,1426.008,104.489,2.0518,18.999,7473.805
3,1426.208,104.488,2.1117,18.995,7474.86
3,1426.408,104.487,2.1682,18.992,7475.916
3,1426.608,104.486,2.2238,18.989,7476.971
3,1426.808,104.485,2.279,18.986,7478.026
3,1427.008,104.484,2.3338,18.983,7479.08
3,1427.208,104.483,2.3869,18.98,7480.135
3,1427.408,104.482,2.43,18.978,7481.189
3,1427.608,104.481,2.4728,18.976,7482.244
3,1427.808,104.481,2.5154,18.974,7483.298
3,1428.008,104.48,2.5577,18.972,7484.352
3,1428.208,104.479,2.5978,18.97,7485.406
3,1428.408,104.478,2.6344,18.969,7486.46
3,1428.608,104.478,2.6708,18.967,7487.514
3,1428.808,104.477,2.7071,18.966,7488.568
3,1429.008,104.476,2.7432,18.965,7489.621
3,1429.208,104.476,2.7692,18.964,7490.675
3,1429.408,104.475,2.7894,18.962,7491.728
3,1429.608,104.475,2.8095,18.961,7492.782
3,1429.808,104.475,2.8295,18.96,7493.835
3,1430.008,104.474,2.8494,18.96,7494.889
3,1430.208,104.474,2.8571,18.959,7495.942
3,1430.408,104.474,2.8633,18.958,7496.995
3,1430.608,104.474,2.8693,18.957,7498.048
3,1430.808,104.473,2.8753,18.957,7499.102
3,1431.008,104.473,2.8784,18.956,7500.155
3,1431.208,104.473,2.8648,18.956,7501.208
3,1431.408,104.474,2.8511,18.955,7502.261
3,1431.608,104.474,2.8374,18.955,7503.314
3,1431.808,104.474,2.8236,18.954,7504.367
3,1432.008,104.474,2.8059,18.954,7505.42
3,1432.208,104.475,2.7823,18.954,7506.473
3,1432.408,104.475,2.7587,18.954,7507.526
3,1432.608,104.475,2.7351,18.954,7508.579
3,1432.808,104.476,2.7113,18.954,7509.632
3,1433.008,104.476,2.6743,18.953,7510.685
3,1433.208,104.477,2.63,18.954,7511.738
3,1433.408,104.478,2.5857,18.954,7512.791
3,1433.608,104.478,2.5413,18.954,7513.844
3,1433.808,104.479,2.4968,18.954,7514.897
3,1434.008,104.48,2.4515,18.954,7515.95
3,1434.208,104.48,2.4059,18.954,7517.003
3,1434.408,104.481,2.3603,18.955,7518.056
3,1434.608,104.482,2.3147,18.955,7519.109
3,1434.808,104.483,2.2669,18.955,7520.162
3,1435.008,104.484,2.2075,18.956,7521.215
3,1435.208,104.485,2.1479,18.956,7522.268
3,1435.408,104.486,2.0883,18.956,7523.321
3,1435.608,104.487,2.0287,18.957,7524.374
3,1435.808,104.488,1.9715,18.957,7525.428
3,1436.008,104.489,1.9178,18.958,7526.481
3,1436.208,104.489,1.8641,18.958,7527.534
3,1436.408,104.49,1.8104,18.959,7528.587
3,1436.608,104.491,1.7567,18.959,7529.64
3,1436.808,104.492,1.7023,18.96,7530.694
3,1437.008,104.493,1.6474,18.96,7531.747
3,1437.208,104.494,1.5926,18.96,7532.8
3,1437.408,104.495,1.5377,18.961,7533.854
3,1437.608,104.496,1.4829,18.961,7534.907
3,1437.808,104.497,1.4223,18.962,7535.961
3,1438.008,104.498,1.3611,18.962,7537.014
3,1438.208,104.499,1.2999,18.963,7538.067
3,1438.408,104.5,1.2387,18.963,7539.121
3,1438.608,104.501,1.1801,18.964,7540.174
3,1438.808,104.502,1.1341,18.964,7541.228
3,1439.008,104.502,1.0882,18.964,7542.282
3,1439.208,104.503,1.0423,18.965,7543.335
3,1439.408,104.504,0.9964,18.965,7544.389
3,1439.608,104.505,0.9441,18.966,7545.442
3,1439.808,104.506,0.8829,18.966,7546.496
3,1440.008,104.507,0.8218,18.966,7547.55
3,1440.208,104.508,0.7607,18.967,7548.603
3,1440.408,104.509,0.6996,18.967,7549.657
3,1440.608,104.51,0.6272,18.967,7550.711
3,1440.808,104.512,0.5494,18.968,7551.765
3,1441.008,104.513,0.4716,18.968,7552.818
3,1441.208,104.514,0.3938,18.968,7553.872
3,1441.408,104.516,0.3161,18.969,7554.926
3,1441.608,104.518,0.1612,18.969,7555.98
3,1441.808,104.521,0.0005,18.969,7557.033
3,1442.008,104.521,0.0,18.969,7558.087
3,1442.208,104.521,0.0,18.979,7559.141
3,1442.408,104.521,0.0,19.0,7560.196
3,1442.608,104.521,0.0,19.029,7561.251
3,1442.808,104.521,0.0,19.063,7562.308
3,1443.008,104.521,0.0,19.103,7563.367
3,1443.208,104.521,0.0,19.148,7564.429
3,1443.408,104.521,0.0,19.198,7565.492
3,1443.608,104.521,0.0,19.253,7566.559
3,1443.808,104.521,0.0,19.311,7567.629
3,1444.008,104.521,0.0,19.374,7568.701
3,1444.208,104.521,0.0,19.439,7569.778
3,1444.408,104.521,0.0,19.509,7570.858
3,1444.608,104.521,0.0,19.581,7571.941
3,1444.808,104.521,0.0,19.656,7573.029
3,1445.008,104.521,0.0,19.733,7574.121
3,1445.208,104.521,0.0,19.812,7575.218
3,1445.408,104.521,0.0,19.893,7576.318
3,1445.608,104.521,0.0,19.976,7577.423
3,1445.808,104.521,0.0,20.06,7578.533
3,1446.008,104.521,0.0,20.145,7579.648
3,1446.208,104.521,0.0,20.231,7580.767
3,1446.408,104.521,0.0,20.317,7581.891
3,1446.608,104.521,0.0,20.402,7583.019
3,1446.808,104.521,0.0,20.486,7584.153
3,1447.008,104.521,0.0,20.57,7585.291
3,1447.208,104.521,0.0,20.652,7586.434
3,1447.408,104.521,0.0,20.731,7587.581
3,1447.608,104.521,0.0,20.808,7588.733
3,1447.808,104.521,0.0,20.881,7589.889
3,1448.008,104.521,0.0,20.952,7591.049
3,1448.208,104.521,0.0,21.018,7592.213
3,1448.408,104.521,0.0,21.079,7593.38
3,1448.608,104.521,0.0,21.136,7594.552
3,1448.808,104.521,0.0,21.188,7595.726
3,1449.008,104.521,0.0,21.235,7596.903
3,1449.208,104.521,0.0,21.276,7598.083
3,1449.408,104.521,0.0,21.311,7599.265
3,1449.608,104.521,0.0,21.341,7600.449
3,1449.808,104.521,0.0,21.365,7601.634
3,1450.008,104.521,0.0,21.383,7602.821
3,1450.208,104.521,0.0,21.394,7604.009
3,1450.408,104.521,0.0,21.399,7605.198
3,1450.608,104.521,0.0,21.398,7606.386
3,1450.808,104.521,0.0,21.39,7607.575
3,1451.008,104.521,0.0,21.375,7608.764
3,1451.208,104.521,0.0,21.352,7609.951
3,1451.408,104.521,0.0,21.323,7611.137
3,1451.608,104.521,0.0,21.286,7612.322
3,1451.808,104.521,0.0,21.242,7613.505
3,1452.008,104.521,0.0,21.19,7614.685
3,1452.208,104.521,0.0,21.131,7615.862
3,1452.408,104.521,0.0,21.063,7617.036
3,1452.608,104.521,0.0,20.987,7618.206
3,1452.808,104.521,0.0,20.903,7619.372
3,1453.008,104.521,0.0,20.81,7620.533
3,1453.208,104.521,0.0,20.708,7621.689
3,1453.408,104.521,0.0,20.597,7622.84
3,1453.608,104.521,0.0,20.477,7623.984
3,1453.808,104.521,0.02,20.347,7625.122
3,1454.008,104.514,0.4221,20.21,7626.252
3,1454.208,104.507,0.7953,20.086,7627.375
3,1454.408,104.501,1.1432,19.974,7628.491
3,1454.608,104.496,1.4689,19.874,7629.6
3,1454.808,104.491,1.7336,19.783,7630.704
3,1455.008,104.487,1.9582,19.701,7631.803
3,1455.208,104.483,2.1684,19.627,7632.898
3,1455.408,104.48,2.3658,19.56,7633.988
3,1455.608,104.477,2.5503,19.5,7635.075
3,1455.808,104.474,2.7035,19.446,7636.158
3,1456.008,104.471,2.848,19.397,7637.239
3,1456.208,104.469,2.9846,19.352,7638.316
3,1456.408,104.466,3.1143,19.312,7639.391
3,1456.608,104.464,3.2532,19.275,7640.464
3,1456.808,104.461,3.4065,19.242,7641.535
3,1457.008,104.459,3.5549,19.212,7642.604
3,1457.208,104.456,3.6988,19.185,7643.671
3,1457.408,104.453,3.8387,19.161,7644.737
3,1457.608,104.451,3.9745,19.138,7645.802
3,1457.808,104.449,4.1069,19.117,7646.865
3,1458.008,104.446,4.2365,19.099,7647.927
3,1458.208,104.444,4.3635,19.082,7648.988
3,1458.408,104.442,4.4876,19.066,7650.048
3,1458.608,104.44,4.5939,19.051,7651.107
3,1458.808,104.438,4.6984,19.038,7652.166
3,1459.008,104.436,4.8013,19.026,7653.223
3,1459.208,104.434,4.9027,19.015,7654.28
3,1459.408,104.432,4.9991,19.005,7655.337
3,1459.608,104.432,5.0,18.995,7656.393
3,1459.808,104.432,5.0,18.981,7657.448
3,1460.008,104.432,5.0,18.963,7658.502
3,1460.208,104.432,5.0,18.94,7659.556
3,1460.408,104.432,5.0,18.913,7660.608
3,1460.608,104.432,5.0,18.883,7661.659
3,1460.808,104.431,5.0,18.851,7662.708
3,1461.008,104.431,5.0,18.816,7663.755
3,1461.208,104.431,5.0,18.778,7664.801
3,1461.408,104.431,5.0,18.738,7665.844
3,1461.608,104.431,5.0,18.697,7666.885
3,1461.808,104.431,5.0,18.655,7667.924
3,1462.008,104.431,5.0,18.611,7668.96
3,1462.208,104.431,5.0,18.565,7669.994
3,1462.408,104.431,5.0,18.519,7671.025
3,1462.608,104.43,5.0,18.473,7672.054
3,1462.808,104.43,5.0,18.427,7673.08
3,1463.008,104.43,5.0,18.381,7674.104
3,1463.208,104.43,5.0,18.335,7675.125
3,1463.408,104.43,5.0,18.289,7676.144
3,1463.608,104.43,5.0,18.243,7677.16
3,1463.808,104.43,5.0,18.198,7678.173
3,1464.008,104.43,5.0,18.154,7679.184
3,1464.208,104.43,5.0,18.11,7680.193
3,1464.408,104.429,5.0,18.066,7681.199
3,1464.608,104.429,5.0,18.024,7682.203
3,1464.808,104.429,5.0,17.983,7683.204
3,1465.008,104.429,5.0,17.943,7684.203
3,1465.208,104.429,5.0,17.904,7685.2
3,1465.408,104.429,5.0,17.867,7686.195
3,1465.608,104.429,5.0,17.831,7687.187
3,1465.808,104.429,5.0,17.797,7688.178
3,1466.008,104.428,5.0,17.764,7689.167
3,1466.208,104.428,5.0,17.733,7690.153
3,1466.408,104.428,5.0,17.702,7691.139
3,1466.608,104.428,5.0,17.674,7692.122
3,1466.808,104.428,5.0,17.647,7693.104
3,1467.008,104.428,5.0,17.623,7694.084
3,1467.208,104.428,5.0,17.6,7695.063
3,1467.408,104.428,5.0,17.578,7696.041
3,1467.608,104.428,5.0,17.56,7697.018
3,1467.808,104.427,5.0,17.544,7697.993
3,1468.008,104.427,5.0,17.53,7698.968
3,1468.208,104.427,5.0,17.519,7699.942
3,1468.408,104.427,5.0,17.51,7700.915
3,1468.608,104.427,5.0,17.504,7701.888
3,1468.808,104.427,5.0,17.502,7702.86
3,1469.008,104.427,5.0,17.502,7703.833
3,1469.208,104.427,5.0,17.505,7704.805
3,1469.408,104.427,5.0,17.511,7705.777
3,1469.608,104.426,5.0,17.52,7706.75
3,1469.808,104.426,5.0,17.532,7707.724
3,1470.008,104.426,5.0,17.547,7708.698
3,1470.208,104.426,5.0,17.566,7709.672
3,1470.408,104.426,5.0,17.587,7710.648
3,1470.608,104.426,5.0,17.611,7711.625
3,1470.808,104.426,5.0,17.639,7712.604
3,1471.008,104.426,5.0,17.67,7713.584
3,1471.208,104.426,5.0,17.703,7714.565
3,1471.408,104.425,5.0,17.739,7715.549
3,1471.608,104.425,5.0,17.779,7716.534
3,1471.808,104.425,5.0,17.822,7717.522
3,1472.008,104.425,5.0,17.867,7718.512
3,1472.208,104.425,5.0,17.916,7719.505
3,1472.408,104.425,5.0,17.968,7720.5
3,1472.608,104.425,5.0,18.023,7721.498
3,1472.808,104.425,5.0,18.082,7722.5
3,1473.008,104.424,5.0,18.144,7723.504
3,1473.208,104.424,5.0,18.209,7724.512
3,1473.408,104.427,4.8456,18.279,7725.524
3,1473.608,104.43,4.686,18.342,7726.539
3,1473.808,104.432,4.5325,18.399,7727.558
3,1474.008,104.435,4.3847,18.451,7728.58
3,1474.208,104.437,4.2421,18.498,7729.605
3,1474.408,104.439,4.105,18.541,7730.633
3,1474.608,104.442,3.9727,18.58,7731.663
3,1474.808,104.444,3.8445,18.615,7732.695
3,1475.008,104.446,3.72,18.647,7733.73
3,1475.208,104.448,3.5989,18.676,7734.766
3,1475.408,104.45,3.4847,18.702,7735.803
3,1475.608,104.452,3.3746,18.726,7736.842
3,1475.808,104.453,3.267,18.748,7737.882
3,1476.008,104.455,3.1619,18.767,7738.924
3,1476.208,104.457,3.059,18.785,7739.967
3,1476.408,104.458,2.9638,18.802,7741.01
3,1476.608,104.46,2.8707,18.816,7742.055
3,1476.808,104.461,2.7793,18.83,7743.1
3,1477.008,104.463,2.6893,18.842,7744.146
3,1477.208,104.464,2.6046,18.853,7745.193
3,1477.408,104.465,2.5376,18.863,7746.24
3,1477.608,104.467,2.4719,18.872,7747.288
3,1477.808,104.468,2.4073,18.881,7748.337
3,1478.008,104.469,2.3437,18.888,7749.386
3,1478.208,104.47,2.2843,18.895,7750.435
3,1478.408,104.471,2.2303,18.902,7751.485
3,1478.608,104.471,2.177,18.907,7752.535
3,1478.808,104.472,2.1245,18.913,7753.585
3,1479.008,104.473,2.0726,18.917,7754.636
3,1479.208,104.474,2.0323,18.922,7755.687
3,1479.408,104.474,1.9984,18.926,7756.738
3,1479.608,104.475,1.9649,18.929,7757.79
3,1479.808,104.475,1.9319,18.933,7758.841
3,1480.008,104.476,1.8994,18.935,7759.893
3,1480.208,104.476,1.8767,18.938,7760.945
3,1480.408,104.477,1.8556,18.941,7761.997
3,1480.608,104.477,1.8347,18.943,7763.049
3,1480.808,104.477,1.8142,18.945,7764.102
3,1481.008,104.478,1.7938,18.947,7765.154
3,1481.208,104.478,1.7731,18.948,7766.207
3,1481.408,104.478,1.7526,18.95,7767.26
3,1481.608,104.478,1.7323,18.951,7768.312
3,1481.808,104.479,1.7122,18.953,7769.365
3,1482.008,104.479,1.6938,18.954,7770.418
3,1482.208,104.479,1.6778,18.955,7771.471
3,1482.408,104.48,1.6619,18.956,7772.524
3,1482.608,104.48,1.6462,18.957,7773.577
3,1482.808,104.48,1.6306,18.957,7774.63
3,1483.008,104.48,1.6097,18.958,7775.684
3,1483.208,104.481,1.5861,18.959,7776.737
3,1483.408,104.481,1.5625,18.959,7777.79
3,1483.608,104.481,1.5389,18.96,7778.843
3,1483.808,104.482,1.5155,18.961,7779.897
3,1484.008,104.482,1.4901,18.961,7780.95
3,1484.208,104.483,1.4645,18.962,7782.004
3,1484.408,104.483,1.439,18.962,7783.057
3,1484.608,104.483,1.4135,18.962,7784.11
3,1484.808,104.484,1.3896,18.963,7785.164
3,1485.008,104.484,1.3742,18.963,7786.217
3,1485.208,104.484,1.3589,18.964,7787.271
3,1485.408,104.485,1.3436,18.964,7788.324
3,1485.608,104.485,1.3283,18.964,7789.378
3,1485.808,104.485,1.3208,18.965,7790.432
3,1486.008,104.485,1.3245,18.965,7791.485
3,1486.208,104.485,1.3283,18.965,7792.539
3,1486.408,104.485,1.3321,18.965,7793.592
3,1486.608,104.485,1.3359,18.965,7794.646
3,1486.808,104.484,1.3487,18.966,7795.7
3,1487.008,104.484,1.366,18.966,7796.753
3,1487.208,104.484,1.3834,18.966,7797.807
3,1487.408,104.483,1.4008,18.966,7798.86
3,1487.608,104.483,1.4183,18.966,7799.914
3,1487.808,104.482,1.4554,18.966,7800.968
3,1488.008,104.482,1.4943,18.966,7802.021
3,1488.208,104.481,1.5332,18.966,7803.075
3,1488.408,104.48,1.5722,18.966,7804.129
3,1488.608,104.479,1.6156,18.966,7805.182
3,1488.808,104.478,1.6801,18.966,7806.236
3,1489.008,104.477,1.7447,18.966,7807.29
3,1489.208,104.476,1.8093,18.965,7808.343
3,1489.408,104.475,1.874,18.965,7809.397
3,1489.608,104.474,1.9368,18.965,7810.451
3,1489.808,104.472,1.9973,18.965,7811.504
3,1490.008,104.471,2.0577,18.964,7812.558
3,1490.208,104.47,2.1182,18.964,7813.611
3,1490.408,104.469,2.1788,18.964,7814.665
3,1490.608,104.468,2.245,18.963,7815.719
3,1490.808,104.467,2.314,18.963,7816.772
3,1491.008,104.465,2.383,18.962,7817.826
3,1491.208,104.464,2.4521,18.962,7818.879
3,1491.408,104.463,2.5212,18.961,7819.932
3,1491.608,104.462,2.5746,18.961,7820.986
3,1491.808,104.461,2.627,18.96,7822.039
3,1492.008,104.46,2.6793,18.96,7823.093
3,1492.208,104.459,2.7317,18.959,7824.146
3,1492.408,104.458,2.7804,18.958,7825.199
3,1492.608,104.457,2.8134,18.958,7826.252
3,1492.808,104.457,2.8463,18.957,7827.306
3,1493.008,104.456,2.8793,18.957,7828.359
3,1493.208,104.456,2.9121,18.956,7829.412
3,1493.408,104.455,2.9344,18.955,7830.465
3,1493.608,104.455,2.9431,18.955,7831.518
3,1493.808,104.455,2.9517,18.954,7832.571
3,1494.008,104.454,2.9603,18.954,7833.624
3,1494.208,104.454,2.9688,18.954,7834.677
3,1494.408,104.454,2.9665,18.953,7835.73
3,1494.608,104.454,2.9594,18.953,7836.783
3,1494.808,104.454,2.9522,18.952,7837.836
3,1495.008,104.454,2.945,18.952,7838.889
3,1495.208,104.454,2.9377,18.952,7839.942
3,1495.408,104.455,2.9175,18.952,7840.995
3,1495.608,104.455,2.8966,18.952,7842.048
3,1495.808,104.455,2.8755,18.952,7843.101
3,1496.008,104.456,2.8544,18.951,7844.153
3,1496.208,104.456,2.8324,18.951,7845.206
3,1496.408,104.456,2.8066,18.951,7846.259
3,1496.608,104.457,2.7808,18.951,7847.312
3,1496.808,104.457,2.7549,18.952,7848.365
3,1497.008,104.457,2.729,18.952,7849.418
3,1497.208,104.458,2.703,18.952,7850.471
3,1497.408,104.458,2.677,18.952,7851.523
3,1497.608,104.459,2.6509,18.952,7852.576
3,1497.808,104.459,2.6248,18.952,7853.629
3,1498.008,104.459,2.5987,18.952,7854.682
3,1498.208,104.46,2.575,18.953,7855.735
3,1498.408,104.46,2.5524,18.953,7856.788
3,1498.608,104.46,2.5297,18.953,7857.841
3,1498.808,104.461,2.5071,18.953,7858.894
3,1499.008,104.461,2.4844,18.954,7859.947
3,1499.208,104.461,2.4647,18.954,7861.0
3,1499.408,104.462,2.4452,18.954,7862.053
3,1499.608,104.462,2.4257,18.954,7863.106
3,1499.808,104.462,2.4061,18.955,7864.159
3,1500.008,104.463,2.3857,18.955,7865.212
3,1500.208,104.463,2.3616,18.955,7866.265
3,1500.408,104.463,2.3374,18.955,7867.318
3,1500.608,104.464,2.3133,18.956,7868.371
3,1500.808,104.464,2.2891,18.956,7869.424
3,1501.008,104.464,2.2614,18.956,7870.477
3,1501.208,104.465,2.2293,18.956,7871.53
3,1501.408,104.466,2.1972,18.957,7872.583
3,1501.608,104.466,2.165,18.957,7873.637
3,1501.808,104.467,2.1329,18.957,7874.69
3,1502.008,104.467,2.0954,18.957,7875.743
3,1502.208,104.468,2.0558,18.958,7876.796
3,1502.408,104.468,2.0161,18.958,7877.849
3,1502.608,104.469,1.9764,18.958,7878.903
3,1502.808,104.47,1.9367,18.959,7879.956
3,1503.008,104.47,1.9055,18.959,7881.009
3,1503.208,104.471,1.8746,18.959,7882.062
3,1503.408,104.471,1.8438,18.96,7883.116
3,1503.608,104.472,1.813,18.96,7884.169
3,1503.808,104.472,1.7845,18.96,7885.222
3,1504.008,104.472,1.7648,18.961,7886.276
3,1504.208,104.473,1.7452,18.961,7887.329
3,1504.408,104.473,1.7256,18.961,7888.382
3,1504.608,104.473,1.7059,18.962,7889.436
3,1504.808,104.473,1.6975,18.962,7890.489
3,1505.008,104.473,1.702,18.962,7891.543
3,1505.208,104.473,1.7065,18.962,7892.596
3,1505.408,104.473,1.7111,18.962,7893.65
3,1505.608,104.473,1.7157,18.963,7894.703
3,1505.808,104.473,1.7344,18.963,7895.757
3,1506.008,104.472,1.7588,18.963,7896.81
3,1506.208,104.472,1.7832,18.963,7897.864
3,1506.408,104.471,1.8077,18.963,7898.917
3,1506.608,104.471,1.8322,18.963,7899.971
3,1506.808,104.47,1.8853,18.963,7901.024
3,1507.008,104.469,1.9392,18.963,7902.078
3,1507.208,104.468,1.9933,18.963,7903.131
3,1507.408,104.467,2.0474,18.963,7904.185
3,1507.608,104.466,2.1082,18.963,7905.238
3,1507.808,104.464,2.1922,18.962,7906.292
3,1508.008,104.463,2.2762,18.962,7907.345
3,1508.208,104.461,2.3603,18.962,7908.398
3,1508.408,104.46,2.4445,18.961,7909.452
3,1508.608,104.458,2.5396,18.961,7910.505
3,1508.808,104.456,2.6463,18.96,7911.559
3,1509.008,104.454,2.7532,18.96,7912.612
3,1509.208,104.452,2.8602,18.959,7913.665
3,1509.408,104.45,2.9672,18.958,7914.719
3,1509.608,104.448,3.0811,18.957,7915.772
3,1509.808,104.446,3.1975,18.956,7916.825
3,1510.008,104.444,3.314,18.955,7917.878
3,1510.208,104.442,3.4307,18.954,7918.931
3,1510.408,104.44,3.5474,18.953,7919.984
3,1510.608,104.438,3.6645,18.952,7921.037
3,1510.808,104.436,3.7817,18.95,7922.09
3,1511.008,104.433,3.899,18.949,7923.143
3,1511.208,104.431,4.0164,18.947,7924.196
3,1511.408,104.429,4.132,18.946,7925.248
3,1511.608,104.427,4.2415,18.944,7926.301
3,1511.808,104.425,4.3511,18.942,7927.353
3,1512.008,104.423,4.4607,18.941,7928.406
3,1512.208,104.421,4.5704,18.939,7929.458
3,1512.408,104.419,4.6718,18.937,7930.51
3,1512.608,104.418,4.7645,18.935,7931.562
3,1512.808,104.416,4.8572,18.933,7932.614
3,1513.008,104.414,4.9498,18.931,7933.666
3,1513.208,104.413,5.0,18.929,7934.718
3,1513.408,104.413,5.0,18.924,7935.769
3,1513.608,104.413,5.0,18.915,7936.82
3,1513.808,104.413,5.0,18.901,7937.871
3,1514.008,104.413,5.0,18.883,7938.921
3,1514.208,104.413,5.0,18.861,7939.97
3,1514.408,104.412,5.0,18.834,7941.018
3,1514.608,104.412,5.0,18.804,7942.065
3,1514.808,104.412,5.0,18.771,7943.109
3,1515.008,104.412,5.0,18.734,7944.152
3,1515.208,104.412,5.0,18.694,7945.193
3,1515.408,104.412,5.0,18.651,7946.231
3,1515.608,104.412,5.0,18.605,7947.268
3,1515.808,104.412,5.0,18.556,7948.301
3,1516.008,104.412,5.0,18.505,7949.332
3,1516.208,104.411,5.0,18.451,7950.36
3,1516.408,104.411,5.0,18.394,7951.385
3,1516.608,104.411,5.0,18.336,7952.407
3,1516.808,104.411,5.0,18.276,7953.426
3,1517.008,104.411,5.0,18.214,7954.441
3,1517.208,104.411,5.0,18.15,7955.453
3,1517.408,104.411,5.0,18.086,7956.461
3,1517.608,104.411,5.0,18.02,7957.466
3,1517.808,104.411,5.0,17.953,7958.467
3,1518.008,104.41,5.0,17.885,7959.465
3,1518.208,104.41,5.0,17.816,7960.458
3,1518.408,104.41,5.0,17.746,7961.448
3,1518.608,104.41,5.0,17.678,7962.434
3,1518.808,104.41,5.0,17.61,7963.416
3,1519.008,104.41,5.0,17.543,7964.394
3,1519.208,104.41,5.0,17.477,7965.369
3,1519.408,104.41,5.0,17.412,7966.34
3,1519.608,104.41,5.0,17.35,7967.307
3,1519.808,104.409,5.0,17.29,7968.271
3,1520.008,104.409,5.0,17.233,7969.232
3,1520.208,104.409,5.0,17.177,7970.189
3,1520.408,104.409,5.0,17.125,7971.143
3,1520.608,104.409,5.0,17.076,7972.095
3,1520.808,104.409,5.0,17.032,7973.043
3,1521.008,104.409,5.0,16.993,7973.99
3,1521.208,104.409,5.0,16.957,7974.934
3,1521.408,104.409,5.0,16.925,7975.876
3,1521.608,104.408,5.0,16.899,7976.816
3,1521.808,104.408,5.0,16.879,7977.755
3,1522.008,104.408,5.0,16.864,7978.692
3,1522.208,104.408,5.0,16.854,7979.629
3,1522.408,104.408,5.0,16.85,7980.566
3,1522.608,104.408,5.0,16.852,7981.502
3,1522.808,104.408,5.0,16.86,7982.438
3,1523.008,104.408,5.0,16.875,7983.375
3,1523.208,104.407,5.0,16.895,7984.312
3,1523.408,104.407,5.0,16.922,7985.251
3,1523.608,104.407,5.0,16.955,7986.191
3,1523.808,104.407,5.0,16.994,7987.133
3,1524.008,104.407,5.0,17.039,7988.077
3,1524.208,104.407,5.0,17.091,7989.024
3,1524.408,104.407,5.0,17.148,7989.973
3,1524.608,104.407,5.0,17.212,7990.926
3,1524.808,104.407,5.0,17.281,7991.882
3,1525.008,104.406,5.0,17.357,7992.842
3,1525.208,104.406,5.0,17.439,7993.806
3,1525.408,104.406,5.0,17.527,7994.775
3,1525.608,104.406,5.0,17.62,7995.749
3,1525.808,104.406,5.0,17.72,7996.728
3,1526.008,104.407,4.9563,17.825,7997.712
3,1526.208,104.411,4.7044,17.933,7998.703
3,1526.408,104.415,4.4611,18.031,7999.699
3,1526.608,104.419,4.2306,18.12,8000.701
3,1526.808,104.423,4.0098,18.2,8001.707
3,1527.008,104.426,3.7962,18.273,8002.718
3,1527.208,104.43,3.5895,18.339,8003.734
3,1527.408,104.433,3.3892,18.399,8004.752
3,1527.608,104.436,3.2062,18.454,8005.775
3,1527.808,104.439,3.0324,18.503,8006.8
3,1528.008,104.442,2.8639,18.547,8007.828
3,1528.208,104.445,2.7001,18.588,8008.858
3,1528.408,104.448,2.5408,18.624,8009.891
3,1528.608,104.45,2.4067,18.657,8010.925
3,1528.808,104.452,2.2791,18.687,8011.962
3,1529.008,104.454,2.155,18.714,8013.0
3,1529.208,104.456,2.0341,18.739,8014.04
3,1529.408,104.458,1.9179,18.761,8015.081
3,1529.608,104.46,1.8254,18.781,8016.123
3,1529.808,104.461,1.7354,18.799,8017.167
3,1530.008,104.463,1.6477,18.816,8018.211
3,1530.208,104.464,1.5622,18.831,8019.256
3,1530.408,104.466,1.4828,18.844,8020.302
3,1530.608,104.467,1.4157,18.856,8021.349
3,1530.808,104.468,1.3502,18.867,8022.397
3,1531.008,104.469,1.2862,18.877,8023.445
3,1531.208,104.47,1.2236,18.886,8024.494
3,1531.408,104.471,1.172,18.894,8025.543
3,1531.608,104.472,1.1307,18.902,8026.593
3,1531.808,104.472,1.0904,18.908,8027.643
3,1532.008,104.473,1.0511,18.914,8028.693
3,1532.208,104.474,1.0126,18.92,8029.744
3,1532.408,104.474,0.9753,18.925,8030.795
3,1532.608,104.475,0.9388,18.929,8031.847
3,1532.808,104.475,0.9029,18.933,8032.898
3,1533.008,104.476,0.8676,18.937,8033.95
3,1533.208,104.477,0.8328,18.94,8035.002
3,1533.408,104.477,0.8146,18.943,8036.054
3,1533.608,104.477,0.7969,18.946,8037.107
3,1533.808,104.477,0.7795,18.948,8038.159
3,1534.008,104.478,0.7624,18.95,8039.212
3,1534.208,104.478,0.7489,18.952,8040.265
3,1534.408,104.478,0.745,18.954,8041.318
3,1534.608,104.478,0.7415,18.956,8042.371
3,1534.808,104.478,0.7382,18.957,8043.424
3,1535.008,104.478,0.7351,18.958,8044.477
3,1535.208,104.478,0.7407,18.96,8045.53
3,1535.408,104.478,0.755,18.961,8046.583
3,1535.608,104.477,0.7695,18.962,8047.637
3,1535.808,104.477,0.7842,18.962,8048.69
3,1536.008,104.477,0.7989,18.963,8049.744
3,1536.208,104.476,0.8271,18.964,8050.797
3,1536.408,104.476,0.8598,18.964,8051.851
3,1536.608,104.475,0.8925,18.965,8052.904
3,1536.808,104.475,0.9253,18.965,8053.958
3,1537.008,104.474,0.9585,18.966,8055.012
3,1537.208,104.473,1.0141,18.966,8056.065
3,1537.408,104.472,1.0698,18.966,8057.119
3,1537.608,104.471,1.1256,18.967,8058.173
3,1537.808,104.47,1.1815,18.967,8059.226
3,1538.008,104.469,1.2401,18.967,8060.28
3,1538.208,104.468,1.3062,18.967,8061.334
3,1538.408,104.467,1.3723,18.967,8062.387
3,1538.608,104.465,1.4386,18.967,8063.441
3,1538.808,104.464,1.5048,18.967,8064.495
3,1539.008,104.463,1.5715,18.967,8065.549
3,1539.208,104.462,1.6385,18.967,8066.602
3,1539.408,104.461,1.7055,18.966,8067.656
3,1539.608,104.459,1.7726,18.966,8068.71
3,1539.808,104.458,1.8397,18.966,8069.763
3,1540.008,104.457,1.9143,18.966,8070.817
3,1540.208,104.456,1.991,18.965,8071.871
3,1540.408,104.454,2.0678,18.965,8072.924
3,1540.608,104.453,2.1447,18.965,8073.978
3,1540.808,104.451,2.2215,18.964,8075.031
3,1541.008,104.45,2.2973,18.964,8076.085
3,1541.208,104.449,2.3732,18.963,8077.139
3,1541.408,104.447,2.4491,18.963,8078.192
3,1541.608,104.446,2.5251,18.962,8079.246
3,1541.808,104.445,2.6002,18.961,8080.299
3,1542.008,104.443,2.6733,18.961,8081.352
3,1542.208,104.442,2.7464,18.96,8082.406
3,1542.408,104.441,2.8195,18.959,8083.459
3,1542.608,104.439,2.8927,18.958,8084.512
3,1542.808,104.438,2.9675,18.958,8085.566
3,1543.008,104.436,3.0438,18.957,8086.619
3,1543.208,104.435,3.12,18.956,8087.672
3,1543.408,104.434,3.1963,18.955,8088.725
3,1543.608,104.432,3.2727,18.954,8089.778
3,1543.808,104.431,3.3475,18.953,8090.831
3,1544.008,104.429,3.4219,18.952,8091.884
3,1544.208,104.428,3.4964,18.951,8092.937
3,1544.408,104.427,3.5708,18.95,8093.99
3,1544.608,104.425,3.6454,18.949,8095.043
3,1544.808,104.424,3.7224,18.948,8096.095
3,1545.008,104.423,3.7993,18.947,8097.148
3,1545.208,104.421,3.8763,18.946,8098.201
3,1545.408,104.42,3.9533,18.945,8099.253
3,1545.608,104.418,4.0301,18.944,8100.306
3,1545.808,104.417,4.1062,18.942,8101.358
3,1546.008,104.415,4.1824,18.941,8102.411
3,1546.208,104.414,4.2586,18.94,8103.463
3,1546.408,104.413,4.3348,18.938,8104.515
3,1546.608,104.411,4.4001,18.937,8105.567
3,1546.808,104.41,4.4562,18.936,8106.619
3,1547.008,104.409,4.5121,18.934,8107.671
3,1547.208,104.408,4.5681,18.933,8108.723
3,1547.408,104.407,4.624,18.932,8109.775
3,1547.608,104.406,4.6702,18.93,8110.827
3,1547.808,104.405,4.7136,18.929,8111.878
3,1548.008,104.404,4.757,18.928,8112.93
3,1548.208,104.404,4.8004,18.926,8113.981
3,1548.408,104.403,4.8434,18.925,8115.033
3,1548.608,104.402,4.8749,18.924,8116.084
3,1548.808,104.401,4.9063,18.923,8117.136
3,1549.008,104.401,4.9377,18.922,8118.187
3,1549.208,104.4,4.9691,18.921,8119.238
3,1549.408,104.399,4.9971,18.92,8120.289
3,1549.608,104.399,5.0,18.919,8121.34
3,1549.808,104.399,5.0,18.917,8122.391
3,1550.008,104.399,5.0,18.913,8123.442
3,1550.208,104.399,5.0,18.909,8124.493
3,1550.408,104.399,5.0,18.904,8125.544
3,1550.608,104.399,5.0,18.898,8126.594
3,1550.808,104.399,5.0,18.891,8127.644
3,1551.008,104.398,5.0,18.884,8128.693
3,1551.208,104.398,5.0,18.875,8129.742
3,1551.408,104.398,5.0,18.866,8130.791
3,1551.608,104.398,5.0,18.857,8131.839
3,1551.808,104.398,5.0,18.847,8132.887
3,1552.008,104.398,5.0,18.837,8133.934
3,1552.208,104.398,5.0,18.827,8134.98
3,1552.408,104.398,5.0,18.816,8136.026
3,1552.608,104.398,5.0,18.805,8137.072
3,1552.808,104.397,5.0,18.795,8138.116
3,1553.008,104.397,5.0,18.784,8139.16
3,1553.208,104.397,5.0,18.774,8140.204
3,1553.408,104.397,5.0,18.764,8141.247
3,1553.608,104.397,5.0,18.755,8142.289
3,1553.808,104.397,5.0,18.746,8143.331
3,1554.008,104.397,5.0,18.738,8144.373
3,1554.208,104.397,5.0,18.731,8145.414
3,1554.408,104.397,5.0,18.724,8146.454
3,1554.608,104.396,5.0,18.718,8147.495
3,1554.808,104.396,5.0,18.712,8148.534
3,1555.008,104.396,5.0,18.707,8149.574
3,1555.208,104.396,5.0,18.702,8150.613
3,1555.408,104.396,5.0,18.699,8151.652
3,1555.608,104.396,5.0,18.696,8152.691
3,1555.808,104.396,5.0,18.694,8153.73
3,1556.008,104.396,5.0,18.693,8154.768
3,1556.208,104.395,5.0,18.692,8155.807
3,1556.408,104.395,5.0,18.694,8156.845
3,1556.608,104.395,5.0,18.697,8157.884
3,1556.808,104.395,5.0,18.701,8158.923
3,1557.008,104.395,5.0,18.707,8159.961
3,1557.208,104.395,5.0,18.715,8161.001
3,1557.408,104.395,5.0,18.725,8162.04
3,1557.608,104.395,5.0,18.736,8163.081
3,1557.808,104.395,5.0,18.75,8164.122
3,1558.008,104.395,4.9459,18.766,8165.163
3,1558.208,104.396,4.879,18.78,8166.206
3,1558.408,104.397,4.8136,18.793,8167.249
3,1558.608,104.398,4.7496,18.805,8168.293
3,1558.808,104.399,4.6868,18.816,8169.338
3,1559.008,104.401,4.6195,18.826,8170.383
3,1559.208,104.402,4.5434,18.835,8171.429
3,1559.408,104.403,4.4682,18.844,8172.476
3,1559.608,104.404,4.3937,18.852,8173.523
3,1559.808,104.405,4.32,18.859,8174.57
3,1560.008,104.407,4.2456,18.865,8175.618
3,1560.208,104.408,4.171,18.872,8176.666
3,1560.408,104.409,4.0968,18.877,8177.714
3,1560.608,104.41,4.0232,18.882,8178.763
3,1560.808,104.411,3.95,18.887,8179.812
3,1561.008,104.412,3.879,18.892,8180.861
3,1561.208,104.414,3.8088,18.896,8181.911
3,1561.408,104.415,3.7389,18.9,8182.96
3,1561.608,104.416,3.6693,18.904,8184.01
3,1561.808,104.417,3.6006,18.907,8185.061
3,1562.008,104.418,3.5403,18.91,8186.111
3,1562.208,104.419,3.4804,18.913,8187.162
3,1562.408,104.42,3.4207,18.916,8188.212
3,1562.608,104.421,3.3612,18.919,8189.263
3,1562.808,104.422,3.3101,18.921,8190.314
3,1563.008,104.422,3.2783,18.923,8191.365
3,1563.208,104.423,3.2469,18.926,8192.417
3,1563.408,104.423,3.2156,18.928,8193.468
3,1563.608,104.423,3.1845,18.929,8194.52
3,1563.808,104.424,3.1581,18.931,8195.571
3,1564.008,104.424,3.1357,18.933,8196.623
3,1564.208,104.425,3.1134,18.934,8197.675
3,1564.408,104.425,3.0913,18.935,8198.727
3,1564.608,104.425,3.0693,18.937,8199.779
3,1564.808,104.425,3.0563,18.938,8200.831
3,1565.008,104.425,3.0458,18.939,8201.883
3,1565.208,104.426,3.0353,18.94,8202.935
3,1565.408,104.426,3.025,18.941,8203.987
3,1565.608,104.426,3.0155,18.941,8205.039
3,1565.808,104.426,3.0234,18.942,8206.092
3,1566.008,104.425,3.0314,18.943,8207.144
3,1566.208,104.425,3.0395,18.943,8208.196
3,1566.408,104.425,3.0477,18.944,8209.249
3,1566.608,104.425,3.0534,18.944,8210.301
3,1566.808,104.425,3.0527,18.945,8211.354
3,1567.008,104.425,3.0521,18.945,8212.406
3,1567.208,104.425,3.0515,18.945,8213.459
3,1567.408,104.424,3.0509,18.946,8214.511
3,1567.608,104.424,3.053,18.946,8215.564
3,1567.808,104.424,3.0575,18.946,8216.616
3,1568.008,104.424,3.062,18.946,8217.669
3,1568.208,104.424,3.0666,18.947,8218.722
3,1568.408,104.424,3.0712,18.947,8219.774
3,1568.608,104.424,3.0794,18.947,8220.827
3,1568.808,104.423,3.0886,18.947,8221.879
3,1569.008,104.423,3.0978,18.947,8222.932
3,1569.208,104.423,3.1071,18.947,8223.985
3,1569.408,104.423,3.1163,18.947,8225.037
3,1569.608,104.422,3.1227,18.947,8226.09
3,1569.808,104.422,3.1291,18.947,8227.142
3,1570.008,104.422,3.1355,18.947,8228.195
3,1570.208,104.422,3.1419,18.947,8229.248
3,1570.408,104.422,3.1505,18.947,8230.3
3,1570.608,104.421,3.1645,18.947,8231.353
3,1570.808,104.421,3.1785,18.947,8232.406
3,1571.008,104.421,3.1925,18.947,8233.458
3,1571.208,104.42,3.2065,18.947,8234.511
3,1571.408,104.42,3.219,18.947,8235.563
3,1571.608,104.42,3.23,18.947,8236.616
3,1571.808,104.42,3.2411,18.947,8237.669
3,1572.008,104.419,3.2521,18.946,8238.721
3,1572.208,104.419,3.2632,18.946,8239.774
3,1572.408,104.419,3.2826,18.946,8240.826
3,1572.608,104.418,3.3044,18.946,8241.879
3,1572.808,104.418,3.3262,18.946,8242.931
3,1573.008,104.417,3.3481,18.946,8243.984
3,1573.208,104.417,3.3696,18.945,8245.036
3,1573.408,104.417,3.3807,18.945,8246.089
3,1573.608,104.416,3.3919,18.945,8247.141
3,1573.808,104.416,3.403,18.945,8248.194
3,1574.008,104.416,3.4142,18.945,8249.246
3,1574.208,104.415,3.4283,18.944,8250.299
3,1574.408,104.415,3.45,18.944,8251.351
3,1574.608,104.415,3.4717,18.944,8252.404
3,1574.808,104.414,3.4935,18.944,8253.456
3,1575.008,104.414,3.5152,18.943,8254.509
3,1575.208,104.413,3.5275,18.943,8255.561
3,1575.408,104.413,3.5315,18.943,8256.614
3,1575.608,104.413,3.5354,18.943,8257.666
3,1575.808,104.413,3.5393,18.942,8258.718
3,1576.008,104.413,3.5432,18.942,8259.771
3,1576.208,104.412,3.5561,18.942,8260.823
3,1576.408,104.412,3.5715,18.942,8261.875
3,1576.608,104.412,3.5869,18.942,8262.928
3,1576.808,104.411,3.6023,18.941,8263.98
3,1577.008,104.411,3.6172,18.941,8265.032
3,1577.208,104.411,3.6138,18.941,8266.085
3,1577.408,104.411,3.6104,18.941,8267.137
3,1577.608,104.411,3.6069,18.941,8268.189
3,1577.808,104.411,3.6034,18.94,8269.241
3,1578.008,104.411,3.5999,18.94,8270.294
3,1578.208,104.411,3.5965,18.94,8271.346
3,1578.408,104.411,3.593,18.94,8272.398
3,1578.608,104.411,3.5895,18.94,8273.45
3,1578.808,104.411,3.586,18.94,8274.503
3,1579.008,104.411,3.5749,18.94,8275.555
3,1579.208,104.411,3.5571,18.94,8276.607
3,1579.408,104.411,3.5392,18.94,8277.659
3,1579.608,104.412,3.5212,18.94,8278.711
3,1579.808,104.412,3.5033,18.94,8279.764
3,1580.008,104.412,3.4817,18.94,8280.816
3,1580.208,104.412,3.4591,18.94,8281.868
3,1580.408,104.413,3.4364,18.94,8282.92
3,1580.608,104.413,3.4137,18.941,8283.973
3,1580.808,104.413,3.3909,18.941,8285.025
3,1581.008,104.414,3.3692,18.941,8286.077
3,1581.208,104.414,3.3475,18.941,8287.129
3,1581.408,104.414,3.3257,18.941,8288.182
3,1581.608,104.415,3.3039,18.942,8289.234
3,1581.808,104.415,3.2804,18.942,8290.286
3,1582.008,104.415,3.252,18.942,8291.339
3,1582.208,104.416,3.2237,18.943,8292.391
3,1582.408,104.416,3.1953,18.943,8293.443
3,1582.608,104.417,3.1669,18.943,8294.496
3,1582.808,104.417,3.1385,18.943,8295.548
3,1583.008,104.417,3.1102,18.944,8296.6
3,1583.208,104.418,3.0818,18.944,8297.653
3,1583.408,104.418,3.0534,18.945,8298.705
3,1583.608,104.419,3.025,18.945,8299.758
3,1583.808,104.419,2.9981,18.945,8300.81
3,1584.008,104.42,2.9716,18.946,8301.863
3,1584.208,104.42,2.945,18.946,8302.915
3,1584.408,104.42,2.9185,18.946,8303.968
3,1584.608,104.421,2.8917,18.947,8305.021
3,1584.808,104.421,2.8531,18.947,8306.073
3,1585.008,104.422,2.8145,18.948,8307.126
3,1585.208,104.423,2.7759,18.948,8308.178
3,1585.408,104.423,2.7372,18.948,8309.231
3,1585.608,104.424,2.6984,18.949,8310.284
3,1585.808,104.424,2.6591,18.949,8311.336
3,1586.008,104.425,2.6198,18.95,8312.389
3,1586.208,104.426,2.5805,18.95,8313.442
3,1586.408,104.426,2.5412,18.951,8314.495
3,1586.608,104.427,2.5081,18.951,8315.548
3,1586.808,104.427,2.4807,18.952,8316.6
3,1587.008,104.428,2.4534,18.952,8317.653
3,1587.208,104.428,2.426,18.953,8318.706
3,1587.408,104.428,2.3987,18.953,8319.759
3,1587.608,104.429,2.38,18.953,8320.812
3,1587.808,104.429,2.3638,18.954,8321.865
3,1588.008,104.429,2.3476,18.954,8322.918
3,1588.208,104.429,2.3315,18.955,8323.971
3,1588.408,104.43,2.3157,18.955,8325.024
3,1588.608,104.43,2.3149,18.955,8326.077
3,1588.808,104.43,2.3141,18.955,8327.13
3,1589.008,104.43,2.3134,18.956,8328.183
3,1589.208,104.429,2.3127,18.956,8329.236
3,1589.408,104.429,2.3167,18.956,8330.289
3,1589.608,104.429,2.3331,18.956,8331.343
3,1589.808,104.429,2.3495,18.957,8332.396
3,1590.008,104.428,2.366,18.957,8333.449
3,1590.208,104.428,2.3825,18.957,8334.502
3,1590.408,104.428,2.4061,18.957,8335.555
3,1590.608,104.427,2.436,18.957,8336.608
3,1590.808,104.426,2.466,18.957,8337.661
3,1591.008,104.426,2.496,18.957,8338.715
3,1591.208,104.425,2.5261,18.957,8339.768
3,1591.408,104.425,2.5601,18.957,8340.821
3,1591.608,104.424,2.5954,18.956,8341.874
3,1591.808,104.423,2.6306,18.956,8342.927
3,1592.008,104.423,2.6659,18.956,8343.98
3,1592.208,104.422,2.7016,18.956,8345.033
3,1592.408,104.421,2.7487,18.956,8346.086
3,1592.608,104.42,2.7958,18.955,8347.14
3,1592.808,104.419,2.843,18.955,8348.193
3,1593.008,104.418,2.8902,18.955,8349.246
3,1593.208,104.418,2.935,18.954,8350.299
3,1593.408,104.417,2.9733,18.954,8351.352
3,1593.608,104.416,3.0117,18.953,8352.405
3,1593.808,104.415,3.0501,18.953,8353.458
3,1594.008,104.415,3.0886,18.952,8354.511
3,1594.208,104.414,3.1357,18.952,8355.564
3,1594.408,104.413,3.1904,18.951,8356.616
3,1594.608,104.412,3.2451,18.951,8357.669
3,1594.808,104.411,3.2999,18.95,8358.722
3,1595.008,104.41,3.3547,18.95,8359.775
3,1595.208,104.409,3.3974,18.949,8360.828
3,1595.408,104.408,3.4368,18.949,8361.88
3,1595.608,104.407,3.4763,18.948,8362.933
3,1595.808,104.406,3.5157,18.947,8363.986
3,1596.008,104.406,3.5549,18.947,8365.038
3,1596.208,104.405,3.5901,18.946,8366.091
3,1596.408,104.404,3.6252,18.945,8367.144
3,1596.608,104.404,3.6604,18.945,8368.196
3,1596.808,104.403,3.6955,18.944,8369.249
3,1597.008,104.402,3.7316,18.943,8370.301
3,1597.208,104.401,3.77,18.943,8371.353
3,1597.408,104.401,3.8084,18.942,8372.406
3,1597.608,104.4,3.8468,18.941,8373.458
3,1597.808,104.399,3.8852,18.941,8374.51
3,1598.008,104.398,3.9201,18.94,8375.563
3,1598.208,104.398,3.9519,18.939,8376.615
3,1598.408,104.397,3.9838,18.939,8377.667
3,1598.608,104.397,4.0156,18.938,8378.719
3,1598.808,104.396,4.0475,18.937,8379.771
3,1599.008,104.395,4.0804,18.937,8380.823
3,1599.208,104.395,4.1135,18.936,8381.875
3,1599.408,104.394,4.1467,18.935,8382.927
3,1599.608,104.393,4.1798,18.935,8383.979
3,1599.808,104.393,4.2129,18.934,8385.031
3,1600.008,104.392,4.2428,18.933,8386.083
3,1600.208,104.391,4.2727,18.933,8387.135
3,1600.408,104.391,4.3027,18.932,8388.187
3,1600.608,104.39,4.3326,18.931,8389.239
3,1600.808,104.389,4.3626,18.931,8390.29
3,1601.008,104.389,4.393,18.93,8391.342
3,1601.208,104.388,4.4233,18.929,8392.394
3,1601.408,104.388,4.4536,18.929,8393.445
3,1601.608,104.387,4.4839,18.928,8394.497
3,1601.808,104.386,4.5173,18.927,8395.549
3,1602.008,104.386,4.5536,18.927,8396.6
3,1602.208,104.385,4.5899,18.926,8397.652
3,1602.408,104.384,4.6261,18.925,8398.703
3,1602.608,104.383,4.6624,18.925,8399.754
3,1602.808,104.383,4.6922,18.924,8400.806
3,1603.008,104.382,4.72,18.923,8401.857
3,1603.208,104.382,4.7478,18.922,8402.908
3,1603.408,104.381,4.7756,18.922,8403.96
3,1603.608,104.38,4.8032,18.921,8405.011
3,1603.808,104.38,4.8152,18.92,8406.062
3,1604.008,104.38,4.8272,18.92,8407.113
3,1604.208,104.379,4.8392,18.919,8408.164
3,1604.408,104.379,4.8511,18.918,8409.215
3,1604.608,104.379,4.8596,18.918,8410.266
3,1604.808,104.379,4.8584,18.917,8411.317
3,1605.008,104.379,4.8572,18.917,8412.368
3,1605.208,104.379,4.8558,18.917,8413.419
3,1605.408,104.378,4.8545,18.916,8414.47
3,1605.608,104.378,4.8464,18.916,8415.521
3,1605.808,104.379,4.8317,18.916,8416.572
3,1606.008,104.379,4.8168,18.915,8417.623
3,1606.208,104.379,4.8018,18.915,8418.674
3,1606.408,104.379,4.7868,18.915,8419.724
3,1606.608,104.379,4.7771,18.915,8420.775
3,1606.808,104.379,4.7693,18.915,8421.826
3,1607.008,104.379,4.7615,18.915,8422.877
3,1607.208,104.379,4.7536,18.915,8423.928
3,1607.408,104.379,4.7458,18.915,8424.979
3,1607.608,104.379,4.7331,18.915,8426.029
3,1607.808,104.379,4.7204,18.915,8427.08
3,1608.008,104.38,4.7076,18.915,8428.131
3,1608.208,104.38,4.6948,18.915,8429.182
3,1608.408,104.38,4.6841,18.915,8430.233
3,1608.608,104.38,4.6808,18.916,8431.284
3,1608.808,104.38,4.6776,18.916,8432.335
3,1609.008,104.38,4.6744,18.916,8433.385
3,1609.208,104.38,4.6712,18.916,8434.436
3,1609.408,104.38,4.6686,18.916,8435.487
3,1609.608,104.379,4.6669,18.916,8436.538
3,1609.808,104.379,4.6652,18.916,8437.589
3,1610.008,104.379,4.6635,18.916,8438.64
3,1610.208,104.379,4.6618,18.916,8439.691
3,1610.408,104.379,4.6684,18.917,8440.742
3,1610.608,104.379,4.6787,18.917,8441.793
3,1610.808,104.378,4.6889,18.917,8442.844
3,1611.008,104.378,4.6992,18.917,8443.895
3,1611.208,104.378,4.7096,18.917,8444.945
3,1611.408,104.378,4.7094,18.917,8445.996
3,1611.608,104.378,4.7086,18.917,8447.047
3,1611.808,104.378,4.7079,18.917,8448.098
3,1612.008,104.377,4.7071,18.917,8449.149
3,1612.208,104.377,4.7048,18.917,8450.2
3,1612.408,104.377,4.6957,18.916,8451.251
3,1612.608,104.378,4.6866,18.917,8452.302
3,1612.808,104.378,4.6775,18.917,8453.353
3,1613.008,104.378,4.6684,18.917,8454.404
3,1613.208,104.378,4.6555,18.917,8455.455
3,1613.408,104.378,4.6376,18.917,8456.506
3,1613.608,104.378,4.6197,18.917,8457.556
3,1613.808,104.378,4.6018,18.917,8458.607
3,1614.008,104.379,4.5839,18.917,8459.658
3,1614.208,104.379,4.5622,18.917,8460.709
3,1614.408,104.379,4.5388,18.918,8461.76
3,1614.608,104.379,4.5153,18.918,8462.811
3,1614.808,104.38,4.4918,18.918,8463.862
3,1615.008,104.38,4.4682,18.918,8464.913
3,1615.208,104.38,4.4513,18.919,8465.964
3,1615.408,104.38,4.4349,18.919,8467.015
3,1615.608,104.381,4.4186,18.919,8468.066
3,1615.808,104.381,4.4023,18.92,8469.117
3,1616.008,104.381,4.3866,18.92,8470.169
3,1616.208,104.381,4.3743,18.92,8471.22
3,1616.408,104.381,4.362,18.921,8472.271
3,1616.608,104.381,4.3497,18.921,8473.322
3,1616.808,104.381,4.3374,18.921,8474.373
3,1617.008,104.381,4.3273,18.922,8475.424
3,1617.208,104.382,4.3203,18.922,8476.476
3,1617.408,104.382,4.3134,18.922,8477.527
3,1617.608,104.382,4.3064,18.923,8478.578
3,1617.808,104.382,4.2995,18.923,8479.629
3,1618.008,104.381,4.3053,18.923,8480.681
3,1618.208,104.381,4.3181,18.923,8481.732
3,1618.408,104.381,4.331,18.924,8482.783
3,1618.608,104.38,4.3439,18.924,8483.834
3,1618.808,104.38,4.3569,18.924,8484.886
3,1619.008,104.38,4.3816,18.924,8485.937
3,1619.208,104.379,4.4078,18.924,8486.988
3,1619.408,104.378,4.4341,18.924,8488.04
3,1619.608,104.378,4.4605,18.924,8489.091
3,1619.808,104.377,4.4878,18.923,8490.142
3,1620.008,104.377,4.5211,18.923,8491.194
3,1620.208,104.376,4.5544,18.923,8492.245
3,1620.408,104.375,4.5878,18.923,8493.296
3,1620.608,104.375,4.6213,18.922,8494.348
3,1620.808,104.374,4.6532,18.922,8495.399
3,1621.008,104.373,4.6827,18.921,8496.45
3,1621.208,104.373,4.7121,18.921,8497.501
3,1621.408,104.372,4.7416,18.921,8498.552
3,1621.608,104.371,4.7711,18.92,8499.603
3,1621.808,104.371,4.7927,18.92,8500.655
3,1622.008,104.371,4.8096,18.919,8501.706
3,1622.208,104.37,4.8264,18.918,8502.757
3,1622.408,104.37,4.8432,18.918,8503.808
3,1622.608,104.369,4.86,18.917,8504.859
3,1622.808,104.369,4.8616,18.917,8505.91
3,1623.008,104.369,4.8608,18.917,8506.961
3,1623.208,104.369,4.8599,18.916,8508.012
3,1623.408,104.369,4.8589,18.916,8509.062
3,1623.608,104.369,4.8564,18.916,8510.113
3,1623.808,104.369,4.8414,18.915,8511.164
3,1624.008,104.369,4.8264,18.915,8512.215
3,1624.208,104.369,4.8112,18.915,8513.266
3,1624.408,104.369,4.796,18.915,8514.317
3,1624.608,104.37,4.7772,18.915,8515.368
3,1624.808,104.37,4.7517,18.915,8516.418
3,1625.008,104.37,4.7261,18.915,8517.469
3,1625.208,104.371,4.7005,18.915,8518.52
3,1625.408,104.371,4.6748,18.915,8519.571
3,1625.608,104.371,4.6514,18.915,8520.622
3,1625.808,104.372,4.6297,18.915,8521.673
3,1626.008,104.372,4.6079,18.916,8522.723
3,1626.208,104.372,4.5862,18.916,8523.774
3,1626.408,104.372,4.5643,18.916,8524.825
3,1626.608,104.373,4.5399,18.917,8525.876
3,1626.808,104.373,4.5149,18.917,8526.927
3,1627.008,104.373,4.4899,18.917,8527.978
3,1627.208,104.374,4.4649,18.918,8529.029
3,1627.408,104.374,4.4415,18.918,8530.08
3,1627.608,104.374,4.4386,18.919,8531.131
3,1627.808,104.374,4.4357,18.919,8532.182
3,1628.008,104.374,4.4328,18.919,8533.233
3,1628.208,104.374,4.43,18.92,8534.284
3,1628.408,104.374,4.4281,18.92,8535.335
3,1628.608,104.374,4.4282,18.92,8536.386
3,1628.808,104.374,4.4282,18.92,8537.437
3,1629.008,104.373,4.4283,18.921,8538.489
3,1629.208,104.373,4.4284,18.921,8539.54
3,1629.408,104.373,4.4337,18.921,8540.591
3,1629.608,104.373,4.443,18.921,8541.642
3,1629.808,104.373,4.4524,18.921,8542.693
3,1630.008,104.372,4.4618,18.921,8543.744
3,1630.208,104.372,4.4712,18.921,8544.796
3,1630.408,104.372,4.4759,18.921,8545.847
3,1630.608,104.372,4.4794,18.921,8546.898
3,1630.808,104.372,4.4829,18.921,8547.949
3,1631.008,104.371,4.4864,18.921,8549.0
3,1631.208,104.371,4.4897,18.921,8550.052
3,1631.408,104.371,4.4881,18.921,8551.103
3,1631.608,104.371,4.4865,18.921,8552.154
3,1631.808,104.371,4.4849,18.921,8553.205
3,1632.008,104.371,4.4833,18.921,8554.256
3,1632.208,104.371,4.4784,18.921,8555.307
3,1632.408,104.371,4.4656,18.921,8556.359
3,1632.608,104.371,4.4528,18.921,8557.41
3,1632.808,104.371,4.44,18.922,8558.461
3,1633.008,104.371,4.4271,18.922,8559.512
3,1633.208,104.372,4.4112,18.922,8560.563
3,1633.408,104.372,4.3925,18.922,8561.615
3,1633.608,104.372,4.3738,18.922,8562.666
3,1633.808,104.372,4.3551,18.922,8563.717
3,1634.008,104.373,4.3364,18.922,8564.768
3,1634.208,104.373,4.3129,18.923,8565.82
3,1634.408,104.373,4.288,18.923,8566.871
3,1634.608,104.374,4.2632,18.923,8567.922
3,1634.808,104.374,4.2382,18.923,8568.973
3,1635.008,104.374,4.2132,18.924,8570.025
3,1635.208,104.375,4.1836,18.924,8571.076
3,1635.408,104.375,4.154,18.925,8572.127
3,1635.608,104.375,4.1244,18.925,8573.179
3,1635.808,104.376,4.0948,18.925,8574.23
3,1636.008,104.376,4.0654,18.926,8575.282
3,1636.208,104.377,4.0369,18.926,8576.333
3,1636.408,104.377,4.0083,18.927,8577.384
3,1636.608,104.377,3.9798,18.927,8578.436
3,1636.808,104.378,3.9512,18.928,8579.487
3,1637.008,104.378,3.9269,18.928,8580.539
3,1637.208,104.378,3.9067,18.929,8581.59
3,1637.408,104.379,3.8866,18.929,8582.642
3,1637.608,104.379,3.8664,18.93,8583.694
3,1637.808,104.379,3.8462,18.93,8584.745
3,1638.008,104.379,3.8291,18.931,8585.797
3,1638.208,104.38,3.8129,18.931,8586.849
3,1638.408,104.38,3.7967,18.931,8587.9
3,1638.608,104.38,3.7805,18.932,8588.952
3,1638.808,104.38,3.7644,18.932,8590.004
3,1639.008,104.38,3.7614,18.933,8591.056
3,1639.208,104.38,3.7585,18.933,8592.108
3,1639.408,104.38,3.7556,18.933,8593.159
3,1639.608,104.38,3.7527,18.934,8594.211
3,1639.808,104.38,3.7507,18.934,8595.263
3,1640.008,104.38,3.7513,18.934,8596.315
3,1640.208,104.38,3.7518,18.934,8597.367
3,1640.408,104.38,3.7524,18.935,8598.419
3,1640.608,104.38,3.753,18.935,8599.471
3,1640.808,104.38,3.7551,18.935,8600.523
3,1641.008,104.379,3.7587,18.935,8601.575
3,1641.208,104.379,3.7624,18.935,8602.627
3,1641.408,104.379,3.7661,18.935,8603.679
3,1641.608,104.379,3.7697,18.935,8604.73
3,1641.808,104.379,3.7731,18.935,8605.782
3,1642.008,104.379,3.7763,18.936,8606.834
3,1642.208,104.379,3.7796,18.936,8607.886
3,1642.408,104.378,3.7828,18.936,8608.938
3,1642.608,104.378,3.7861,18.936,8609.99
3,1642.808,104.378,3.7919,18.936,8611.042
3,1643.008,104.378,3.7977,18.936,8612.094
3,1643.208,104.378,3.8035,18.936,8613.146
3,1643.408,104.378,3.8094,18.936,8614.198
3,1643.608,104.377,3.8131,18.936,8615.25
3,1643.808,104.377,3.81,18.936,8616.302
3,1644.008,104.377,3.807,18.936,8617.354
3,1644.208,104.377,3.8039,18.936,8618.406
3,1644.408,104.377,3.8008,18.936,8619.458
3,1644.608,104.377,3.8029,18.936,8620.51
3,1644.808,104.377,3.8108,18.936,8621.562
3,1645.008,104.377,3.8186,18.936,8622.614
3,1645.208,104.376,3.8264,18.935,8623.666
3,1645.408,104.376,3.8343,18.935,8624.718
3,1645.608,104.376,3.8397,18.935,8625.77
3,1645.808,104.376,3.8441,18.935,8626.822
3,1646.008,104.376,3.8486,18.935,8627.874
3,1646.208,104.376,3.853,18.935,8628.926
3,1646.408,104.375,3.8575,18.935,8629.978
3,1646.608,104.375,3.8626,18.935,8631.03
3,1646.808,104.375,3.8677,18.935,8632.082
3,1647.008,104.375,3.8727,18.935,8633.134
3,1647.208,104.375,3.8778,18.935,8634.186
3,1647.408,104.374,3.8849,18.935,8635.238
3,1647.608,104.374,3.8988,18.935,8636.289
3,1647.808,104.374,3.9126,18.935,8637.341
3,1648.008,104.373,3.9265,18.934,8638.393
3,1648.208,104.373,3.9405,18.934,8639.445
3,1648.408,104.373,3.9539,18.934,8640.497
3,1648.608,104.372,3.9667,18.934,8641.549
3,1648.808,104.372,3.9796,18.934,8642.601
3,1649.008,104.372,3.9925,18.934,8643.653
3,1649.208,104.372,4.0054,18.933,8644.705
3,1649.408,104.371,4.0203,18.933,8645.757
3,1649.608,104.371,4.036,18.933,8646.808
3,1649.808,104.37,4.0518,18.933,8647.86
3,1650.008,104.37,4.0676,18.933,8648.912
3,1650.208,104.37,4.0834,18.932,8649.964
3,1650.408,104.369,4.102,18.932,8651.016
3,1650.608,104.369,4.1207,18.932,8652.067
3,1650.808,104.368,4.1395,18.932,8653.119
3,1651.008,104.368,4.1583,18.931,8654.171
3,1651.208,104.368,4.1767,18.931,8655.223
3,1651.408,104.367,4.1935,18.931,8656.274
3,1651.608,104.367,4.2104,18.93,8657.326
3,1651.808,104.366,4.2273,18.93,8658.378
3,1652.008,104.366,4.2441,18.93,8659.43
3,1652.208,104.366,4.2623,18.93,8660.481
3,1652.408,104.365,4.282,18.929,8661.533
3,1652.608,104.365,4.3017,18.929,8662.584
3,1652.808,104.364,4.3215,18.929,8663.636
3,1653.008,104.364,4.3412,18.928,8664.688
3,1653.208,104.364,4.3579,18.928,8665.739
3,1653.408,104.363,4.3732,18.927,8666.791
3,1653.608,104.363,4.3885,18.927,8667.842
3,1653.808,104.362,4.4038,18.927,8668.894
3,1654.008,104.362,4.4192,18.926,8669.945
3,1654.208,104.362,4.4383,18.926,8670.997
3,1654.408,104.361,4.4577,18.926,8672.048
3,1654.608,104.361,4.4771,18.925,8673.1
3,1654.808,104.36,4.4965,18.925,8674.151
3,1655.008,104.36,4.514,18.925,8675.202
3,1655.208,104.36,4.5234,18.924,8676.254
3,1655.408,104.359,4.5328,18.924,8677.305
3,1655.608,104.359,4.5421,18.923,8678.356
3,1655.808,104.359,4.5515,18.923,8679.408
3,1656.008,104.359,4.5605,18.923,8680.459
3,1656.208,104.358,4.5692,18.923,8681.51
3,1656.408,104.358,4.5778,18.922,8682.562
3,1656.608,104.358,4.5864,18.922,8683.613
3,1656.808,104.358,4.595,18.922,8684.664
3,1657.008,104.357,4.6013,18.921,8685.715
3,1657.208,104.357,4.6065,18.921,8686.766
3,1657.408,104.357,4.6117,18.921,8687.818
3,1657.608,104.357,4.6169,18.921,8688.869
3,1657.808,104.357,4.622,18.92,8689.92
3,1658.008,104.357,4.6176,18.92,8690.971
3,1658.208,104.357,4.6122,18.92,8692.022
3,1658.408,104.356,4.6069,18.92,8693.073
3,1658.608,104.356,4.6015,18.92,8694.124
3,1658.808,104.357,4.594,18.92,8695.175
3,1659.008,104.357,4.5764,18.92,8696.226
3,1659.208,104.357,4.5587,18.92,8697.278
3,1659.408,104.357,4.5409,18.92,8698.329
3,1659.608,104.357,4.5231,18.92,8699.38
3,1659.808,104.358,4.5052,18.92,8700.431
3,1660.008,104.358,4.4872,18.92,8701.482
3,1660.208,104.358,4.4691,18.92,8702.533
3,1660.408,104.358,4.4509,18.92,8703.584
3,1660.608,104.358,4.4328,18.92,8704.635
3,1660.808,104.359,4.4092,18.921,8705.686
3,1661.008,104.359,4.3827,18.921,8706.738
3,1661.208,104.359,4.3561,18.921,8707.789
3,1661.408,104.36,4.3295,18.921,8708.84
3,1661.608,104.36,4.3029,18.922,8709.891
3,1661.808,104.361,4.2599,18.922,8710.942
3,1662.008,104.361,4.2149,18.923,8711.994
3,1662.208,104.362,4.1698,18.923,8713.045
3,1662.408,104.363,4.1247,18.924,8714.096
3,1662.608,104.364,4.0794,18.924,8715.147
3,1662.808,104.364,4.034,18.925,8716.199
3,1663.008,104.365,3.9885,18.925,8717.25
3,1663.208,104.366,3.943,18.926,8718.301
3,1663.408,104.366,3.8974,18.927,8719.353
3,1663.608,104.367,3.8537,18.927,8720.404
3,1663.808,104.368,3.8131,18.928,8721.456
3,1664.008,104.368,3.7725,18.929,8722.507
3,1664.208,104.369,3.7318,18.93,8723.559
3,1664.408,104.37,3.6912,18.93,8724.611
3,1664.608,104.37,3.653,18.931,8725.662
3,1664.808,104.371,3.6163,18.932,8726.714
3,1665.008,104.371,3.5796,18.932,8727.766
3,1665.208,104.372,3.5429,18.933,8728.818
3,1665.408,104.372,3.5062,18.934,8729.87
3,1665.608,104.373,3.4737,18.935,8730.921
3,1665.808,104.373,3.4419,18.935,8731.973
3,1666.008,104.374,3.41,18.936,8733.025
3,1666.208,104.374,3.3782,18.937,8734.077
3,1666.408,104.375,3.348,18.937,8735.129
3,1666.608,104.375,3.3296,18.938,8736.181
3,1666.808,104.375,3.3112,18.938,8737.233
3,1667.008,104.375,3.2929,18.939,8738.286
3,1667.208,104.376,3.2746,18.94,8739.338
3,1667.408,104.376,3.2549,18.94,8740.39
3,1667.608,104.376,3.2329,18.941,8741.442
3,1667.808,104.377,3.2109,18.941,8742.494
3,1668.008,104.377,3.1889,18.942,8743.547
3,1668.208,104.377,3.1669,18.942,8744.599
3,1668.408,104.377,3.1489,18.942,8745.651
3,1668.608,104.378,3.1334,18.943,8746.704
3,1668.808,104.378,3.1179,18.943,8747.756
3,1669.008,104.378,3.1024,18.944,8748.809
3,1669.208,104.378,3.0869,18.944,8749.861
3,1669.408,104.379,3.0628,18.944,8750.913
3,1669.608,104.379,3.0375,18.945,8751.966
3,1669.808,104.379,3.0121,18.945,8753.018
3,1670.008,104.38,2.9867,18.946,8754.071
3,1670.208,104.38,2.9609,18.946,8755.123
3,1670.408,104.38,2.932,18.946,8756.176
3,1670.608,104.381,2.9031,18.947,8757.229
3,1670.808,104.381,2.8742,18.947,8758.281
3,1671.008,104.382,2.8453,18.947,8759.334
3,1671.208,104.382,2.8146,18.948,8760.386
3,1671.408,104.383,2.7808,18.948,8761.439
3,1671.608,104.383,2.7469,18.949,8762.492
3,1671.808,104.384,2.7131,18.949,8763.544
3,1672.008,104.384,2.6793,18.949,8764.597
3,1672.208,104.385,2.6408,18.95,8765.65
3,1672.408,104.386,2.5995,18.95,8766.703
3,1672.608,104.386,2.5582,18.951,8767.755
3,1672.808,104.387,2.5168,18.951,8768.808
3,1673.008,104.388,2.4754,18.952,8769.861
3,1673.208,104.388,2.4327,18.952,8770.914
3,1673.408,104.389,2.3898,18.953,8771.967
3,1673.608,104.39,2.3468,18.953,8773.02
3,1673.808,104.39,2.3039,18.953,8774.073
3,1674.008,104.391,2.262,18.954,8775.126
3,1674.208,104.392,2.2279,18.954,8776.179
3,1674.408,104.392,2.1939,18.955,8777.232
3,1674.608,104.393,2.1598,18.955,8778.285
3,1674.808,104.393,2.1258,18.956,8779.338
3,1675.008,104.394,2.0944,18.956,8780.391
3,1675.208,104.394,2.0674,18.957,8781.444
3,1675.408,104.395,2.0404,18.957,8782.497
3,1675.608,104.395,2.0135,18.957,8783.55
3,1675.808,104.395,1.9865,18.958,8784.604
3,1676.008,104.396,1.964,18.958,8785.657
3,1676.208,104.396,1.9441,18.959,8786.71
3,1676.408,104.396,1.9243,18.959,8787.763
3,1676.608,104.397,1.9045,18.959,8788.817
3,1676.808,104.397,1.8847,18.96,8789.87
3,1677.008,104.397,1.8742,18.96,8790.923
3,1677.208,104.397,1.8651,18.96,8791.976
3,1677.408,104.397,1.8561,18.96,8793.03
3,1677.608,104.397,1.847,18.961,8794.083
3,1677.808,104.398,1.8373,18.961,8795.137
3,1678.008,104.398,1.8228,18.961,8796.19
3,1678.208,104.398,1.8084,18.961,8797.243
3,1678.408,104.398,1.794,18.962,8798.297
3,1678.608,104.398,1.7796,18.962,8799.35
3,1678.808,104.399,1.769,18.962,8800.404
3,1679.008,104.399,1.7645,18.962,8801.457
3,1679.208,104.399,1.7601,18.962,8802.51
3,1679.408,104.399,1.7557,18.962,8803.564
3,1679.608,104.399,1.7514,18.963,8804.617
3,1679.808,104.399,1.7431,18.963,8805.671
3,1680.008,104.399,1.7327,18.963,8806.724
3,1680.208,104.399,1.7223,18.963,8807.778
3,1680.408,104.399,1.7119,18.963,8808.831
3,1680.608,104.399,1.7014,18.963,8809.885
3,1680.808,104.4,1.6914,18.963,8810.938
3,1681.008,104.4,1.6815,18.963,8811.992
3,1681.208,104.4,1.6715,18.963,8813.045
3,1681.408,104.4,1.6616,18.964,8814.099
3,1681.608,104.4,1.6524,18.964,8815.152
3,1681.808,104.4,1.6475,18.964,8816.206
3,1682.008,104.4,1.6426,18.964,8817.26
3,1682.208,104.4,1.6377,18.964,8818.313
3,1682.408,104.4,1.6328,18.964,8819.367
3,1682.608,104.4,1.6278,18.964,8820.42
3,1682.808,104.4,1.6226,18.964,8821.474
3,1683.008,104.4,1.6174,18.964,8822.527
3,1683.208,104.4,1.6122,18.964,8823.581
3,1683.408,104.4,1.607,18.964,8824.634
3,1683.608,104.4,1.6086,18.964,8825.688
3,1683.808,104.4,1.6137,18.964,8826.742
3,1684.008,104.4,1.6188,18.965,8827.795
3,1684.208,104.4,1.624,18.965,8828.849
3,1684.408,104.4,1.6291,18.965,8829.902
3,1684.608,104.4,1.6412,18.965,8830.956
3,1684.808,104.399,1.6539,18.965,8832.01
3,1685.008,104.399,1.6667,18.965,8833.063
3,1685.208,104.399,1.6795,18.965,8834.117
3,1685.408,104.399,1.6934,18.965,8835.17
3,1685.608,104.398,1.7131,18.965,8836.224
3,1685.808,104.398,1.7328,18.965,8837.277
3,1686.008,104.397,1.7525,18.964,8838.331
3,1686.208,104.397,1.7723,18.964,8839.385
3,1686.408,104.397,1.7938,18.964,8840.438
3,1686.608,104.396,1.8179,18.964,8841.492
3,1686.808,104.396,1.842,18.964,8842.545
3,1687.008,104.395,1.8661,18.964,8843.599
3,1687.208,104.395,1.8902,18.964,8844.652
3,1687.408,104.394,1.9209,18.964,8845.706
3,1687.608,104.394,1.9549,18.964,8846.76
3,1687.808,104.393,1.989,18.963,8847.813
3,1688.008,104.392,2.023,18.963,8848.867
3,1688.208,104.392,2.0571,18.963,8849.92
3,1688.408,104.391,2.0911,18.963,8850.974
3,1688.608,104.39,2.1252,18.963,8852.027
3,1688.808,104.39,2.1593,18.962,8853.081
3,1689.008,104.389,2.1934,18.962,8854.134
3,1689.208,104.388,2.2281,18.962,8855.188
3,1689.408,104.388,2.266,18.962,8856.241
3,1689.608,104.387,2.3038,18.961,8857.294
3,1689.808,104.386,2.3417,18.961,8858.348
3,1690.008,104.386,2.3795,18.961,8859.401
3,1690.208,104.385,2.4182,18.96,8860.455
3,1690.408,104.384,2.4578,18.96,8861.508
3,1690.608,104.383,2.4975,18.96,8862.561
3,1690.808,104.383,2.5372,18.959,8863.615
3,1691.008,104.382,2.5769,18.959,8864.668
3,1691.208,104.381,2.6225,18.958,8865.721
3,1691.408,104.38,2.6709,18.958,8866.774
3,1691.608,104.379,2.7194,18.958,8867.828
3,1691.808,104.378,2.7679,18.957,8868.881
3,1692.008,104.377,2.8164,18.957,8869.934
3,1692.208,104.377,2.8629,18.956,8870.987
3,1692.408,104.376,2.9094,18.956,8872.04
3,1692.608,104.375,2.9558,18.955,8873.093
3,1692.808,104.374,3.0023,18.955,8874.146
3,1693.008,104.373,3.051,18.954,8875.199
3,1693.208,104.372,3.1091,18.953,8876.252
3,1693.408,104.371,3.1672,18.953,8877.305
3,1693.608,104.37,3.2253,18.952,8878.358
3,1693.808,104.369,3.2834,18.952,8879.411
3,1694.008,104.368,3.3386,18.951,8880.464
3,1694.208,104.367,3.39,18.95,8881.517
3,1694.408,104.366,3.4414,18.949,8882.57
3,1694.608,104.365,3.4928,18.949,8883.622
3,1694.808,104.364,3.5442,18.948,8884.675
3,1695.008,104.363,3.5973,18.947,8885.728
3,1695.208,104.362,3.6513,18.946,8886.78
3,1695.408,104.361,3.7052,18.946,8887.833
3,1695.608,104.36,3.7592,18.945,8888.886
3,1695.808,104.359,3.8132,18.944,8889.938
3,1696.008,104.358,3.8574,18.943,8890.991
3,1696.208,104.357,3.901,18.942,8892.043
3,1696.408,104.356,3.9447,18.941,8893.095
3,1696.608,104.355,3.9883,18.94,8894.148
3,1696.808,104.354,4.0306,18.94,8895.2
3,1697.008,104.354,4.0673,18.939,8896.252
3,1697.208,104.353,4.104,18.938,8897.304
3,1697.408,104.352,4.1408,18.937,8898.356
3,1697.608,104.352,4.1774,18.936,8899.408
3,1697.808,104.351,4.2043,18.935,8900.46
3,1698.008,104.351,4.2186,18.935,8901.512
3,1698.208,104.35,4.2329,18.934,8902.564
3,1698.408,104.35,4.247,18.933,8903.616
3,1698.608,104.35,4.2611,18.933,8904.668
3,1698.808,104.349,4.2698,18.932,8905.72
3,1699.008,104.349,4.276,18.931,8906.772
3,1699.208,104.349,4.2821,18.931,8907.823
3,1699.408,104.349,4.2882,18.93,8908.875
3,1699.608,104.349,4.2942,18.93,8909.927
3,1699.808,104.348,4.2927,18.929,8910.978
3,1700.008,104.348,4.2906,18.929,8912.03
3,1700.208,104.348,4.2884,18.929,8913.082
3,1700.408,104.348,4.2862,18.928,8914.133
3,1700.608,104.348,4.2856,18.928,8915.185
3,1700.808,104.348,4.2933,18.928,8916.236
3,1701.008,104.348,4.301,18.928,8917.288
3,1701.208,104.347,4.3086,18.927,8918.339
3,1701.408,104.347,4.3163,18.927,8919.391
3,1701.608,104.347,4.3212,18.927,8920.442
3,1701.808,104.347,4.3225,18.927,8921.494
3,1702.008,104.347,4.3237,18.927,8922.545
3,1702.208,104.347,4.3249,18.926,8923.597
3,1702.408,104.347,4.326,18.926,8924.648
3,1702.608,104.346,4.3387,18.926,8925.7
3,1702.808,104.346,4.3573,18.926,8926.751
3,1703.008,104.345,4.3759,18.926,8927.803
3,1703.208,104.345,4.3945,18.926,8928.854
3,1703.408,104.345,4.4131,18.925,8929.906
3,1703.608,104.344,4.4413,18.925,8930.957
3,1703.808,104.343,4.4704,18.925,8932.008
3,1704.008,104.343,4.4996,18.925,8933.06
3,1704.208,104.342,4.5289,18.924,8934.111
3,1704.408,104.342,4.5591,18.924,8935.162
3,1704.608,104.341,4.5945,18.923,8936.214
3,1704.808,104.34,4.63,18.923,8937.265
3,1705.008,104.339,4.6655,18.923,8938.316
3,1705.208,104.339,4.7011,18.922,8939.368
3,1705.408,104.338,4.7335,18.921,8940.419
3,1705.608,104.337,4.7613,18.921,8941.47
3,1705.808,104.337,4.789,18.92,8942.521
3,1706.008,104.336,4.8168,18.92,8943.572
3,1706.208,104.336,4.8446,18.919,8944.623
3,1706.408,104.335,4.8676,18.918,8945.674
3,1706.608,104.335,4.888,18.918,8946.726
3,1706.808,104.334,4.9083,18.917,8947.777
3,1707.008,104.334,4.9286,18.917,8948.827
3,1707.208,104.333,4.9488,18.916,8949.878
3,1707.408,104.333,4.9558,18.916,8950.929
3,1707.608,104.333,4.9609,18.915,8951.98
3,1707.808,104.333,4.966,18.915,8953.031
3,1708.008,104.332,4.9711,18.914,8954.082
3,1708.208,104.332,4.9762,18.914,8955.133
3,1708.408,104.332,4.9816,18.913,8956.183
3,1708.608,104.332,4.9871,18.913,8957.234
3,1708.808,104.332,4.9924,18.913,8958.285
3,1709.008,104.331,4.9978,18.912,8959.336
3,1709.208,104.331,4.9923,18.912,8960.386
3,1709.408,104.332,4.9682,18.912,8961.437
3,1709.608,104.332,4.944,18.912,8962.488
3,1709.808,104.332,4.9197,18.911,8963.538
3,1710.008,104.333,4.8952,18.911,8964.589
3,1710.208,104.333,4.8728,18.911,8965.639
3,1710.408,104.333,4.8516,18.912,8966.69
3,1710.608,104.333,4.8304,18.912,8967.741
3,1710.808,104.334,4.8091,18.912,8968.791
3,1711.008,104.334,4.7878,18.912,8969.842
3,1711.208,104.334,4.7637,18.912,8970.893
3,1711.408,104.335,4.7391,18.913,8971.943
3,1711.608,104.335,4.7145,18.913,8972.994
3,1711.808,104.335,4.6898,18.913,8974.045
3,1712.008,104.335,4.666,18.914,8975.096
3,1712.208,104.336,4.6511,18.914,8976.146
3,1712.408,104.336,4.6361,18.914,8977.197
3,1712.608,104.336,4.6212,18.915,8978.248
3,1712.808,104.336,4.6063,18.915,8979.299
3,1713.008,104.336,4.5952,18.915,8980.349
3,1713.208,104.336,4.592,18.916,8981.4
3,1713.408,104.336,4.5888,18.916,8982.451
3,1713.608,104.336,4.5856,18.916,8983.502
3,1713.808,104.336,4.5824,18.917,8984.553
3,1714.008,104.336,4.5842,18.917,8985.604
3,1714.208,104.336,4.5895,18.917,8986.655
3,1714.408,104.335,4.5949,18.917,8987.706
3,1714.608,104.335,4.6004,18.917,8988.757
3,1714.808,104.335,4.6059,18.918,8989.808
3,1715.008,104.335,4.6127,18.918,8990.859
3,1715.208,104.335,4.6199,18.918,8991.91
3,1715.408,104.334,4.6271,18.918,8992.961
3,1715.608,104.334,4.6344,18.918,8994.012
3,1715.808,104.334,4.6418,18.918,8995.063
3,1716.008,104.334,4.6514,18.918,8996.114
3,1716.208,104.333,4.6611,18.918,8997.165
3,1716.408,104.333,4.6708,18.918,8998.216
3,1716.608,104.333,4.6805,18.918,8999.267
3,1716.808,104.333,4.6892,18.918,9000.318
3,1717.008,104.332,4.6954,18.918,9001.369
3,1717.208,104.332,4.7015,18.917,9002.42
3,1717.408,104.332,4.7077,18.917,9003.471
3,1717.608,104.332,4.7139,18.917,9004.522
3,1717.808,104.332,4.7169,18.917,9005.573
3,1718.008,104.331,4.7173,18.917,9006.623
3,1718.208,104.331,4.7177,18.917,9007.674
3,1718.408,104.331,4.718,18.917,9008.725
3,1718.608,104.331,4.7184,18.917,9009.776
3,1718.808,104.331,4.7056,18.917,9010.827
3,1719.008,104.331,4.6892,18.917,9011.878
3,1719.208,104.332,4.6728,18.917,9012.929
3,1719.408,104.332,4.6563,18.917,9013.98
3,1719.608,104.332,4.6394,18.917,9015.031
3,1719.808,104.332,4.6115,18.917,9016.082
3,1720.008,104.333,4.5836,18.917,9017.133
3,1720.208,104.333,4.5556,18.917,9018.184
3,1720.408,104.333,4.5276,18.918,9019.235
3,1720.608,104.334,4.4992,18.918,9020.286
3,1720.808,104.334,4.4703,18.918,9021.337
3,1721.008,104.335,4.4413,18.919,9022.388
3,1721.208,104.335,4.4122,18.919,9023.439
3,1721.408,104.335,4.3832,18.919,9024.49
3,1721.608,104.336,4.354,18.92,9025.541
3,1721.808,104.336,4.3249,18.92,9026.592
3,1722.008,104.337,4.2958,18.921,9027.643
3,1722.208,104.337,4.2666,18.921,9028.694
3,1722.408,104.337,4.2374,18.922,9029.745
3,1722.608,104.338,4.2067,18.922,9030.797
3,1722.808,104.338,4.1754,18.923,9031.848
3,1723.008,104.339,4.1441,18.923,9032.899
3,1723.208,104.339,4.1129,18.924,9033.95
3,1723.408,104.34,4.0816,18.924,9035.002
3,1723.608,104.34,4.0528,18.925,9036.053
3,1723.808,104.341,4.0241,18.925,9037.104
3,1724.008,104.341,3.9953,18.926,9038.156
3,1724.208,104.341,3.9666,18.927,9039.207
3,1724.408,104.342,3.9348,18.927,9040.259
3,1724.608,104.342,3.8939,18.928,9041.31
3,1724.808,104.343,3.8529,18.928,9042.362
3,1725.008,104.344,3.8118,18.929,9043.413
3,1725.208,104.344,3.7708,18.93,9044.465
3,1725.408,104.345,3.7224,18.93,9045.517
3,1725.608,104.346,3.6665,18.931,9046.568
3,1725.808,104.347,3.6106,18.932,9047.62
3,1726.008,104.348,3.5546,18.932,9048.672
3,1726.208,104.349,3.4985,18.933,9049.724
3,1726.408,104.35,3.4384,18.934,9050.775
3,1726.608,104.351,3.3768,18.935,9051.827
3,1726.808,104.352,3.3151,18.936,9052.879
3,1727.008,104.353,3.2534,18.936,9053.931
3,1727.208,104.354,3.1916,18.937,9054.983
3,1727.408,104.355,3.1235,18.938,9056.035
3,1727.608,104.356,3.0552,18.939,9057.087
3,1727.808,104.357,2.987,18.94,9058.14
3,1728.008,104.358,2.9186,18.941,9059.192
3,1728.208,104.359,2.8497,18.942,9060.244
3,1728.408,104.36,2.7786,18.943,9061.296
3,1728.608,104.362,2.7076,18.944,9062.349
3,1728.808,104.363,2.6365,18.945,9063.401
3,1729.008,104.364,2.5654,18.946,9064.454
3,1729.208,104.365,2.4978,18.947,9065.506
3,1729.408,104.366,2.4338,18.948,9066.559
3,1729.608,104.367,2.3698,18.948,9067.611
3,1729.808,104.368,2.3059,18.949,9068.664
3,1730.008,104.369,2.242,18.95,9069.717
3,1730.208,104.37,2.1778,18.951,9070.77
3,1730.408,104.371,2.1135,18.952,9071.823
3,1730.608,104.372,2.0492,18.953,9072.875
3,1730.808,104.374,1.985,18.954,9073.928
3,1731.008,104.375,1.9207,18.954,9074.981
3,1731.208,104.376,1.8602,18.955,9076.034
3,1731.408,104.377,1.7998,18.956,9077.087
3,1731.608,104.378,1.7395,18.957,9078.141
3,1731.808,104.379,1.6791,18.957,9079.194
3,1732.008,104.38,1.6193,18.958,9080.247
3,1732.208,104.381,1.5615,18.959,9081.3
3,1732.408,104.382,1.5036,18.959,9082.353
3,1732.608,104.383,1.4458,18.96,9083.407
3,1732.808,104.384,1.388,18.961,9084.46
3,1733.008,104.384,1.3301,18.961,9085.513
3,1733.208,104.385,1.2719,18.962,9086.567
3,1733.408,104.386,1.2138,18.962,9087.62
3,1733.608,104.387,1.1558,18.963,9088.674
3,1733.808,104.388,1.0977,18.963,9089.727
3,1734.008,104.389,1.0512,18.964,9090.781
3,1734.208,104.39,1.0088,18.964,9091.834
3,1734.408,104.391,0.9663,18.965,9092.888
3,1734.608,104.391,0.924,18.965,9093.941
3,1734.808,104.392,0.8816,18.966,9094.995
3,1735.008,104.393,0.8354,18.966,9096.049
3,1735.208,104.394,0.7893,18.966,9097.102
3,1735.408,104.394,0.7431,18.967,9098.156
3,1735.608,104.395,0.697,18.967,9099.21
3,1735.808,104.396,0.6481,18.967,9100.264
3,1736.008,104.397,0.591,18.968,9101.317
3,1736.208,104.398,0.5338,18.968,9102.371
3,1736.408,104.399,0.4767,18.968,9103.425
3,1736.608,104.4,0.4195,18.969,9104.479
3,1736.808,104.402,0.3301,18.969,9105.532
3,1737.008,104.404,0.2091,18.969,9106.586
3,1737.208,104.406,0.088,18.969,9107.64
3,1737.408,104.407,0.0,18.969,9108.694
3,1737.608,104.407,0.0,18.972,9109.748
3,1737.808,104.407,0.0,18.981,9110.802
3,1738.008,104.407,0.0,18.995,9111.856
3,1738.208,104.407,0.0,19.012,9112.912
3,1738.408,104.407,0.0,19.031,9113.968
3,1738.608,104.407,0.0,19.054,9115.025
3,1738.808,104.407,0.0,19.079,9116.084
3,1739.008,104.407,0.0,19.104,9117.144
3,1739.208,104.407,0.0,19.128,9118.205
3,1739.408,104.407,0.0,19.152,9119.268
3,1739.608,104.407,0.0,19.175,9120.332
3,1739.808,104.407,0.0,19.197,9121.397
3,1740.008,104.407,0.0,19.217,9122.463
3,1740.208,104.407,0.0,19.233,9123.531
3,1740.408,104.407,0.0,19.247,9124.6
3,1740.608,104.407,0.0,19.258,9125.669
3,1740.808,104.407,0.0,19.265,9126.739
3,1741.008,104.407,0.0,19.268,9127.809
3,1741.208,104.407,0.0,19.267,9128.879
3,1741.408,104.407,0.0,19.26,9129.95
3,1741.608,104.407,0.0,19.25,9131.02
3,1741.808,104.407,0.0,19.233,9132.089
3,1742.008,104.406,0.0769,19.211,9133.158
3,1742.208,104.404,0.2145,19.187,9134.225
3,1742.408,104.401,0.3621,19.165,9135.291
3,1742.608,104.398,0.5436,19.146,9136.356
3,1742.808,104.395,0.7216,19.128,9137.419
3,1743.008,104.392,0.8966,19.113,9138.482
3,1743.208,104.389,1.0688,19.098,9139.544
3,1743.408,104.386,1.2102,19.085,9140.605
3,1743.608,104.384,1.3281,19.074,9141.665
3,1743.808,104.382,1.4441,19.063,9142.725
3,1744.008,104.38,1.5585,19.053,9143.784
3,1744.208,104.378,1.6714,19.044,9144.842
3,1744.408,104.376,1.7597,19.036,9145.901
3,1744.608,104.375,1.8427,19.029,9146.958
3,1744.808,104.373,1.9246,19.023,9148.015
3,1745.008,104.372,2.0057,19.017,9149.072
3,1745.208,104.371,2.0857,19.011,9150.129
3,1745.408,104.369,2.1638,19.006,9151.185
3,1745.608,104.368,2.2413,19.001,9152.241
3,1745.808,104.366,2.3181,18.997,9153.296
3,1746.008,104.365,2.3945,18.993,9154.352
3,1746.208,104.364,2.4701,18.99,9155.407
3,1746.408,104.362,2.545,18.986,9156.462
3,1746.608,104.361,2.6195,18.983,9157.517
3,1746.808,104.36,2.6937,18.98,9158.571
3,1747.008,104.358,2.7675,18.978,9159.626
3,1747.208,104.357,2.838,18.975,9160.68
3,1747.408,104.356,2.9064,18.973,9161.734
3,1747.608,104.354,2.9746,18.971,9162.788
3,1747.808,104.353,3.0426,18.968,9163.842
3,1748.008,104.352,3.1104,18.966,9164.896
3,1748.208,104.351,3.1713,18.965,9165.95
3,1748.408,104.35,3.2312,18.963,9167.003
3,1748.608,104.349,3.291,18.961,9168.057
3,1748.808,104.347,3.3506,18.959,9169.11
3,1749.008,104.346,3.41,18.958,9170.163
3,1749.208,104.345,3.4681,18.956,9171.217
3,1749.408,104.344,3.526,18.955,9172.27
3,1749.608,104.343,3.5839,18.953,9173.323
3,1749.808,104.342,3.6418,18.952,9174.376
3,1750.008,104.341,3.6963,18.951,9175.429
3,1750.208,104.34,3.7461,18.949,9176.481
3,1750.408,104.339,3.7958,18.948,9177.534
3,1750.608,104.338,3.8455,18.947,9178.587
3,1750.808,104.337,3.8951,18.946,9179.639
3,1751.008,104.336,3.9391,18.944,9180.692
3,1751.208,104.335,3.9801,18.943,9181.744
3,1751.408,104.335,4.021,18.942,9182.797
3,1751.608,104.334,4.0619,18.941,9183.849
3,1751.808,104.333,4.1028,18.94,9184.901
3,1752.008,104.332,4.1331,18.939,9185.954
3,1752.208,104.332,4.1623,18.938,9187.006
3,1752.408,104.331,4.1914,18.937,9188.058
3,1752.608,104.331,4.2205,18.936,9189.11
3,1752.808,104.33,4.2482,18.935,9190.162
3,1753.008,104.33,4.268,18.934,9191.214
3,1753.208,104.329,4.2879,18.934,9192.266
3,1753.408,104.329,4.3076,18.933,9193.318
3,1753.608,104.328,4.3274,18.932,9194.37
3,1753.808,104.328,4.3459,18.931,9195.421
3,1754.008,104.327,4.3627,18.931,9196.473
3,1754.208,104.327,4.3795,18.93,9197.525
3,1754.408,104.327,4.3963,18.929,9198.576
3,1754.608,104.326,4.413,18.929,9199.628
3,1754.808,104.326,4.4249,18.928,9200.68
3,1755.008,104.326,4.4341,18.928,9201.731
3,1755.208,104.325,4.4434,18.927,9202.783
3,1755.408,104.325,4.4526,18.927,9203.834
3,1755.608,104.325,4.4617,18.926,9204.886
3,1755.808,104.325,4.4659,18.926,9205.937
3,1756.008,104.325,4.4694,18.925,9206.989
3,1756.208,104.324,4.4729,18.925,9208.04
3,1756.408,104.324,4.4764,18.925,9209.091
3,1756.608,104.324,4.48,18.924,9210.143
3,1756.808,104.324,4.4853,18.924,9211.194
3,1757.008,104.324,4.4905,18.924,9212.245
3,1757.208,104.324,4.4957,18.924,9213.297
3,1757.408,104.323,4.5009,18.923,9214.348
3,1757.608,104.323,4.506,18.923,9215.399
3,1757.808,104.323,4.5108,18.923,9216.451
3,1758.008,104.323,4.5157,18.923,9217.502
3,1758.208,104.323,4.5205,18.922,9218.553
3,1758.408,104.322,4.5254,18.922,9219.604
3,1758.608,104.322,4.5291,18.922,9220.656
3,1758.808,104.322,4.5321,18.922,9221.707
3,1759.008,104.322,4.5351,18.922,9222.758
3,1759.208,104.322,4.5381,18.922,9223.809
3,1759.408,104.322,4.5411,18.921,9224.861
3,1759.608,104.321,4.5518,18.921,9225.912
3,1759.808,104.321,4.5636,18.921,9226.963
3,1760.008,104.321,4.5755,18.921,9228.014
3,1760.208,104.32,4.5874,18.921,9229.065
3,1760.408,104.32,4.5984,18.921,9230.116
3,1760.608,104.32,4.6028,18.921,9231.168
3,1760.808,104.32,4.6071,18.92,9232.219
3,1761.008,104.32,4.6114,18.92,9233.27
3,1761.208,104.319,4.6157,18.92,9234.321
3,1761.408,104.319,4.6202,18.92,9235.372
3,1761.608,104.319,4.6251,18.92,9236.423
3,1761.808,104.319,4.6301,18.92,9237.474
3,1762.008,104.319,4.635,18.919,9238.525
3,1762.208,104.318,4.64,18.919,9239.576
3,1762.408,104.318,4.6445,18.919,9240.628
3,1762.608,104.318,4.6486,18.919,9241.679
3,1762.808,104.318,4.6528,18.919,9242.73
3,1763.008,104.318,4.657,18.919,9243.781
3,1763.208,104.318,4.6611,18.919,9244.832
3,1763.408,104.317,4.6567,18.918,9245.883
3,1763.608,104.317,4.6505,18.918,9246.934
3,1763.808,104.317,4.6443,18.918,9247.985
3,1764.008,104.317,4.6381,18.918,9249.036
3,1764.208,104.317,4.6321,18.918,9250.087
3,1764.408,104.317,4.6286,18.918,9251.138
3,1764.608,104.317,4.6251,18.918,9252.189
3,1764.808,104.317,4.6216,18.918,9253.24
3,1765.008,104.317,4.618,18.918,9254.291
3,1765.208,104.317,4.6147,18.918,9255.342
3,1765.408,104.317,4.6116,18.918,9256.393
3,1765.608,104.317,4.6085,18.918,9257.444
3,1765.808,104.317,4.6055,18.918,9258.495
3,1766.008,104.317,4.6024,18.918,9259.546
3,1766.208,104.317,4.6058,18.918,9260.597
3,1766.408,104.317,4.6142,18.918,9261.648
3,1766.608,104.316,4.6226,18.918,9262.699
3,1766.808,104.316,4.631,18.918,9263.75
3,1767.008,104.316,4.6395,18.918,9264.801
3,1767.208,104.316,4.6522,18.918,9265.852
3,1767.408,104.315,4.666,18.918,9266.903
3,1767.608,104.315,4.6798,18.918,9267.954
3,1767.808,104.315,4.6937,18.918,9269.005
3,1768.008,104.314,4.7072,18.918,9270.056
3,1768.208,104.314,4.714,18.918,9271.107
3,1768.408,104.314,4.7209,18.918,9272.158
3,1768.608,104.313,4.7277,18.917,9273.209
3,1768.808,104.313,4.7346,18.917,9274.26
3,1769.008,104.313,4.7411,18.917,9275.311
3,1769.208,104.313,4.7467,18.917,9276.362
3,1769.408,104.313,4.7523,18.917,9277.413
3,1769.608,104.312,4.7579,18.917,9278.464
3,1769.808,104.312,4.7635,18.916,9279.515
3,1770.008,104.312,4.7656,18.916,9280.566
3,1770.208,104.312,4.7647,18.916,9281.617
3,1770.408,104.312,4.7638,18.916,9282.667
3,1770.608,104.312,4.7628,18.916,9283.718
3,1770.808,104.312,4.7619,18.916,9284.769
3,1771.008,104.312,4.7492,18.916,9285.82
3,1771.208,104.312,4.7331,18.916,9286.871
3,1771.408,104.312,4.717,18.916,9287.922
3,1771.608,104.312,4.7008,18.916,9288.973
3,1771.808,104.313,4.6844,18.916,9290.024
3,1772.008,104.313,4.6583,18.916,9291.075
3,1772.208,104.313,4.6321,18.916,9292.125
3,1772.408,104.314,4.6059,18.916,9293.176
3,1772.608,104.314,4.5796,18.917,9294.227
3,1772.808,104.314,4.5523,18.917,9295.278
3,1773.008,104.315,4.522,18.917,9296.329
3,1773.208,104.315,4.4918,18.917,9297.38
3,1773.408,104.316,4.4614,18.918,9298.431
3,1773.608,104.316,4.4311,18.918,9299.482
3,1773.808,104.317,4.3931,18.919,9300.533
3,1774.008,104.317,4.3478,18.919,9301.584
3,1774.208,104.318,4.3023,18.92,9302.635
3,1774.408,104.319,4.2569,18.92,9303.686
3,1774.608,104.319,4.2113,18.921,9304.737
3,1774.808,104.32,4.1651,18.922,9305.788
3,1775.008,104.321,4.1186,18.922,9306.84
3,1775.208,104.321,4.072,18.923,9307.891
3,1775.408,104.322,4.0254,18.924,9308.942
3,1775.608,104.323,3.9788,18.924,9309.993
3,1775.808,104.324,3.9243,18.925,9311.045
3,1776.008,104.325,3.8697,18.926,9312.096
3,1776.208,104.325,3.8151,18.927,9313.148
3,1776.408,104.326,3.7604,18.928,9314.199
3,1776.608,104.327,3.7051,18.928,9315.251
3,1776.808,104.328,3.6478,18.929,9316.302
3,1777.008,104.329,3.5904,18.93,9317.354
3,1777.208,104.33,3.5331,18.931,9318.406
3,1777.408,104.331,3.4757,18.932,9319.457
3,1777.608,104.332,3.4178,18.933,9320.509
3,1777.808,104.333,3.3594,18.934,9321.561
3,1778.008,104.334,3.301,18.935,9322.613
3,1778.208,104.335,3.2425,18.936,9323.665
3,1778.408,104.336,3.1841,18.937,9324.717
3,1778.608,104.336,3.1316,18.938,9325.769
3,1778.808,104.337,3.0814,18.939,9326.821
3,1779.008,104.338,3.0311,18.94,9327.873
3,1779.208,104.339,2.9809,18.94,9328.925
3,1779.408,104.34,2.9306,18.941,9329.977
3,1779.608,104.34,2.8817,18.942,9331.03
3,1779.808,104.341,2.8327,18.943,9332.082
3,1780.008,104.342,2.7838,18.944,9333.135
3,1780.208,104.343,2.7349,18.945,9334.187
3,1780.408,104.344,2.6879,18.946,9335.239
3,1780.608,104.344,2.6471,18.946,9336.292
3,1780.808,104.345,2.6064,18.947,9337.345
3,1781.008,104.345,2.5657,18.948,9338.397
3,1781.208,104.346,2.5251,18.949,9339.45
3,1781.408,104.347,2.4823,18.949,9340.503
3,1781.608,104.348,2.4374,18.95,9341.555
3,1781.808,104.348,2.3924,18.951,9342.608
3,1782.008,104.349,2.3475,18.951,9343.661
3,1782.208,104.35,2.3025,18.952,9344.714
3,1782.408,104.35,2.262,18.953,9345.767
3,1782.608,104.351,2.2233,18.953,9346.82
3,1782.808,104.352,2.1845,18.954,9347.872
3,1783.008,104.352,2.1457,18.954,9348.925
3,1783.208,104.353,2.107,18.955,9349.978
3,1783.408,104.354,2.0573,18.955,9351.032
3,1783.608,104.354,2.0074,18.956,9352.085
3,1783.808,104.355,1.9575,18.957,9353.138
3,1784.008,104.356,1.9076,18.957,9354.191
3,1784.208,104.357,1.859,18.958,9355.244
3,1784.408,104.358,1.8145,18.958,9356.297
3,1784.608,104.358,1.7701,18.959,9357.35
3,1784.808,104.359,1.7257,18.959,9358.404
3,1785.008,104.36,1.6812,18.96,9359.457
3,1785.208,104.361,1.6386,18.96,9360.51
3,1785.408,104.361,1.5977,18.961,9361.564
3,1785.608,104.362,1.5569,18.961,9362.617
3,1785.808,104.363,1.5161,18.961,9363.67
3,1786.008,104.363,1.4753,18.962,9364.724
3,1786.208,104.364,1.4356,18.962,9365.777
3,1786.408,104.365,1.3964,18.963,9366.831
3,1786.608,104.365,1.3572,18.963,9367.884
3,1786.808,104.366,1.318,18.963,9368.938
3,1787.008,104.367,1.2788,18.964,9369.991
3,1787.208,104.367,1.2468,18.964,9371.045
3,1787.408,104.368,1.2149,18.965,9372.098
3,1787.608,104.368,1.183,18.965,9373.152
3,1787.808,104.369,1.1511,18.965,9374.206
3,1788.008,104.369,1.1172,18.965,9375.259
3,1788.208,104.37,1.0771,18.966,9376.313
3,1788.408,104.371,1.037,18.966,9377.366
3,1788.608,104.371,0.9969,18.966,9378.42
3,1788.808,104.372,0.9569,18.967,9379.474
3,1789.008,104.372,0.9218,18.967,9380.528
3,1789.208,104.373,0.8916,18.967,9381.581
3,1789.408,104.373,0.8614,18.967,9382.635
3,1789.608,104.374,0.8312,18.968,9383.689
3,1789.808,104.375,0.8011,18.968,9384.742
3,1790.008,104.375,0.7724,18.968,9385.796
3,1790.208,104.375,0.7442,18.968,9386.85
3,1790.408,104.376,0.716,18.968,9387.904
3,1790.608,104.376,0.6879,18.969,9388.958
3,1790.808,104.377,0.6597,18.969,9390.011
3,1791.008,104.377,0.6339,18.969,9391.065
3,1791.208,104.378,0.6081,18.969,9392.119
3,1791.408,104.378,0.5823,18.969,9393.173
3,1791.608,104.379,0.5565,18.969,9394.227
3,1791.808,104.379,0.5178,18.969,9395.281
3,1792.008,104.381,0.4434,18.97,9396.334
3,1792.208,104.382,0.3691,18.97,9397.388
3,1792.408,104.383,0.2947,18.97,9398.442
3,1792.608,104.384,0.2203,18.97,9399.496
3,1792.808,104.386,0.1394,18.97,9400.55
3,1793.008,104.387,0.0524,18.97,9401.604
3,1793.208,104.388,0.0,18.97,9402.658
3,1793.408,104.388,0.0,18.973,9403.712
3,1793.608,104.388,0.0,18.98,9404.766
3,1793.808,104.388,0.0,18.993,9405.82
3,1794.008,104.388,0.0,19.009,9406.875
3,1794.208,104.388,0.0,19.027,9407.931
3,1794.408,104.388,0.0,19.048,9408.988
3,1794.608,104.388,0.0,19.07,9410.047
3,1794.808,104.388,0.0,19.095,9411.106
3,1795.008,104.388,0.0,19.121,9412.167
3,1795.208,104.388,0.0,19.147,9413.229
3,1795.408,104.388,0.0,19.174,9414.293
3,1795.608,104.388,0.0,19.202,9415.358
3,1795.808,104.388,0.0,19.23,9416.425
3,1796.008,104.388,0.0,19.259,9417.493
3,1796.208,104.388,0.0,19.287,9418.563
3,1796.408,104.388,0.0,19.316,9419.635
3,1796.608,104.388,0.0,19.345,9420.708
3,1796.808,104.388,0.0,19.373,9421.782
3,1797.008,104.388,0.0,19.401,9422.859
3,1797.208,104.388,0.0,19.428,9423.937
3,1797.408,104.388,0.0,19.455,9425.016
3,1797.608,104.388,0.0,19.481,9426.097
3,1797.808,104.388,0.0,19.505,9427.179
3,1798.008,104.388,0.0,19.528,9428.263
3,1798.208,104.388,0.0,19.55,9429.347
3,1798.408,104.388,0.0,19.569,9430.434
3,1798.608,104.388,0.0,19.587,9431.521
3,1798.808,104.388,0.0,19.602,9432.609
3,1799.008,104.388,0.0,19.615,9433.698
3,1799.208,104.388,0.0,19.626,9434.788
3,1799.408,104.388,0.0,19.634,9435.878
3,1799.608,104.388,0.0,19.638,9436.969
3,1799.808,104.388,0.0,19.638,9438.06
3,1800.008,104.388,0.0,19.634,9439.151
3,1800.208,104.388,0.0,19.626,9440.242
3,1800.408,104.388,0.0,19.614,9441.332
3,1800.608,104.388,0.0,19.596,9442.422
3,1800.808,104.388,0.0,19.572,9443.51
3,1801.008,104.388,0.0,19.543,9444.597
3,1801.208,104.388,0.0,19.508,9445.683
3,1801.408,104.388,0.0,19.467,9446.767
3,1801.608,104.385,0.1917,19.418,9447.849
3,1801.808,104.382,0.3867,19.373,9448.927
3,1802.008,104.378,0.5737,19.333,9450.004
3,1802.208,104.374,0.7916,19.297,9451.078
3,1802.408,104.371,1.0029,19.264,9452.15
3,1802.608,104.367,1.2083,19.235,9453.22
3,1802.808,104.364,1.4085,19.208,9454.289
3,1803.008,104.36,1.5946,19.184,9455.356
3,1803.208,104.357,1.7575,19.162,9456.421
3,1803.408,104.355,1.9169,19.142,9457.486
3,1803.608,104.352,2.073,19.124,9458.549
3,1803.808,104.349,2.2264,19.108,9459.612
3,1804.008,104.347,2.3776,19.093,9460.673
3,1804.208,104.344,2.5269,19.079,9461.734
3,1804.408,104.341,2.6743,19.067,9462.794
3,1804.608,104.339,2.8198,19.056,9463.853
3,1804.808,104.336,2.9637,19.045,9464.912
3,1805.008,104.333,3.1147,19.036,9465.97
3,1805.208,104.331,3.2652,19.027,9467.028
3,1805.408,104.328,3.4146,19.019,9468.085
3,1805.608,104.325,3.563,19.011,9469.141
3,1805.808,104.323,3.7113,19.004,9470.197
3,1806.008,104.32,3.8623,18.997,9471.253
3,1806.208,104.317,4.0125,18.991,9472.309
3,1806.408,104.315,4.1622,18.985,9473.364
3,1806.608,104.312,4.3113,18.979,9474.418
3,1806.808,104.309,4.4555,18.974,9475.473
3,1807.008,104.307,4.5938,18.969,9476.527
3,1807.208,104.304,4.7318,18.964,9477.581
3,1807.408,104.302,4.8694,18.959,9478.634
3,1807.608,104.299,5.0,18.954,9479.688
3,1807.808,104.299,5.0,18.95,9480.741
3,1808.008,104.299,5.0,18.936,9481.793
3,1808.208,104.299,5.0,18.915,9482.845
3,1808.408,104.299,5.0,18.887,9483.896
3,1808.608,104.299,5.0,18.85,9484.946
3,1808.808,104.299,5.0,18.806,9485.993
3,1809.008,104.299,5.0,18.756,9487.038
3,1809.208,104.298,5.0,18.7,9488.08
3,1809.408,104.298,5.0,18.637,9489.118
3,1809.608,104.298,5.0,18.57,9490.154
3,1809.808,104.298,5.0,18.496,9491.185
3,1810.008,104.298,5.0,18.418,9492.213
3,1810.208,104.298,5.0,18.335,9493.236
3,1810.408,104.298,5.0,18.248,9494.255
3,1810.608,104.298,5.0,18.156,9495.269
3,1810.808,104.298,5.0,18.061,9496.277
3,1811.008,104.297,5.0,17.962,9497.281
3,1811.208,104.297,5.0,17.861,9498.279
3,1811.408,104.297,5.0,17.757,9499.271
3,1811.608,104.297,5.0,17.651,9500.257
3,1811.808,104.297,5.0,17.542,9501.238
3,1812.008,104.297,5.0,17.432,9502.213
3,1812.208,104.297,5.0,17.32,9503.181
3,1812.408,104.297,5.0,17.206,9504.143
3,1812.608,104.297,5.0,17.091,9505.099
3,1812.808,104.296,5.0,16.974,9506.049
3,1813.008,104.296,5.0,16.857,9506.992
3,1813.208,104.296,5.0,16.739,9507.928
3,1813.408,104.296,5.0,16.621,9508.858
3,1813.608,104.296,5.0,16.503,9509.781
3,1813.808,104.296,5.0,16.385,9510.698
3,1814.008,104.296,5.0,16.267,9511.608
3,1814.208,104.296,5.0,16.149,9512.512
3,1814.408,104.296,5.0,16.032,9513.409
3,1814.608,104.295,5.0,15.916,9514.3
3,1814.808,104.295,5.0,15.801,9515.184
3,1815.008,104.295,5.0,15.686,9516.062
3,1815.208,104.295,5.0,15.573,9516.934
3,1815.408,104.295,5.0,15.462,9517.799
3,1815.608,104.295,5.0,15.352,9518.658
3,1815.808,104.295,5.0,15.243,9519.511
3,1816.008,104.295,5.0,15.136,9520.357
3,1816.208,104.295,5.0,15.031,9521.198
3,1816.408,104.294,5.0,14.928,9522.033
3,1816.608,104.294,5.0,14.827,9522.863
3,1816.808,104.294,5.0,14.728,9523.686
3,1817.008,104.294,5.0,14.632,9524.505
3,1817.208,104.294,5.0,14.537,9525.318
3,1817.408,104.294,5.0,14.445,9526.125
3,1817.608,104.294,5.0,14.356,9526.928
3,1817.808,104.294,5.0,14.269,9527.725
3,1818.008,104.293,5.0,14.185,9528.518
3,1818.208,104.293,5.0,14.104,9529.306
3,1818.408,104.293,5.0,14.025,9530.09
3,1818.608,104.293,5.0,13.949,9530.869
3,1818.808,104.293,5.0,13.876,9531.644
3,1819.008,104.293,5.0,13.807,9532.415
3,1819.208,104.293,5.0,13.742,9533.182
3,1819.408,104.293,5.0,13.679,9533.945
3,1819.608,104.293,5.0,13.62,9534.705
3,1819.808,104.292,5.0,13.563,9535.462
3,1820.008,104.292,5.0,13.51,9536.215
3,1820.208,104.292,5.0,13.46,9536.966
3,1820.408,104.292,5.0,13.414,9537.714
3,1820.608,104.292,5.0,13.37,9538.459
3,1820.808,104.292,5.0,13.33,9539.202
3,1821.008,104.292,5.0,13.292,9539.942
3,1821.208,104.292,5.0,13.258,9540.681
3,1821.408,104.292,5.0,13.227,9541.417
3,1821.608,104.291,5.0,13.201,9542.152
3,1821.808,104.291,5.0,13.179,9542.885
3,1822.008,104.291,5.0,13.16,9543.617
3,1822.208,104.291,5.0,13.146,9544.349
3,1822.408,104.291,5.0,13.135,9545.079
3,1822.608,104.291,5.0,13.128,9545.809
3,1822.808,104.291,5.0,13.126,9546.538
3,1823.008,104.291,5.0,13.128,9547.267
3,1823.208,104.291,5.0,13.136,9547.997
3,1823.408,104.29,5.0,13.147,9548.726
3,1823.608,104.29,5.0,13.163,9549.457
3,1823.808,104.29,5.0,13.183,9550.188
3,1824.008,104.29,5.0,13.206,9550.92
3,1824.208,104.29,5.0,13.233,9551.654
3,1824.408,104.29,5.0,13.264,9552.389
3,1824.608,104.29,5.0,13.298,9553.126
3,1824.808,104.29,5.0,13.335,9553.865
3,1825.008,104.289,5.0,13.375,9554.606
3,1825.208,104.289,5.0,13.418,9555.349
3,1825.408,104.289,5.0,13.464,9556.094
3,1825.608,104.289,5.0,13.513,9556.842
3,1825.808,104.289,5.0,13.565,9557.593
3,1826.008,104.289,5.0,13.619,9558.347
3,1826.208,104.289,5.0,13.676,9559.103
3,1826.408,104.289,5.0,13.735,9559.863
3,1826.608,104.289,5.0,13.797,9560.626
3,1826.808,104.288,5.0,13.861,9561.392
3,1827.008,104.288,5.0,13.927,9562.163
3,1827.208,104.288,5.0,13.995,9562.936
3,1827.408,104.288,5.0,14.064,9563.714
3,1827.608,104.288,5.0,14.136,9564.495
3,1827.808,104.288,5.0,14.209,9565.28
3,1828.008,104.288,5.0,14.284,9566.07
3,1828.208,104.288,5.0,14.361,9566.863
3,1828.408,104.288,5.0,14.439,9567.661
3,1828.608,104.287,5.0,14.519,9568.463
3,1828.808,104.287,5.0,14.601,9569.27
3,1829.008,104.287,5.0,14.685,9570.081
3,1829.208,104.287,5.0,14.771,9570.897
3,1829.408,104.287,5.0,14.857,9571.718
3,1829.608,104.287,5.0,14.945,9572.543
3,1829.808,104.287,5.0,15.035,9573.373
3,1830.008,104.287,5.0,15.125,9574.209
3,1830.208,104.287,5.0,15.217,9575.049
3,1830.408,104.286,5.0,15.31,9575.894
3,1830.608,104.286,5.0,15.404,9576.745
3,1830.808,104.286,5.0,15.499,9577.601
3,1831.008,104.286,5.0,15.596,9578.462
3,1831.208,104.286,5.0,15.693,9579.328
3,1831.408,104.286,5.0,15.792,9580.2
3,1831.608,104.286,5.0,15.892,9581.077
3,1831.808,104.286,5.0,15.992,9581.96
3,1832.008,104.285,5.0,16.094,9582.849
3,1832.208,104.285,5.0,16.196,9583.743
3,1832.408,104.285,5.0,16.3,9584.643
3,1832.608,104.285,5.0,16.404,9585.548
3,1832.808,104.285,5.0,16.509,9586.459
3,1833.008,104.285,5.0,16.614,9587.377
3,1833.208,104.285,5.0,16.72,9588.3
3,1833.408,104.285,5.0,16.826,9589.228
3,1833.608,104.285,5.0,16.932,9590.163
3,1833.808,104.284,5.0,17.038,9591.104
3,1834.008,104.284,5.0,17.146,9592.05
3,1834.208,104.284,5.0,17.254,9593.003
3,1834.408,104.284,5.0,17.363,9593.962
3,1834.608,104.284,5.0,17.473,9594.926
3,1834.808,104.284,5.0,17.584,9595.897
3,1835.008,104.284,5.0,17.695,9596.874
3,1835.208,104.284,4.9603,17.807,9597.857
3,1835.408,104.287,4.7832,17.917,9598.846
3,1835.608,104.29,4.6163,18.016,9599.841
3,1835.808,104.293,4.4628,18.106,9600.842
3,1836.008,104.295,4.319,18.188,9601.848
3,1836.208,104.297,4.1836,18.261,9602.859
3,1836.408,104.299,4.0561,18.328,9603.873
3,1836.608,104.301,3.9357,18.388,9604.891
3,1836.808,104.303,3.8284,18.442,9605.913
3,1837.008,104.305,3.7279,18.491,9606.938
3,1837.208,104.306,3.6332,18.536,9607.965
3,1837.408,104.308,3.5437,18.576,9608.995
3,1837.608,104.309,3.4584,18.612,9610.027
3,1837.808,104.311,3.3593,18.645,9611.061
3,1838.008,104.313,3.264,18.675,9612.097
3,1838.208,104.314,3.1723,18.702,9613.134
3,1838.408,104.316,3.0837,18.726,9614.173
3,1838.608,104.317,2.9988,18.749,9615.213
3,1838.808,104.318,2.9193,18.769,9616.255
3,1839.008,104.32,2.8423,18.787,9617.298
3,1839.208,104.321,2.7676,18.803,9618.341
3,1839.408,104.322,2.6948,18.818,9619.386
3,1839.608,104.323,2.6235,18.832,9620.431
3,1839.808,104.324,2.5534,18.844,9621.478
3,1840.008,104.325,2.4847,18.855,9622.525
3,1840.208,104.327,2.4175,18.865,9623.572
3,1840.408,104.328,2.3515,18.874,9624.62
3,1840.608,104.329,2.2948,18.883,9625.669
3,1840.808,104.329,2.2439,18.89,9626.718
3,1841.008,104.33,2.1939,18.897,9627.767
3,1841.208,104.331,2.1448,18.903,9628.817
3,1841.408,104.332,2.0965,18.909,9629.867
3,1841.608,104.332,2.0579,18.914,9630.918
3,1841.808,104.333,2.0213,18.919,9631.968
3,1842.008,104.334,1.9854,18.923,9633.019
3,1842.208,104.334,1.9499,18.927,9634.071
3,1842.408,104.335,1.9148,18.93,9635.122
3,1842.608,104.335,1.8786,18.934,9636.174
3,1842.808,104.336,1.8429,18.936,9637.226
3,1843.008,104.337,1.8075,18.939,9638.278
3,1843.208,104.337,1.7724,18.942,9639.33
3,1843.408,104.338,1.7406,18.944,9640.382
3,1843.608,104.338,1.7144,18.946,9641.435
3,1843.808,104.338,1.6883,18.948,9642.487
3,1844.008,104.339,1.6626,18.949,9643.54
3,1844.208,104.339,1.637,18.951,9644.593
3,1844.408,104.34,1.6196,18.952,9645.646
3,1844.608,104.34,1.6074,18.953,9646.698
3,1844.808,104.34,1.5954,18.955,9647.751
3,1845.008,104.34,1.5835,18.956,9648.804
3,1845.208,104.34,1.5718,18.957,9649.858
3,1845.408,104.34,1.5663,18.957,9650.911
3,1845.608,104.34,1.5619,18.958,9651.964
3,1845.808,104.34,1.5576,18.959,9653.017
3,1846.008,104.34,1.5534,18.96,9654.07
3,1846.208,104.34,1.5509,18.96,9655.124
3,1846.408,104.34,1.5599,18.961,9656.177
3,1846.608,104.34,1.5691,18.961,9657.23
3,1846.808,104.34,1.5783,18.962,9658.284
3,1847.008,104.34,1.5876,18.962,9659.337
3,1847.208,104.339,1.5975,18.962,9660.391
3,1847.408,104.339,1.6083,18.963,9661.444
3,1847.608,104.339,1.6191,18.963,9662.498
3,1847.808,104.339,1.6299,18.963,9663.551
3,1848.008,104.339,1.6408,18.963,9664.605
3,1848.208,104.338,1.6599,18.963,9665.658
3,1848.408,104.338,1.6839,18.963,9666.712
3,1848.608,104.337,1.708,18.964,9667.765
3,1848.808,104.337,1.7321,18.964,9668.819
3,1849.008,104.336,1.7562,18.964,9669.872
3,1849.208,104.336,1.7807,18.964,9670.926
3,1849.408,104.335,1.8052,18.964,9671.979
3,1849.608,104.335,1.8298,18.964,9673.033
3,1849.808,104.334,1.8544,18.964,9674.086
3,1850.008,104.334,1.8799,18.964,9675.14
3,1850.208,104.333,1.9112,18.963,9676.193
3,1850.408,104.333,1.9424,18.963,9677.247
3,1850.608,104.332,1.9737,18.963,9678.3
3,1850.808,104.332,2.005,18.963,9679.354
3,1851.008,104.331,2.0359,18.963,9680.407
3,1851.208,104.33,2.0662,18.963,9681.461
3,1851.408,104.33,2.0965,18.963,9682.514
3,1851.608,104.329,2.1269,18.962,9683.568
3,1851.808,104.329,2.1572,18.962,9684.621
3,1852.008,104.328,2.1889,18.962,9685.675
3,1852.208,104.328,2.2214,18.962,9686.728
3,1852.408,104.327,2.2539,18.961,9687.782
3,1852.608,104.326,2.2864,18.961,9688.835
3,1852.808,104.326,2.319,18.961,9689.888
3,1853.008,104.325,2.3323,18.961,9690.942
3,1853.208,104.325,2.3433,18.96,9691.995
3,1853.408,104.325,2.3542,18.96,9693.049
3,1853.608,104.325,2.3652,18.96,9694.102
3,1853.808,104.324,2.3755,18.96,9695.155
3,1854.008,104.324,2.3821,18.959,9696.209
3,1854.208,104.324,2.3887,18.959,9697.262
3,1854.408,104.324,2.3953,18.959,9698.315
3,1854.608,104.324,2.4018,18.959,9699.368
3,1854.808,104.323,2.42,18.959,9700.422
3,1855.008,104.323,2.4557,18.958,9701.475
3,1855.208,104.322,2.4914,18.958,9702.528
3,1855.408,104.321,2.5271,18.958,9703.581
3,1855.608,104.321,2.5629,18.958,9704.635
3,1855.808,104.32,2.5988,18.958,9705.688
3,1856.008,104.319,2.6347,18.957,9706.741
3,1856.208,104.319,2.6707,18.957,9707.794
3,1856.408,104.318,2.7067,18.957,9708.847
3,1856.608,104.317,2.7427,18.956,9709.901
3,1856.808,104.316,2.7827,18.956,9710.954
3,1857.008,104.316,2.8231,18.956,9712.007
3,1857.208,104.315,2.8636,18.955,9713.06
3,1857.408,104.314,2.9041,18.955,9714.113
3,1857.608,104.313,2.9426,18.954,9715.166
3,1857.808,104.313,2.9702,18.954,9716.219
3,1858.008,104.312,2.9979,18.953,9717.272
3,1858.208,104.312,3.0255,18.953,9718.325
3,1858.408,104.311,3.0532,18.953,9719.378
3,1858.608,104.311,3.0795,18.952,9720.431
3,1858.808,104.31,3.1037,18.952,9721.484
3,1859.008,104.31,3.128,18.951,9722.537
3,1859.208,104.309,3.1522,18.951,9723.589
3,1859.408,104.309,3.1765,18.95,9724.642
3,1859.608,104.308,3.1926,18.95,9725.695
3,1859.808,104.308,3.2046,18.95,9726.748
3,1860.008,104.308,3.2166,18.949,9727.801
3,1860.208,104.308,3.2285,18.949,9728.853
3,1860.408,104.307,3.2404,18.949,9729.906
3,1860.608,104.307,3.2418,18.948,9730.959
3,1860.808,104.307,3.2421,18.948,9732.011
3,1861.008,104.307,3.2424,18.948,9733.064
3,1861.208,104.307,3.2426,18.947,9734.117
3,1861.408,104.307,3.2422,18.947,9735.169
3,1861.608,104.307,3.2382,18.947,9736.222
3,1861.808,104.307,3.2342,18.947,9737.275
3,1862.008,104.307,3.2302,18.947,9738.327
3,1862.208,104.307,3.2262,18.947,9739.38
3,1862.408,104.307,3.2155,18.947,9740.432
3,1862.608,104.307,3.1953,18.946,9741.485
3,1862.808,104.307,3.1751,18.946,9742.538
3,1863.008,104.308,3.1548,18.946,9743.59
3,1863.208,104.308,3.1344,18.946,9744.643
3,1863.408,104.308,3.113,18.946,9745.695
3,1863.608,104.309,3.0909,18.947,9746.748
3,1863.808,104.309,3.0688,18.947,9747.801
3,1864.008,104.309,3.0467,18.947,9748.853
3,1864.208,104.31,3.0245,18.947,9749.906
3,1864.408,104.31,2.9905,18.947,9750.958
3,1864.608,104.311,2.9551,18.947,9752.011
3,1864.808,104.311,2.9198,18.948,9753.064
3,1865.008,104.312,2.8844,18.948,9754.116
3,1865.208,104.312,2.8482,18.948,9755.169
3,1865.408,104.313,2.8079,18.948,9756.222
3,1865.608,104.314,2.7675,18.949,9757.274
3,1865.808,104.314,2.7271,18.949,9758.327
3,1866.008,104.315,2.6867,18.95,9759.38
3,1866.208,104.316,2.6388,18.95,9760.432
3,1866.408,104.317,2.5801,18.95,9761.485
3,1866.608,104.318,2.5213,18.951,9762.538
3,1866.808,104.319,2.4625,18.951,9763.591
3,1867.008,104.32,2.4036,18.952,9764.644
3,1867.208,104.32,2.3457,18.952,9765.697
3,1867.408,104.321,2.2881,18.953,9766.749
3,1867.608,104.322,2.2306,18.953,9767.802
3,1867.808,104.323,2.173,18.954,9768.855
3,1868.008,104.324,2.1155,18.955,9769.908
3,1868.208,104.325,2.0693,18.955,9770.961
3,1868.408,104.326,2.0243,18.956,9772.014
3,1868.608,104.327,1.9793,18.956,9773.068
3,1868.808,104.327,1.9343,18.957,9774.121
3,1869.008,104.328,1.8906,18.957,9775.174
3,1869.208,104.329,1.8528,18.958,9776.227
3,1869.408,104.329,1.8151,18.958,9777.28
3,1869.608,104.33,1.7774,18.959,9778.333
3,1869.808,104.33,1.7398,18.959,9779.387
3,1870.008,104.331,1.7017,18.96,9780.44
3,1870.208,104.332,1.6631,18.96,9781.493
3,1870.408,104.332,1.6245,18.961,9782.547
3,1870.608,104.333,1.5859,18.961,9783.6
3,1870.808,104.334,1.5474,18.961,9784.653
3,1871.008,104.334,1.5131,18.962,9785.707
3,1871.208,104.335,1.4809,18.962,9786.76
3,1871.408,104.335,1.4487,18.963,9787.814
3,1871.608,104.336,1.4166,18.963,9788.867
3,1871.808,104.336,1.3845,18.963,9789.921
3,1872.008,104.337,1.3477,18.964,9790.974
3,1872.208,104.337,1.3105,18.964,9792.028
3,1872.408,104.338,1.2733,18.964,9793.081
3,1872.608,104.339,1.2361,18.965,9794.135
3,1872.808,104.339,1.2013,18.965,9795.189
3,1873.008,104.34,1.1773,18.965,9796.242
3,1873.208,104.34,1.1533,18.965,9797.296
3,1873.408,104.34,1.1293,18.966,9798.349
3,1873.608,104.341,1.1054,18.966,9799.403
3,1873.808,104.341,1.0787,18.966,9800.457
3,1874.008,104.342,1.0484,18.966,9801.51
3,1874.208,104.342,1.0182,18.967,9802.564
3,1874.408,104.343,0.988,18.967,9803.618
3,1874.608,104.343,0.9577,18.967,9804.672
3,1874.808,104.344,0.9319,18.967,9805.725
3,1875.008,104.344,0.9081,18.968,9806.779
3,1875.208,104.345,0.8843,18.968,9807.833
3,1875.408,104.345,0.8605,18.968,9808.886
3,1875.608,104.345,0.8368,18.968,9809.94
3,1875.808,104.346,0.8171,18.968,9810.994
3,1876.008,104.346,0.7977,18.968,9812.048
3,1876.208,104.346,0.7784,18.969,9813.102
3,1876.408,104.347,0.759,18.969,9814.155
3,1876.608,104.347,0.7423,18.969,9815.209
3,1876.808,104.347,0.7364,18.969,9816.263
3,1877.008,104.347,0.7305,18.969,9817.317
3,1877.208,104.347,0.7246,18.969,9818.371
3,1877.408,104.347,0.7188,18.969,9819.425
3,1877.608,104.347,0.717,18.969,9820.478
3,1877.808,104.347,0.7203,18.969,9821.532
3,1878.008,104.347,0.7236,18.969,9822.586
3,1878.208,104.347,0.727,18.97,9823.64
3,1878.408,104.347,0.7303,18.97,9824.694
3,1878.608,104.347,0.7385,18.97,9825.748
3,1878.808,104.347,0.7488,18.97,9826.802
3,1879.008,104.346,0.7591,18.97,9827.855
3,1879.208,104.346,0.7694,18.97,9828.909
3,1879.408,104.346,0.7797,18.97,9829.963
3,1879.608,104.346,0.8048,18.97,9831.017
3,1879.808,104.345,0.8304,18.97,9832.071
3,1880.008,104.345,0.8561,18.97,9833.125
3,1880.208,104.344,0.8817,18.97,9834.179
3,1880.408,104.344,0.9096,18.97,9835.233
3,1880.608,104.343,0.9453,18.97,9836.286
3,1880.808,104.342,0.9811,18.97,9837.34
3,1881.008,104.342,1.0168,18.97,9838.394
3,1881.208,104.341,1.0526,18.97,9839.448
3,1881.408,104.34,1.0939,18.969,9840.502
3,1881.608,104.339,1.1414,18.969,9841.556
3,1881.808,104.339,1.1889,18.969,9842.61
3,1882.008,104.338,1.2365,18.969,9843.663
3,1882.208,104.337,1.2841,18.969,9844.717
3,1882.408,104.336,1.3244,18.969,9845.771
3,1882.608,104.335,1.3621,18.969,9846.825
3,1882.808,104.335,1.3998,18.968,9847.879
3,1883.008,104.334,1.4375,18.968,9848.933
3,1883.208,104.333,1.4753,18.968,9849.986
3,1883.408,104.333,1.5192,18.968,9851.04
3,1883.608,104.332,1.5632,18.968,9852.094
3,1883.808,104.331,1.6072,18.967,9853.148
3,1884.008,104.33,1.6513,18.967,9854.201
3,1884.208,104.329,1.693,18.967,9855.255
3,1884.408,104.329,1.7275,18.967,9856.309
3,1884.608,104.328,1.7621,18.966,9857.363
3,1884.808,104.328,1.7966,18.966,9858.416
3,1885.008,104.327,1.8312,18.966,9859.47
3,1885.208,104.326,1.8613,18.966,9860.524
3,1885.408,104.326,1.887,18.965,9861.577
3,1885.608,104.325,1.9126,18.965,9862.631
3,1885.808,104.325,1.9383,18.965,9863.684
3,1886.008,104.324,1.9639,18.964,9864.738
3,1886.208,104.324,1.9835,18.964,9865.792
3,1886.408,104.324,2.001,18.964,9866.845
3,1886.608,104.323,2.0185,18.964,9867.899
3,1886.808,104.323,2.036,18.963,9868.952
3,1887.008,104.323,2.0535,18.963,9870.006
3,1887.208,104.322,2.0651,18.963,9871.059
3,1887.408,104.322,2.0766,18.963,9872.113
3,1887.608,104.322,2.0882,18.963,9873.166
3,1887.808,104.322,2.0997,18.962,9874.22
3,1888.008,104.321,2.1097,18.962,9875.273
3,1888.208,104.321,2.1154,18.962,9876.327
3,1888.408,104.321,2.1211,18.962,9877.38
3,1888.608,104.321,2.1268,18.962,9878.434
3,1888.808,104.321,2.1324,18.962,9879.487
3,1889.008,104.321,2.1317,18.961,9880.54
3,1889.208,104.321,2.1249,18.961,9881.594
3,1889.408,104.321,2.118,18.961,9882.647
3,1889.608,104.321,2.1111,18.961,9883.701
3,1889.808,104.321,2.1042,18.961,9884.754
3,1890.008,104.321,2.0903,18.961,9885.807
3,1890.208,104.321,2.0743,18.961,9886.861
3,1890.408,104.322,2.0582,18.961,9887.914
3,1890.608,104.322,2.0421,18.961,9888.968
3,1890.808,104.322,2.0259,18.961,9890.021
3,1891.008,104.322,2.0045,18.961,9891.074
3,1891.208,104.323,1.983,18.961,9892.128
3,1891.408,104.323,1.9615,18.961,9893.181
3,1891.608,104.323,1.94,18.961,9894.235
3,1891.808,104.324,1.9162,18.961,9895.288
3,1892.008,104.324,1.8861,18.961,9896.341
3,1892.208,104.325,1.856,18.961,9897.395
3,1892.408,104.325,1.8259,18.962,9898.448
3,1892.608,104.326,1.7957,18.962,9899.502
3,1892.808,104.326,1.762,18.962,9900.555
3,1893.008,104.327,1.7252,18.962,9901.608
3,1893.208,104.327,1.6883,18.962,9902.662
3,1893.408,104.328,1.6514,18.962,9903.715
3,1893.608,104.329,1.6145,18.963,9904.769
3,1893.808,104.329,1.5676,18.963,9905.822
3,1894.008,104.33,1.5179,18.963,9906.876
3,1894.208,104.331,1.4681,18.963,9907.929
3,1894.408,104.332,1.4183,18.964,9908.983
3,1894.608,104.333,1.3685,18.964,9910.036
3,1894.808,104.334,1.3179,18.964,9911.09
3,1895.008,104.335,1.2673,18.965,9912.144
3,1895.208,104.335,1.2167,18.965,9913.197
3,1895.408,104.336,1.1661,18.965,9914.251
3,1895.608,104.337,1.1158,18.965,9915.304
3,1895.808,104.338,1.0664,18.966,9916.358
3,1896.008,104.339,1.017,18.966,9917.412
3,1896.208,104.34,0.9676,18.966,9918.465
3,1896.408,104.34,0.9182,18.967,9919.519
3,1896.608,104.341,0.8753,18.967,9920.573
3,1896.808,104.342,0.8378,18.967,9921.626
3,1897.008,104.342,0.8003,18.967,9922.68
3,1897.208,104.343,0.7628,18.968,9923.734
3,1897.408,104.344,0.7253,18.968,9924.788
3,1897.608,104.344,0.6884,18.968,9925.841
3,1897.808,104.345,0.6516,18.968,9926.895
3,1898.008,104.346,0.6148,18.968,9927.949
3,1898.208,104.346,0.578,18.969,9929.003
3,1898.408,104.347,0.5406,18.969,9930.057
3,1898.608,104.348,0.4921,18.969,9931.11
3,1898.808,104.348,0.4437,18.969,9932.164
3,1899.008,104.349,0.3953,18.969,9933.218
3,1899.208,104.35,0.3469,18.97,9934.272
3,1899.408,104.351,0.3027,18.97,9935.326
3,1899.608,104.351,0.268,18.97,9936.38
3,1899.808,104.352,0.2333,18.97,9937.434
3,1900.008,104.353,0.1986,18.97,9938.487
3,1900.208,104.353,0.1639,18.97,9939.541
3,1900.408,104.353,0.1623,18.97,9940.595
3,1900.608,104.353,0.1862,18.97,9941.649
3,1900.808,104.352,0.2101,18.971,9942.703
3,1901.008,104.352,0.2341,18.971,9943.757
3,1901.208,104.352,0.258,18.971,9944.811
3,1901.408,104.35,0.3473,18.971,9945.865
3,1901.608,104.348,0.4509,18.971,9946.919
3,1901.808,104.346,0.5546,18.971,9947.973
3,1902.008,104.345,0.6583,18.971,9949.027
3,1902.208,104.343,0.7591,18.971,9950.081
3,1902.408,104.342,0.8241,18.971,9951.134
3,1902.608,104.341,0.8892,18.971,9952.188
3,1902.808,104.339,0.9542,18.97,9953.242
3,1903.008,104.338,1.0194,18.97,9954.296
3,1903.208,104.337,1.0813,18.97,9955.35
3,1903.408,104.336,1.1369,18.97,9956.404
3,1903.608,104.335,1.1925,18.97,9957.458
3,1903.808,104.334,1.2481,18.97,9958.512
3,1904.008,104.333,1.3038,18.969,9959.566
3,1904.208,104.332,1.3661,18.969,9960.62
3,1904.408,104.331,1.4332,18.969,9961.673
3,1904.608,104.33,1.5003,18.969,9962.727
3,1904.808,104.328,1.5674,18.968,9963.781
3,1905.008,104.327,1.6346,18.968,9964.835
3,1905.208,104.326,1.705,18.968,9965.889
3,1905.408,104.325,1.776,18.967,9966.942
3,1905.608,104.323,1.847,18.967,9967.996
3,1905.808,104.322,1.9181,18.967,9969.05
3,1906.008,104.321,1.9901,18.966,9970.104
3,1906.208,104.319,2.0698,18.966,9971.157
3,1906.408,104.318,2.1495,18.965,9972.211
3,1906.608,104.317,2.2293,18.965,9973.264
3,1906.808,104.315,2.3092,18.964,9974.318
3,1907.008,104.314,2.3922,18.964,9975.372
3,1907.208,104.312,2.481,18.963,9976.425
3,1907.408,104.31,2.5699,18.962,9977.479
3,1907.608,104.309,2.6588,18.962,9978.532
3,1907.808,104.307,2.7478,18.961,9979.586
3,1908.008,104.305,2.8432,18.96,9980.639
3,1908.208,104.304,2.9427,18.959,9981.692
3,1908.408,104.302,3.0423,18.958,9982.746
3,1908.608,104.3,3.1419,18.957,9983.799
3,1908.808,104.298,3.2416,18.956,9984.852
3,1909.008,104.296,3.3395,18.955,9985.905
3,1909.208,104.295,3.437,18.954,9986.958
3,1909.408,104.293,3.5346,18.953,9988.011
3,1909.608,104.291,3.6322,18.952,9989.064
3,1909.808,104.289,3.7289,18.95,9990.117
3,1910.008,104.288,3.8173,18.949,9991.17
3,1910.208,104.286,3.9057,18.948,9992.222
3,1910.408,104.285,3.9942,18.946,9993.275
3,1910.608,104.283,4.0827,18.945,9994.328
3,1910.808,104.281,4.1675,18.943,9995.38
3,1911.008,104.28,4.246,18.942,9996.433
3,1911.208,104.278,4.3245,18.94,9997.485
3,1911.408,104.277,4.4029,18.939,9998.537
3,1911.608,104.275,4.4814,18.937,9999.589
3,1911.808,104.274,4.5514,18.936,10000.641
3,1912.008,104.273,4.6161,18.934,10001.693
3,1912.208,104.272,4.6807,18.932,10002.745
3,1912.408,104.27,4.7452,18.931,10003.797
3,1912.608,104.269,4.8098,18.929,10004.849
3,1912.808,104.268,4.8591,18.928,10005.9
3,1913.008,104.267,4.9058,18.926,10006.952
3,1913.208,104.266,4.9524,18.925,10008.003
3,1913.408,104.265,4.999,18.923,10009.055
3,1913.608,104.265,5.0,18.922,10010.106
3,1913.808,104.265,5.0,18.918,10011.157
3,1914.008,104.265,5.0,18.913,10012.208
3,1914.208,104.265,5.0,18.907,10013.259
3,1914.408,104.265,5.0,18.901,10014.309
3,1914.608,104.265,5.0,18.893,10015.359
3,1914.808,104.265,5.0,18.885,10016.409
3,1915.008,104.265,5.0,18.877,10017.458
3,1915.208,104.264,5.0,18.87,10018.507
3,1915.408,104.264,5.0,18.863,10019.555
3,1915.608,104.264,5.0,18.856,10020.603
3,1915.808,104.264,5.0,18.85,10021.651
3,1916.008,104.264,5.0,18.846,10022.698
3,1916.208,104.264,5.0,18.843,10023.745
3,1916.408,104.264,5.0,18.842,10024.792
3,1916.608,104.264,5.0,18.843,10025.839
3,1916.808,104.264,5.0,18.846,10026.885
3,1917.008,104.264,4.974,18.851,10027.932
3,1917.208,104.265,4.9285,18.857,10028.98
3,1917.408,104.265,4.8833,18.862,10030.027
3,1917.608,104.266,4.8294,18.867,10031.075
3,1917.808,104.267,4.776,18.872,10032.123
3,1918.008,104.268,4.723,18.876,10033.172
3,1918.208,104.268,4.6704,18.88,10034.22
3,1918.408,104.269,4.6201,18.884,10035.269
3,1918.608,104.27,4.5762,18.887,10036.318
3,1918.808,104.271,4.5325,18.89,10037.368
3,1919.008,104.271,4.4891,18.893,10038.417
3,1919.208,104.272,4.446,18.896,10039.467
3,1919.408,104.273,4.4034,18.899,10040.517
3,1919.608,104.273,4.3615,18.901,10041.567
3,1919.808,104.274,4.3198,18.904,10042.617
3,1920.008,104.274,4.2783,18.906,10043.667
3,1920.208,104.275,4.2369,18.908,10044.717
3,1920.408,104.276,4.1942,18.91,10045.768
3,1920.608,104.276,4.1511,18.911,10046.818
3,1920.808,104.277,4.1081,18.913,10047.869
3,1921.008,104.278,4.0651,18.915,10048.919
3,1921.208,104.278,4.0223,18.916,10049.97
3,1921.408,104.279,3.9802,18.918,10051.021
3,1921.608,104.28,3.9381,18.919,10052.072
3,1921.808,104.28,3.8961,18.921,10053.123
3,1922.008,104.281,3.8542,18.922,10054.174
3,1922.208,104.281,3.8117,18.923,10055.226
3,1922.408,104.282,3.7672,18.924,10056.277
3,1922.608,104.283,3.7227,18.926,10057.328
3,1922.808,104.284,3.6783,18.927,10058.38
3,1923.008,104.284,3.6339,18.928,10059.431
3,1923.208,104.285,3.5845,18.929,10060.483
3,1923.408,104.286,3.5291,18.93,10061.534
3,1923.608,104.287,3.4737,18.931,10062.586
3,1923.808,104.288,3.4183,18.932,10063.638
3,1924.008,104.289,3.363,18.933,10064.689
3,1924.208,104.289,3.3081,18.934,10065.741
3,1924.408,104.29,3.2534,18.935,10066.793
3,1924.608,104.291,3.1987,18.936,10067.845
3,1924.808,104.292,3.1441,18.937,10068.897
3,1925.008,104.293,3.0894,18.938,10069.949
3,1925.208,104.294,3.0271,18.939,10071.001
3,1925.408,104.295,2.9644,18.94,10072.053
3,1925.608,104.296,2.9016,18.941,10073.106
3,1925.808,104.297,2.8389,18.942,10074.158
3,1926.008,104.298,2.7778,18.943,10075.21
3,1926.208,104.299,2.7236,18.944,10076.263
3,1926.408,104.3,2.6694,18.945,10077.315
3,1926.608,104.301,2.6152,18.946,10078.368
3,1926.808,104.302,2.561,18.946,10079.42
3,1927.008,104.302,2.5109,18.947,10080.473
3,1927.208,104.303,2.4658,18.948,10081.525
3,1927.408,104.304,2.4207,18.949,10082.578
3,1927.608,104.305,2.3757,18.95,10083.631
3,1927.808,104.305,2.3307,18.951,10084.683
3,1928.008,104.306,2.2982,18.951,10085.736
3,1928.208,104.306,2.2711,18.952,10086.789
3,1928.408,104.307,2.2441,18.953,10087.842
3,1928.608,104.307,2.2171,18.953,10088.895
3,1928.808,104.307,2.1902,18.954,10089.948
3,1929.008,104.308,2.1697,18.954,10091.001
3,1929.208,104.308,2.1495,18.955,10092.054
3,1929.408,104.308,2.1294,18.955,10093.107
3,1929.608,104.309,2.1093,18.956,10094.16
3,1929.808,104.309,2.0925,18.956,10095.213
3,1930.008,104.309,2.0885,18.957,10096.266
3,1930.208,104.309,2.0845,18.957,10097.319
3,1930.408,104.309,2.0806,18.958,10098.373
3,1930.608,104.309,2.0767,18.958,10099.426
3,1930.808,104.309,2.0782,18.958,10100.479
3,1931.008,104.309,2.086,18.958,10101.532
3,1931.208,104.309,2.0939,18.959,10102.586
3,1931.408,104.308,2.1018,18.959,10103.639
3,1931.608,104.308,2.1098,18.959,10104.692
3,1931.808,104.308,2.1167,18.959,10105.745
3,1932.008,104.308,2.1232,18.959,10106.799
3,1932.208,104.308,2.1298,18.959,10107.852
3,1932.408,104.308,2.1363,18.959,10108.905
3,1932.608,104.307,2.1429,18.959,10109.958
3,1932.808,104.307,2.1578,18.96,10111.012
3,1933.008,104.307,2.1731,18.96,10112.065
3,1933.208,104.306,2.1884,18.96,10113.118
3,1933.408,104.306,2.2038,18.96,10114.172
3,1933.608,104.306,2.2183,18.96,10115.225
3,1933.808,104.306,2.2295,18.96,10116.278
3,1934.008,104.305,2.2408,18.959,10117.332
3,1934.208,104.305,2.2521,18.959,10118.385
3,1934.408,104.305,2.2634,18.959,10119.438
3,1934.608,104.305,2.2686,18.959,10120.492
3,1934.808,104.305,2.2668,18.959,10121.545
3,1935.008,104.305,2.2651,18.959,10122.598
3,1935.208,104.305,2.2633,18.959,10123.651
3,1935.408,104.305,2.2615,18.959,10124.705
3,1935.608,104.305,2.2612,18.959,10125.758
3,1935.808,104.304,2.2616,18.959,10126.811
3,1936.008,104.304,2.2619,18.959,10127.865
3,1936.208,104.304,2.2623,18.959,10128.918
3,1936.408,104.304,2.2627,18.959,10129.971
3,1936.608,104.304,2.2587,18.959,10131.024
3,1936.808,104.304,2.2546,18.959,10132.078
3,1937.008,104.304,2.2505,18.959,10133.131
3,1937.208,104.304,2.2464,18.959,10134.184
3,1937.408,104.304,2.2438,18.959,10135.237
3,1937.608,104.304,2.2464,18.959,10136.291
3,1937.808,104.304,2.2489,18.959,10137.344
3,1938.008,104.304,2.2514,18.959,10138.397
3,1938.208,104.304,2.254,18.959,10139.451
3,1938.408,104.304,2.2577,18.959,10140.504
3,1938.608,104.304,2.2627,18.959,10141.557
3,1938.808,104.304,2.2677,18.959,10142.61
3,1939.008,104.303,2.2728,18.959,10143.664
3,1939.208,104.303,2.2778,18.959,10144.717
3,1939.408,104.303,2.2808,18.959,10145.77
3,1939.608,104.303,2.283,18.959,10146.823
3,1939.808,104.303,2.2852,18.959,10147.877
3,1940.008,104.303,2.2874,18.959,10148.93
3,1940.208,104.303,2.2896,18.959,10149.983
3,1940.408,104.303,2.3061,18.959,10151.036
3,1940.608,104.302,2.3227,18.959,10152.09
3,1940.808,104.302,2.3394,18.959,10153.143
3,1941.008,104.302,2.3561,18.958,10154.196
3,1941.208,104.301,2.3747,18.958,10155.249
3,1941.408,104.301,2.3993,18.958,10156.303
3,1941.608,104.3,2.424,18.958,10157.356
3,1941.808,104.3,2.4486,18.958,10158.409
3,1942.008,104.299,2.4733,18.958,10159.462
3,1942.208,104.299,2.499,18.958,10160.516
3,1942.408,104.298,2.5258,18.958,10161.569
3,1942.608,104.298,2.5525,18.957,10162.622
3,1942.808,104.297,2.5793,18.957,10163.675
3,1943.008,104.297,2.6062,18.957,10164.728
3,1943.208,104.296,2.6448,18.957,10165.782
3,1943.408,104.295,2.6876,18.956,10166.835
3,1943.608,104.294,2.7305,18.956,10167.888
3,1943.808,104.293,2.7734,18.956,10168.941
3,1944.008,104.293,2.8163,18.955,10169.994
3,1944.208,104.292,2.8627,18.955,10171.047
3,1944.408,104.291,2.9091,18.955,10172.1
3,1944.608,104.29,2.9556,18.954,10173.153
3,1944.808,104.289,3.0021,18.954,10174.206
3,1945.008,104.288,3.0499,18.953,10175.259
3,1945.208,104.287,3.1015,18.953,10176.312
3,1945.408,104.286,3.1531,18.952,10177.365
3,1945.608,104.285,3.2048,18.952,10178.418
3,1945.808,104.284,3.2565,18.951,10179.471
3,1946.008,104.283,3.3076,18.951,10180.524
3,1946.208,104.282,3.358,18.95,10181.577
3,1946.408,104.281,3.4084,18.949,10182.629
3,1946.608,104.281,3.4588,18.949,10183.682
3,1946.808,104.28,3.5092,18.948,10184.735
3,1947.008,104.279,3.5374,18.947,10185.787
3,1947.208,104.279,3.5579,18.947,10186.84
3,1947.408,104.278,3.5785,18.946,10187.893
3,1947.608,104.278,3.599,18.945,10188.945
3,1947.808,104.277,3.6194,18.945,10189.998
3,1948.008,104.277,3.6208,18.944,10191.05
3,1948.208,104.277,3.6221,18.944,10192.103
3,1948.408,104.277,3.6233,18.943,10193.155
3,1948.608,104.277,3.6244,18.943,10194.207
3,1948.808,104.277,3.6275,18.942,10195.26
3,1949.008,104.276,3.6366,18.942,10196.312
3,1949.208,104.276,3.6458,18.942,10197.364
3,1949.408,104.276,3.6549,18.941,10198.417
3,1949.608,104.276,3.6639,18.941,10199.469
3,1949.808,104.276,3.6678,18.941,10200.521
3,1950.008,104.276,3.6664,18.94,10201.574
3,1950.208,104.275,3.6649,18.94,10202.626
3,1950.408,104.275,3.6634,18.94,10203.678
3,1950.608,104.275,3.6619,18.94,10204.73
3,1950.808,104.275,3.6637,18.94,10205.783
3,1951.008,104.275,3.6667,18.939,10206.835
3,1951.208,104.275,3.6697,18.939,10207.887
3,1951.408,104.275,3.6726,18.939,10208.939
3,1951.608,104.275,3.6756,18.939,10209.991
3,1951.808,104.274,3.6825,18.939,10211.043
3,1952.008,104.274,3.6895,18.939,10212.096
3,1952.208,104.274,3.6965,18.939,10213.148
3,1952.408,104.274,3.7035,18.939,10214.2
3,1952.608,104.274,3.7078,18.938,10215.252
3,1952.808,104.274,3.7037,18.938,10216.304
3,1953.008,104.274,3.6996,18.938,10217.356
3,1953.208,104.274,3.6954,18.938,10218.408
3,1953.408,104.274,3.6912,18.938,10219.461
3,1953.608,104.274,3.6891,18.938,10220.513
3,1953.808,104.274,3.6892,18.938,10221.565
3,1954.008,104.273,3.6893,18.938,10222.617
3,1954.208,104.273,3.6894,18.938,10223.669
3,1954.408,104.273,3.6894,18.938,10224.721
3,1954.608,104.273,3.6834,18.938,10225.773
3,1954.808,104.273,3.6751,18.938,10226.825
3,1955.008,104.273,3.6668,18.938,10227.877
3,1955.208,104.273,3.6585,18.938,10228.93
3,1955.408,104.274,3.6502,18.938,10229.982
3,1955.608,104.274,3.6403,18.938,10231.034
3,1955.808,104.274,3.6304,18.938,10232.086
3,1956.008,104.274,3.6205,18.938,10233.138
3,1956.208,104.274,3.6105,18.938,10234.19
3,1956.408,104.274,3.5998,18.938,10235.242
3,1956.608,104.274,3.5866,18.938,10236.294
3,1956.808,104.274,3.5734,18.938,10237.346
3,1957.008,104.274,3.5602,18.939,10238.399
3,1957.208,104.275,3.5469,18.939,10239.451
3,1957.408,104.275,3.5276,18.939,10240.503
3,1957.608,104.275,3.5015,18.939,10241.555
3,1957.808,104.276,3.4754,18.939,10242.607
3,1958.008,104.276,3.4493,18.939,10243.659
3,1958.208,104.276,3.4231,18.94,10244.712
3,1958.408,104.277,3.3817,18.94,10245.764
3,1958.608,104.278,3.3344,18.94,10246.816
3,1958.808,104.278,3.287,18.941,10247.868
3,1959.008,104.279,3.2396,18.941,10248.92
3,1959.208,104.28,3.1921,18.941,10249.973
3,1959.408,104.281,3.1189,18.942,10251.025
3,1959.608,104.282,3.0449,18.942,10252.077
3,1959.808,104.284,2.9709,18.943,10253.13
3,1960.008,104.285,2.8968,18.944,10254.182
3,1960.208,104.286,2.8192,18.944,10255.235
3,1960.408,104.288,2.7301,18.945,10256.287
3,1960.608,104.289,2.6408,18.946,10257.34
3,1960.808,104.291,2.5515,18.947,10258.392
3,1961.008,104.292,2.4622,18.948,10259.445
3,1961.208,104.294,2.3749,18.948,10260.497
3,1961.408,104.295,2.2899,18.949,10261.55
3,1961.608,104.296,2.2049,18.95,10262.603
3,1961.808,104.298,2.1199,18.951,10263.656
3,1962.008,104.299,2.0349,18.952,10264.708
3,1962.208,104.3,1.9643,18.953,10265.761
3,1962.408,104.302,1.8992,18.954,10266.814
3,1962.608,104.303,1.8342,18.955,10267.867
3,1962.808,104.304,1.7692,18.956,10268.92
3,1963.008,104.305,1.7042,18.956,10269.973
3,1963.208,104.306,1.6538,18.957,10271.026
3,1963.408,104.306,1.6039,18.958,10272.08
3,1963.608,104.307,1.5539,18.959,10273.133
3,1963.808,104.308,1.5041,18.959,10274.186
3,1964.008,104.309,1.4508,18.96,10275.239
3,1964.208,104.31,1.386,18.961,10276.293
3,1964.408,104.311,1.3213,18.961,10277.346
3,1964.608,104.312,1.2565,18.962,10278.4
3,1964.808,104.313,1.1918,18.962,10279.453
3,1965.008,104.315,1.128,18.963,10280.506
3,1965.208,104.316,1.0652,18.963,10281.56
3,1965.408,104.317,1.0025,18.964,10282.613
3,1965.608,104.318,0.9397,18.964,10283.667
3,1965.808,104.319,0.877,18.965,10284.721
3,1966.008,104.32,0.803,18.965,10285.774
3,1966.208,104.321,0.7249,18.966,10286.828
3,1966.408,104.323,0.6468,18.966,10287.881
3,1966.608,104.324,0.5688,18.967,10288.935
3,1966.808,104.325,0.4908,18.967,10289.989
3,1967.008,104.329,0.302,18.967,10291.043
3,1967.208,104.332,0.112,18.968,10292.096
3,1967.408,104.334,0.0,18.968,10293.15
3,1967.608,104.334,0.0,18.973,10294.204
3,1967.808,104.334,0.0,18.99,10295.258
3,1968.008,104.334,0.0,19.018,10296.313
3,1968.208,104.334,0.0,19.055,10297.37
3,1968.408,104.334,0.0,19.101,10298.428
3,1968.608,104.334,0.0,19.155,10299.489
3,1968.808,104.334,0.0,19.218,10300.553
3,1969.008,104.334,0.0,19.29,10301.621
3,1969.208,104.334,0.0,19.368,10302.693
3,1969.408,104.334,0.0,19.453,10303.769
3,1969.608,104.334,0.0,19.545,10304.849
3,1969.808,104.334,0.0,19.644,10305.935
3,1970.008,104.334,0.0,19.75,10307.027
3,1970.208,104.334,0.0,19.862,10308.124
3,1970.408,104.334,0.0,19.982,10309.227
3,1970.608,104.334,0.0,20.109,10310.337
3,1970.808,104.334,0.0,20.243,10311.455
3,1971.008,104.334,0.0,20.384,10312.579
3,1971.208,104.334,0.0,20.533,10313.712
3,1971.408,104.334,0.0,20.688,10314.852
3,1971.608,104.334,0.0,20.85,10316.002
3,1971.808,104.334,0.0,21.02,10317.16
3,1972.008,104.334,0.0,21.196,10318.328
3,1972.208,104.334,0.0,21.378,10319.505
3,1972.408,104.334,0.0,21.568,10320.693
3,1972.608,104.334,0.0,21.763,10321.891
3,1972.808,104.334,0.0,21.964,10323.1
3,1973.008,104.334,0.0,22.171,10324.321
3,1973.208,104.334,0.0,22.384,10325.552
3,1973.408,104.334,0.0,22.602,10326.796
3,1973.608,104.334,0.0,22.824,10328.051
3,1973.808,104.334,0.0,23.05,10329.319
3,1974.008,104.334,0.0,23.281,10330.6
3,1974.208,104.334,0.0,23.514,10331.893
3,1974.408,104.334,0.0,23.748,10333.2
3,1974.608,104.334,0.0,23.982,10334.519
3,1974.808,104.334,0.0,24.217,10335.851
3,1975.008,104.334,0.0,24.45,10337.197
3,1975.208,104.334,0.0,24.68,10338.555
3,1975.408,104.334,0.0,24.908,10339.926
3,1975.608,104.334,0.0,25.134,10341.31
3,1975.808,104.334,0.0,25.355,10342.706
3,1976.008,104.334,0.0,25.57,10344.115
3,1976.208,104.334,0.0,25.781,10345.536
3,1976.408,104.334,0.0,25.985,10346.968
3,1976.608,104.334,0.0,26.182,10348.411
3,1976.808,104.334,0.0,26.371,10349.866
3,1977.008,104.334,0.0,26.552,10351.331
3,1977.208,104.334,0.0,26.723,10352.806
3,1977.408,104.334,0.0,26.885,10354.291
3,1977.608,104.334,0.0,27.037,10355.784
3,1977.808,104.334,0.0,27.179,10357.286
3,1978.008,104.334,0.0,27.309,10358.796
3,1978.208,104.334,0.0,27.427,10360.313
3,1978.408,104.334,0.0,27.533,10361.837
3,1978.608,104.334,0.0,27.626,10363.367
3,1978.808,104.334,0.0,27.706,10364.902
3,1979.008,104.334,0.0,27.773,10366.441
3,1979.208,104.334,0.0,27.826,10367.984
3,1979.408,104.334,0.0,27.866,10369.53
3,1979.608,104.334,0.0,27.891,10371.078
3,1979.808,104.334,0.0,27.902,10372.627
3,1980.008,104.334,0.0,27.897,10374.177
3,1980.208,104.334,0.0,27.877,10375.727
3,1980.408,104.334,0.0,27.842,10377.276
3,1980.608,104.334,0.0,27.791,10378.823
3,1980.808,104.334,0.0,27.723,10380.367
3,1981.008,104.334,0.0,27.639,10381.907
3,1981.208,104.334,0.0,27.538,10383.442
3,1981.408,104.334,0.0,27.419,10384.972
3,1981.608,104.334,0.0,27.284,10386.495
3,1981.808,104.334,0.0,27.13,10388.011
3,1982.008,104.334,0.0,26.96,10389.518
3,1982.208,104.334,0.0,26.772,10391.016
3,1982.408,104.334,0.0,26.566,10392.504
3,1982.608,104.334,0.0,26.344,10393.979
3,1982.808,104.334,0.0,26.105,10395.443
3,1983.008,104.334,0.0,25.849,10396.893
3,1983.208,104.334,0.0,25.577,10398.329
3,1983.408,104.334,0.0,25.29,10399.75
3,1983.608,104.334,0.0,24.988,10401.155
3,1983.808,104.334,0.0,24.673,10402.544
3,1984.008,104.334,0.0,24.346,10403.914
3,1984.208,104.334,0.0,24.005,10405.267
3,1984.408,104.334,0.0,23.653,10406.6
3,1984.608,104.334,0.0,23.291,10407.914
3,1984.808,104.334,0.0,22.92,10409.208
3,1985.008,104.323,0.6202,22.539,10410.482
3,1985.208,104.309,1.4079,22.182,10411.734
3,1985.408,104.297,2.1075,21.861,10412.966
3,1985.608,104.286,2.7315,21.571,10414.181
3,1985.808,104.278,3.2198,21.309,10415.379
3,1986.008,104.273,3.5048,21.073,10416.563
3,1986.208,104.268,3.7478,20.86,10417.734
3,1986.408,104.265,3.9542,20.668,10418.893
3,1986.608,104.262,4.1272,20.495,10420.041
3,1986.808,104.26,4.2291,20.339,10421.179
3,1987.008,104.258,4.3073,20.198,10422.309
3,1987.208,104.257,4.3649,20.071,10423.431
3,1987.408,104.256,4.4041,19.956,10424.547
3,1987.608,104.255,4.5055,19.853,10425.655
3,1987.808,104.252,4.6455,19.76,10426.758
3,1988.008,104.25,4.7715,19.676,10427.856
3,1988.208,104.248,4.885,19.6,10428.949
3,1988.408,104.246,4.9872,19.532,10430.038
3,1988.608,104.245,5.0,19.47,10431.123
3,1988.808,104.245,5.0,19.409,10432.205
3,1989.008,104.245,5.0,19.35,10433.283
3,1989.208,104.245,5.0,19.291,10434.358
3,1989.408,104.245,5.0,19.233,10435.43
3,1989.608,104.245,5.0,19.177,10436.498
3,1989.808,104.245,5.0,19.121,10437.564
3,1990.008,104.245,5.0,19.067,10438.626
3,1990.208,104.245,5.0,19.015,10439.685
3,1990.408,104.244,5.0,18.963,10440.742
3,1990.608,104.244,5.0,18.914,10441.795
3,1990.808,104.244,5.0,18.866,10442.846
3,1991.008,104.244,5.0,18.821,10443.894
3,1991.208,104.244,5.0,18.778,10444.94
3,1991.408,104.244,5.0,18.737,10445.983
3,1991.608,104.244,5.0,18.698,10447.024
3,1991.808,104.244,5.0,18.663,10448.063
3,1992.008,104.243,5.0,18.63,10449.099
3,1992.208,104.243,5.0,18.6,10450.134
3,1992.408,104.243,5.0,18.573,10451.168
3,1992.608,104.243,5.0,18.549,10452.2
3,1992.808,104.243,5.0,18.529,10453.23
3,1993.008,104.243,5.0,18.512,10454.26
3,1993.208,104.243,5.0,18.499,10455.288
3,1993.408,104.243,5.0,18.488,10456.316
3,1993.608,104.243,5.0,18.481,10457.343
3,1993.808,104.242,5.0,18.477,10458.37
3,1994.008,104.242,5.0,18.476,10459.396
3,1994.208,104.242,5.0,18.478,10460.422
3,1994.408,104.242,5.0,18.483,10461.449
3,1994.608,104.242,5.0,18.493,10462.476
3,1994.808,104.242,5.0,18.506,10463.503
3,1995.008,104.242,5.0,18.522,10464.531
3,1995.208,104.242,5.0,18.543,10465.56
3,1995.408,104.242,5.0,18.567,10466.591
3,1995.608,104.241,5.0,18.595,10467.622
3,1995.808,104.243,4.8977,18.626,10468.655
3,1996.008,104.245,4.7969,18.655,10469.69
3,1996.208,104.246,4.7027,18.68,10470.726
3,1996.408,104.248,4.6129,18.704,10471.764
3,1996.608,104.249,4.5255,18.725,10472.803
3,1996.808,104.251,4.4405,18.745,10473.843
3,1997.008,104.252,4.3575,18.763,10474.885
3,1997.208,104.253,4.2817,18.779,10475.927
3,1997.408,104.254,4.2083,18.793,10476.97
3,1997.608,104.255,4.1364,18.807,10478.015
3,1997.808,104.257,4.0661,18.819,10479.059
3,1998.008,104.258,3.9978,18.83,10480.105
3,1998.208,104.259,3.937,18.84,10481.151
3,1998.408,104.26,3.8773,18.849,10482.198
3,1998.608,104.26,3.8186,18.858,10483.245
3,1998.808,104.261,3.7609,18.866,10484.292
3,1999.008,104.262,3.7077,18.873,10485.341
3,1999.208,104.263,3.663,18.879,10486.389
3,1999.408,104.264,3.6191,18.885,10487.438
3,1999.608,104.264,3.5758,18.89,10488.487
3,1999.808,104.265,3.5332,18.895,10489.537
3,2000.008,104.266,3.4888,18.9,10490.586
3,2000.208,104.266,3.4431,18.904,10491.636
3,2000.408,104.267,3.3979,18.908,10492.686
3,2000.608,104.268,3.353,18.911,10493.737
3,2000.808,104.268,3.3085,18.914,10494.788
3,2001.008,104.269,3.2666,18.917,10495.838
3,2001.208,104.27,3.2256,18.92,10496.889
3,2001.408,104.27,3.1848,18.923,10497.94
3,2001.608,104.271,3.1443,18.925,10498.992
3,2001.808,104.272,3.1033,18.927,10500.043
3,2002.008,104.273,3.0451,18.929,10501.095
3,2002.208,104.274,2.987,18.931,10502.146
3,2002.408,104.274,2.929,18.933,10503.198
3,2002.608,104.275,2.8712,18.935,10504.25
3,2002.808,104.276,2.8124,18.936,10505.302
3,2003.008,104.277,2.751,18.938,10506.354
3,2003.208,104.278,2.6897,18.939,10507.406
3,2003.408,104.279,2.6285,18.941,10508.458
3,2003.608,104.28,2.5673,18.942,10509.51
3,2003.808,104.281,2.5035,18.943,10510.563
3,2004.008,104.283,2.4373,18.945,10511.615
3,2004.208,104.284,2.3712,18.946,10512.667
3,2004.408,104.285,2.3052,18.947,10513.72
3,2004.608,104.286,2.2391,18.948,10514.773
3,2004.808,104.287,2.1774,18.949,10515.825
3,2005.008,104.288,2.1168,18.95,10516.878
3,2005.208,104.289,2.0563,18.951,10517.931
3,2005.408,104.29,1.9959,18.952,10518.984
3,2005.608,104.291,1.9356,18.953,10520.037
3,2005.808,104.292,1.8777,18.954,10521.09
3,2006.008,104.293,1.8199,18.955,10522.143
3,2006.208,104.294,1.7622,18.956,10523.196
3,2006.408,104.295,1.7044,18.957,10524.249
3,2006.608,104.296,1.6505,18.957,10525.302
3,2006.808,104.296,1.6059,18.958,10526.355
3,2007.008,104.297,1.5614,18.959,10527.408
3,2007.208,104.298,1.5168,18.959,10528.461
3,2007.408,104.299,1.4724,18.96,10529.515
3,2007.608,104.299,1.4308,18.961,10530.568
3,2007.808,104.3,1.3917,18.961,10531.622
3,2008.008,104.301,1.3526,18.962,10532.675
3,2008.208,104.301,1.3136,18.962,10533.728
3,2008.408,104.302,1.2746,18.963,10534.782
3,2008.608,104.302,1.2382,18.963,10535.835
3,2008.808,104.303,1.2025,18.964,10536.889
3,2009.008,104.304,1.1668,18.964,10537.942
3,2009.208,104.304,1.1311,18.964,10538.996
3,2009.408,104.305,1.0955,18.965,10540.049
3,2009.608,104.305,1.0595,18.965,10541.103
3,2009.808,104.306,1.0236,18.966,10542.157
3,2010.008,104.307,0.9877,18.966,10543.21
3,2010.208,104.307,0.9519,18.966,10544.264
3,2010.408,104.308,0.9194,18.966,10545.318
3,2010.608,104.308,0.895,18.967,10546.371
3,2010.808,104.309,0.8705,18.967,10547.425
3,2011.008,104.309,0.8461,18.967,10548.479
3,2011.208,104.309,0.8217,18.968,10549.533
3,2011.408,104.31,0.7965,18.968,10550.586
3,2011.608,104.31,0.7707,18.968,10551.64
3,2011.808,104.311,0.7449,18.968,10552.694
3,2012.008,104.311,0.7191,18.968,10553.748
3,2012.208,104.312,0.6934,18.969,10554.801
3,2012.408,104.312,0.6777,18.969,10555.855
3,2012.608,104.312,0.6645,18.969,10556.909
3,2012.808,104.312,0.6512,18.969,10557.963
3,2013.008,104.312,0.6379,18.969,10559.017
3,2013.208,104.313,0.6239,18.969,10560.071
3,2013.408,104.313,0.5994,18.969,10561.124
3,2013.608,104.314,0.5749,18.969,10562.178
3,2013.808,104.314,0.5505,18.97,10563.232
3,2014.008,104.314,0.526,18.97,10564.286
3,2014.208,104.315,0.5011,18.97,10565.34
3,2014.408,104.315,0.4754,18.97,10566.394
3,2014.608,104.316,0.4497,18.97,10567.448
3,2014.808,104.316,0.424,18.97,10568.501
3,2015.008,104.317,0.3983,18.97,10569.555
3,2015.208,104.317,0.3822,18.97,10570.609
3,2015.408,104.317,0.3731,18.97,10571.663
3,2015.608,104.317,0.364,18.97,10572.717
3,2015.808,104.317,0.355,18.97,10573.771
3,2016.008,104.317,0.3459,18.971,10574.825
3,2016.208,104.317,0.3665,18.971,10575.879
3,2016.408,104.317,0.393,18.971,10576.933
3,2016.608,104.316,0.4195,18.971,10577.987
3,2016.808,104.316,0.446,18.971,10579.041
3,2017.008,104.315,0.475,18.971,10580.095
3,2017.208,104.314,0.529,18.971,10581.148
3,2017.408,104.313,0.5831,18.971,10582.202
3,2017.608,104.312,0.6372,18.971,10583.256
3,2017.808,104.311,0.6914,18.971,10584.31
3,2018.008,104.31,0.737,18.971,10585.364
3,2018.208,104.31,0.7666,18.971,10586.418
3,2018.408,104.309,0.7961,18.971,10587.472
3,2018.608,104.309,0.8257,18.97,10588.526
3,2018.808,104.308,0.8553,18.97,10589.58
3,2019.008,104.308,0.8838,18.97,10590.634
3,2019.208,104.307,0.9115,18.97,10591.688
3,2019.408,104.307,0.9392,18.97,10592.742
3,2019.608,104.306,0.967,18.97,10593.795
3,2019.808,104.306,0.9947,18.97,10594.849
3,2020.008,104.305,1.0268,18.97,10595.903
3,2020.208,104.305,1.0595,18.97,10596.957
3,2020.408,104.304,1.0923,18.97,10598.011
3,2020.608,104.303,1.1251,18.97,10599.065
3,2020.808,104.303,1.1594,18.969,10600.119
3,2021.008,104.302,1.2054,18.969,10601.173
3,2021.208,104.301,1.2515,18.969,10602.226
3,2021.408,104.3,1.2976,18.969,10603.28
3,2021.608,104.299,1.3437,18.969,10604.334
3,2021.808,104.299,1.3902,18.969,10605.388
3,2022.008,104.298,1.4374,18.968,10606.442
3,2022.208,104.297,1.4847,18.968,10607.496
3,2022.408,104.296,1.5319,18.968,10608.549
3,2022.608,104.295,1.5792,18.968,10609.603
3,2022.808,104.294,1.6399,18.967,10610.657
3,2023.008,104.293,1.7086,18.967,10611.711
3,2023.208,104.292,1.7774,18.967,10612.764
3,2023.408,104.29,1.8462,18.967,10613.818
3,2023.608,104.289,1.9151,18.966,10614.872
3,2023.808,104.288,1.9874,18.966,10615.925
3,2024.008,104.287,2.0602,18.965,10616.979
3,2024.208,104.285,2.133,18.965,10618.033
3,2024.408,104.284,2.2058,18.964,10619.086
3,2024.608,104.283,2.2805,18.964,10620.14
3,2024.808,104.281,2.3671,18.963,10621.193
3,2025.008,104.279,2.4536,18.963,10622.247
3,2025.208,104.278,2.5403,18.962,10623.3
3,2025.408,104.276,2.627,18.962,10624.354
3,2025.608,104.275,2.7111,18.961,10625.407
3,2025.808,104.273,2.791,18.96,10626.461
3,2026.008,104.272,2.871,18.959,10627.514
3,2026.208,104.27,2.951,18.958,10628.567
3,2026.408,104.269,3.031,18.958,10629.621
3,2026.608,104.268,3.1123,18.957,10630.674
3,2026.808,104.266,3.1942,18.956,10631.727
3,2027.008,104.265,3.2763,18.955,10632.78
3,2027.208,104.263,3.3583,18.954,10633.833
3,2027.408,104.262,3.4404,18.953,10634.886
3,2027.608,104.26,3.5021,18.952,10635.939
3,2027.808,104.259,3.5613,18.951,10636.992
3,2028.008,104.258,3.6205,18.95,10638.045
3,2028.208,104.257,3.6797,18.948,10639.097
3,2028.408,104.256,3.7383,18.947,10640.15
3,2028.608,104.255,3.7931,18.946,10641.203
3,2028.808,104.254,3.848,18.945,10642.255
3,2029.008,104.253,3.9028,18.944,10643.308
3,2029.208,104.252,3.9577,18.943,10644.36
3,2029.408,104.251,4.004,18.942,10645.413
3,2029.608,104.25,4.0373,18.941,10646.465
3,2029.808,104.25,4.0705,18.94,10647.517
3,2030.008,104.249,4.1036,18.939,10648.57
3,2030.208,104.248,4.1367,18.938,10649.622
3,2030.408,104.248,4.1701,18.937,10650.674
3,2030.608,104.247,4.2037,18.936,10651.726
3,2030.808,104.246,4.2373,18.935,10652.778
3,2031.008,104.245,4.2708,18.935,10653.83
3,2031.208,104.245,4.3043,18.934,10654.882
3,2031.408,104.244,4.3393,18.933,10655.934
3,2031.608,104.243,4.3744,18.932,10656.985
3,2031.808,104.243,4.4094,18.931,10658.037
3,2032.008,104.242,4.4445,18.93,10659.089
3,2032.208,104.241,4.4796,18.93,10660.141
3,2032.408,104.241,4.5145,18.929,10661.192
3,2032.608,104.24,4.5494,18.928,10662.244
3,2032.808,104.239,4.5843,18.927,10663.295
3,2033.008,104.238,4.6192,18.926,10664.347
3,2033.208,104.238,4.6575,18.926,10665.398
3,2033.408,104.237,4.7014,18.925,10666.45
3,2033.608,104.236,4.7454,18.924,10667.501
3,2033.808,104.235,4.7894,18.923,10668.553
3,2034.008,104.234,4.8334,18.922,10669.604
3,2034.208,104.233,4.8807,18.921,10670.655
3,2034.408,104.232,4.9301,18.92,10671.706
3,2034.608,104.231,4.9795,18.919,10672.757
3,2034.808,104.231,5.0,18.919,10673.809
3,2035.008,104.231,5.0,18.916,10674.86
3,2035.208,104.231,5.0,18.91,10675.91
3,2035.408,104.23,5.0,18.902,10676.961
3,2035.608,104.23,5.0,18.892,10678.011
3,2035.808,104.23,5.0,18.88,10679.061
3,2036.008,104.23,5.0,18.865,10680.11
3,2036.208,104.23,5.0,18.849,10681.158
3,2036.408,104.23,5.0,18.832,10682.205
3,2036.608,104.23,5.0,18.814,10683.251
3,2036.808,104.23,5.0,18.796,10684.296
3,2037.008,104.23,5.0,18.776,10685.34
3,2037.208,104.229,5.0,18.756,10686.384
3,2037.408,104.229,5.0,18.737,10687.426
3,2037.608,104.229,5.0,18.718,10688.467
3,2037.808,104.229,5.0,18.7,10689.506
3,2038.008,104.229,5.0,18.682,10690.545
3,2038.208,104.229,5.0,18.665,10691.583
3,2038.408,104.229,5.0,18.651,10692.62
3,2038.608,104.229,5.0,18.639,10693.656
3,2038.808,104.229,5.0,18.63,10694.692
3,2039.008,104.228,5.0,18.622,10695.727
3,2039.208,104.228,5.0,18.618,10696.761
3,2039.408,104.228,5.0,18.617,10697.796
3,2039.608,104.228,5.0,18.62,10698.83
3,2039.808,104.228,5.0,18.626,10699.864
3,2040.008,104.228,5.0,18.636,10700.899
3,2040.208,104.228,5.0,18.651,10701.935
3,2040.408,104.228,4.9939,18.671,10702.971
3,2040.608,104.23,4.8825,18.694,10704.008
3,2040.808,104.231,4.7732,18.716,10705.047
3,2041.008,104.233,4.661,18.736,10706.086
3,2041.208,104.235,4.5506,18.754,10707.127
3,2041.408,104.237,4.442,18.771,10708.169
3,2041.608,104.239,4.335,18.786,10709.212
3,2041.808,104.24,4.2284,18.8,10710.256
3,2042.008,104.242,4.1197,18.812,10711.3
3,2042.208,104.244,4.0121,18.824,10712.345
3,2042.408,104.246,3.9057,18.835,10713.391
3,2042.608,104.247,3.8003,18.845,10714.437
3,2042.808,104.249,3.7013,18.854,10715.484
3,2043.008,104.251,3.6096,18.862,10716.532
3,2043.208,104.252,3.5187,18.87,10717.579
3,2043.408,104.253,3.4286,18.877,10718.628
3,2043.608,104.255,3.3391,18.883,10719.676
3,2043.808,104.256,3.2652,18.889,10720.726
3,2044.008,104.257,3.1986,18.895,10721.775
3,2044.208,104.258,3.1325,18.9,10722.825
3,2044.408,104.259,3.067,18.905,10723.875
3,2044.608,104.26,3.0019,18.909,10724.925
3,2044.808,104.261,2.9394,18.913,10725.975
3,2045.008,104.263,2.8774,18.917,10727.026
3,2045.208,104.264,2.8157,18.92,10728.077
3,2045.408,104.265,2.7544,18.923,10729.128
3,2045.608,104.265,2.6951,18.926,10730.179
3,2045.808,104.266,2.6443,18.929,10731.231
3,2046.008,104.267,2.5938,18.931,10732.283
3,2046.208,104.268,2.5436,18.934,10733.334
3,2046.408,104.269,2.4936,18.936,10734.386
3,2046.608,104.269,2.4479,18.938,10735.438
3,2046.808,104.27,2.4081,18.94,10736.49
3,2047.008,104.271,2.3685,18.942,10737.542
3,2047.208,104.271,2.3291,18.943,10738.595
3,2047.408,104.272,2.2899,18.945,10739.647
3,2047.608,104.273,2.2452,18.946,10740.7
3,2047.808,104.274,2.1978,18.947,10741.752
3,2048.008,104.274,2.1505,18.948,10742.805
3,2048.208,104.275,2.1033,18.95,10743.858
3,2048.408,104.276,2.0562,18.951,10744.91
3,2048.608,104.277,2.0072,18.952,10745.963
3,2048.808,104.277,1.958,18.953,10747.016
3,2049.008,104.278,1.9089,18.954,10748.069
3,2049.208,104.279,1.8598,18.954,10749.122
3,2049.408,104.28,1.8112,18.955,10750.175
3,2049.608,104.281,1.7649,18.956,10751.228
3,2049.808,104.281,1.7186,18.957,10752.281
3,2050.008,104.282,1.6724,18.958,10753.334
3,2050.208,104.283,1.6262,18.958,10754.387
3,2050.408,104.284,1.5845,18.959,10755.441
3,2050.608,104.284,1.549,18.96,10756.494
3,2050.808,104.285,1.5136,18.96,10757.547
3,2051.008,104.285,1.4781,18.961,10758.601
3,2051.208,104.286,1.4428,18.961,10759.654
3,2051.408,104.286,1.4156,18.962,10760.707
3,2051.608,104.287,1.3926,18.962,10761.761
3,2051.808,104.287,1.3695,18.963,10762.814
3,2052.008,104.287,1.3465,18.963,10763.868
3,2052.208,104.288,1.3236,18.963,10764.921
3,2052.408,104.288,1.3215,18.964,10765.975
3,2052.608,104.288,1.3212,18.964,10767.028
3,2052.808,104.288,1.3209,18.964,10768.082
3,2053.008,104.288,1.3207,18.965,10769.135
3,2053.208,104.288,1.3239,18.965,10770.189
3,2053.408,104.287,1.3426,18.965,10771.243
3,2053.608,104.287,1.3613,18.965,10772.296
3,2053.808,104.287,1.3801,18.965,10773.35
3,2054.008,104.286,1.3989,18.966,10774.404
3,2054.208,104.286,1.4247,18.966,10775.457
3,2054.408,104.285,1.4596,18.966,10776.511
3,2054.608,104.285,1.4945,18.966,10777.565
3,2054.808,104.284,1.5295,18.966,10778.618
3,2055.008,104.283,1.5645,18.966,10779.672
3,2055.208,104.282,1.6072,18.966,10780.725
3,2055.408,104.282,1.6534,18.966,10781.779
3,2055.608,104.281,1.6997,18.966,10782.833
3,2055.808,104.28,1.746,18.965,10783.886
3,2056.008,104.279,1.7923,18.965,10784.94
3,2056.208,104.278,1.8372,18.965,10785.994
3,2056.408,104.277,1.8821,18.965,10787.047
3,2056.608,104.277,1.9269,18.965,10788.101
3,2056.808,104.276,1.9718,18.964,10789.154
3,2057.008,104.275,2.0148,18.964,10790.208
3,2057.208,104.274,2.05,18.964,10791.262
3,2057.408,104.274,2.0852,18.964,10792.315
3,2057.608,104.273,2.1205,18.963,10793.369
3,2057.808,104.272,2.1557,18.963,10794.422
3,2058.008,104.272,2.1855,18.963,10795.476
3,2058.208,104.271,2.2089,18.962,10796.529
3,2058.408,104.271,2.2321,18.962,10797.583
3,2058.608,104.27,2.2554,18.962,10798.636
3,2058.808,104.27,2.2787,18.961,10799.69
3,2059.008,104.27,2.2822,18.961,10800.743
3,2059.208,104.27,2.2773,18.961,10801.796
3,2059.408,104.27,2.2724,18.961,10802.85
3,2059.608,104.27,2.2675,18.96,10803.903
3,2059.808,104.27,2.2625,18.96,10804.956
3,2060.008,104.27,2.2493,18.96,10806.01
3,2060.208,104.27,2.2357,18.96,10807.063
3,2060.408,104.271,2.222,18.96,10808.117
3,2060.608,104.271,2.2083,18.96,10809.17
3,2060.808,104.271,2.1931,18.96,10810.223
3,2061.008,104.271,2.1722,18.96,10811.276
3,2061.208,104.272,2.1513,18.96,10812.33
3,2061.408,104.272,2.1303,18.96,10813.383
3,2061.608,104.272,2.1094,18.96,10814.436
3,2061.808,104.273,2.082,18.96,10815.49
3,2062.008,104.273,2.0473,18.96,10816.543
3,2062.208,104.274,2.0125,18.96,10817.596
3,2062.408,104.274,1.9777,18.96,10818.65
3,2062.608,104.275,1.9429,18.96,10819.703
3,2062.808,104.275,1.9171,18.96,10820.756
3,2063.008,104.276,1.8948,18.961,10821.81
3,2063.208,104.276,1.8725,18.961,10822.863
3,2063.408,104.276,1.8502,18.961,10823.917
3,2063.608,104.277,1.8279,18.961,10824.97
3,2063.808,104.277,1.792,18.961,10826.023
3,2064.008,104.278,1.7558,18.962,10827.077
3,2064.208,104.278,1.7195,18.962,10828.13
3,2064.408,104.279,1.6832,18.962,10829.184
3,2064.608,104.28,1.6478,18.962,10830.237
3,2064.808,104.28,1.6157,18.963,10831.291
3,2065.008,104.281,1.5836,18.963,10832.344
3,2065.208,104.281,1.5515,18.963,10833.397
3,2065.408,104.282,1.5194,18.963,10834.451
3,2065.608,104.282,1.4858,18.963,10835.505
3,2065.808,104.283,1.4507,18.964,10836.558
3,2066.008,104.283,1.4155,18.964,10837.612
3,2066.208,104.284,1.3804,18.964,10838.665
3,2066.408,104.285,1.3452,18.964,10839.719
3,2066.608,104.285,1.2967,18.965,10840.772
3,2066.808,104.286,1.2433,18.965,10841.826
3,2067.008,104.287,1.19,18.965,10842.879
3,2067.208,104.288,1.1366,18.966,10843.933
3,2067.408,104.289,1.0832,18.966,10844.987
3,2067.608,104.29,1.0235,18.966,10846.04
3,2067.808,104.291,0.9638,18.966,10847.094
3,2068.008,104.292,0.904,18.967,10848.148
3,2068.208,104.293,0.8443,18.967,10849.201
3,2068.408,104.294,0.7788,18.967,10850.255
3,2068.608,104.296,0.6954,18.967,10851.309
3,2068.808,104.297,0.6119,18.968,10852.363
3,2069.008,104.298,0.5285,18.968,10853.416
3,2069.208,104.3,0.4451,18.968,10854.47
3,2069.408,104.302,0.3033,18.969,10855.524
3,2069.608,104.306,0.1023,18.969,10856.578
3,2069.808,104.308,0.0,18.969,10857.632
3,2070.008,104.308,0.0,18.975,10858.685
3,2070.208,104.308,0.0,18.994,10859.74
3,2070.408,104.308,0.0,19.025,10860.795
3,2070.608,104.308,0.0,19.065,10861.852
3,2070.808,104.308,0.0,19.113,10862.911
3,2071.008,104.308,0.0,19.168,10863.973
3,2071.208,104.308,0.0,19.231,10865.038
3,2071.408,104.308,0.0,19.301,10866.106
3,2071.608,104.308,0.0,19.376,10867.178
3,2071.808,104.308,0.0,19.456,10868.255
3,2072.008,104.308,0.0,19.541,10869.336
3,2072.208,104.308,0.0,19.631,10870.421
3,2072.408,104.308,0.0,19.726,10871.512
3,2072.608,104.308,0.0,19.824,10872.608
3,2072.808,104.308,0.0,19.924,10873.709
3,2073.008,104.308,0.0,20.028,10874.816
3,2073.208,104.308,0.0,20.135,10875.929
3,2073.408,104.308,0.0,20.243,10877.047
3,2073.608,104.308,0.0,20.352,10878.172
3,2073.808,104.308,0.0,20.462,10879.303
3,2074.008,104.308,0.0,20.573,10880.439
3,2074.208,104.308,0.0,20.684,10881.582
3,2074.408,104.308,0.0,20.793,10882.731
3,2074.608,104.308,0.0,20.901,10883.887
3,2074.808,104.308,0.0,21.008,10885.048
3,2075.008,104.308,0.0,21.114,10886.215
3,2075.208,104.308,0.0,21.216,10887.388
3,2075.408,104.308,0.0,21.315,10888.566
3,2075.608,104.308,0.0,21.41,10889.751
3,2075.808,104.308,0.0,21.502,10890.94
3,2076.008,104.308,0.0,21.59,10892.135
3,2076.208,104.308,0.0,21.674,10893.334
3,2076.408,104.308,0.0,21.753,10894.538
3,2076.608,104.308,0.0,21.827,10895.747
3,2076.808,104.308,0.0,21.896,10896.959
3,2077.008,104.308,0.0,21.96,10898.176
3,2077.208,104.308,0.0,22.019,10899.396
3,2077.408,104.308,0.0,22.073,10900.619
3,2077.608,104.308,0.0,22.121,10901.845
3,2077.808,104.308,0.0,22.164,10903.074
3,2078.008,104.308,0.0,22.2,10904.306
3,2078.208,104.308,0.0,22.232,10905.539
3,2078.408,104.308,0.0,22.257,10906.774
3,2078.608,104.308,0.0,22.276,10908.011
3,2078.808,104.308,0.0,22.289,10909.248
3,2079.008,104.308,0.0,22.296,10910.486
3,2079.208,104.308,0.0,22.296,10911.725
3,2079.408,104.308,0.0,22.291,10912.964
3,2079.608,104.308,0.0,22.279,10914.202
3,2079.808,104.308,0.0,22.261,10915.44
3,2080.008,104.308,0.0,22.237,10916.677
3,2080.208,104.308,0.0,22.207,10917.912
3,2080.408,104.308,0.0,22.17,10919.146
3,2080.608,104.308,0.0,22.126,10920.377
3,2080.808,104.308,0.0,22.076,10921.607
3,2081.008,104.308,0.0,22.019,10922.833
3,2081.208,104.308,0.0,21.955,10924.056
3,2081.408,104.308,0.0,21.885,10925.276
3,2081.608,104.308,0.0,21.807,10926.492
3,2081.808,104.308,0.0,21.722,10927.703
3,2082.008,104.308,0.0,21.63,10928.91
3,2082.208,104.308,0.0,21.531,10930.112
3,2082.408,104.308,0.0,21.425,10931.308
3,2082.608,104.308,0.0,21.311,10932.498
3,2082.808,104.308,0.0,21.189,10933.682
3,2083.008,104.308,0.0,21.06,10934.859
3,2083.208,104.308,0.0,20.924,10936.029
3,2083.408,104.308,0.0,20.78,10937.192
3,2083.608,104.308,0.0,20.629,10938.346
3,2083.808,104.303,0.2653,20.471,10939.492
3,2084.008,104.296,0.6396,20.321,10940.63
3,2084.208,104.291,0.9789,20.186,10941.759
3,2084.408,104.285,1.2914,20.064,10942.88
3,2084.608,104.28,1.5804,19.955,10943.995
3,2084.808,104.275,1.84,19.856,10945.103
3,2085.008,104.273,1.9972,19.767,10946.206
3,2085.208,104.27,2.1393,19.686,10947.305
3,2085.408,104.268,2.2682,19.614,10948.398
3,2085.608,104.266,2.3853,19.548,10949.488
3,2085.808,104.264,2.4941,19.489,10950.574
3,2086.008,104.262,2.5955,19.436,10951.657
3,2086.208,104.26,2.6885,19.388,10952.736
3,2086.408,104.259,2.7741,19.344,10953.813
3,2086.608,104.257,2.8531,19.305,10954.888
3,2086.808,104.256,2.9428,19.27,10955.961
3,2087.008,104.254,3.0291,19.238,10957.031
3,2087.208,104.253,3.1107,19.209,10958.1
3,2087.408,104.251,3.1879,19.183,10959.167
3,2087.608,104.25,3.259,19.159,10960.233
3,2087.808,104.249,3.3182,19.138,10961.297
3,2088.008,104.248,3.3744,19.118,10962.36
3,2088.208,104.247,3.4278,19.101,10963.423
3,2088.408,104.246,3.4787,19.085,10964.484
3,2088.608,104.245,3.529,19.071,10965.544
3,2088.808,104.244,3.5788,19.058,10966.603
3,2089.008,104.243,3.6268,19.046,10967.662
3,2089.208,104.242,3.6732,19.035,10968.72
3,2089.408,104.241,3.7182,19.026,10969.778
3,2089.608,104.241,3.7537,19.017,10970.835
3,2089.808,104.24,3.7859,19.009,10971.891
3,2090.008,104.239,3.817,19.001,10972.947
3,2090.208,104.239,3.8472,18.995,10974.003
3,2090.408,104.238,3.8764,18.989,10975.058
3,2090.608,104.238,3.902,18.983,10976.113
3,2090.808,104.237,3.9269,18.978,10977.168
3,2091.008,104.237,3.9511,18.974,10978.222
3,2091.208,104.236,3.9748,18.97,10979.276
3,2091.408,104.236,3.9927,18.966,10980.33
3,2091.608,104.235,3.9985,18.963,10981.384
3,2091.808,104.235,4.0039,18.959,10982.437
3,2092.008,104.235,4.0088,18.957,10983.491
3,2092.208,104.235,4.0134,18.954,10984.544
3,2092.408,104.235,4.0191,18.952,10985.597
3,2092.608,104.234,4.0257,18.95,10986.65
3,2092.808,104.234,4.032,18.948,10987.702
3,2093.008,104.234,4.0381,18.946,10988.755
3,2093.208,104.234,4.044,18.945,10989.808
3,2093.408,104.234,4.0456,18.943,10990.86
3,2093.608,104.234,4.0462,18.942,10991.913
3,2093.808,104.234,4.0466,18.941,10992.965
3,2094.008,104.233,4.0469,18.94,10994.017
3,2094.208,104.233,4.0467,18.939,10995.069
3,2094.408,104.233,4.042,18.938,10996.122
3,2094.608,104.233,4.0371,18.937,10997.174
3,2094.808,104.233,4.0321,18.937,10998.226
3,2095.008,104.233,4.027,18.936,10999.278
3,2095.208,104.233,4.0185,18.936,11000.33
3,2095.408,104.234,4.0025,18.935,11001.382
3,2095.608,104.234,3.9865,18.935,11002.434
3,2095.808,104.234,3.9704,18.935,11003.486
3,2096.008,104.234,3.9541,18.934,11004.538
3,2096.208,104.234,3.9369,18.934,11005.59
3,2096.408,104.235,3.9188,18.934,11006.641
3,2096.608,104.235,3.9007,18.934,11007.693
3,2096.808,104.235,3.8825,18.934,11008.745
3,2097.008,104.235,3.8642,18.934,11009.797
3,2097.208,104.236,3.8443,18.934,11010.849
3,2097.408,104.236,3.8239,18.934,11011.901
3,2097.608,104.236,3.8035,18.934,11012.953
3,2097.808,104.236,3.7831,18.934,11014.005
3,2098.008,104.237,3.7623,18.934,11015.057
3,2098.208,104.237,3.7359,18.935,11016.109
3,2098.408,104.237,3.7095,18.935,11017.16
3,2098.608,104.238,3.6831,18.935,11018.212
3,2098.808,104.238,3.6567,18.935,11019.264
3,2099.008,104.238,3.638,18.936,11020.316
3,2099.208,104.238,3.6376,18.936,11021.368
3,2099.408,104.238,3.6373,18.936,11022.42
3,2099.608,104.238,3.6369,18.936,11023.472
3,2099.808,104.238,3.6367,18.937,11024.524
